conference,session,m_cut,center_time_sec,window_start_sec,window_end_sec,window_start_mmss,window_end_mmss,duration_sec,num_participants,speaker_top_counts,signals,keywords,summary
2021_06_10_SLU_S1,2021_06_10_SLU_S1,2,624.2492307692308,604.2492307692308,644.2492307692308,10:04,10:44,40.0,7,"Niki Parenteau×11, Rika Anderson×6, Stilianos Louca×5, Morgan Raven×2, Solange Duhamel×2, Erik Sperling×2","rx_decision=2, rx_assign=4, rx_summarize=0, decision_any=6","the, that, and, like, are, for, you, how","In a ~40s window (10:04–10:44), 7 speakers converged (m≥2). Turns by speaker: Niki Parenteau×11, Rika Anderson×6, Stilianos Louca×5, Morgan Raven×2, Solange Duhamel×2, Erik Sperling×2. Signals: rx_decision=2, rx_assign=4, rx_summarize=0, decision_any=6. Salient keywords: the, that, and, like, are, for, you, how. Sample lines: Rika Anderson: “Um, and how would that have affected the amount of primary productivity going on in early Earth as a bioinformatician, I'm thinking of course, how can I look at the data that we have now to try to recreate what were the limiting nutrients um at different periods in Earth history.” (+11.9s) | Niki Parenteau: “Um, my name is Nikki Parenteau and I alread..."
2021_06_10_SLU_S1,2021_06_10_SLU_S1,3,624.2492307692308,604.2492307692308,644.2492307692308,10:04,10:44,40.0,7,"Niki Parenteau×11, Rika Anderson×6, Stilianos Louca×5, Morgan Raven×2, Solange Duhamel×2, Erik Sperling×2","rx_decision=2, rx_assign=4, rx_summarize=0, decision_any=6","the, that, and, like, are, for, you, how","In a ~40s window (10:04–10:44), 7 speakers converged (m≥3). Turns by speaker: Niki Parenteau×11, Rika Anderson×6, Stilianos Louca×5, Morgan Raven×2, Solange Duhamel×2, Erik Sperling×2. Signals: rx_decision=2, rx_assign=4, rx_summarize=0, decision_any=6. Salient keywords: the, that, and, like, are, for, you, how. Sample lines: Rika Anderson: “Um, and how would that have affected the amount of primary productivity going on in early Earth as a bioinformatician, I'm thinking of course, how can I look at the data that we have now to try to recreate what were the limiting nutrients um at different periods in Earth history.” (+11.9s) | Niki Parenteau: “Um, my name is Nikki Parenteau and I alread..."
2021_06_10_SLU_S1,2021_06_10_SLU_S1,4,624.2492307692308,604.2492307692308,644.2492307692308,10:04,10:44,40.0,7,"Niki Parenteau×11, Rika Anderson×6, Stilianos Louca×5, Morgan Raven×2, Solange Duhamel×2, Erik Sperling×2","rx_decision=2, rx_assign=4, rx_summarize=0, decision_any=6","the, that, and, like, are, for, you, how","In a ~40s window (10:04–10:44), 7 speakers converged (m≥4). Turns by speaker: Niki Parenteau×11, Rika Anderson×6, Stilianos Louca×5, Morgan Raven×2, Solange Duhamel×2, Erik Sperling×2. Signals: rx_decision=2, rx_assign=4, rx_summarize=0, decision_any=6. Salient keywords: the, that, and, like, are, for, you, how. Sample lines: Rika Anderson: “Um, and how would that have affected the amount of primary productivity going on in early Earth as a bioinformatician, I'm thinking of course, how can I look at the data that we have now to try to recreate what were the limiting nutrients um at different periods in Earth history.” (+11.9s) | Niki Parenteau: “Um, my name is Nikki Parenteau and I alread..."
2021_06_10_SLU_S1,2021_06_10_SLU_S1,5,624.2492307692308,604.2492307692308,644.2492307692308,10:04,10:44,40.0,7,"Niki Parenteau×11, Rika Anderson×6, Stilianos Louca×5, Morgan Raven×2, Solange Duhamel×2, Erik Sperling×2","rx_decision=2, rx_assign=4, rx_summarize=0, decision_any=6","the, that, and, like, are, for, you, how","In a ~40s window (10:04–10:44), 7 speakers converged (m≥5). Turns by speaker: Niki Parenteau×11, Rika Anderson×6, Stilianos Louca×5, Morgan Raven×2, Solange Duhamel×2, Erik Sperling×2. Signals: rx_decision=2, rx_assign=4, rx_summarize=0, decision_any=6. Salient keywords: the, that, and, like, are, for, you, how. Sample lines: Rika Anderson: “Um, and how would that have affected the amount of primary productivity going on in early Earth as a bioinformatician, I'm thinking of course, how can I look at the data that we have now to try to recreate what were the limiting nutrients um at different periods in Earth history.” (+11.9s) | Niki Parenteau: “Um, my name is Nikki Parenteau and I alread..."
2021_06_10_SLU_S1,2021_06_10_SLU_S1,6,624.2492307692308,604.2492307692308,644.2492307692308,10:04,10:44,40.0,7,"Niki Parenteau×11, Rika Anderson×6, Stilianos Louca×5, Morgan Raven×2, Solange Duhamel×2, Erik Sperling×2","rx_decision=2, rx_assign=4, rx_summarize=0, decision_any=6","the, that, and, like, are, for, you, how","In a ~40s window (10:04–10:44), 7 speakers converged (m≥6). Turns by speaker: Niki Parenteau×11, Rika Anderson×6, Stilianos Louca×5, Morgan Raven×2, Solange Duhamel×2, Erik Sperling×2. Signals: rx_decision=2, rx_assign=4, rx_summarize=0, decision_any=6. Salient keywords: the, that, and, like, are, for, you, how. Sample lines: Rika Anderson: “Um, and how would that have affected the amount of primary productivity going on in early Earth as a bioinformatician, I'm thinking of course, how can I look at the data that we have now to try to recreate what were the limiting nutrients um at different periods in Earth history.” (+11.9s) | Niki Parenteau: “Um, my name is Nikki Parenteau and I alread..."
2021_06_10_SLU_S1,2021_06_10_SLU_S1,7,624.2492307692308,604.2492307692308,644.2492307692308,10:04,10:44,40.0,7,"Niki Parenteau×11, Rika Anderson×6, Stilianos Louca×5, Morgan Raven×2, Solange Duhamel×2, Erik Sperling×2","rx_decision=2, rx_assign=4, rx_summarize=0, decision_any=6","the, that, and, like, are, for, you, how","In a ~40s window (10:04–10:44), 7 speakers converged (m≥7). Turns by speaker: Niki Parenteau×11, Rika Anderson×6, Stilianos Louca×5, Morgan Raven×2, Solange Duhamel×2, Erik Sperling×2. Signals: rx_decision=2, rx_assign=4, rx_summarize=0, decision_any=6. Salient keywords: the, that, and, like, are, for, you, how. Sample lines: Rika Anderson: “Um, and how would that have affected the amount of primary productivity going on in early Earth as a bioinformatician, I'm thinking of course, how can I look at the data that we have now to try to recreate what were the limiting nutrients um at different periods in Earth history.” (+11.9s) | Niki Parenteau: “Um, my name is Nikki Parenteau and I alread..."
2021_06_10_SLU_S1,2021_06_10_SLU_S1,2,626.5753846153846,606.5753846153846,646.5753846153846,10:07,10:47,40.0,7,"Niki Parenteau×13, Rika Anderson×6, Stilianos Louca×5, Morgan Raven×2, Solange Duhamel×2, Erik Sperling×2","rx_decision=2, rx_assign=4, rx_summarize=0, decision_any=6","the, that, and, you, like, are, for, how","In a ~40s window (10:07–10:47), 7 speakers converged (m≥2). Turns by speaker: Niki Parenteau×13, Rika Anderson×6, Stilianos Louca×5, Morgan Raven×2, Solange Duhamel×2, Erik Sperling×2. Signals: rx_decision=2, rx_assign=4, rx_summarize=0, decision_any=6. Salient keywords: the, that, and, you, like, are, for, how. Sample lines: Rika Anderson: “Um, and how would that have affected the amount of primary productivity going on in early Earth as a bioinformatician, I'm thinking of course, how can I look at the data that we have now to try to recreate what were the limiting nutrients um at different periods in Earth history.” (+9.6s) | Niki Parenteau: “Um, my name is Nikki Parenteau and I already..."
2021_06_10_SLU_S1,2021_06_10_SLU_S1,3,626.5753846153846,606.5753846153846,646.5753846153846,10:07,10:47,40.0,7,"Niki Parenteau×13, Rika Anderson×6, Stilianos Louca×5, Morgan Raven×2, Solange Duhamel×2, Erik Sperling×2","rx_decision=2, rx_assign=4, rx_summarize=0, decision_any=6","the, that, and, you, like, are, for, how","In a ~40s window (10:07–10:47), 7 speakers converged (m≥3). Turns by speaker: Niki Parenteau×13, Rika Anderson×6, Stilianos Louca×5, Morgan Raven×2, Solange Duhamel×2, Erik Sperling×2. Signals: rx_decision=2, rx_assign=4, rx_summarize=0, decision_any=6. Salient keywords: the, that, and, you, like, are, for, how. Sample lines: Rika Anderson: “Um, and how would that have affected the amount of primary productivity going on in early Earth as a bioinformatician, I'm thinking of course, how can I look at the data that we have now to try to recreate what were the limiting nutrients um at different periods in Earth history.” (+9.6s) | Niki Parenteau: “Um, my name is Nikki Parenteau and I already..."
2021_06_10_SLU_S1,2021_06_10_SLU_S1,4,626.5753846153846,606.5753846153846,646.5753846153846,10:07,10:47,40.0,7,"Niki Parenteau×13, Rika Anderson×6, Stilianos Louca×5, Morgan Raven×2, Solange Duhamel×2, Erik Sperling×2","rx_decision=2, rx_assign=4, rx_summarize=0, decision_any=6","the, that, and, you, like, are, for, how","In a ~40s window (10:07–10:47), 7 speakers converged (m≥4). Turns by speaker: Niki Parenteau×13, Rika Anderson×6, Stilianos Louca×5, Morgan Raven×2, Solange Duhamel×2, Erik Sperling×2. Signals: rx_decision=2, rx_assign=4, rx_summarize=0, decision_any=6. Salient keywords: the, that, and, you, like, are, for, how. Sample lines: Rika Anderson: “Um, and how would that have affected the amount of primary productivity going on in early Earth as a bioinformatician, I'm thinking of course, how can I look at the data that we have now to try to recreate what were the limiting nutrients um at different periods in Earth history.” (+9.6s) | Niki Parenteau: “Um, my name is Nikki Parenteau and I already..."
2021_06_10_SLU_S1,2021_06_10_SLU_S1,5,626.5753846153846,606.5753846153846,646.5753846153846,10:07,10:47,40.0,7,"Niki Parenteau×13, Rika Anderson×6, Stilianos Louca×5, Morgan Raven×2, Solange Duhamel×2, Erik Sperling×2","rx_decision=2, rx_assign=4, rx_summarize=0, decision_any=6","the, that, and, you, like, are, for, how","In a ~40s window (10:07–10:47), 7 speakers converged (m≥5). Turns by speaker: Niki Parenteau×13, Rika Anderson×6, Stilianos Louca×5, Morgan Raven×2, Solange Duhamel×2, Erik Sperling×2. Signals: rx_decision=2, rx_assign=4, rx_summarize=0, decision_any=6. Salient keywords: the, that, and, you, like, are, for, how. Sample lines: Rika Anderson: “Um, and how would that have affected the amount of primary productivity going on in early Earth as a bioinformatician, I'm thinking of course, how can I look at the data that we have now to try to recreate what were the limiting nutrients um at different periods in Earth history.” (+9.6s) | Niki Parenteau: “Um, my name is Nikki Parenteau and I already..."
2021_06_10_SLU_S1,2021_06_10_SLU_S1,6,626.5753846153846,606.5753846153846,646.5753846153846,10:07,10:47,40.0,7,"Niki Parenteau×13, Rika Anderson×6, Stilianos Louca×5, Morgan Raven×2, Solange Duhamel×2, Erik Sperling×2","rx_decision=2, rx_assign=4, rx_summarize=0, decision_any=6","the, that, and, you, like, are, for, how","In a ~40s window (10:07–10:47), 7 speakers converged (m≥6). Turns by speaker: Niki Parenteau×13, Rika Anderson×6, Stilianos Louca×5, Morgan Raven×2, Solange Duhamel×2, Erik Sperling×2. Signals: rx_decision=2, rx_assign=4, rx_summarize=0, decision_any=6. Salient keywords: the, that, and, you, like, are, for, how. Sample lines: Rika Anderson: “Um, and how would that have affected the amount of primary productivity going on in early Earth as a bioinformatician, I'm thinking of course, how can I look at the data that we have now to try to recreate what were the limiting nutrients um at different periods in Earth history.” (+9.6s) | Niki Parenteau: “Um, my name is Nikki Parenteau and I already..."
2021_06_10_SLU_S1,2021_06_10_SLU_S1,7,626.5753846153846,606.5753846153846,646.5753846153846,10:07,10:47,40.0,7,"Niki Parenteau×13, Rika Anderson×6, Stilianos Louca×5, Morgan Raven×2, Solange Duhamel×2, Erik Sperling×2","rx_decision=2, rx_assign=4, rx_summarize=0, decision_any=6","the, that, and, you, like, are, for, how","In a ~40s window (10:07–10:47), 7 speakers converged (m≥7). Turns by speaker: Niki Parenteau×13, Rika Anderson×6, Stilianos Louca×5, Morgan Raven×2, Solange Duhamel×2, Erik Sperling×2. Signals: rx_decision=2, rx_assign=4, rx_summarize=0, decision_any=6. Salient keywords: the, that, and, you, like, are, for, how. Sample lines: Rika Anderson: “Um, and how would that have affected the amount of primary productivity going on in early Earth as a bioinformatician, I'm thinking of course, how can I look at the data that we have now to try to recreate what were the limiting nutrients um at different periods in Earth history.” (+9.6s) | Niki Parenteau: “Um, my name is Nikki Parenteau and I already..."
2021_06_10_SLU_S1,2021_06_10_SLU_S1,2,632.7353846153846,612.7353846153846,652.7353846153846,10:13,10:53,40.0,7,"Niki Parenteau×15, Rika Anderson×7, Stilianos Louca×6, Solange Duhamel×3, Erik Sperling×3, Morgan Raven×2","rx_decision=3, rx_assign=5, rx_summarize=0, decision_any=8","the, that, and, you, like, are, how, for","In a ~40s window (10:13–10:53), 7 speakers converged (m≥2). Turns by speaker: Niki Parenteau×15, Rika Anderson×7, Stilianos Louca×6, Solange Duhamel×3, Erik Sperling×3, Morgan Raven×2. Signals: rx_decision=3, rx_assign=5, rx_summarize=0, decision_any=8. Salient keywords: the, that, and, you, like, are, how, for. Sample lines: Niki Parenteau: “Um, so rather than oil, you can also think about kerogen, um, which is a more solid form of a carbon it's it's a very complex thing.” (+15.8s) | Rika Anderson: “Um, and how would that have affected the amount of primary productivity going on in early Earth as a bioinformatician, I'm thinking of course, how can I look at the data that we have now to t..."
2021_06_10_SLU_S1,2021_06_10_SLU_S1,3,632.7353846153846,612.7353846153846,652.7353846153846,10:13,10:53,40.0,7,"Niki Parenteau×15, Rika Anderson×7, Stilianos Louca×6, Solange Duhamel×3, Erik Sperling×3, Morgan Raven×2","rx_decision=3, rx_assign=5, rx_summarize=0, decision_any=8","the, that, and, you, like, are, how, for","In a ~40s window (10:13–10:53), 7 speakers converged (m≥3). Turns by speaker: Niki Parenteau×15, Rika Anderson×7, Stilianos Louca×6, Solange Duhamel×3, Erik Sperling×3, Morgan Raven×2. Signals: rx_decision=3, rx_assign=5, rx_summarize=0, decision_any=8. Salient keywords: the, that, and, you, like, are, how, for. Sample lines: Niki Parenteau: “Um, so rather than oil, you can also think about kerogen, um, which is a more solid form of a carbon it's it's a very complex thing.” (+15.8s) | Rika Anderson: “Um, and how would that have affected the amount of primary productivity going on in early Earth as a bioinformatician, I'm thinking of course, how can I look at the data that we have now to t..."
2021_06_10_SLU_S1,2021_06_10_SLU_S1,4,632.7353846153846,612.7353846153846,652.7353846153846,10:13,10:53,40.0,7,"Niki Parenteau×15, Rika Anderson×7, Stilianos Louca×6, Solange Duhamel×3, Erik Sperling×3, Morgan Raven×2","rx_decision=3, rx_assign=5, rx_summarize=0, decision_any=8","the, that, and, you, like, are, how, for","In a ~40s window (10:13–10:53), 7 speakers converged (m≥4). Turns by speaker: Niki Parenteau×15, Rika Anderson×7, Stilianos Louca×6, Solange Duhamel×3, Erik Sperling×3, Morgan Raven×2. Signals: rx_decision=3, rx_assign=5, rx_summarize=0, decision_any=8. Salient keywords: the, that, and, you, like, are, how, for. Sample lines: Niki Parenteau: “Um, so rather than oil, you can also think about kerogen, um, which is a more solid form of a carbon it's it's a very complex thing.” (+15.8s) | Rika Anderson: “Um, and how would that have affected the amount of primary productivity going on in early Earth as a bioinformatician, I'm thinking of course, how can I look at the data that we have now to t..."
2021_06_10_SLU_S1,2021_06_10_SLU_S1,5,632.7353846153846,612.7353846153846,652.7353846153846,10:13,10:53,40.0,7,"Niki Parenteau×15, Rika Anderson×7, Stilianos Louca×6, Solange Duhamel×3, Erik Sperling×3, Morgan Raven×2","rx_decision=3, rx_assign=5, rx_summarize=0, decision_any=8","the, that, and, you, like, are, how, for","In a ~40s window (10:13–10:53), 7 speakers converged (m≥5). Turns by speaker: Niki Parenteau×15, Rika Anderson×7, Stilianos Louca×6, Solange Duhamel×3, Erik Sperling×3, Morgan Raven×2. Signals: rx_decision=3, rx_assign=5, rx_summarize=0, decision_any=8. Salient keywords: the, that, and, you, like, are, how, for. Sample lines: Niki Parenteau: “Um, so rather than oil, you can also think about kerogen, um, which is a more solid form of a carbon it's it's a very complex thing.” (+15.8s) | Rika Anderson: “Um, and how would that have affected the amount of primary productivity going on in early Earth as a bioinformatician, I'm thinking of course, how can I look at the data that we have now to t..."
2021_06_10_SLU_S1,2021_06_10_SLU_S1,6,632.7353846153846,612.7353846153846,652.7353846153846,10:13,10:53,40.0,7,"Niki Parenteau×15, Rika Anderson×7, Stilianos Louca×6, Solange Duhamel×3, Erik Sperling×3, Morgan Raven×2","rx_decision=3, rx_assign=5, rx_summarize=0, decision_any=8","the, that, and, you, like, are, how, for","In a ~40s window (10:13–10:53), 7 speakers converged (m≥6). Turns by speaker: Niki Parenteau×15, Rika Anderson×7, Stilianos Louca×6, Solange Duhamel×3, Erik Sperling×3, Morgan Raven×2. Signals: rx_decision=3, rx_assign=5, rx_summarize=0, decision_any=8. Salient keywords: the, that, and, you, like, are, how, for. Sample lines: Niki Parenteau: “Um, so rather than oil, you can also think about kerogen, um, which is a more solid form of a carbon it's it's a very complex thing.” (+15.8s) | Rika Anderson: “Um, and how would that have affected the amount of primary productivity going on in early Earth as a bioinformatician, I'm thinking of course, how can I look at the data that we have now to t..."
2021_06_10_SLU_S1,2021_06_10_SLU_S1,7,632.7353846153846,612.7353846153846,652.7353846153846,10:13,10:53,40.0,7,"Niki Parenteau×15, Rika Anderson×7, Stilianos Louca×6, Solange Duhamel×3, Erik Sperling×3, Morgan Raven×2","rx_decision=3, rx_assign=5, rx_summarize=0, decision_any=8","the, that, and, you, like, are, how, for","In a ~40s window (10:13–10:53), 7 speakers converged (m≥7). Turns by speaker: Niki Parenteau×15, Rika Anderson×7, Stilianos Louca×6, Solange Duhamel×3, Erik Sperling×3, Morgan Raven×2. Signals: rx_decision=3, rx_assign=5, rx_summarize=0, decision_any=8. Salient keywords: the, that, and, you, like, are, how, for. Sample lines: Niki Parenteau: “Um, so rather than oil, you can also think about kerogen, um, which is a more solid form of a carbon it's it's a very complex thing.” (+15.8s) | Rika Anderson: “Um, and how would that have affected the amount of primary productivity going on in early Earth as a bioinformatician, I'm thinking of course, how can I look at the data that we have now to t..."
2021_06_10_SLU_S1,2021_06_10_SLU_S1,2,636.5,616.5,656.5,10:16,10:56,40.0,7,"Niki Parenteau×16, Stilianos Louca×6, Rika Anderson×6, Erik Sperling×4, Solange Duhamel×3, Jay Forsythe(he/him)×3","rx_decision=3, rx_assign=5, rx_summarize=0, decision_any=8","the, that, and, you, like, are, for, how","In a ~40s window (10:16–10:56), 7 speakers converged (m≥2). Turns by speaker: Niki Parenteau×16, Stilianos Louca×6, Rika Anderson×6, Erik Sperling×4, Solange Duhamel×3, Jay Forsythe(he/him)×3. Signals: rx_decision=3, rx_assign=5, rx_summarize=0, decision_any=8. Salient keywords: the, that, and, you, like, are, for, how. Sample lines: Niki Parenteau: “Um, so rather than oil, you can also think about kerogen, um, which is a more solid form of a carbon it's it's a very complex thing.” (+12.1s) | Rika Anderson: “Um, and how would that have affected the amount of primary productivity going on in early Earth as a bioinformatician, I'm thinking of course, how can I look at the data that we have ..."
2021_06_10_SLU_S1,2021_06_10_SLU_S1,3,636.5,616.5,656.5,10:16,10:56,40.0,7,"Niki Parenteau×16, Stilianos Louca×6, Rika Anderson×6, Erik Sperling×4, Solange Duhamel×3, Jay Forsythe(he/him)×3","rx_decision=3, rx_assign=5, rx_summarize=0, decision_any=8","the, that, and, you, like, are, for, how","In a ~40s window (10:16–10:56), 7 speakers converged (m≥3). Turns by speaker: Niki Parenteau×16, Stilianos Louca×6, Rika Anderson×6, Erik Sperling×4, Solange Duhamel×3, Jay Forsythe(he/him)×3. Signals: rx_decision=3, rx_assign=5, rx_summarize=0, decision_any=8. Salient keywords: the, that, and, you, like, are, for, how. Sample lines: Niki Parenteau: “Um, so rather than oil, you can also think about kerogen, um, which is a more solid form of a carbon it's it's a very complex thing.” (+12.1s) | Rika Anderson: “Um, and how would that have affected the amount of primary productivity going on in early Earth as a bioinformatician, I'm thinking of course, how can I look at the data that we have ..."
2021_06_10_SLU_S1,2021_06_10_SLU_S1,4,636.5,616.5,656.5,10:16,10:56,40.0,7,"Niki Parenteau×16, Stilianos Louca×6, Rika Anderson×6, Erik Sperling×4, Solange Duhamel×3, Jay Forsythe(he/him)×3","rx_decision=3, rx_assign=5, rx_summarize=0, decision_any=8","the, that, and, you, like, are, for, how","In a ~40s window (10:16–10:56), 7 speakers converged (m≥4). Turns by speaker: Niki Parenteau×16, Stilianos Louca×6, Rika Anderson×6, Erik Sperling×4, Solange Duhamel×3, Jay Forsythe(he/him)×3. Signals: rx_decision=3, rx_assign=5, rx_summarize=0, decision_any=8. Salient keywords: the, that, and, you, like, are, for, how. Sample lines: Niki Parenteau: “Um, so rather than oil, you can also think about kerogen, um, which is a more solid form of a carbon it's it's a very complex thing.” (+12.1s) | Rika Anderson: “Um, and how would that have affected the amount of primary productivity going on in early Earth as a bioinformatician, I'm thinking of course, how can I look at the data that we have ..."
2021_06_10_SLU_S1,2021_06_10_SLU_S1,5,636.5,616.5,656.5,10:16,10:56,40.0,7,"Niki Parenteau×16, Stilianos Louca×6, Rika Anderson×6, Erik Sperling×4, Solange Duhamel×3, Jay Forsythe(he/him)×3","rx_decision=3, rx_assign=5, rx_summarize=0, decision_any=8","the, that, and, you, like, are, for, how","In a ~40s window (10:16–10:56), 7 speakers converged (m≥5). Turns by speaker: Niki Parenteau×16, Stilianos Louca×6, Rika Anderson×6, Erik Sperling×4, Solange Duhamel×3, Jay Forsythe(he/him)×3. Signals: rx_decision=3, rx_assign=5, rx_summarize=0, decision_any=8. Salient keywords: the, that, and, you, like, are, for, how. Sample lines: Niki Parenteau: “Um, so rather than oil, you can also think about kerogen, um, which is a more solid form of a carbon it's it's a very complex thing.” (+12.1s) | Rika Anderson: “Um, and how would that have affected the amount of primary productivity going on in early Earth as a bioinformatician, I'm thinking of course, how can I look at the data that we have ..."
2021_06_10_SLU_S1,2021_06_10_SLU_S1,6,636.5,616.5,656.5,10:16,10:56,40.0,7,"Niki Parenteau×16, Stilianos Louca×6, Rika Anderson×6, Erik Sperling×4, Solange Duhamel×3, Jay Forsythe(he/him)×3","rx_decision=3, rx_assign=5, rx_summarize=0, decision_any=8","the, that, and, you, like, are, for, how","In a ~40s window (10:16–10:56), 7 speakers converged (m≥6). Turns by speaker: Niki Parenteau×16, Stilianos Louca×6, Rika Anderson×6, Erik Sperling×4, Solange Duhamel×3, Jay Forsythe(he/him)×3. Signals: rx_decision=3, rx_assign=5, rx_summarize=0, decision_any=8. Salient keywords: the, that, and, you, like, are, for, how. Sample lines: Niki Parenteau: “Um, so rather than oil, you can also think about kerogen, um, which is a more solid form of a carbon it's it's a very complex thing.” (+12.1s) | Rika Anderson: “Um, and how would that have affected the amount of primary productivity going on in early Earth as a bioinformatician, I'm thinking of course, how can I look at the data that we have ..."
2021_06_10_SLU_S1,2021_06_10_SLU_S1,7,636.5,616.5,656.5,10:16,10:56,40.0,7,"Niki Parenteau×16, Stilianos Louca×6, Rika Anderson×6, Erik Sperling×4, Solange Duhamel×3, Jay Forsythe(he/him)×3","rx_decision=3, rx_assign=5, rx_summarize=0, decision_any=8","the, that, and, you, like, are, for, how","In a ~40s window (10:16–10:56), 7 speakers converged (m≥7). Turns by speaker: Niki Parenteau×16, Stilianos Louca×6, Rika Anderson×6, Erik Sperling×4, Solange Duhamel×3, Jay Forsythe(he/him)×3. Signals: rx_decision=3, rx_assign=5, rx_summarize=0, decision_any=8. Salient keywords: the, that, and, you, like, are, for, how. Sample lines: Niki Parenteau: “Um, so rather than oil, you can also think about kerogen, um, which is a more solid form of a carbon it's it's a very complex thing.” (+12.1s) | Rika Anderson: “Um, and how would that have affected the amount of primary productivity going on in early Earth as a bioinformatician, I'm thinking of course, how can I look at the data that we have ..."
2021_06_10_SLU_S1,2021_06_10_SLU_S1,2,642.0024370430544,622.0024370430544,662.0024370430544,10:22,11:02,40.0,8,"Niki Parenteau×15, Rika Anderson×7, Stilianos Louca×6, Erik Sperling×4, Jay Forsythe(he/him)×3, Solange Duhamel×2","rx_decision=4, rx_assign=5, rx_summarize=0, decision_any=9","the, that, and, you, like, for, there, can","In a ~40s window (10:22–11:02), 8 speakers converged (m≥2). Turns by speaker: Niki Parenteau×15, Rika Anderson×7, Stilianos Louca×6, Erik Sperling×4, Jay Forsythe(he/him)×3, Solange Duhamel×2. Signals: rx_decision=4, rx_assign=5, rx_summarize=0, decision_any=9. Salient keywords: the, that, and, you, like, for, there, can. Sample lines: Niki Parenteau: “Um, so rather than oil, you can also think about kerogen, um, which is a more solid form of a carbon it's it's a very complex thing.” (+6.6s) | Rika Anderson: “Um, and how would that have affected the amount of primary productivity going on in early Earth as a bioinformatician, I'm thinking of course, how can I look at the data that we have..."
2021_06_10_SLU_S1,2021_06_10_SLU_S1,3,642.0024370430544,622.0024370430544,662.0024370430544,10:22,11:02,40.0,8,"Niki Parenteau×15, Rika Anderson×7, Stilianos Louca×6, Erik Sperling×4, Jay Forsythe(he/him)×3, Solange Duhamel×2","rx_decision=4, rx_assign=5, rx_summarize=0, decision_any=9","the, that, and, you, like, for, there, can","In a ~40s window (10:22–11:02), 8 speakers converged (m≥3). Turns by speaker: Niki Parenteau×15, Rika Anderson×7, Stilianos Louca×6, Erik Sperling×4, Jay Forsythe(he/him)×3, Solange Duhamel×2. Signals: rx_decision=4, rx_assign=5, rx_summarize=0, decision_any=9. Salient keywords: the, that, and, you, like, for, there, can. Sample lines: Niki Parenteau: “Um, so rather than oil, you can also think about kerogen, um, which is a more solid form of a carbon it's it's a very complex thing.” (+6.6s) | Rika Anderson: “Um, and how would that have affected the amount of primary productivity going on in early Earth as a bioinformatician, I'm thinking of course, how can I look at the data that we have..."
2021_06_10_SLU_S1,2021_06_10_SLU_S1,4,642.0024370430544,622.0024370430544,662.0024370430544,10:22,11:02,40.0,8,"Niki Parenteau×15, Rika Anderson×7, Stilianos Louca×6, Erik Sperling×4, Jay Forsythe(he/him)×3, Solange Duhamel×2","rx_decision=4, rx_assign=5, rx_summarize=0, decision_any=9","the, that, and, you, like, for, there, can","In a ~40s window (10:22–11:02), 8 speakers converged (m≥4). Turns by speaker: Niki Parenteau×15, Rika Anderson×7, Stilianos Louca×6, Erik Sperling×4, Jay Forsythe(he/him)×3, Solange Duhamel×2. Signals: rx_decision=4, rx_assign=5, rx_summarize=0, decision_any=9. Salient keywords: the, that, and, you, like, for, there, can. Sample lines: Niki Parenteau: “Um, so rather than oil, you can also think about kerogen, um, which is a more solid form of a carbon it's it's a very complex thing.” (+6.6s) | Rika Anderson: “Um, and how would that have affected the amount of primary productivity going on in early Earth as a bioinformatician, I'm thinking of course, how can I look at the data that we have..."
2021_06_10_SLU_S1,2021_06_10_SLU_S1,5,642.0024370430544,622.0024370430544,662.0024370430544,10:22,11:02,40.0,8,"Niki Parenteau×15, Rika Anderson×7, Stilianos Louca×6, Erik Sperling×4, Jay Forsythe(he/him)×3, Solange Duhamel×2","rx_decision=4, rx_assign=5, rx_summarize=0, decision_any=9","the, that, and, you, like, for, there, can","In a ~40s window (10:22–11:02), 8 speakers converged (m≥5). Turns by speaker: Niki Parenteau×15, Rika Anderson×7, Stilianos Louca×6, Erik Sperling×4, Jay Forsythe(he/him)×3, Solange Duhamel×2. Signals: rx_decision=4, rx_assign=5, rx_summarize=0, decision_any=9. Salient keywords: the, that, and, you, like, for, there, can. Sample lines: Niki Parenteau: “Um, so rather than oil, you can also think about kerogen, um, which is a more solid form of a carbon it's it's a very complex thing.” (+6.6s) | Rika Anderson: “Um, and how would that have affected the amount of primary productivity going on in early Earth as a bioinformatician, I'm thinking of course, how can I look at the data that we have..."
2021_06_10_SLU_S1,2021_06_10_SLU_S1,6,642.0024370430544,622.0024370430544,662.0024370430544,10:22,11:02,40.0,8,"Niki Parenteau×15, Rika Anderson×7, Stilianos Louca×6, Erik Sperling×4, Jay Forsythe(he/him)×3, Solange Duhamel×2","rx_decision=4, rx_assign=5, rx_summarize=0, decision_any=9","the, that, and, you, like, for, there, can","In a ~40s window (10:22–11:02), 8 speakers converged (m≥6). Turns by speaker: Niki Parenteau×15, Rika Anderson×7, Stilianos Louca×6, Erik Sperling×4, Jay Forsythe(he/him)×3, Solange Duhamel×2. Signals: rx_decision=4, rx_assign=5, rx_summarize=0, decision_any=9. Salient keywords: the, that, and, you, like, for, there, can. Sample lines: Niki Parenteau: “Um, so rather than oil, you can also think about kerogen, um, which is a more solid form of a carbon it's it's a very complex thing.” (+6.6s) | Rika Anderson: “Um, and how would that have affected the amount of primary productivity going on in early Earth as a bioinformatician, I'm thinking of course, how can I look at the data that we have..."
2021_06_10_SLU_S1,2021_06_10_SLU_S1,7,642.0024370430544,622.0024370430544,662.0024370430544,10:22,11:02,40.0,8,"Niki Parenteau×15, Rika Anderson×7, Stilianos Louca×6, Erik Sperling×4, Jay Forsythe(he/him)×3, Solange Duhamel×2","rx_decision=4, rx_assign=5, rx_summarize=0, decision_any=9","the, that, and, you, like, for, there, can","In a ~40s window (10:22–11:02), 8 speakers converged (m≥7). Turns by speaker: Niki Parenteau×15, Rika Anderson×7, Stilianos Louca×6, Erik Sperling×4, Jay Forsythe(he/him)×3, Solange Duhamel×2. Signals: rx_decision=4, rx_assign=5, rx_summarize=0, decision_any=9. Salient keywords: the, that, and, you, like, for, there, can. Sample lines: Niki Parenteau: “Um, so rather than oil, you can also think about kerogen, um, which is a more solid form of a carbon it's it's a very complex thing.” (+6.6s) | Rika Anderson: “Um, and how would that have affected the amount of primary productivity going on in early Earth as a bioinformatician, I'm thinking of course, how can I look at the data that we have..."
2021_06_10_SLU_S1,2021_06_10_SLU_S1,2,642.7723076923077,622.7723076923077,662.7723076923077,10:23,11:03,40.0,8,"Niki Parenteau×15, Stilianos Louca×6, Rika Anderson×6, Erik Sperling×4, Jay Forsythe(he/him)×3, Solange Duhamel×2","rx_decision=4, rx_assign=5, rx_summarize=0, decision_any=9","the, that, and, you, like, for, there, are","In a ~40s window (10:23–11:03), 8 speakers converged (m≥2). Turns by speaker: Niki Parenteau×15, Stilianos Louca×6, Rika Anderson×6, Erik Sperling×4, Jay Forsythe(he/him)×3, Solange Duhamel×2. Signals: rx_decision=4, rx_assign=5, rx_summarize=0, decision_any=9. Salient keywords: the, that, and, you, like, for, there, are. Sample lines: Niki Parenteau: “Um, so rather than oil, you can also think about kerogen, um, which is a more solid form of a carbon it's it's a very complex thing.” (+5.8s) | Rika Anderson: “Um, and how would that have affected the amount of primary productivity going on in early Earth as a bioinformatician, I'm thinking of course, how can I look at the data that we have..."
2021_06_10_SLU_S1,2021_06_10_SLU_S1,3,642.7723076923077,622.7723076923077,662.7723076923077,10:23,11:03,40.0,8,"Niki Parenteau×15, Stilianos Louca×6, Rika Anderson×6, Erik Sperling×4, Jay Forsythe(he/him)×3, Solange Duhamel×2","rx_decision=4, rx_assign=5, rx_summarize=0, decision_any=9","the, that, and, you, like, for, there, are","In a ~40s window (10:23–11:03), 8 speakers converged (m≥3). Turns by speaker: Niki Parenteau×15, Stilianos Louca×6, Rika Anderson×6, Erik Sperling×4, Jay Forsythe(he/him)×3, Solange Duhamel×2. Signals: rx_decision=4, rx_assign=5, rx_summarize=0, decision_any=9. Salient keywords: the, that, and, you, like, for, there, are. Sample lines: Niki Parenteau: “Um, so rather than oil, you can also think about kerogen, um, which is a more solid form of a carbon it's it's a very complex thing.” (+5.8s) | Rika Anderson: “Um, and how would that have affected the amount of primary productivity going on in early Earth as a bioinformatician, I'm thinking of course, how can I look at the data that we have..."
2021_06_10_SLU_S1,2021_06_10_SLU_S1,4,642.7723076923077,622.7723076923077,662.7723076923077,10:23,11:03,40.0,8,"Niki Parenteau×15, Stilianos Louca×6, Rika Anderson×6, Erik Sperling×4, Jay Forsythe(he/him)×3, Solange Duhamel×2","rx_decision=4, rx_assign=5, rx_summarize=0, decision_any=9","the, that, and, you, like, for, there, are","In a ~40s window (10:23–11:03), 8 speakers converged (m≥4). Turns by speaker: Niki Parenteau×15, Stilianos Louca×6, Rika Anderson×6, Erik Sperling×4, Jay Forsythe(he/him)×3, Solange Duhamel×2. Signals: rx_decision=4, rx_assign=5, rx_summarize=0, decision_any=9. Salient keywords: the, that, and, you, like, for, there, are. Sample lines: Niki Parenteau: “Um, so rather than oil, you can also think about kerogen, um, which is a more solid form of a carbon it's it's a very complex thing.” (+5.8s) | Rika Anderson: “Um, and how would that have affected the amount of primary productivity going on in early Earth as a bioinformatician, I'm thinking of course, how can I look at the data that we have..."
2021_06_10_SLU_S1,2021_06_10_SLU_S1,5,642.7723076923077,622.7723076923077,662.7723076923077,10:23,11:03,40.0,8,"Niki Parenteau×15, Stilianos Louca×6, Rika Anderson×6, Erik Sperling×4, Jay Forsythe(he/him)×3, Solange Duhamel×2","rx_decision=4, rx_assign=5, rx_summarize=0, decision_any=9","the, that, and, you, like, for, there, are","In a ~40s window (10:23–11:03), 8 speakers converged (m≥5). Turns by speaker: Niki Parenteau×15, Stilianos Louca×6, Rika Anderson×6, Erik Sperling×4, Jay Forsythe(he/him)×3, Solange Duhamel×2. Signals: rx_decision=4, rx_assign=5, rx_summarize=0, decision_any=9. Salient keywords: the, that, and, you, like, for, there, are. Sample lines: Niki Parenteau: “Um, so rather than oil, you can also think about kerogen, um, which is a more solid form of a carbon it's it's a very complex thing.” (+5.8s) | Rika Anderson: “Um, and how would that have affected the amount of primary productivity going on in early Earth as a bioinformatician, I'm thinking of course, how can I look at the data that we have..."
2021_06_10_SLU_S1,2021_06_10_SLU_S1,6,642.7723076923077,622.7723076923077,662.7723076923077,10:23,11:03,40.0,8,"Niki Parenteau×15, Stilianos Louca×6, Rika Anderson×6, Erik Sperling×4, Jay Forsythe(he/him)×3, Solange Duhamel×2","rx_decision=4, rx_assign=5, rx_summarize=0, decision_any=9","the, that, and, you, like, for, there, are","In a ~40s window (10:23–11:03), 8 speakers converged (m≥6). Turns by speaker: Niki Parenteau×15, Stilianos Louca×6, Rika Anderson×6, Erik Sperling×4, Jay Forsythe(he/him)×3, Solange Duhamel×2. Signals: rx_decision=4, rx_assign=5, rx_summarize=0, decision_any=9. Salient keywords: the, that, and, you, like, for, there, are. Sample lines: Niki Parenteau: “Um, so rather than oil, you can also think about kerogen, um, which is a more solid form of a carbon it's it's a very complex thing.” (+5.8s) | Rika Anderson: “Um, and how would that have affected the amount of primary productivity going on in early Earth as a bioinformatician, I'm thinking of course, how can I look at the data that we have..."
2021_06_10_SLU_S1,2021_06_10_SLU_S1,7,642.7723076923077,622.7723076923077,662.7723076923077,10:23,11:03,40.0,8,"Niki Parenteau×15, Stilianos Louca×6, Rika Anderson×6, Erik Sperling×4, Jay Forsythe(he/him)×3, Solange Duhamel×2","rx_decision=4, rx_assign=5, rx_summarize=0, decision_any=9","the, that, and, you, like, for, there, are","In a ~40s window (10:23–11:03), 8 speakers converged (m≥7). Turns by speaker: Niki Parenteau×15, Stilianos Louca×6, Rika Anderson×6, Erik Sperling×4, Jay Forsythe(he/him)×3, Solange Duhamel×2. Signals: rx_decision=4, rx_assign=5, rx_summarize=0, decision_any=9. Salient keywords: the, that, and, you, like, for, there, are. Sample lines: Niki Parenteau: “Um, so rather than oil, you can also think about kerogen, um, which is a more solid form of a carbon it's it's a very complex thing.” (+5.8s) | Rika Anderson: “Um, and how would that have affected the amount of primary productivity going on in early Earth as a bioinformatician, I'm thinking of course, how can I look at the data that we have..."
2021_06_10_SLU_S1,2021_06_10_SLU_S1,2,714.4008935824533,694.4008935824533,734.4008935824533,11:34,12:14,40.0,8,"Niki Parenteau×11, Jeffrey Marlow×7, Jay Forsythe(he/him)×3, Smadar Naoz×3, Noah Planavsky×2, Solange Duhamel×1","rx_decision=7, rx_assign=6, rx_summarize=0, decision_any=11","the, and, that, you, are, can, but, have","In a ~40s window (11:34–12:14), 8 speakers converged (m≥2). Turns by speaker: Niki Parenteau×11, Jeffrey Marlow×7, Jay Forsythe(he/him)×3, Smadar Naoz×3, Noah Planavsky×2, Solange Duhamel×1. Signals: rx_decision=7, rx_assign=6, rx_summarize=0, decision_any=11. Salient keywords: the, and, that, you, are, can, but, have. Sample lines: Noah Planavsky: “Yeah, I think the the figuring out the the not only what's limiting but the kind of the the size of the biosphere in the past is is I think is is one of the most most kind of fundamental unresolved questions about Earth's history and I think there are definitely there's there's it'd be fun it'd be great to talk about ways in which you could ac..."
2021_06_10_SLU_S1,2021_06_10_SLU_S1,3,714.4008935824533,694.4008935824533,734.4008935824533,11:34,12:14,40.0,8,"Niki Parenteau×11, Jeffrey Marlow×7, Jay Forsythe(he/him)×3, Smadar Naoz×3, Noah Planavsky×2, Solange Duhamel×1","rx_decision=7, rx_assign=6, rx_summarize=0, decision_any=11","the, and, that, you, are, can, but, have","In a ~40s window (11:34–12:14), 8 speakers converged (m≥3). Turns by speaker: Niki Parenteau×11, Jeffrey Marlow×7, Jay Forsythe(he/him)×3, Smadar Naoz×3, Noah Planavsky×2, Solange Duhamel×1. Signals: rx_decision=7, rx_assign=6, rx_summarize=0, decision_any=11. Salient keywords: the, and, that, you, are, can, but, have. Sample lines: Noah Planavsky: “Yeah, I think the the figuring out the the not only what's limiting but the kind of the the size of the biosphere in the past is is I think is is one of the most most kind of fundamental unresolved questions about Earth's history and I think there are definitely there's there's it'd be fun it'd be great to talk about ways in which you could ac..."
2021_06_10_SLU_S1,2021_06_10_SLU_S1,4,714.4008935824533,694.4008935824533,734.4008935824533,11:34,12:14,40.0,8,"Niki Parenteau×11, Jeffrey Marlow×7, Jay Forsythe(he/him)×3, Smadar Naoz×3, Noah Planavsky×2, Solange Duhamel×1","rx_decision=7, rx_assign=6, rx_summarize=0, decision_any=11","the, and, that, you, are, can, but, have","In a ~40s window (11:34–12:14), 8 speakers converged (m≥4). Turns by speaker: Niki Parenteau×11, Jeffrey Marlow×7, Jay Forsythe(he/him)×3, Smadar Naoz×3, Noah Planavsky×2, Solange Duhamel×1. Signals: rx_decision=7, rx_assign=6, rx_summarize=0, decision_any=11. Salient keywords: the, and, that, you, are, can, but, have. Sample lines: Noah Planavsky: “Yeah, I think the the figuring out the the not only what's limiting but the kind of the the size of the biosphere in the past is is I think is is one of the most most kind of fundamental unresolved questions about Earth's history and I think there are definitely there's there's it'd be fun it'd be great to talk about ways in which you could ac..."
2021_06_10_SLU_S1,2021_06_10_SLU_S1,5,714.4008935824533,694.4008935824533,734.4008935824533,11:34,12:14,40.0,8,"Niki Parenteau×11, Jeffrey Marlow×7, Jay Forsythe(he/him)×3, Smadar Naoz×3, Noah Planavsky×2, Solange Duhamel×1","rx_decision=7, rx_assign=6, rx_summarize=0, decision_any=11","the, and, that, you, are, can, but, have","In a ~40s window (11:34–12:14), 8 speakers converged (m≥5). Turns by speaker: Niki Parenteau×11, Jeffrey Marlow×7, Jay Forsythe(he/him)×3, Smadar Naoz×3, Noah Planavsky×2, Solange Duhamel×1. Signals: rx_decision=7, rx_assign=6, rx_summarize=0, decision_any=11. Salient keywords: the, and, that, you, are, can, but, have. Sample lines: Noah Planavsky: “Yeah, I think the the figuring out the the not only what's limiting but the kind of the the size of the biosphere in the past is is I think is is one of the most most kind of fundamental unresolved questions about Earth's history and I think there are definitely there's there's it'd be fun it'd be great to talk about ways in which you could ac..."
2021_06_10_SLU_S1,2021_06_10_SLU_S1,6,714.4008935824533,694.4008935824533,734.4008935824533,11:34,12:14,40.0,8,"Niki Parenteau×11, Jeffrey Marlow×7, Jay Forsythe(he/him)×3, Smadar Naoz×3, Noah Planavsky×2, Solange Duhamel×1","rx_decision=7, rx_assign=6, rx_summarize=0, decision_any=11","the, and, that, you, are, can, but, have","In a ~40s window (11:34–12:14), 8 speakers converged (m≥6). Turns by speaker: Niki Parenteau×11, Jeffrey Marlow×7, Jay Forsythe(he/him)×3, Smadar Naoz×3, Noah Planavsky×2, Solange Duhamel×1. Signals: rx_decision=7, rx_assign=6, rx_summarize=0, decision_any=11. Salient keywords: the, and, that, you, are, can, but, have. Sample lines: Noah Planavsky: “Yeah, I think the the figuring out the the not only what's limiting but the kind of the the size of the biosphere in the past is is I think is is one of the most most kind of fundamental unresolved questions about Earth's history and I think there are definitely there's there's it'd be fun it'd be great to talk about ways in which you could ac..."
2021_06_10_SLU_S1,2021_06_10_SLU_S1,7,714.4008935824533,694.4008935824533,734.4008935824533,11:34,12:14,40.0,8,"Niki Parenteau×11, Jeffrey Marlow×7, Jay Forsythe(he/him)×3, Smadar Naoz×3, Noah Planavsky×2, Solange Duhamel×1","rx_decision=7, rx_assign=6, rx_summarize=0, decision_any=11","the, and, that, you, are, can, but, have","In a ~40s window (11:34–12:14), 8 speakers converged (m≥7). Turns by speaker: Niki Parenteau×11, Jeffrey Marlow×7, Jay Forsythe(he/him)×3, Smadar Naoz×3, Noah Planavsky×2, Solange Duhamel×1. Signals: rx_decision=7, rx_assign=6, rx_summarize=0, decision_any=11. Salient keywords: the, and, that, you, are, can, but, have. Sample lines: Noah Planavsky: “Yeah, I think the the figuring out the the not only what's limiting but the kind of the the size of the biosphere in the past is is I think is is one of the most most kind of fundamental unresolved questions about Earth's history and I think there are definitely there's there's it'd be fun it'd be great to talk about ways in which you could ac..."
2021_06_10_SLU_S1,2021_06_10_SLU_S1,2,718.8787878787879,698.8787878787879,738.8787878787879,11:39,12:19,40.0,8,"Niki Parenteau×13, Jeffrey Marlow×6, Jay Forsythe(he/him)×4, Smadar Naoz×4, Stilianos Louca×2, Noah Planavsky×1","rx_decision=5, rx_assign=7, rx_summarize=0, decision_any=11","and, the, that, you, like, are, can, but","In a ~40s window (11:39–12:19), 8 speakers converged (m≥2). Turns by speaker: Niki Parenteau×13, Jeffrey Marlow×6, Jay Forsythe(he/him)×4, Smadar Naoz×4, Stilianos Louca×2, Noah Planavsky×1. Signals: rx_decision=5, rx_assign=7, rx_summarize=0, decision_any=11. Salient keywords: and, the, that, you, like, are, can, but. Sample lines: Niki Parenteau: “And um, as Richard said, we'll kind of keep it brief, but it'd be helpful to know, you know, who you are, your name, where you work and and kind of your specialty areas.” (+0.0s) | Solange Duhamel: “So I think thinking of both the microbes, their processes but also their environments, everything is tied together which is also a difficulty beca..."
2021_06_10_SLU_S1,2021_06_10_SLU_S1,3,718.8787878787879,698.8787878787879,738.8787878787879,11:39,12:19,40.0,8,"Niki Parenteau×13, Jeffrey Marlow×6, Jay Forsythe(he/him)×4, Smadar Naoz×4, Stilianos Louca×2, Noah Planavsky×1","rx_decision=5, rx_assign=7, rx_summarize=0, decision_any=11","and, the, that, you, like, are, can, but","In a ~40s window (11:39–12:19), 8 speakers converged (m≥3). Turns by speaker: Niki Parenteau×13, Jeffrey Marlow×6, Jay Forsythe(he/him)×4, Smadar Naoz×4, Stilianos Louca×2, Noah Planavsky×1. Signals: rx_decision=5, rx_assign=7, rx_summarize=0, decision_any=11. Salient keywords: and, the, that, you, like, are, can, but. Sample lines: Niki Parenteau: “And um, as Richard said, we'll kind of keep it brief, but it'd be helpful to know, you know, who you are, your name, where you work and and kind of your specialty areas.” (+0.0s) | Solange Duhamel: “So I think thinking of both the microbes, their processes but also their environments, everything is tied together which is also a difficulty beca..."
2021_06_10_SLU_S1,2021_06_10_SLU_S1,4,718.8787878787879,698.8787878787879,738.8787878787879,11:39,12:19,40.0,8,"Niki Parenteau×13, Jeffrey Marlow×6, Jay Forsythe(he/him)×4, Smadar Naoz×4, Stilianos Louca×2, Noah Planavsky×1","rx_decision=5, rx_assign=7, rx_summarize=0, decision_any=11","and, the, that, you, like, are, can, but","In a ~40s window (11:39–12:19), 8 speakers converged (m≥4). Turns by speaker: Niki Parenteau×13, Jeffrey Marlow×6, Jay Forsythe(he/him)×4, Smadar Naoz×4, Stilianos Louca×2, Noah Planavsky×1. Signals: rx_decision=5, rx_assign=7, rx_summarize=0, decision_any=11. Salient keywords: and, the, that, you, like, are, can, but. Sample lines: Niki Parenteau: “And um, as Richard said, we'll kind of keep it brief, but it'd be helpful to know, you know, who you are, your name, where you work and and kind of your specialty areas.” (+0.0s) | Solange Duhamel: “So I think thinking of both the microbes, their processes but also their environments, everything is tied together which is also a difficulty beca..."
2021_06_10_SLU_S1,2021_06_10_SLU_S1,5,718.8787878787879,698.8787878787879,738.8787878787879,11:39,12:19,40.0,8,"Niki Parenteau×13, Jeffrey Marlow×6, Jay Forsythe(he/him)×4, Smadar Naoz×4, Stilianos Louca×2, Noah Planavsky×1","rx_decision=5, rx_assign=7, rx_summarize=0, decision_any=11","and, the, that, you, like, are, can, but","In a ~40s window (11:39–12:19), 8 speakers converged (m≥5). Turns by speaker: Niki Parenteau×13, Jeffrey Marlow×6, Jay Forsythe(he/him)×4, Smadar Naoz×4, Stilianos Louca×2, Noah Planavsky×1. Signals: rx_decision=5, rx_assign=7, rx_summarize=0, decision_any=11. Salient keywords: and, the, that, you, like, are, can, but. Sample lines: Niki Parenteau: “And um, as Richard said, we'll kind of keep it brief, but it'd be helpful to know, you know, who you are, your name, where you work and and kind of your specialty areas.” (+0.0s) | Solange Duhamel: “So I think thinking of both the microbes, their processes but also their environments, everything is tied together which is also a difficulty beca..."
2021_06_10_SLU_S1,2021_06_10_SLU_S1,6,718.8787878787879,698.8787878787879,738.8787878787879,11:39,12:19,40.0,8,"Niki Parenteau×13, Jeffrey Marlow×6, Jay Forsythe(he/him)×4, Smadar Naoz×4, Stilianos Louca×2, Noah Planavsky×1","rx_decision=5, rx_assign=7, rx_summarize=0, decision_any=11","and, the, that, you, like, are, can, but","In a ~40s window (11:39–12:19), 8 speakers converged (m≥6). Turns by speaker: Niki Parenteau×13, Jeffrey Marlow×6, Jay Forsythe(he/him)×4, Smadar Naoz×4, Stilianos Louca×2, Noah Planavsky×1. Signals: rx_decision=5, rx_assign=7, rx_summarize=0, decision_any=11. Salient keywords: and, the, that, you, like, are, can, but. Sample lines: Niki Parenteau: “And um, as Richard said, we'll kind of keep it brief, but it'd be helpful to know, you know, who you are, your name, where you work and and kind of your specialty areas.” (+0.0s) | Solange Duhamel: “So I think thinking of both the microbes, their processes but also their environments, everything is tied together which is also a difficulty beca..."
2021_06_10_SLU_S1,2021_06_10_SLU_S1,7,718.8787878787879,698.8787878787879,738.8787878787879,11:39,12:19,40.0,8,"Niki Parenteau×13, Jeffrey Marlow×6, Jay Forsythe(he/him)×4, Smadar Naoz×4, Stilianos Louca×2, Noah Planavsky×1","rx_decision=5, rx_assign=7, rx_summarize=0, decision_any=11","and, the, that, you, like, are, can, but","In a ~40s window (11:39–12:19), 8 speakers converged (m≥7). Turns by speaker: Niki Parenteau×13, Jeffrey Marlow×6, Jay Forsythe(he/him)×4, Smadar Naoz×4, Stilianos Louca×2, Noah Planavsky×1. Signals: rx_decision=5, rx_assign=7, rx_summarize=0, decision_any=11. Salient keywords: and, the, that, you, like, are, can, but. Sample lines: Niki Parenteau: “And um, as Richard said, we'll kind of keep it brief, but it'd be helpful to know, you know, who you are, your name, where you work and and kind of your specialty areas.” (+0.0s) | Solange Duhamel: “So I think thinking of both the microbes, their processes but also their environments, everything is tied together which is also a difficulty beca..."
2021_06_10_SLU_S1,2021_06_10_SLU_S1,2,720.5463038180342,700.5463038180342,740.5463038180342,11:41,12:21,40.0,8,"Niki Parenteau×13, Jeffrey Marlow×6, Jay Forsythe(he/him)×4, Smadar Naoz×4, Stilianos Louca×3, Noah Planavsky×1","rx_decision=5, rx_assign=8, rx_summarize=0, decision_any=12","the, and, that, you, like, are, can, but","In a ~40s window (11:41–12:21), 8 speakers converged (m≥2). Turns by speaker: Niki Parenteau×13, Jeffrey Marlow×6, Jay Forsythe(he/him)×4, Smadar Naoz×4, Stilianos Louca×3, Noah Planavsky×1. Signals: rx_decision=5, rx_assign=8, rx_summarize=0, decision_any=12. Salient keywords: the, and, that, you, like, are, can, but. Sample lines: Niki Parenteau: “And um, as Richard said, we'll kind of keep it brief, but it'd be helpful to know, you know, who you are, your name, where you work and and kind of your specialty areas.” (-1.7s) | Solange Duhamel: “So I think thinking of both the microbes, their processes but also their environments, everything is tied together which is also a difficulty beca..."
2021_06_10_SLU_S1,2021_06_10_SLU_S1,3,720.5463038180342,700.5463038180342,740.5463038180342,11:41,12:21,40.0,8,"Niki Parenteau×13, Jeffrey Marlow×6, Jay Forsythe(he/him)×4, Smadar Naoz×4, Stilianos Louca×3, Noah Planavsky×1","rx_decision=5, rx_assign=8, rx_summarize=0, decision_any=12","the, and, that, you, like, are, can, but","In a ~40s window (11:41–12:21), 8 speakers converged (m≥3). Turns by speaker: Niki Parenteau×13, Jeffrey Marlow×6, Jay Forsythe(he/him)×4, Smadar Naoz×4, Stilianos Louca×3, Noah Planavsky×1. Signals: rx_decision=5, rx_assign=8, rx_summarize=0, decision_any=12. Salient keywords: the, and, that, you, like, are, can, but. Sample lines: Niki Parenteau: “And um, as Richard said, we'll kind of keep it brief, but it'd be helpful to know, you know, who you are, your name, where you work and and kind of your specialty areas.” (-1.7s) | Solange Duhamel: “So I think thinking of both the microbes, their processes but also their environments, everything is tied together which is also a difficulty beca..."
2021_06_10_SLU_S1,2021_06_10_SLU_S1,4,720.5463038180342,700.5463038180342,740.5463038180342,11:41,12:21,40.0,8,"Niki Parenteau×13, Jeffrey Marlow×6, Jay Forsythe(he/him)×4, Smadar Naoz×4, Stilianos Louca×3, Noah Planavsky×1","rx_decision=5, rx_assign=8, rx_summarize=0, decision_any=12","the, and, that, you, like, are, can, but","In a ~40s window (11:41–12:21), 8 speakers converged (m≥4). Turns by speaker: Niki Parenteau×13, Jeffrey Marlow×6, Jay Forsythe(he/him)×4, Smadar Naoz×4, Stilianos Louca×3, Noah Planavsky×1. Signals: rx_decision=5, rx_assign=8, rx_summarize=0, decision_any=12. Salient keywords: the, and, that, you, like, are, can, but. Sample lines: Niki Parenteau: “And um, as Richard said, we'll kind of keep it brief, but it'd be helpful to know, you know, who you are, your name, where you work and and kind of your specialty areas.” (-1.7s) | Solange Duhamel: “So I think thinking of both the microbes, their processes but also their environments, everything is tied together which is also a difficulty beca..."
2021_06_10_SLU_S1,2021_06_10_SLU_S1,5,720.5463038180342,700.5463038180342,740.5463038180342,11:41,12:21,40.0,8,"Niki Parenteau×13, Jeffrey Marlow×6, Jay Forsythe(he/him)×4, Smadar Naoz×4, Stilianos Louca×3, Noah Planavsky×1","rx_decision=5, rx_assign=8, rx_summarize=0, decision_any=12","the, and, that, you, like, are, can, but","In a ~40s window (11:41–12:21), 8 speakers converged (m≥5). Turns by speaker: Niki Parenteau×13, Jeffrey Marlow×6, Jay Forsythe(he/him)×4, Smadar Naoz×4, Stilianos Louca×3, Noah Planavsky×1. Signals: rx_decision=5, rx_assign=8, rx_summarize=0, decision_any=12. Salient keywords: the, and, that, you, like, are, can, but. Sample lines: Niki Parenteau: “And um, as Richard said, we'll kind of keep it brief, but it'd be helpful to know, you know, who you are, your name, where you work and and kind of your specialty areas.” (-1.7s) | Solange Duhamel: “So I think thinking of both the microbes, their processes but also their environments, everything is tied together which is also a difficulty beca..."
2021_06_10_SLU_S1,2021_06_10_SLU_S1,6,720.5463038180342,700.5463038180342,740.5463038180342,11:41,12:21,40.0,8,"Niki Parenteau×13, Jeffrey Marlow×6, Jay Forsythe(he/him)×4, Smadar Naoz×4, Stilianos Louca×3, Noah Planavsky×1","rx_decision=5, rx_assign=8, rx_summarize=0, decision_any=12","the, and, that, you, like, are, can, but","In a ~40s window (11:41–12:21), 8 speakers converged (m≥6). Turns by speaker: Niki Parenteau×13, Jeffrey Marlow×6, Jay Forsythe(he/him)×4, Smadar Naoz×4, Stilianos Louca×3, Noah Planavsky×1. Signals: rx_decision=5, rx_assign=8, rx_summarize=0, decision_any=12. Salient keywords: the, and, that, you, like, are, can, but. Sample lines: Niki Parenteau: “And um, as Richard said, we'll kind of keep it brief, but it'd be helpful to know, you know, who you are, your name, where you work and and kind of your specialty areas.” (-1.7s) | Solange Duhamel: “So I think thinking of both the microbes, their processes but also their environments, everything is tied together which is also a difficulty beca..."
2021_06_10_SLU_S1,2021_06_10_SLU_S1,7,720.5463038180342,700.5463038180342,740.5463038180342,11:41,12:21,40.0,8,"Niki Parenteau×13, Jeffrey Marlow×6, Jay Forsythe(he/him)×4, Smadar Naoz×4, Stilianos Louca×3, Noah Planavsky×1","rx_decision=5, rx_assign=8, rx_summarize=0, decision_any=12","the, and, that, you, like, are, can, but","In a ~40s window (11:41–12:21), 8 speakers converged (m≥7). Turns by speaker: Niki Parenteau×13, Jeffrey Marlow×6, Jay Forsythe(he/him)×4, Smadar Naoz×4, Stilianos Louca×3, Noah Planavsky×1. Signals: rx_decision=5, rx_assign=8, rx_summarize=0, decision_any=12. Salient keywords: the, and, that, you, like, are, can, but. Sample lines: Niki Parenteau: “And um, as Richard said, we'll kind of keep it brief, but it'd be helpful to know, you know, who you are, your name, where you work and and kind of your specialty areas.” (-1.7s) | Solange Duhamel: “So I think thinking of both the microbes, their processes but also their environments, everything is tied together which is also a difficulty beca..."
2021_06_10_SLU_S1,2021_06_10_SLU_S1,2,720.9941860465117,700.9941860465117,740.9941860465117,11:41,12:21,40.0,8,"Niki Parenteau×12, Jeffrey Marlow×6, Jay Forsythe(he/him)×4, Smadar Naoz×4, Stilianos Louca×3, Noah Planavsky×1","rx_decision=4, rx_assign=8, rx_summarize=0, decision_any=11","the, and, that, you, like, are, can, have","In a ~40s window (11:41–12:21), 8 speakers converged (m≥2). Turns by speaker: Niki Parenteau×12, Jeffrey Marlow×6, Jay Forsythe(he/him)×4, Smadar Naoz×4, Stilianos Louca×3, Noah Planavsky×1. Signals: rx_decision=4, rx_assign=8, rx_summarize=0, decision_any=11. Salient keywords: the, and, that, you, like, are, can, have. Sample lines: Niki Parenteau: “And um, as Richard said, we'll kind of keep it brief, but it'd be helpful to know, you know, who you are, your name, where you work and and kind of your specialty areas.” (-2.1s) | Solange Duhamel: “So I think thinking of both the microbes, their processes but also their environments, everything is tied together which is also a difficulty bec..."
2021_06_10_SLU_S1,2021_06_10_SLU_S1,3,720.9941860465117,700.9941860465117,740.9941860465117,11:41,12:21,40.0,8,"Niki Parenteau×12, Jeffrey Marlow×6, Jay Forsythe(he/him)×4, Smadar Naoz×4, Stilianos Louca×3, Noah Planavsky×1","rx_decision=4, rx_assign=8, rx_summarize=0, decision_any=11","the, and, that, you, like, are, can, have","In a ~40s window (11:41–12:21), 8 speakers converged (m≥3). Turns by speaker: Niki Parenteau×12, Jeffrey Marlow×6, Jay Forsythe(he/him)×4, Smadar Naoz×4, Stilianos Louca×3, Noah Planavsky×1. Signals: rx_decision=4, rx_assign=8, rx_summarize=0, decision_any=11. Salient keywords: the, and, that, you, like, are, can, have. Sample lines: Niki Parenteau: “And um, as Richard said, we'll kind of keep it brief, but it'd be helpful to know, you know, who you are, your name, where you work and and kind of your specialty areas.” (-2.1s) | Solange Duhamel: “So I think thinking of both the microbes, their processes but also their environments, everything is tied together which is also a difficulty bec..."
2021_06_10_SLU_S1,2021_06_10_SLU_S1,4,720.9941860465117,700.9941860465117,740.9941860465117,11:41,12:21,40.0,8,"Niki Parenteau×12, Jeffrey Marlow×6, Jay Forsythe(he/him)×4, Smadar Naoz×4, Stilianos Louca×3, Noah Planavsky×1","rx_decision=4, rx_assign=8, rx_summarize=0, decision_any=11","the, and, that, you, like, are, can, have","In a ~40s window (11:41–12:21), 8 speakers converged (m≥4). Turns by speaker: Niki Parenteau×12, Jeffrey Marlow×6, Jay Forsythe(he/him)×4, Smadar Naoz×4, Stilianos Louca×3, Noah Planavsky×1. Signals: rx_decision=4, rx_assign=8, rx_summarize=0, decision_any=11. Salient keywords: the, and, that, you, like, are, can, have. Sample lines: Niki Parenteau: “And um, as Richard said, we'll kind of keep it brief, but it'd be helpful to know, you know, who you are, your name, where you work and and kind of your specialty areas.” (-2.1s) | Solange Duhamel: “So I think thinking of both the microbes, their processes but also their environments, everything is tied together which is also a difficulty bec..."
2021_06_10_SLU_S1,2021_06_10_SLU_S1,5,720.9941860465117,700.9941860465117,740.9941860465117,11:41,12:21,40.0,8,"Niki Parenteau×12, Jeffrey Marlow×6, Jay Forsythe(he/him)×4, Smadar Naoz×4, Stilianos Louca×3, Noah Planavsky×1","rx_decision=4, rx_assign=8, rx_summarize=0, decision_any=11","the, and, that, you, like, are, can, have","In a ~40s window (11:41–12:21), 8 speakers converged (m≥5). Turns by speaker: Niki Parenteau×12, Jeffrey Marlow×6, Jay Forsythe(he/him)×4, Smadar Naoz×4, Stilianos Louca×3, Noah Planavsky×1. Signals: rx_decision=4, rx_assign=8, rx_summarize=0, decision_any=11. Salient keywords: the, and, that, you, like, are, can, have. Sample lines: Niki Parenteau: “And um, as Richard said, we'll kind of keep it brief, but it'd be helpful to know, you know, who you are, your name, where you work and and kind of your specialty areas.” (-2.1s) | Solange Duhamel: “So I think thinking of both the microbes, their processes but also their environments, everything is tied together which is also a difficulty bec..."
2021_06_10_SLU_S1,2021_06_10_SLU_S1,6,720.9941860465117,700.9941860465117,740.9941860465117,11:41,12:21,40.0,8,"Niki Parenteau×12, Jeffrey Marlow×6, Jay Forsythe(he/him)×4, Smadar Naoz×4, Stilianos Louca×3, Noah Planavsky×1","rx_decision=4, rx_assign=8, rx_summarize=0, decision_any=11","the, and, that, you, like, are, can, have","In a ~40s window (11:41–12:21), 8 speakers converged (m≥6). Turns by speaker: Niki Parenteau×12, Jeffrey Marlow×6, Jay Forsythe(he/him)×4, Smadar Naoz×4, Stilianos Louca×3, Noah Planavsky×1. Signals: rx_decision=4, rx_assign=8, rx_summarize=0, decision_any=11. Salient keywords: the, and, that, you, like, are, can, have. Sample lines: Niki Parenteau: “And um, as Richard said, we'll kind of keep it brief, but it'd be helpful to know, you know, who you are, your name, where you work and and kind of your specialty areas.” (-2.1s) | Solange Duhamel: “So I think thinking of both the microbes, their processes but also their environments, everything is tied together which is also a difficulty bec..."
2021_06_10_SLU_S1,2021_06_10_SLU_S1,7,720.9941860465117,700.9941860465117,740.9941860465117,11:41,12:21,40.0,8,"Niki Parenteau×12, Jeffrey Marlow×6, Jay Forsythe(he/him)×4, Smadar Naoz×4, Stilianos Louca×3, Noah Planavsky×1","rx_decision=4, rx_assign=8, rx_summarize=0, decision_any=11","the, and, that, you, like, are, can, have","In a ~40s window (11:41–12:21), 8 speakers converged (m≥7). Turns by speaker: Niki Parenteau×12, Jeffrey Marlow×6, Jay Forsythe(he/him)×4, Smadar Naoz×4, Stilianos Louca×3, Noah Planavsky×1. Signals: rx_decision=4, rx_assign=8, rx_summarize=0, decision_any=11. Salient keywords: the, and, that, you, like, are, can, have. Sample lines: Niki Parenteau: “And um, as Richard said, we'll kind of keep it brief, but it'd be helpful to know, you know, who you are, your name, where you work and and kind of your specialty areas.” (-2.1s) | Solange Duhamel: “So I think thinking of both the microbes, their processes but also their environments, everything is tied together which is also a difficulty bec..."
2021_06_10_SLU_S1,2021_06_10_SLU_S1,2,732.9342560553633,712.9342560553633,752.9342560553633,11:53,12:33,40.0,9,"Niki Parenteau×9, Jay Forsythe(he/him)×6, Smadar Naoz×5, Noah Planavsky×5, Jeffrey Marlow×4, Stilianos Louca×4","rx_decision=3, rx_assign=8, rx_summarize=0, decision_any=10","that, and, the, you, like, are, can, know","In a ~40s window (11:53–12:33), 9 speakers converged (m≥2). Turns by speaker: Niki Parenteau×9, Jay Forsythe(he/him)×6, Smadar Naoz×5, Noah Planavsky×5, Jeffrey Marlow×4, Stilianos Louca×4. Signals: rx_decision=3, rx_assign=8, rx_summarize=0, decision_any=10. Salient keywords: that, and, the, you, like, are, can, know. Sample lines: Morgan Raven: “Yeah, I mean I guess I just any place you can get kerogen, you can theoretically crack it and obviously some types of molecules are going to be better for that than others and lipids are the main thing that we're thinking about here, but I mean it took them forever to even figure out uh petroleum was biogenic and they kind of needed biomarkers t..."
2021_06_10_SLU_S1,2021_06_10_SLU_S1,3,732.9342560553633,712.9342560553633,752.9342560553633,11:53,12:33,40.0,9,"Niki Parenteau×9, Jay Forsythe(he/him)×6, Smadar Naoz×5, Noah Planavsky×5, Jeffrey Marlow×4, Stilianos Louca×4","rx_decision=3, rx_assign=8, rx_summarize=0, decision_any=10","that, and, the, you, like, are, can, know","In a ~40s window (11:53–12:33), 9 speakers converged (m≥3). Turns by speaker: Niki Parenteau×9, Jay Forsythe(he/him)×6, Smadar Naoz×5, Noah Planavsky×5, Jeffrey Marlow×4, Stilianos Louca×4. Signals: rx_decision=3, rx_assign=8, rx_summarize=0, decision_any=10. Salient keywords: that, and, the, you, like, are, can, know. Sample lines: Morgan Raven: “Yeah, I mean I guess I just any place you can get kerogen, you can theoretically crack it and obviously some types of molecules are going to be better for that than others and lipids are the main thing that we're thinking about here, but I mean it took them forever to even figure out uh petroleum was biogenic and they kind of needed biomarkers t..."
2021_06_10_SLU_S1,2021_06_10_SLU_S1,4,732.9342560553633,712.9342560553633,752.9342560553633,11:53,12:33,40.0,9,"Niki Parenteau×9, Jay Forsythe(he/him)×6, Smadar Naoz×5, Noah Planavsky×5, Jeffrey Marlow×4, Stilianos Louca×4","rx_decision=3, rx_assign=8, rx_summarize=0, decision_any=10","that, and, the, you, like, are, can, know","In a ~40s window (11:53–12:33), 9 speakers converged (m≥4). Turns by speaker: Niki Parenteau×9, Jay Forsythe(he/him)×6, Smadar Naoz×5, Noah Planavsky×5, Jeffrey Marlow×4, Stilianos Louca×4. Signals: rx_decision=3, rx_assign=8, rx_summarize=0, decision_any=10. Salient keywords: that, and, the, you, like, are, can, know. Sample lines: Morgan Raven: “Yeah, I mean I guess I just any place you can get kerogen, you can theoretically crack it and obviously some types of molecules are going to be better for that than others and lipids are the main thing that we're thinking about here, but I mean it took them forever to even figure out uh petroleum was biogenic and they kind of needed biomarkers t..."
2021_06_10_SLU_S1,2021_06_10_SLU_S1,5,732.9342560553633,712.9342560553633,752.9342560553633,11:53,12:33,40.0,9,"Niki Parenteau×9, Jay Forsythe(he/him)×6, Smadar Naoz×5, Noah Planavsky×5, Jeffrey Marlow×4, Stilianos Louca×4","rx_decision=3, rx_assign=8, rx_summarize=0, decision_any=10","that, and, the, you, like, are, can, know","In a ~40s window (11:53–12:33), 9 speakers converged (m≥5). Turns by speaker: Niki Parenteau×9, Jay Forsythe(he/him)×6, Smadar Naoz×5, Noah Planavsky×5, Jeffrey Marlow×4, Stilianos Louca×4. Signals: rx_decision=3, rx_assign=8, rx_summarize=0, decision_any=10. Salient keywords: that, and, the, you, like, are, can, know. Sample lines: Morgan Raven: “Yeah, I mean I guess I just any place you can get kerogen, you can theoretically crack it and obviously some types of molecules are going to be better for that than others and lipids are the main thing that we're thinking about here, but I mean it took them forever to even figure out uh petroleum was biogenic and they kind of needed biomarkers t..."
2021_06_10_SLU_S1,2021_06_10_SLU_S1,6,732.9342560553633,712.9342560553633,752.9342560553633,11:53,12:33,40.0,9,"Niki Parenteau×9, Jay Forsythe(he/him)×6, Smadar Naoz×5, Noah Planavsky×5, Jeffrey Marlow×4, Stilianos Louca×4","rx_decision=3, rx_assign=8, rx_summarize=0, decision_any=10","that, and, the, you, like, are, can, know","In a ~40s window (11:53–12:33), 9 speakers converged (m≥6). Turns by speaker: Niki Parenteau×9, Jay Forsythe(he/him)×6, Smadar Naoz×5, Noah Planavsky×5, Jeffrey Marlow×4, Stilianos Louca×4. Signals: rx_decision=3, rx_assign=8, rx_summarize=0, decision_any=10. Salient keywords: that, and, the, you, like, are, can, know. Sample lines: Morgan Raven: “Yeah, I mean I guess I just any place you can get kerogen, you can theoretically crack it and obviously some types of molecules are going to be better for that than others and lipids are the main thing that we're thinking about here, but I mean it took them forever to even figure out uh petroleum was biogenic and they kind of needed biomarkers t..."
2021_06_10_SLU_S1,2021_06_10_SLU_S1,7,732.9342560553633,712.9342560553633,752.9342560553633,11:53,12:33,40.0,9,"Niki Parenteau×9, Jay Forsythe(he/him)×6, Smadar Naoz×5, Noah Planavsky×5, Jeffrey Marlow×4, Stilianos Louca×4","rx_decision=3, rx_assign=8, rx_summarize=0, decision_any=10","that, and, the, you, like, are, can, know","In a ~40s window (11:53–12:33), 9 speakers converged (m≥7). Turns by speaker: Niki Parenteau×9, Jay Forsythe(he/him)×6, Smadar Naoz×5, Noah Planavsky×5, Jeffrey Marlow×4, Stilianos Louca×4. Signals: rx_decision=3, rx_assign=8, rx_summarize=0, decision_any=10. Salient keywords: that, and, the, you, like, are, can, know. Sample lines: Morgan Raven: “Yeah, I mean I guess I just any place you can get kerogen, you can theoretically crack it and obviously some types of molecules are going to be better for that than others and lipids are the main thing that we're thinking about here, but I mean it took them forever to even figure out uh petroleum was biogenic and they kind of needed biomarkers t..."
2021_06_10_SLU_S1,2021_06_10_SLU_S1,2,736.0484429065743,716.0484429065743,756.0484429065743,11:56,12:36,40.0,9,"Niki Parenteau×8, Jay Forsythe(he/him)×6, Noah Planavsky×6, Jeffrey Marlow×5, Smadar Naoz×4, Stilianos Louca×4","rx_decision=2, rx_assign=8, rx_summarize=0, decision_any=9","that, and, the, you, like, are, can, know","In a ~40s window (11:56–12:36), 9 speakers converged (m≥2). Turns by speaker: Niki Parenteau×8, Jay Forsythe(he/him)×6, Noah Planavsky×6, Jeffrey Marlow×5, Smadar Naoz×4, Stilianos Louca×4. Signals: rx_decision=2, rx_assign=8, rx_summarize=0, decision_any=9. Salient keywords: that, and, the, you, like, are, can, know. Sample lines: Morgan Raven: “Yeah, I mean I guess I just any place you can get kerogen, you can theoretically crack it and obviously some types of molecules are going to be better for that than others and lipids are the main thing that we're thinking about here, but I mean it took them forever to even figure out uh petroleum was biogenic and they kind of needed biomarkers to..."
2021_06_10_SLU_S1,2021_06_10_SLU_S1,3,736.0484429065743,716.0484429065743,756.0484429065743,11:56,12:36,40.0,9,"Niki Parenteau×8, Jay Forsythe(he/him)×6, Noah Planavsky×6, Jeffrey Marlow×5, Smadar Naoz×4, Stilianos Louca×4","rx_decision=2, rx_assign=8, rx_summarize=0, decision_any=9","that, and, the, you, like, are, can, know","In a ~40s window (11:56–12:36), 9 speakers converged (m≥3). Turns by speaker: Niki Parenteau×8, Jay Forsythe(he/him)×6, Noah Planavsky×6, Jeffrey Marlow×5, Smadar Naoz×4, Stilianos Louca×4. Signals: rx_decision=2, rx_assign=8, rx_summarize=0, decision_any=9. Salient keywords: that, and, the, you, like, are, can, know. Sample lines: Morgan Raven: “Yeah, I mean I guess I just any place you can get kerogen, you can theoretically crack it and obviously some types of molecules are going to be better for that than others and lipids are the main thing that we're thinking about here, but I mean it took them forever to even figure out uh petroleum was biogenic and they kind of needed biomarkers to..."
2021_06_10_SLU_S1,2021_06_10_SLU_S1,4,736.0484429065743,716.0484429065743,756.0484429065743,11:56,12:36,40.0,9,"Niki Parenteau×8, Jay Forsythe(he/him)×6, Noah Planavsky×6, Jeffrey Marlow×5, Smadar Naoz×4, Stilianos Louca×4","rx_decision=2, rx_assign=8, rx_summarize=0, decision_any=9","that, and, the, you, like, are, can, know","In a ~40s window (11:56–12:36), 9 speakers converged (m≥4). Turns by speaker: Niki Parenteau×8, Jay Forsythe(he/him)×6, Noah Planavsky×6, Jeffrey Marlow×5, Smadar Naoz×4, Stilianos Louca×4. Signals: rx_decision=2, rx_assign=8, rx_summarize=0, decision_any=9. Salient keywords: that, and, the, you, like, are, can, know. Sample lines: Morgan Raven: “Yeah, I mean I guess I just any place you can get kerogen, you can theoretically crack it and obviously some types of molecules are going to be better for that than others and lipids are the main thing that we're thinking about here, but I mean it took them forever to even figure out uh petroleum was biogenic and they kind of needed biomarkers to..."
2021_06_10_SLU_S1,2021_06_10_SLU_S1,5,736.0484429065743,716.0484429065743,756.0484429065743,11:56,12:36,40.0,9,"Niki Parenteau×8, Jay Forsythe(he/him)×6, Noah Planavsky×6, Jeffrey Marlow×5, Smadar Naoz×4, Stilianos Louca×4","rx_decision=2, rx_assign=8, rx_summarize=0, decision_any=9","that, and, the, you, like, are, can, know","In a ~40s window (11:56–12:36), 9 speakers converged (m≥5). Turns by speaker: Niki Parenteau×8, Jay Forsythe(he/him)×6, Noah Planavsky×6, Jeffrey Marlow×5, Smadar Naoz×4, Stilianos Louca×4. Signals: rx_decision=2, rx_assign=8, rx_summarize=0, decision_any=9. Salient keywords: that, and, the, you, like, are, can, know. Sample lines: Morgan Raven: “Yeah, I mean I guess I just any place you can get kerogen, you can theoretically crack it and obviously some types of molecules are going to be better for that than others and lipids are the main thing that we're thinking about here, but I mean it took them forever to even figure out uh petroleum was biogenic and they kind of needed biomarkers to..."
2021_06_10_SLU_S1,2021_06_10_SLU_S1,6,736.0484429065743,716.0484429065743,756.0484429065743,11:56,12:36,40.0,9,"Niki Parenteau×8, Jay Forsythe(he/him)×6, Noah Planavsky×6, Jeffrey Marlow×5, Smadar Naoz×4, Stilianos Louca×4","rx_decision=2, rx_assign=8, rx_summarize=0, decision_any=9","that, and, the, you, like, are, can, know","In a ~40s window (11:56–12:36), 9 speakers converged (m≥6). Turns by speaker: Niki Parenteau×8, Jay Forsythe(he/him)×6, Noah Planavsky×6, Jeffrey Marlow×5, Smadar Naoz×4, Stilianos Louca×4. Signals: rx_decision=2, rx_assign=8, rx_summarize=0, decision_any=9. Salient keywords: that, and, the, you, like, are, can, know. Sample lines: Morgan Raven: “Yeah, I mean I guess I just any place you can get kerogen, you can theoretically crack it and obviously some types of molecules are going to be better for that than others and lipids are the main thing that we're thinking about here, but I mean it took them forever to even figure out uh petroleum was biogenic and they kind of needed biomarkers to..."
2021_06_10_SLU_S1,2021_06_10_SLU_S1,7,736.0484429065743,716.0484429065743,756.0484429065743,11:56,12:36,40.0,9,"Niki Parenteau×8, Jay Forsythe(he/him)×6, Noah Planavsky×6, Jeffrey Marlow×5, Smadar Naoz×4, Stilianos Louca×4","rx_decision=2, rx_assign=8, rx_summarize=0, decision_any=9","that, and, the, you, like, are, can, know","In a ~40s window (11:56–12:36), 9 speakers converged (m≥7). Turns by speaker: Niki Parenteau×8, Jay Forsythe(he/him)×6, Noah Planavsky×6, Jeffrey Marlow×5, Smadar Naoz×4, Stilianos Louca×4. Signals: rx_decision=2, rx_assign=8, rx_summarize=0, decision_any=9. Salient keywords: that, and, the, you, like, are, can, know. Sample lines: Morgan Raven: “Yeah, I mean I guess I just any place you can get kerogen, you can theoretically crack it and obviously some types of molecules are going to be better for that than others and lipids are the main thing that we're thinking about here, but I mean it took them forever to even figure out uh petroleum was biogenic and they kind of needed biomarkers to..."
2021_06_10_SLU_S1,2021_06_10_SLU_S1,2,737.3846153846154,717.3846153846154,757.3846153846154,11:57,12:37,40.0,9,"Niki Parenteau×9, Noah Planavsky×6, Smadar Naoz×5, Jay Forsythe(he/him)×5, Jeffrey Marlow×4, Stilianos Louca×4","rx_decision=2, rx_assign=9, rx_summarize=0, decision_any=10","that, and, the, you, can, like, are, know","In a ~40s window (11:57–12:37), 9 speakers converged (m≥2). Turns by speaker: Niki Parenteau×9, Noah Planavsky×6, Smadar Naoz×5, Jay Forsythe(he/him)×5, Jeffrey Marlow×4, Stilianos Louca×4. Signals: rx_decision=2, rx_assign=9, rx_summarize=0, decision_any=10. Salient keywords: that, and, the, you, can, like, are, know. Sample lines: Morgan Raven: “Yeah, I mean I guess I just any place you can get kerogen, you can theoretically crack it and obviously some types of molecules are going to be better for that than others and lipids are the main thing that we're thinking about here, but I mean it took them forever to even figure out uh petroleum was biogenic and they kind of needed biomarkers t..."
2021_06_10_SLU_S1,2021_06_10_SLU_S1,3,737.3846153846154,717.3846153846154,757.3846153846154,11:57,12:37,40.0,9,"Niki Parenteau×9, Noah Planavsky×6, Smadar Naoz×5, Jay Forsythe(he/him)×5, Jeffrey Marlow×4, Stilianos Louca×4","rx_decision=2, rx_assign=9, rx_summarize=0, decision_any=10","that, and, the, you, can, like, are, know","In a ~40s window (11:57–12:37), 9 speakers converged (m≥3). Turns by speaker: Niki Parenteau×9, Noah Planavsky×6, Smadar Naoz×5, Jay Forsythe(he/him)×5, Jeffrey Marlow×4, Stilianos Louca×4. Signals: rx_decision=2, rx_assign=9, rx_summarize=0, decision_any=10. Salient keywords: that, and, the, you, can, like, are, know. Sample lines: Morgan Raven: “Yeah, I mean I guess I just any place you can get kerogen, you can theoretically crack it and obviously some types of molecules are going to be better for that than others and lipids are the main thing that we're thinking about here, but I mean it took them forever to even figure out uh petroleum was biogenic and they kind of needed biomarkers t..."
2021_06_10_SLU_S1,2021_06_10_SLU_S1,4,737.3846153846154,717.3846153846154,757.3846153846154,11:57,12:37,40.0,9,"Niki Parenteau×9, Noah Planavsky×6, Smadar Naoz×5, Jay Forsythe(he/him)×5, Jeffrey Marlow×4, Stilianos Louca×4","rx_decision=2, rx_assign=9, rx_summarize=0, decision_any=10","that, and, the, you, can, like, are, know","In a ~40s window (11:57–12:37), 9 speakers converged (m≥4). Turns by speaker: Niki Parenteau×9, Noah Planavsky×6, Smadar Naoz×5, Jay Forsythe(he/him)×5, Jeffrey Marlow×4, Stilianos Louca×4. Signals: rx_decision=2, rx_assign=9, rx_summarize=0, decision_any=10. Salient keywords: that, and, the, you, can, like, are, know. Sample lines: Morgan Raven: “Yeah, I mean I guess I just any place you can get kerogen, you can theoretically crack it and obviously some types of molecules are going to be better for that than others and lipids are the main thing that we're thinking about here, but I mean it took them forever to even figure out uh petroleum was biogenic and they kind of needed biomarkers t..."
2021_06_10_SLU_S1,2021_06_10_SLU_S1,5,737.3846153846154,717.3846153846154,757.3846153846154,11:57,12:37,40.0,9,"Niki Parenteau×9, Noah Planavsky×6, Smadar Naoz×5, Jay Forsythe(he/him)×5, Jeffrey Marlow×4, Stilianos Louca×4","rx_decision=2, rx_assign=9, rx_summarize=0, decision_any=10","that, and, the, you, can, like, are, know","In a ~40s window (11:57–12:37), 9 speakers converged (m≥5). Turns by speaker: Niki Parenteau×9, Noah Planavsky×6, Smadar Naoz×5, Jay Forsythe(he/him)×5, Jeffrey Marlow×4, Stilianos Louca×4. Signals: rx_decision=2, rx_assign=9, rx_summarize=0, decision_any=10. Salient keywords: that, and, the, you, can, like, are, know. Sample lines: Morgan Raven: “Yeah, I mean I guess I just any place you can get kerogen, you can theoretically crack it and obviously some types of molecules are going to be better for that than others and lipids are the main thing that we're thinking about here, but I mean it took them forever to even figure out uh petroleum was biogenic and they kind of needed biomarkers t..."
2021_06_10_SLU_S1,2021_06_10_SLU_S1,6,737.3846153846154,717.3846153846154,757.3846153846154,11:57,12:37,40.0,9,"Niki Parenteau×9, Noah Planavsky×6, Smadar Naoz×5, Jay Forsythe(he/him)×5, Jeffrey Marlow×4, Stilianos Louca×4","rx_decision=2, rx_assign=9, rx_summarize=0, decision_any=10","that, and, the, you, can, like, are, know","In a ~40s window (11:57–12:37), 9 speakers converged (m≥6). Turns by speaker: Niki Parenteau×9, Noah Planavsky×6, Smadar Naoz×5, Jay Forsythe(he/him)×5, Jeffrey Marlow×4, Stilianos Louca×4. Signals: rx_decision=2, rx_assign=9, rx_summarize=0, decision_any=10. Salient keywords: that, and, the, you, can, like, are, know. Sample lines: Morgan Raven: “Yeah, I mean I guess I just any place you can get kerogen, you can theoretically crack it and obviously some types of molecules are going to be better for that than others and lipids are the main thing that we're thinking about here, but I mean it took them forever to even figure out uh petroleum was biogenic and they kind of needed biomarkers t..."
2021_06_10_SLU_S1,2021_06_10_SLU_S1,7,737.3846153846154,717.3846153846154,757.3846153846154,11:57,12:37,40.0,9,"Niki Parenteau×9, Noah Planavsky×6, Smadar Naoz×5, Jay Forsythe(he/him)×5, Jeffrey Marlow×4, Stilianos Louca×4","rx_decision=2, rx_assign=9, rx_summarize=0, decision_any=10","that, and, the, you, can, like, are, know","In a ~40s window (11:57–12:37), 9 speakers converged (m≥7). Turns by speaker: Niki Parenteau×9, Noah Planavsky×6, Smadar Naoz×5, Jay Forsythe(he/him)×5, Jeffrey Marlow×4, Stilianos Louca×4. Signals: rx_decision=2, rx_assign=9, rx_summarize=0, decision_any=10. Salient keywords: that, and, the, you, can, like, are, know. Sample lines: Morgan Raven: “Yeah, I mean I guess I just any place you can get kerogen, you can theoretically crack it and obviously some types of molecules are going to be better for that than others and lipids are the main thing that we're thinking about here, but I mean it took them forever to even figure out uh petroleum was biogenic and they kind of needed biomarkers t..."
2021_06_10_SLU_S1,2021_06_10_SLU_S1,2,738.3846153846154,718.3846153846154,758.3846153846154,11:58,12:38,40.0,9,"Niki Parenteau×10, Noah Planavsky×6, Smadar Naoz×5, Jay Forsythe(he/him)×5, Jeffrey Marlow×4, Morgan Raven×4","rx_decision=3, rx_assign=9, rx_summarize=0, decision_any=11","and, that, you, the, like, know, are, can","In a ~40s window (11:58–12:38), 9 speakers converged (m≥2). Turns by speaker: Niki Parenteau×10, Noah Planavsky×6, Smadar Naoz×5, Jay Forsythe(he/him)×5, Jeffrey Marlow×4, Morgan Raven×4. Signals: rx_decision=3, rx_assign=9, rx_summarize=0, decision_any=11. Salient keywords: and, that, you, the, like, know, are, can. Sample lines: Morgan Raven: “I was gonna say it does seem like there might be some sort of broad first principles you could put on a question like this if we just think about like if you're living in an aqueous system, you need something that's hydrophobic and you need something that's hydrophilic and you have an edge and you have an inside and like so there's going to be som..."
2021_06_10_SLU_S1,2021_06_10_SLU_S1,3,738.3846153846154,718.3846153846154,758.3846153846154,11:58,12:38,40.0,9,"Niki Parenteau×10, Noah Planavsky×6, Smadar Naoz×5, Jay Forsythe(he/him)×5, Jeffrey Marlow×4, Morgan Raven×4","rx_decision=3, rx_assign=9, rx_summarize=0, decision_any=11","and, that, you, the, like, know, are, can","In a ~40s window (11:58–12:38), 9 speakers converged (m≥3). Turns by speaker: Niki Parenteau×10, Noah Planavsky×6, Smadar Naoz×5, Jay Forsythe(he/him)×5, Jeffrey Marlow×4, Morgan Raven×4. Signals: rx_decision=3, rx_assign=9, rx_summarize=0, decision_any=11. Salient keywords: and, that, you, the, like, know, are, can. Sample lines: Morgan Raven: “I was gonna say it does seem like there might be some sort of broad first principles you could put on a question like this if we just think about like if you're living in an aqueous system, you need something that's hydrophobic and you need something that's hydrophilic and you have an edge and you have an inside and like so there's going to be som..."
2021_06_10_SLU_S1,2021_06_10_SLU_S1,4,738.3846153846154,718.3846153846154,758.3846153846154,11:58,12:38,40.0,9,"Niki Parenteau×10, Noah Planavsky×6, Smadar Naoz×5, Jay Forsythe(he/him)×5, Jeffrey Marlow×4, Morgan Raven×4","rx_decision=3, rx_assign=9, rx_summarize=0, decision_any=11","and, that, you, the, like, know, are, can","In a ~40s window (11:58–12:38), 9 speakers converged (m≥4). Turns by speaker: Niki Parenteau×10, Noah Planavsky×6, Smadar Naoz×5, Jay Forsythe(he/him)×5, Jeffrey Marlow×4, Morgan Raven×4. Signals: rx_decision=3, rx_assign=9, rx_summarize=0, decision_any=11. Salient keywords: and, that, you, the, like, know, are, can. Sample lines: Morgan Raven: “I was gonna say it does seem like there might be some sort of broad first principles you could put on a question like this if we just think about like if you're living in an aqueous system, you need something that's hydrophobic and you need something that's hydrophilic and you have an edge and you have an inside and like so there's going to be som..."
2021_06_10_SLU_S1,2021_06_10_SLU_S1,5,738.3846153846154,718.3846153846154,758.3846153846154,11:58,12:38,40.0,9,"Niki Parenteau×10, Noah Planavsky×6, Smadar Naoz×5, Jay Forsythe(he/him)×5, Jeffrey Marlow×4, Morgan Raven×4","rx_decision=3, rx_assign=9, rx_summarize=0, decision_any=11","and, that, you, the, like, know, are, can","In a ~40s window (11:58–12:38), 9 speakers converged (m≥5). Turns by speaker: Niki Parenteau×10, Noah Planavsky×6, Smadar Naoz×5, Jay Forsythe(he/him)×5, Jeffrey Marlow×4, Morgan Raven×4. Signals: rx_decision=3, rx_assign=9, rx_summarize=0, decision_any=11. Salient keywords: and, that, you, the, like, know, are, can. Sample lines: Morgan Raven: “I was gonna say it does seem like there might be some sort of broad first principles you could put on a question like this if we just think about like if you're living in an aqueous system, you need something that's hydrophobic and you need something that's hydrophilic and you have an edge and you have an inside and like so there's going to be som..."
2021_06_10_SLU_S1,2021_06_10_SLU_S1,6,738.3846153846154,718.3846153846154,758.3846153846154,11:58,12:38,40.0,9,"Niki Parenteau×10, Noah Planavsky×6, Smadar Naoz×5, Jay Forsythe(he/him)×5, Jeffrey Marlow×4, Morgan Raven×4","rx_decision=3, rx_assign=9, rx_summarize=0, decision_any=11","and, that, you, the, like, know, are, can","In a ~40s window (11:58–12:38), 9 speakers converged (m≥6). Turns by speaker: Niki Parenteau×10, Noah Planavsky×6, Smadar Naoz×5, Jay Forsythe(he/him)×5, Jeffrey Marlow×4, Morgan Raven×4. Signals: rx_decision=3, rx_assign=9, rx_summarize=0, decision_any=11. Salient keywords: and, that, you, the, like, know, are, can. Sample lines: Morgan Raven: “I was gonna say it does seem like there might be some sort of broad first principles you could put on a question like this if we just think about like if you're living in an aqueous system, you need something that's hydrophobic and you need something that's hydrophilic and you have an edge and you have an inside and like so there's going to be som..."
2021_06_10_SLU_S1,2021_06_10_SLU_S1,7,738.3846153846154,718.3846153846154,758.3846153846154,11:58,12:38,40.0,9,"Niki Parenteau×10, Noah Planavsky×6, Smadar Naoz×5, Jay Forsythe(he/him)×5, Jeffrey Marlow×4, Morgan Raven×4","rx_decision=3, rx_assign=9, rx_summarize=0, decision_any=11","and, that, you, the, like, know, are, can","In a ~40s window (11:58–12:38), 9 speakers converged (m≥7). Turns by speaker: Niki Parenteau×10, Noah Planavsky×6, Smadar Naoz×5, Jay Forsythe(he/him)×5, Jeffrey Marlow×4, Morgan Raven×4. Signals: rx_decision=3, rx_assign=9, rx_summarize=0, decision_any=11. Salient keywords: and, that, you, the, like, know, are, can. Sample lines: Morgan Raven: “I was gonna say it does seem like there might be some sort of broad first principles you could put on a question like this if we just think about like if you're living in an aqueous system, you need something that's hydrophobic and you need something that's hydrophilic and you have an edge and you have an inside and like so there's going to be som..."
2021_06_10_SLU_S1,2021_06_10_SLU_S1,2,739.3356401384083,719.3356401384083,759.3356401384083,11:59,12:39,40.0,9,"Niki Parenteau×9, Noah Planavsky×6, Smadar Naoz×5, Jay Forsythe(he/him)×5, Morgan Raven×5, Jeffrey Marlow×4","rx_decision=2, rx_assign=8, rx_summarize=0, decision_any=10","that, and, you, the, like, can, know, there","In a ~40s window (11:59–12:39), 9 speakers converged (m≥2). Turns by speaker: Niki Parenteau×9, Noah Planavsky×6, Smadar Naoz×5, Jay Forsythe(he/him)×5, Morgan Raven×5, Jeffrey Marlow×4. Signals: rx_decision=2, rx_assign=8, rx_summarize=0, decision_any=10. Salient keywords: that, and, you, the, like, can, know, there. Sample lines: Morgan Raven: “I was gonna say it does seem like there might be some sort of broad first principles you could put on a question like this if we just think about like if you're living in an aqueous system, you need something that's hydrophobic and you need something that's hydrophilic and you have an edge and you have an inside and like so there's going to be so..."
2021_06_10_SLU_S1,2021_06_10_SLU_S1,3,739.3356401384083,719.3356401384083,759.3356401384083,11:59,12:39,40.0,9,"Niki Parenteau×9, Noah Planavsky×6, Smadar Naoz×5, Jay Forsythe(he/him)×5, Morgan Raven×5, Jeffrey Marlow×4","rx_decision=2, rx_assign=8, rx_summarize=0, decision_any=10","that, and, you, the, like, can, know, there","In a ~40s window (11:59–12:39), 9 speakers converged (m≥3). Turns by speaker: Niki Parenteau×9, Noah Planavsky×6, Smadar Naoz×5, Jay Forsythe(he/him)×5, Morgan Raven×5, Jeffrey Marlow×4. Signals: rx_decision=2, rx_assign=8, rx_summarize=0, decision_any=10. Salient keywords: that, and, you, the, like, can, know, there. Sample lines: Morgan Raven: “I was gonna say it does seem like there might be some sort of broad first principles you could put on a question like this if we just think about like if you're living in an aqueous system, you need something that's hydrophobic and you need something that's hydrophilic and you have an edge and you have an inside and like so there's going to be so..."
2021_06_10_SLU_S1,2021_06_10_SLU_S1,4,739.3356401384083,719.3356401384083,759.3356401384083,11:59,12:39,40.0,9,"Niki Parenteau×9, Noah Planavsky×6, Smadar Naoz×5, Jay Forsythe(he/him)×5, Morgan Raven×5, Jeffrey Marlow×4","rx_decision=2, rx_assign=8, rx_summarize=0, decision_any=10","that, and, you, the, like, can, know, there","In a ~40s window (11:59–12:39), 9 speakers converged (m≥4). Turns by speaker: Niki Parenteau×9, Noah Planavsky×6, Smadar Naoz×5, Jay Forsythe(he/him)×5, Morgan Raven×5, Jeffrey Marlow×4. Signals: rx_decision=2, rx_assign=8, rx_summarize=0, decision_any=10. Salient keywords: that, and, you, the, like, can, know, there. Sample lines: Morgan Raven: “I was gonna say it does seem like there might be some sort of broad first principles you could put on a question like this if we just think about like if you're living in an aqueous system, you need something that's hydrophobic and you need something that's hydrophilic and you have an edge and you have an inside and like so there's going to be so..."
2021_06_10_SLU_S1,2021_06_10_SLU_S1,5,739.3356401384083,719.3356401384083,759.3356401384083,11:59,12:39,40.0,9,"Niki Parenteau×9, Noah Planavsky×6, Smadar Naoz×5, Jay Forsythe(he/him)×5, Morgan Raven×5, Jeffrey Marlow×4","rx_decision=2, rx_assign=8, rx_summarize=0, decision_any=10","that, and, you, the, like, can, know, there","In a ~40s window (11:59–12:39), 9 speakers converged (m≥5). Turns by speaker: Niki Parenteau×9, Noah Planavsky×6, Smadar Naoz×5, Jay Forsythe(he/him)×5, Morgan Raven×5, Jeffrey Marlow×4. Signals: rx_decision=2, rx_assign=8, rx_summarize=0, decision_any=10. Salient keywords: that, and, you, the, like, can, know, there. Sample lines: Morgan Raven: “I was gonna say it does seem like there might be some sort of broad first principles you could put on a question like this if we just think about like if you're living in an aqueous system, you need something that's hydrophobic and you need something that's hydrophilic and you have an edge and you have an inside and like so there's going to be so..."
2021_06_10_SLU_S1,2021_06_10_SLU_S1,6,739.3356401384083,719.3356401384083,759.3356401384083,11:59,12:39,40.0,9,"Niki Parenteau×9, Noah Planavsky×6, Smadar Naoz×5, Jay Forsythe(he/him)×5, Morgan Raven×5, Jeffrey Marlow×4","rx_decision=2, rx_assign=8, rx_summarize=0, decision_any=10","that, and, you, the, like, can, know, there","In a ~40s window (11:59–12:39), 9 speakers converged (m≥6). Turns by speaker: Niki Parenteau×9, Noah Planavsky×6, Smadar Naoz×5, Jay Forsythe(he/him)×5, Morgan Raven×5, Jeffrey Marlow×4. Signals: rx_decision=2, rx_assign=8, rx_summarize=0, decision_any=10. Salient keywords: that, and, you, the, like, can, know, there. Sample lines: Morgan Raven: “I was gonna say it does seem like there might be some sort of broad first principles you could put on a question like this if we just think about like if you're living in an aqueous system, you need something that's hydrophobic and you need something that's hydrophilic and you have an edge and you have an inside and like so there's going to be so..."
2021_06_10_SLU_S1,2021_06_10_SLU_S1,7,739.3356401384083,719.3356401384083,759.3356401384083,11:59,12:39,40.0,9,"Niki Parenteau×9, Noah Planavsky×6, Smadar Naoz×5, Jay Forsythe(he/him)×5, Morgan Raven×5, Jeffrey Marlow×4","rx_decision=2, rx_assign=8, rx_summarize=0, decision_any=10","that, and, you, the, like, can, know, there","In a ~40s window (11:59–12:39), 9 speakers converged (m≥7). Turns by speaker: Niki Parenteau×9, Noah Planavsky×6, Smadar Naoz×5, Jay Forsythe(he/him)×5, Morgan Raven×5, Jeffrey Marlow×4. Signals: rx_decision=2, rx_assign=8, rx_summarize=0, decision_any=10. Salient keywords: that, and, you, the, like, can, know, there. Sample lines: Morgan Raven: “I was gonna say it does seem like there might be some sort of broad first principles you could put on a question like this if we just think about like if you're living in an aqueous system, you need something that's hydrophobic and you need something that's hydrophilic and you have an edge and you have an inside and like so there's going to be so..."
2021_06_10_SLU_S1,2021_06_10_SLU_S1,2,749.1280276816609,729.1280276816609,769.1280276816609,12:09,12:49,40.0,8,"Niki Parenteau×9, Morgan Raven×6, Smadar Naoz×6, Noah Planavsky×6, Stilianos Louca×5, Jay Forsythe(he/him)×4","rx_decision=1, rx_assign=10, rx_summarize=0, decision_any=11","that, and, you, the, like, know, are, just","In a ~40s window (12:09–12:49), 8 speakers converged (m≥2). Turns by speaker: Niki Parenteau×9, Morgan Raven×6, Smadar Naoz×6, Noah Planavsky×6, Stilianos Louca×5, Jay Forsythe(he/him)×4. Signals: rx_decision=1, rx_assign=10, rx_summarize=0, decision_any=11. Salient keywords: that, and, you, the, like, know, are, just. Sample lines: Morgan Raven: “I was gonna say it does seem like there might be some sort of broad first principles you could put on a question like this if we just think about like if you're living in an aqueous system, you need something that's hydrophobic and you need something that's hydrophilic and you have an edge and you have an inside and like so there's going to be s..."
2021_06_10_SLU_S1,2021_06_10_SLU_S1,3,749.1280276816609,729.1280276816609,769.1280276816609,12:09,12:49,40.0,8,"Niki Parenteau×9, Morgan Raven×6, Smadar Naoz×6, Noah Planavsky×6, Stilianos Louca×5, Jay Forsythe(he/him)×4","rx_decision=1, rx_assign=10, rx_summarize=0, decision_any=11","that, and, you, the, like, know, are, just","In a ~40s window (12:09–12:49), 8 speakers converged (m≥3). Turns by speaker: Niki Parenteau×9, Morgan Raven×6, Smadar Naoz×6, Noah Planavsky×6, Stilianos Louca×5, Jay Forsythe(he/him)×4. Signals: rx_decision=1, rx_assign=10, rx_summarize=0, decision_any=11. Salient keywords: that, and, you, the, like, know, are, just. Sample lines: Morgan Raven: “I was gonna say it does seem like there might be some sort of broad first principles you could put on a question like this if we just think about like if you're living in an aqueous system, you need something that's hydrophobic and you need something that's hydrophilic and you have an edge and you have an inside and like so there's going to be s..."
2021_06_10_SLU_S1,2021_06_10_SLU_S1,4,749.1280276816609,729.1280276816609,769.1280276816609,12:09,12:49,40.0,8,"Niki Parenteau×9, Morgan Raven×6, Smadar Naoz×6, Noah Planavsky×6, Stilianos Louca×5, Jay Forsythe(he/him)×4","rx_decision=1, rx_assign=10, rx_summarize=0, decision_any=11","that, and, you, the, like, know, are, just","In a ~40s window (12:09–12:49), 8 speakers converged (m≥4). Turns by speaker: Niki Parenteau×9, Morgan Raven×6, Smadar Naoz×6, Noah Planavsky×6, Stilianos Louca×5, Jay Forsythe(he/him)×4. Signals: rx_decision=1, rx_assign=10, rx_summarize=0, decision_any=11. Salient keywords: that, and, you, the, like, know, are, just. Sample lines: Morgan Raven: “I was gonna say it does seem like there might be some sort of broad first principles you could put on a question like this if we just think about like if you're living in an aqueous system, you need something that's hydrophobic and you need something that's hydrophilic and you have an edge and you have an inside and like so there's going to be s..."
2021_06_10_SLU_S1,2021_06_10_SLU_S1,5,749.1280276816609,729.1280276816609,769.1280276816609,12:09,12:49,40.0,8,"Niki Parenteau×9, Morgan Raven×6, Smadar Naoz×6, Noah Planavsky×6, Stilianos Louca×5, Jay Forsythe(he/him)×4","rx_decision=1, rx_assign=10, rx_summarize=0, decision_any=11","that, and, you, the, like, know, are, just","In a ~40s window (12:09–12:49), 8 speakers converged (m≥5). Turns by speaker: Niki Parenteau×9, Morgan Raven×6, Smadar Naoz×6, Noah Planavsky×6, Stilianos Louca×5, Jay Forsythe(he/him)×4. Signals: rx_decision=1, rx_assign=10, rx_summarize=0, decision_any=11. Salient keywords: that, and, you, the, like, know, are, just. Sample lines: Morgan Raven: “I was gonna say it does seem like there might be some sort of broad first principles you could put on a question like this if we just think about like if you're living in an aqueous system, you need something that's hydrophobic and you need something that's hydrophilic and you have an edge and you have an inside and like so there's going to be s..."
2021_06_10_SLU_S1,2021_06_10_SLU_S1,6,749.1280276816609,729.1280276816609,769.1280276816609,12:09,12:49,40.0,8,"Niki Parenteau×9, Morgan Raven×6, Smadar Naoz×6, Noah Planavsky×6, Stilianos Louca×5, Jay Forsythe(he/him)×4","rx_decision=1, rx_assign=10, rx_summarize=0, decision_any=11","that, and, you, the, like, know, are, just","In a ~40s window (12:09–12:49), 8 speakers converged (m≥6). Turns by speaker: Niki Parenteau×9, Morgan Raven×6, Smadar Naoz×6, Noah Planavsky×6, Stilianos Louca×5, Jay Forsythe(he/him)×4. Signals: rx_decision=1, rx_assign=10, rx_summarize=0, decision_any=11. Salient keywords: that, and, you, the, like, know, are, just. Sample lines: Morgan Raven: “I was gonna say it does seem like there might be some sort of broad first principles you could put on a question like this if we just think about like if you're living in an aqueous system, you need something that's hydrophobic and you need something that's hydrophilic and you have an edge and you have an inside and like so there's going to be s..."
2021_06_10_SLU_S1,2021_06_10_SLU_S1,7,749.1280276816609,729.1280276816609,769.1280276816609,12:09,12:49,40.0,8,"Niki Parenteau×9, Morgan Raven×6, Smadar Naoz×6, Noah Planavsky×6, Stilianos Louca×5, Jay Forsythe(he/him)×4","rx_decision=1, rx_assign=10, rx_summarize=0, decision_any=11","that, and, you, the, like, know, are, just","In a ~40s window (12:09–12:49), 8 speakers converged (m≥7). Turns by speaker: Niki Parenteau×9, Morgan Raven×6, Smadar Naoz×6, Noah Planavsky×6, Stilianos Louca×5, Jay Forsythe(he/him)×4. Signals: rx_decision=1, rx_assign=10, rx_summarize=0, decision_any=11. Salient keywords: that, and, you, the, like, know, are, just. Sample lines: Morgan Raven: “I was gonna say it does seem like there might be some sort of broad first principles you could put on a question like this if we just think about like if you're living in an aqueous system, you need something that's hydrophobic and you need something that's hydrophilic and you have an edge and you have an inside and like so there's going to be s..."
2021_06_10_SLU_S1,2021_06_10_SLU_S1,2,757.1883495145631,737.1883495145631,777.1883495145631,12:17,12:57,40.0,8,"Niki Parenteau×11, Smadar Naoz×6, Noah Planavsky×6, Jay Forsythe(he/him)×5, Morgan Raven×5, Stilianos Louca×4","rx_decision=1, rx_assign=10, rx_summarize=0, decision_any=11","that, and, you, the, like, know, just, are","In a ~40s window (12:17–12:57), 8 speakers converged (m≥2). Turns by speaker: Niki Parenteau×11, Smadar Naoz×6, Noah Planavsky×6, Jay Forsythe(he/him)×5, Morgan Raven×5, Stilianos Louca×4. Signals: rx_decision=1, rx_assign=10, rx_summarize=0, decision_any=11. Salient keywords: that, and, you, the, like, know, just, are. Sample lines: Jay Forsythe(he/him): “And an issue with that just experimentally like on on more like like experimental side is, you know, even if, you know, even if we do collect, you know, like a lot of a lot of meteorite on earth and we're, you know, we take it to our lab, the just the sample preparation that we perform to so that we can do organic analysis, you know, so..."
2021_06_10_SLU_S1,2021_06_10_SLU_S1,3,757.1883495145631,737.1883495145631,777.1883495145631,12:17,12:57,40.0,8,"Niki Parenteau×11, Smadar Naoz×6, Noah Planavsky×6, Jay Forsythe(he/him)×5, Morgan Raven×5, Stilianos Louca×4","rx_decision=1, rx_assign=10, rx_summarize=0, decision_any=11","that, and, you, the, like, know, just, are","In a ~40s window (12:17–12:57), 8 speakers converged (m≥3). Turns by speaker: Niki Parenteau×11, Smadar Naoz×6, Noah Planavsky×6, Jay Forsythe(he/him)×5, Morgan Raven×5, Stilianos Louca×4. Signals: rx_decision=1, rx_assign=10, rx_summarize=0, decision_any=11. Salient keywords: that, and, you, the, like, know, just, are. Sample lines: Jay Forsythe(he/him): “And an issue with that just experimentally like on on more like like experimental side is, you know, even if, you know, even if we do collect, you know, like a lot of a lot of meteorite on earth and we're, you know, we take it to our lab, the just the sample preparation that we perform to so that we can do organic analysis, you know, so..."
2021_06_10_SLU_S1,2021_06_10_SLU_S1,4,757.1883495145631,737.1883495145631,777.1883495145631,12:17,12:57,40.0,8,"Niki Parenteau×11, Smadar Naoz×6, Noah Planavsky×6, Jay Forsythe(he/him)×5, Morgan Raven×5, Stilianos Louca×4","rx_decision=1, rx_assign=10, rx_summarize=0, decision_any=11","that, and, you, the, like, know, just, are","In a ~40s window (12:17–12:57), 8 speakers converged (m≥4). Turns by speaker: Niki Parenteau×11, Smadar Naoz×6, Noah Planavsky×6, Jay Forsythe(he/him)×5, Morgan Raven×5, Stilianos Louca×4. Signals: rx_decision=1, rx_assign=10, rx_summarize=0, decision_any=11. Salient keywords: that, and, you, the, like, know, just, are. Sample lines: Jay Forsythe(he/him): “And an issue with that just experimentally like on on more like like experimental side is, you know, even if, you know, even if we do collect, you know, like a lot of a lot of meteorite on earth and we're, you know, we take it to our lab, the just the sample preparation that we perform to so that we can do organic analysis, you know, so..."
2021_06_10_SLU_S1,2021_06_10_SLU_S1,5,757.1883495145631,737.1883495145631,777.1883495145631,12:17,12:57,40.0,8,"Niki Parenteau×11, Smadar Naoz×6, Noah Planavsky×6, Jay Forsythe(he/him)×5, Morgan Raven×5, Stilianos Louca×4","rx_decision=1, rx_assign=10, rx_summarize=0, decision_any=11","that, and, you, the, like, know, just, are","In a ~40s window (12:17–12:57), 8 speakers converged (m≥5). Turns by speaker: Niki Parenteau×11, Smadar Naoz×6, Noah Planavsky×6, Jay Forsythe(he/him)×5, Morgan Raven×5, Stilianos Louca×4. Signals: rx_decision=1, rx_assign=10, rx_summarize=0, decision_any=11. Salient keywords: that, and, you, the, like, know, just, are. Sample lines: Jay Forsythe(he/him): “And an issue with that just experimentally like on on more like like experimental side is, you know, even if, you know, even if we do collect, you know, like a lot of a lot of meteorite on earth and we're, you know, we take it to our lab, the just the sample preparation that we perform to so that we can do organic analysis, you know, so..."
2021_06_10_SLU_S1,2021_06_10_SLU_S1,6,757.1883495145631,737.1883495145631,777.1883495145631,12:17,12:57,40.0,8,"Niki Parenteau×11, Smadar Naoz×6, Noah Planavsky×6, Jay Forsythe(he/him)×5, Morgan Raven×5, Stilianos Louca×4","rx_decision=1, rx_assign=10, rx_summarize=0, decision_any=11","that, and, you, the, like, know, just, are","In a ~40s window (12:17–12:57), 8 speakers converged (m≥6). Turns by speaker: Niki Parenteau×11, Smadar Naoz×6, Noah Planavsky×6, Jay Forsythe(he/him)×5, Morgan Raven×5, Stilianos Louca×4. Signals: rx_decision=1, rx_assign=10, rx_summarize=0, decision_any=11. Salient keywords: that, and, you, the, like, know, just, are. Sample lines: Jay Forsythe(he/him): “And an issue with that just experimentally like on on more like like experimental side is, you know, even if, you know, even if we do collect, you know, like a lot of a lot of meteorite on earth and we're, you know, we take it to our lab, the just the sample preparation that we perform to so that we can do organic analysis, you know, so..."
2021_06_10_SLU_S1,2021_06_10_SLU_S1,7,757.1883495145631,737.1883495145631,777.1883495145631,12:17,12:57,40.0,8,"Niki Parenteau×11, Smadar Naoz×6, Noah Planavsky×6, Jay Forsythe(he/him)×5, Morgan Raven×5, Stilianos Louca×4","rx_decision=1, rx_assign=10, rx_summarize=0, decision_any=11","that, and, you, the, like, know, just, are","In a ~40s window (12:17–12:57), 8 speakers converged (m≥7). Turns by speaker: Niki Parenteau×11, Smadar Naoz×6, Noah Planavsky×6, Jay Forsythe(he/him)×5, Morgan Raven×5, Stilianos Louca×4. Signals: rx_decision=1, rx_assign=10, rx_summarize=0, decision_any=11. Salient keywords: that, and, you, the, like, know, just, are. Sample lines: Jay Forsythe(he/him): “And an issue with that just experimentally like on on more like like experimental side is, you know, even if, you know, even if we do collect, you know, like a lot of a lot of meteorite on earth and we're, you know, we take it to our lab, the just the sample preparation that we perform to so that we can do organic analysis, you know, so..."
2021_06_10_SLU_S1,2021_06_10_SLU_S1,2,758.0,738.0,778.0,12:18,12:58,40.0,8,"Niki Parenteau×10, Smadar Naoz×7, Noah Planavsky×6, Morgan Raven×5, Stilianos Louca×4, Jay Forsythe(he/him)×4","rx_decision=1, rx_assign=9, rx_summarize=0, decision_any=10","that, and, you, the, like, know, just, there","In a ~40s window (12:18–12:58), 8 speakers converged (m≥2). Turns by speaker: Niki Parenteau×10, Smadar Naoz×7, Noah Planavsky×6, Morgan Raven×5, Stilianos Louca×4, Jay Forsythe(he/him)×4. Signals: rx_decision=1, rx_assign=9, rx_summarize=0, decision_any=10. Salient keywords: that, and, you, the, like, know, just, there. Sample lines: Jay Forsythe(he/him): “And an issue with that just experimentally like on on more like like experimental side is, you know, even if, you know, even if we do collect, you know, like a lot of a lot of meteorite on earth and we're, you know, we take it to our lab, the just the sample preparation that we perform to so that we can do organic analysis, you know, s..."
2021_06_10_SLU_S1,2021_06_10_SLU_S1,3,758.0,738.0,778.0,12:18,12:58,40.0,8,"Niki Parenteau×10, Smadar Naoz×7, Noah Planavsky×6, Morgan Raven×5, Stilianos Louca×4, Jay Forsythe(he/him)×4","rx_decision=1, rx_assign=9, rx_summarize=0, decision_any=10","that, and, you, the, like, know, just, there","In a ~40s window (12:18–12:58), 8 speakers converged (m≥3). Turns by speaker: Niki Parenteau×10, Smadar Naoz×7, Noah Planavsky×6, Morgan Raven×5, Stilianos Louca×4, Jay Forsythe(he/him)×4. Signals: rx_decision=1, rx_assign=9, rx_summarize=0, decision_any=10. Salient keywords: that, and, you, the, like, know, just, there. Sample lines: Jay Forsythe(he/him): “And an issue with that just experimentally like on on more like like experimental side is, you know, even if, you know, even if we do collect, you know, like a lot of a lot of meteorite on earth and we're, you know, we take it to our lab, the just the sample preparation that we perform to so that we can do organic analysis, you know, s..."
2021_06_10_SLU_S1,2021_06_10_SLU_S1,4,758.0,738.0,778.0,12:18,12:58,40.0,8,"Niki Parenteau×10, Smadar Naoz×7, Noah Planavsky×6, Morgan Raven×5, Stilianos Louca×4, Jay Forsythe(he/him)×4","rx_decision=1, rx_assign=9, rx_summarize=0, decision_any=10","that, and, you, the, like, know, just, there","In a ~40s window (12:18–12:58), 8 speakers converged (m≥4). Turns by speaker: Niki Parenteau×10, Smadar Naoz×7, Noah Planavsky×6, Morgan Raven×5, Stilianos Louca×4, Jay Forsythe(he/him)×4. Signals: rx_decision=1, rx_assign=9, rx_summarize=0, decision_any=10. Salient keywords: that, and, you, the, like, know, just, there. Sample lines: Jay Forsythe(he/him): “And an issue with that just experimentally like on on more like like experimental side is, you know, even if, you know, even if we do collect, you know, like a lot of a lot of meteorite on earth and we're, you know, we take it to our lab, the just the sample preparation that we perform to so that we can do organic analysis, you know, s..."
2021_06_10_SLU_S1,2021_06_10_SLU_S1,5,758.0,738.0,778.0,12:18,12:58,40.0,8,"Niki Parenteau×10, Smadar Naoz×7, Noah Planavsky×6, Morgan Raven×5, Stilianos Louca×4, Jay Forsythe(he/him)×4","rx_decision=1, rx_assign=9, rx_summarize=0, decision_any=10","that, and, you, the, like, know, just, there","In a ~40s window (12:18–12:58), 8 speakers converged (m≥5). Turns by speaker: Niki Parenteau×10, Smadar Naoz×7, Noah Planavsky×6, Morgan Raven×5, Stilianos Louca×4, Jay Forsythe(he/him)×4. Signals: rx_decision=1, rx_assign=9, rx_summarize=0, decision_any=10. Salient keywords: that, and, you, the, like, know, just, there. Sample lines: Jay Forsythe(he/him): “And an issue with that just experimentally like on on more like like experimental side is, you know, even if, you know, even if we do collect, you know, like a lot of a lot of meteorite on earth and we're, you know, we take it to our lab, the just the sample preparation that we perform to so that we can do organic analysis, you know, s..."
2021_06_10_SLU_S1,2021_06_10_SLU_S1,6,758.0,738.0,778.0,12:18,12:58,40.0,8,"Niki Parenteau×10, Smadar Naoz×7, Noah Planavsky×6, Morgan Raven×5, Stilianos Louca×4, Jay Forsythe(he/him)×4","rx_decision=1, rx_assign=9, rx_summarize=0, decision_any=10","that, and, you, the, like, know, just, there","In a ~40s window (12:18–12:58), 8 speakers converged (m≥6). Turns by speaker: Niki Parenteau×10, Smadar Naoz×7, Noah Planavsky×6, Morgan Raven×5, Stilianos Louca×4, Jay Forsythe(he/him)×4. Signals: rx_decision=1, rx_assign=9, rx_summarize=0, decision_any=10. Salient keywords: that, and, you, the, like, know, just, there. Sample lines: Jay Forsythe(he/him): “And an issue with that just experimentally like on on more like like experimental side is, you know, even if, you know, even if we do collect, you know, like a lot of a lot of meteorite on earth and we're, you know, we take it to our lab, the just the sample preparation that we perform to so that we can do organic analysis, you know, s..."
2021_06_10_SLU_S1,2021_06_10_SLU_S1,7,758.0,738.0,778.0,12:18,12:58,40.0,8,"Niki Parenteau×10, Smadar Naoz×7, Noah Planavsky×6, Morgan Raven×5, Stilianos Louca×4, Jay Forsythe(he/him)×4","rx_decision=1, rx_assign=9, rx_summarize=0, decision_any=10","that, and, you, the, like, know, just, there","In a ~40s window (12:18–12:58), 8 speakers converged (m≥7). Turns by speaker: Niki Parenteau×10, Smadar Naoz×7, Noah Planavsky×6, Morgan Raven×5, Stilianos Louca×4, Jay Forsythe(he/him)×4. Signals: rx_decision=1, rx_assign=9, rx_summarize=0, decision_any=10. Salient keywords: that, and, you, the, like, know, just, there. Sample lines: Jay Forsythe(he/him): “And an issue with that just experimentally like on on more like like experimental side is, you know, even if, you know, even if we do collect, you know, like a lot of a lot of meteorite on earth and we're, you know, we take it to our lab, the just the sample preparation that we perform to so that we can do organic analysis, you know, s..."
2021_06_10_SLU_S1,2021_06_10_SLU_S1,2,759.7221311475411,739.7221311475411,779.7221311475411,12:20,12:60,40.0,9,"Niki Parenteau×9, Smadar Naoz×7, Noah Planavsky×6, Morgan Raven×5, Jay Forsythe(he/him)×4, Erik Sperling×3","rx_decision=1, rx_assign=7, rx_summarize=0, decision_any=8","that, and, you, the, like, know, just, there","In a ~40s window (12:20–12:60), 9 speakers converged (m≥2). Turns by speaker: Niki Parenteau×9, Smadar Naoz×7, Noah Planavsky×6, Morgan Raven×5, Jay Forsythe(he/him)×4, Erik Sperling×3. Signals: rx_decision=1, rx_assign=7, rx_summarize=0, decision_any=8. Salient keywords: that, and, you, the, like, know, just, there. Sample lines: Jay Forsythe(he/him): “And an issue with that just experimentally like on on more like like experimental side is, you know, even if, you know, even if we do collect, you know, like a lot of a lot of meteorite on earth and we're, you know, we take it to our lab, the just the sample preparation that we perform to so that we can do organic analysis, you know, somet..."
2021_06_10_SLU_S1,2021_06_10_SLU_S1,3,759.7221311475411,739.7221311475411,779.7221311475411,12:20,12:60,40.0,9,"Niki Parenteau×9, Smadar Naoz×7, Noah Planavsky×6, Morgan Raven×5, Jay Forsythe(he/him)×4, Erik Sperling×3","rx_decision=1, rx_assign=7, rx_summarize=0, decision_any=8","that, and, you, the, like, know, just, there","In a ~40s window (12:20–12:60), 9 speakers converged (m≥3). Turns by speaker: Niki Parenteau×9, Smadar Naoz×7, Noah Planavsky×6, Morgan Raven×5, Jay Forsythe(he/him)×4, Erik Sperling×3. Signals: rx_decision=1, rx_assign=7, rx_summarize=0, decision_any=8. Salient keywords: that, and, you, the, like, know, just, there. Sample lines: Jay Forsythe(he/him): “And an issue with that just experimentally like on on more like like experimental side is, you know, even if, you know, even if we do collect, you know, like a lot of a lot of meteorite on earth and we're, you know, we take it to our lab, the just the sample preparation that we perform to so that we can do organic analysis, you know, somet..."
2021_06_10_SLU_S1,2021_06_10_SLU_S1,4,759.7221311475411,739.7221311475411,779.7221311475411,12:20,12:60,40.0,9,"Niki Parenteau×9, Smadar Naoz×7, Noah Planavsky×6, Morgan Raven×5, Jay Forsythe(he/him)×4, Erik Sperling×3","rx_decision=1, rx_assign=7, rx_summarize=0, decision_any=8","that, and, you, the, like, know, just, there","In a ~40s window (12:20–12:60), 9 speakers converged (m≥4). Turns by speaker: Niki Parenteau×9, Smadar Naoz×7, Noah Planavsky×6, Morgan Raven×5, Jay Forsythe(he/him)×4, Erik Sperling×3. Signals: rx_decision=1, rx_assign=7, rx_summarize=0, decision_any=8. Salient keywords: that, and, you, the, like, know, just, there. Sample lines: Jay Forsythe(he/him): “And an issue with that just experimentally like on on more like like experimental side is, you know, even if, you know, even if we do collect, you know, like a lot of a lot of meteorite on earth and we're, you know, we take it to our lab, the just the sample preparation that we perform to so that we can do organic analysis, you know, somet..."
2021_06_10_SLU_S1,2021_06_10_SLU_S1,5,759.7221311475411,739.7221311475411,779.7221311475411,12:20,12:60,40.0,9,"Niki Parenteau×9, Smadar Naoz×7, Noah Planavsky×6, Morgan Raven×5, Jay Forsythe(he/him)×4, Erik Sperling×3","rx_decision=1, rx_assign=7, rx_summarize=0, decision_any=8","that, and, you, the, like, know, just, there","In a ~40s window (12:20–12:60), 9 speakers converged (m≥5). Turns by speaker: Niki Parenteau×9, Smadar Naoz×7, Noah Planavsky×6, Morgan Raven×5, Jay Forsythe(he/him)×4, Erik Sperling×3. Signals: rx_decision=1, rx_assign=7, rx_summarize=0, decision_any=8. Salient keywords: that, and, you, the, like, know, just, there. Sample lines: Jay Forsythe(he/him): “And an issue with that just experimentally like on on more like like experimental side is, you know, even if, you know, even if we do collect, you know, like a lot of a lot of meteorite on earth and we're, you know, we take it to our lab, the just the sample preparation that we perform to so that we can do organic analysis, you know, somet..."
2021_06_10_SLU_S1,2021_06_10_SLU_S1,6,759.7221311475411,739.7221311475411,779.7221311475411,12:20,12:60,40.0,9,"Niki Parenteau×9, Smadar Naoz×7, Noah Planavsky×6, Morgan Raven×5, Jay Forsythe(he/him)×4, Erik Sperling×3","rx_decision=1, rx_assign=7, rx_summarize=0, decision_any=8","that, and, you, the, like, know, just, there","In a ~40s window (12:20–12:60), 9 speakers converged (m≥6). Turns by speaker: Niki Parenteau×9, Smadar Naoz×7, Noah Planavsky×6, Morgan Raven×5, Jay Forsythe(he/him)×4, Erik Sperling×3. Signals: rx_decision=1, rx_assign=7, rx_summarize=0, decision_any=8. Salient keywords: that, and, you, the, like, know, just, there. Sample lines: Jay Forsythe(he/him): “And an issue with that just experimentally like on on more like like experimental side is, you know, even if, you know, even if we do collect, you know, like a lot of a lot of meteorite on earth and we're, you know, we take it to our lab, the just the sample preparation that we perform to so that we can do organic analysis, you know, somet..."
2021_06_10_SLU_S1,2021_06_10_SLU_S1,7,759.7221311475411,739.7221311475411,779.7221311475411,12:20,12:60,40.0,9,"Niki Parenteau×9, Smadar Naoz×7, Noah Planavsky×6, Morgan Raven×5, Jay Forsythe(he/him)×4, Erik Sperling×3","rx_decision=1, rx_assign=7, rx_summarize=0, decision_any=8","that, and, you, the, like, know, just, there","In a ~40s window (12:20–12:60), 9 speakers converged (m≥7). Turns by speaker: Niki Parenteau×9, Smadar Naoz×7, Noah Planavsky×6, Morgan Raven×5, Jay Forsythe(he/him)×4, Erik Sperling×3. Signals: rx_decision=1, rx_assign=7, rx_summarize=0, decision_any=8. Salient keywords: that, and, you, the, like, know, just, there. Sample lines: Jay Forsythe(he/him): “And an issue with that just experimentally like on on more like like experimental side is, you know, even if, you know, even if we do collect, you know, like a lot of a lot of meteorite on earth and we're, you know, we take it to our lab, the just the sample preparation that we perform to so that we can do organic analysis, you know, somet..."
2021_06_10_SLU_S1,2021_06_10_SLU_S1,2,766.2560553633218,746.2560553633218,786.2560553633218,12:26,13:06,40.0,9,"Niki Parenteau×12, Smadar Naoz×7, Noah Planavsky×6, Stilianos Louca×4, Jay Forsythe(he/him)×3, Morgan Raven×3","rx_decision=1, rx_assign=9, rx_summarize=0, decision_any=10","and, that, you, the, like, know, just, something","In a ~40s window (12:26–13:06), 9 speakers converged (m≥2). Turns by speaker: Niki Parenteau×12, Smadar Naoz×7, Noah Planavsky×6, Stilianos Louca×4, Jay Forsythe(he/him)×3, Morgan Raven×3. Signals: rx_decision=1, rx_assign=9, rx_summarize=0, decision_any=10. Salient keywords: and, that, you, the, like, know, just, something. Sample lines: Jay Forsythe(he/him): “And an issue with that just experimentally like on on more like like experimental side is, you know, even if, you know, even if we do collect, you know, like a lot of a lot of meteorite on earth and we're, you know, we take it to our lab, the just the sample preparation that we perform to so that we can do organic analysis, you kno..."
2021_06_10_SLU_S1,2021_06_10_SLU_S1,3,766.2560553633218,746.2560553633218,786.2560553633218,12:26,13:06,40.0,9,"Niki Parenteau×12, Smadar Naoz×7, Noah Planavsky×6, Stilianos Louca×4, Jay Forsythe(he/him)×3, Morgan Raven×3","rx_decision=1, rx_assign=9, rx_summarize=0, decision_any=10","and, that, you, the, like, know, just, something","In a ~40s window (12:26–13:06), 9 speakers converged (m≥3). Turns by speaker: Niki Parenteau×12, Smadar Naoz×7, Noah Planavsky×6, Stilianos Louca×4, Jay Forsythe(he/him)×3, Morgan Raven×3. Signals: rx_decision=1, rx_assign=9, rx_summarize=0, decision_any=10. Salient keywords: and, that, you, the, like, know, just, something. Sample lines: Jay Forsythe(he/him): “And an issue with that just experimentally like on on more like like experimental side is, you know, even if, you know, even if we do collect, you know, like a lot of a lot of meteorite on earth and we're, you know, we take it to our lab, the just the sample preparation that we perform to so that we can do organic analysis, you kno..."
2021_06_10_SLU_S1,2021_06_10_SLU_S1,4,766.2560553633218,746.2560553633218,786.2560553633218,12:26,13:06,40.0,9,"Niki Parenteau×12, Smadar Naoz×7, Noah Planavsky×6, Stilianos Louca×4, Jay Forsythe(he/him)×3, Morgan Raven×3","rx_decision=1, rx_assign=9, rx_summarize=0, decision_any=10","and, that, you, the, like, know, just, something","In a ~40s window (12:26–13:06), 9 speakers converged (m≥4). Turns by speaker: Niki Parenteau×12, Smadar Naoz×7, Noah Planavsky×6, Stilianos Louca×4, Jay Forsythe(he/him)×3, Morgan Raven×3. Signals: rx_decision=1, rx_assign=9, rx_summarize=0, decision_any=10. Salient keywords: and, that, you, the, like, know, just, something. Sample lines: Jay Forsythe(he/him): “And an issue with that just experimentally like on on more like like experimental side is, you know, even if, you know, even if we do collect, you know, like a lot of a lot of meteorite on earth and we're, you know, we take it to our lab, the just the sample preparation that we perform to so that we can do organic analysis, you kno..."
2021_06_10_SLU_S1,2021_06_10_SLU_S1,5,766.2560553633218,746.2560553633218,786.2560553633218,12:26,13:06,40.0,9,"Niki Parenteau×12, Smadar Naoz×7, Noah Planavsky×6, Stilianos Louca×4, Jay Forsythe(he/him)×3, Morgan Raven×3","rx_decision=1, rx_assign=9, rx_summarize=0, decision_any=10","and, that, you, the, like, know, just, something","In a ~40s window (12:26–13:06), 9 speakers converged (m≥5). Turns by speaker: Niki Parenteau×12, Smadar Naoz×7, Noah Planavsky×6, Stilianos Louca×4, Jay Forsythe(he/him)×3, Morgan Raven×3. Signals: rx_decision=1, rx_assign=9, rx_summarize=0, decision_any=10. Salient keywords: and, that, you, the, like, know, just, something. Sample lines: Jay Forsythe(he/him): “And an issue with that just experimentally like on on more like like experimental side is, you know, even if, you know, even if we do collect, you know, like a lot of a lot of meteorite on earth and we're, you know, we take it to our lab, the just the sample preparation that we perform to so that we can do organic analysis, you kno..."
2021_06_10_SLU_S1,2021_06_10_SLU_S1,6,766.2560553633218,746.2560553633218,786.2560553633218,12:26,13:06,40.0,9,"Niki Parenteau×12, Smadar Naoz×7, Noah Planavsky×6, Stilianos Louca×4, Jay Forsythe(he/him)×3, Morgan Raven×3","rx_decision=1, rx_assign=9, rx_summarize=0, decision_any=10","and, that, you, the, like, know, just, something","In a ~40s window (12:26–13:06), 9 speakers converged (m≥6). Turns by speaker: Niki Parenteau×12, Smadar Naoz×7, Noah Planavsky×6, Stilianos Louca×4, Jay Forsythe(he/him)×3, Morgan Raven×3. Signals: rx_decision=1, rx_assign=9, rx_summarize=0, decision_any=10. Salient keywords: and, that, you, the, like, know, just, something. Sample lines: Jay Forsythe(he/him): “And an issue with that just experimentally like on on more like like experimental side is, you know, even if, you know, even if we do collect, you know, like a lot of a lot of meteorite on earth and we're, you know, we take it to our lab, the just the sample preparation that we perform to so that we can do organic analysis, you kno..."
2021_06_10_SLU_S1,2021_06_10_SLU_S1,7,766.2560553633218,746.2560553633218,786.2560553633218,12:26,13:06,40.0,9,"Niki Parenteau×12, Smadar Naoz×7, Noah Planavsky×6, Stilianos Louca×4, Jay Forsythe(he/him)×3, Morgan Raven×3","rx_decision=1, rx_assign=9, rx_summarize=0, decision_any=10","and, that, you, the, like, know, just, something","In a ~40s window (12:26–13:06), 9 speakers converged (m≥7). Turns by speaker: Niki Parenteau×12, Smadar Naoz×7, Noah Planavsky×6, Stilianos Louca×4, Jay Forsythe(he/him)×3, Morgan Raven×3. Signals: rx_decision=1, rx_assign=9, rx_summarize=0, decision_any=10. Salient keywords: and, that, you, the, like, know, just, something. Sample lines: Jay Forsythe(he/him): “And an issue with that just experimentally like on on more like like experimental side is, you know, even if, you know, even if we do collect, you know, like a lot of a lot of meteorite on earth and we're, you know, we take it to our lab, the just the sample preparation that we perform to so that we can do organic analysis, you kno..."
2021_06_10_SLU_S1,2021_06_10_SLU_S1,2,766.4970873786408,746.4970873786408,786.4970873786408,12:26,13:06,40.0,9,"Niki Parenteau×12, Smadar Naoz×7, Noah Planavsky×6, Stilianos Louca×4, Jay Forsythe(he/him)×3, Morgan Raven×3","rx_decision=1, rx_assign=9, rx_summarize=0, decision_any=10","and, that, you, the, like, know, just, something","In a ~40s window (12:26–13:06), 9 speakers converged (m≥2). Turns by speaker: Niki Parenteau×12, Smadar Naoz×7, Noah Planavsky×6, Stilianos Louca×4, Jay Forsythe(he/him)×3, Morgan Raven×3. Signals: rx_decision=1, rx_assign=9, rx_summarize=0, decision_any=10. Salient keywords: and, that, you, the, like, know, just, something. Sample lines: Jay Forsythe(he/him): “And an issue with that just experimentally like on on more like like experimental side is, you know, even if, you know, even if we do collect, you know, like a lot of a lot of meteorite on earth and we're, you know, we take it to our lab, the just the sample preparation that we perform to so that we can do organic analysis, you kno..."
2021_06_10_SLU_S1,2021_06_10_SLU_S1,3,766.4970873786408,746.4970873786408,786.4970873786408,12:26,13:06,40.0,9,"Niki Parenteau×12, Smadar Naoz×7, Noah Planavsky×6, Stilianos Louca×4, Jay Forsythe(he/him)×3, Morgan Raven×3","rx_decision=1, rx_assign=9, rx_summarize=0, decision_any=10","and, that, you, the, like, know, just, something","In a ~40s window (12:26–13:06), 9 speakers converged (m≥3). Turns by speaker: Niki Parenteau×12, Smadar Naoz×7, Noah Planavsky×6, Stilianos Louca×4, Jay Forsythe(he/him)×3, Morgan Raven×3. Signals: rx_decision=1, rx_assign=9, rx_summarize=0, decision_any=10. Salient keywords: and, that, you, the, like, know, just, something. Sample lines: Jay Forsythe(he/him): “And an issue with that just experimentally like on on more like like experimental side is, you know, even if, you know, even if we do collect, you know, like a lot of a lot of meteorite on earth and we're, you know, we take it to our lab, the just the sample preparation that we perform to so that we can do organic analysis, you kno..."
2021_06_10_SLU_S1,2021_06_10_SLU_S1,4,766.4970873786408,746.4970873786408,786.4970873786408,12:26,13:06,40.0,9,"Niki Parenteau×12, Smadar Naoz×7, Noah Planavsky×6, Stilianos Louca×4, Jay Forsythe(he/him)×3, Morgan Raven×3","rx_decision=1, rx_assign=9, rx_summarize=0, decision_any=10","and, that, you, the, like, know, just, something","In a ~40s window (12:26–13:06), 9 speakers converged (m≥4). Turns by speaker: Niki Parenteau×12, Smadar Naoz×7, Noah Planavsky×6, Stilianos Louca×4, Jay Forsythe(he/him)×3, Morgan Raven×3. Signals: rx_decision=1, rx_assign=9, rx_summarize=0, decision_any=10. Salient keywords: and, that, you, the, like, know, just, something. Sample lines: Jay Forsythe(he/him): “And an issue with that just experimentally like on on more like like experimental side is, you know, even if, you know, even if we do collect, you know, like a lot of a lot of meteorite on earth and we're, you know, we take it to our lab, the just the sample preparation that we perform to so that we can do organic analysis, you kno..."
2021_06_10_SLU_S1,2021_06_10_SLU_S1,5,766.4970873786408,746.4970873786408,786.4970873786408,12:26,13:06,40.0,9,"Niki Parenteau×12, Smadar Naoz×7, Noah Planavsky×6, Stilianos Louca×4, Jay Forsythe(he/him)×3, Morgan Raven×3","rx_decision=1, rx_assign=9, rx_summarize=0, decision_any=10","and, that, you, the, like, know, just, something","In a ~40s window (12:26–13:06), 9 speakers converged (m≥5). Turns by speaker: Niki Parenteau×12, Smadar Naoz×7, Noah Planavsky×6, Stilianos Louca×4, Jay Forsythe(he/him)×3, Morgan Raven×3. Signals: rx_decision=1, rx_assign=9, rx_summarize=0, decision_any=10. Salient keywords: and, that, you, the, like, know, just, something. Sample lines: Jay Forsythe(he/him): “And an issue with that just experimentally like on on more like like experimental side is, you know, even if, you know, even if we do collect, you know, like a lot of a lot of meteorite on earth and we're, you know, we take it to our lab, the just the sample preparation that we perform to so that we can do organic analysis, you kno..."
2021_06_10_SLU_S1,2021_06_10_SLU_S1,6,766.4970873786408,746.4970873786408,786.4970873786408,12:26,13:06,40.0,9,"Niki Parenteau×12, Smadar Naoz×7, Noah Planavsky×6, Stilianos Louca×4, Jay Forsythe(he/him)×3, Morgan Raven×3","rx_decision=1, rx_assign=9, rx_summarize=0, decision_any=10","and, that, you, the, like, know, just, something","In a ~40s window (12:26–13:06), 9 speakers converged (m≥6). Turns by speaker: Niki Parenteau×12, Smadar Naoz×7, Noah Planavsky×6, Stilianos Louca×4, Jay Forsythe(he/him)×3, Morgan Raven×3. Signals: rx_decision=1, rx_assign=9, rx_summarize=0, decision_any=10. Salient keywords: and, that, you, the, like, know, just, something. Sample lines: Jay Forsythe(he/him): “And an issue with that just experimentally like on on more like like experimental side is, you know, even if, you know, even if we do collect, you know, like a lot of a lot of meteorite on earth and we're, you know, we take it to our lab, the just the sample preparation that we perform to so that we can do organic analysis, you kno..."
2021_06_10_SLU_S1,2021_06_10_SLU_S1,7,766.4970873786408,746.4970873786408,786.4970873786408,12:26,13:06,40.0,9,"Niki Parenteau×12, Smadar Naoz×7, Noah Planavsky×6, Stilianos Louca×4, Jay Forsythe(he/him)×3, Morgan Raven×3","rx_decision=1, rx_assign=9, rx_summarize=0, decision_any=10","and, that, you, the, like, know, just, something","In a ~40s window (12:26–13:06), 9 speakers converged (m≥7). Turns by speaker: Niki Parenteau×12, Smadar Naoz×7, Noah Planavsky×6, Stilianos Louca×4, Jay Forsythe(he/him)×3, Morgan Raven×3. Signals: rx_decision=1, rx_assign=9, rx_summarize=0, decision_any=10. Salient keywords: and, that, you, the, like, know, just, something. Sample lines: Jay Forsythe(he/him): “And an issue with that just experimentally like on on more like like experimental side is, you know, even if, you know, even if we do collect, you know, like a lot of a lot of meteorite on earth and we're, you know, we take it to our lab, the just the sample preparation that we perform to so that we can do organic analysis, you kno..."
2021_06_10_SLU_S1,2021_06_10_SLU_S1,2,772.3589869682812,752.3589869682812,792.3589869682812,12:32,13:12,40.0,9,"Niki Parenteau×12, Smadar Naoz×7, Morgan Raven×3, Stilianos Louca×3, Noah Planavsky×2, Simon Darroch×2","rx_decision=1, rx_assign=8, rx_summarize=0, decision_any=9","that, and, you, the, like, just, know, something","In a ~40s window (12:32–13:12), 9 speakers converged (m≥2). Turns by speaker: Niki Parenteau×12, Smadar Naoz×7, Morgan Raven×3, Stilianos Louca×3, Noah Planavsky×2, Simon Darroch×2. Signals: rx_decision=1, rx_assign=8, rx_summarize=0, decision_any=9. Salient keywords: that, and, you, the, like, just, know, something. Sample lines: Jay Forsythe(he/him): “And an issue with that just experimentally like on on more like like experimental side is, you know, even if, you know, even if we do collect, you know, like a lot of a lot of meteorite on earth and we're, you know, we take it to our lab, the just the sample preparation that we perform to so that we can do organic analysis, you know, somet..."
2021_06_10_SLU_S1,2021_06_10_SLU_S1,3,772.3589869682812,752.3589869682812,792.3589869682812,12:32,13:12,40.0,9,"Niki Parenteau×12, Smadar Naoz×7, Morgan Raven×3, Stilianos Louca×3, Noah Planavsky×2, Simon Darroch×2","rx_decision=1, rx_assign=8, rx_summarize=0, decision_any=9","that, and, you, the, like, just, know, something","In a ~40s window (12:32–13:12), 9 speakers converged (m≥3). Turns by speaker: Niki Parenteau×12, Smadar Naoz×7, Morgan Raven×3, Stilianos Louca×3, Noah Planavsky×2, Simon Darroch×2. Signals: rx_decision=1, rx_assign=8, rx_summarize=0, decision_any=9. Salient keywords: that, and, you, the, like, just, know, something. Sample lines: Jay Forsythe(he/him): “And an issue with that just experimentally like on on more like like experimental side is, you know, even if, you know, even if we do collect, you know, like a lot of a lot of meteorite on earth and we're, you know, we take it to our lab, the just the sample preparation that we perform to so that we can do organic analysis, you know, somet..."
2021_06_10_SLU_S1,2021_06_10_SLU_S1,4,772.3589869682812,752.3589869682812,792.3589869682812,12:32,13:12,40.0,9,"Niki Parenteau×12, Smadar Naoz×7, Morgan Raven×3, Stilianos Louca×3, Noah Planavsky×2, Simon Darroch×2","rx_decision=1, rx_assign=8, rx_summarize=0, decision_any=9","that, and, you, the, like, just, know, something","In a ~40s window (12:32–13:12), 9 speakers converged (m≥4). Turns by speaker: Niki Parenteau×12, Smadar Naoz×7, Morgan Raven×3, Stilianos Louca×3, Noah Planavsky×2, Simon Darroch×2. Signals: rx_decision=1, rx_assign=8, rx_summarize=0, decision_any=9. Salient keywords: that, and, you, the, like, just, know, something. Sample lines: Jay Forsythe(he/him): “And an issue with that just experimentally like on on more like like experimental side is, you know, even if, you know, even if we do collect, you know, like a lot of a lot of meteorite on earth and we're, you know, we take it to our lab, the just the sample preparation that we perform to so that we can do organic analysis, you know, somet..."
2021_06_10_SLU_S1,2021_06_10_SLU_S1,5,772.3589869682812,752.3589869682812,792.3589869682812,12:32,13:12,40.0,9,"Niki Parenteau×12, Smadar Naoz×7, Morgan Raven×3, Stilianos Louca×3, Noah Planavsky×2, Simon Darroch×2","rx_decision=1, rx_assign=8, rx_summarize=0, decision_any=9","that, and, you, the, like, just, know, something","In a ~40s window (12:32–13:12), 9 speakers converged (m≥5). Turns by speaker: Niki Parenteau×12, Smadar Naoz×7, Morgan Raven×3, Stilianos Louca×3, Noah Planavsky×2, Simon Darroch×2. Signals: rx_decision=1, rx_assign=8, rx_summarize=0, decision_any=9. Salient keywords: that, and, you, the, like, just, know, something. Sample lines: Jay Forsythe(he/him): “And an issue with that just experimentally like on on more like like experimental side is, you know, even if, you know, even if we do collect, you know, like a lot of a lot of meteorite on earth and we're, you know, we take it to our lab, the just the sample preparation that we perform to so that we can do organic analysis, you know, somet..."
2021_06_10_SLU_S1,2021_06_10_SLU_S1,6,772.3589869682812,752.3589869682812,792.3589869682812,12:32,13:12,40.0,9,"Niki Parenteau×12, Smadar Naoz×7, Morgan Raven×3, Stilianos Louca×3, Noah Planavsky×2, Simon Darroch×2","rx_decision=1, rx_assign=8, rx_summarize=0, decision_any=9","that, and, you, the, like, just, know, something","In a ~40s window (12:32–13:12), 9 speakers converged (m≥6). Turns by speaker: Niki Parenteau×12, Smadar Naoz×7, Morgan Raven×3, Stilianos Louca×3, Noah Planavsky×2, Simon Darroch×2. Signals: rx_decision=1, rx_assign=8, rx_summarize=0, decision_any=9. Salient keywords: that, and, you, the, like, just, know, something. Sample lines: Jay Forsythe(he/him): “And an issue with that just experimentally like on on more like like experimental side is, you know, even if, you know, even if we do collect, you know, like a lot of a lot of meteorite on earth and we're, you know, we take it to our lab, the just the sample preparation that we perform to so that we can do organic analysis, you know, somet..."
2021_06_10_SLU_S1,2021_06_10_SLU_S1,7,772.3589869682812,752.3589869682812,792.3589869682812,12:32,13:12,40.0,9,"Niki Parenteau×12, Smadar Naoz×7, Morgan Raven×3, Stilianos Louca×3, Noah Planavsky×2, Simon Darroch×2","rx_decision=1, rx_assign=8, rx_summarize=0, decision_any=9","that, and, you, the, like, just, know, something","In a ~40s window (12:32–13:12), 9 speakers converged (m≥7). Turns by speaker: Niki Parenteau×12, Smadar Naoz×7, Morgan Raven×3, Stilianos Louca×3, Noah Planavsky×2, Simon Darroch×2. Signals: rx_decision=1, rx_assign=8, rx_summarize=0, decision_any=9. Salient keywords: that, and, you, the, like, just, know, something. Sample lines: Jay Forsythe(he/him): “And an issue with that just experimentally like on on more like like experimental side is, you know, even if, you know, even if we do collect, you know, like a lot of a lot of meteorite on earth and we're, you know, we take it to our lab, the just the sample preparation that we perform to so that we can do organic analysis, you know, somet..."
2021_06_10_SLU_S1,2021_06_10_SLU_S1,2,775.3910034602077,755.3910034602077,795.3910034602077,12:35,13:15,40.0,8,"Niki Parenteau×12, Smadar Naoz×8, Stilianos Louca×4, Morgan Raven×3, Simon Darroch×3, Jay Forsythe(he/him)×2","rx_decision=1, rx_assign=8, rx_summarize=0, decision_any=9","that, and, you, the, like, there, just, know","In a ~40s window (12:35–13:15), 8 speakers converged (m≥2). Turns by speaker: Niki Parenteau×12, Smadar Naoz×8, Stilianos Louca×4, Morgan Raven×3, Simon Darroch×3, Jay Forsythe(he/him)×2. Signals: rx_decision=1, rx_assign=8, rx_summarize=0, decision_any=9. Salient keywords: that, and, you, the, like, there, just, know. Sample lines: Jay Forsythe(he/him): “And an issue with that just experimentally like on on more like like experimental side is, you know, even if, you know, even if we do collect, you know, like a lot of a lot of meteorite on earth and we're, you know, we take it to our lab, the just the sample preparation that we perform to so that we can do organic analysis, you know, som..."
2021_06_10_SLU_S1,2021_06_10_SLU_S1,3,775.3910034602077,755.3910034602077,795.3910034602077,12:35,13:15,40.0,8,"Niki Parenteau×12, Smadar Naoz×8, Stilianos Louca×4, Morgan Raven×3, Simon Darroch×3, Jay Forsythe(he/him)×2","rx_decision=1, rx_assign=8, rx_summarize=0, decision_any=9","that, and, you, the, like, there, just, know","In a ~40s window (12:35–13:15), 8 speakers converged (m≥3). Turns by speaker: Niki Parenteau×12, Smadar Naoz×8, Stilianos Louca×4, Morgan Raven×3, Simon Darroch×3, Jay Forsythe(he/him)×2. Signals: rx_decision=1, rx_assign=8, rx_summarize=0, decision_any=9. Salient keywords: that, and, you, the, like, there, just, know. Sample lines: Jay Forsythe(he/him): “And an issue with that just experimentally like on on more like like experimental side is, you know, even if, you know, even if we do collect, you know, like a lot of a lot of meteorite on earth and we're, you know, we take it to our lab, the just the sample preparation that we perform to so that we can do organic analysis, you know, som..."
2021_06_10_SLU_S1,2021_06_10_SLU_S1,4,775.3910034602077,755.3910034602077,795.3910034602077,12:35,13:15,40.0,8,"Niki Parenteau×12, Smadar Naoz×8, Stilianos Louca×4, Morgan Raven×3, Simon Darroch×3, Jay Forsythe(he/him)×2","rx_decision=1, rx_assign=8, rx_summarize=0, decision_any=9","that, and, you, the, like, there, just, know","In a ~40s window (12:35–13:15), 8 speakers converged (m≥4). Turns by speaker: Niki Parenteau×12, Smadar Naoz×8, Stilianos Louca×4, Morgan Raven×3, Simon Darroch×3, Jay Forsythe(he/him)×2. Signals: rx_decision=1, rx_assign=8, rx_summarize=0, decision_any=9. Salient keywords: that, and, you, the, like, there, just, know. Sample lines: Jay Forsythe(he/him): “And an issue with that just experimentally like on on more like like experimental side is, you know, even if, you know, even if we do collect, you know, like a lot of a lot of meteorite on earth and we're, you know, we take it to our lab, the just the sample preparation that we perform to so that we can do organic analysis, you know, som..."
2021_06_10_SLU_S1,2021_06_10_SLU_S1,5,775.3910034602077,755.3910034602077,795.3910034602077,12:35,13:15,40.0,8,"Niki Parenteau×12, Smadar Naoz×8, Stilianos Louca×4, Morgan Raven×3, Simon Darroch×3, Jay Forsythe(he/him)×2","rx_decision=1, rx_assign=8, rx_summarize=0, decision_any=9","that, and, you, the, like, there, just, know","In a ~40s window (12:35–13:15), 8 speakers converged (m≥5). Turns by speaker: Niki Parenteau×12, Smadar Naoz×8, Stilianos Louca×4, Morgan Raven×3, Simon Darroch×3, Jay Forsythe(he/him)×2. Signals: rx_decision=1, rx_assign=8, rx_summarize=0, decision_any=9. Salient keywords: that, and, you, the, like, there, just, know. Sample lines: Jay Forsythe(he/him): “And an issue with that just experimentally like on on more like like experimental side is, you know, even if, you know, even if we do collect, you know, like a lot of a lot of meteorite on earth and we're, you know, we take it to our lab, the just the sample preparation that we perform to so that we can do organic analysis, you know, som..."
2021_06_10_SLU_S1,2021_06_10_SLU_S1,6,775.3910034602077,755.3910034602077,795.3910034602077,12:35,13:15,40.0,8,"Niki Parenteau×12, Smadar Naoz×8, Stilianos Louca×4, Morgan Raven×3, Simon Darroch×3, Jay Forsythe(he/him)×2","rx_decision=1, rx_assign=8, rx_summarize=0, decision_any=9","that, and, you, the, like, there, just, know","In a ~40s window (12:35–13:15), 8 speakers converged (m≥6). Turns by speaker: Niki Parenteau×12, Smadar Naoz×8, Stilianos Louca×4, Morgan Raven×3, Simon Darroch×3, Jay Forsythe(he/him)×2. Signals: rx_decision=1, rx_assign=8, rx_summarize=0, decision_any=9. Salient keywords: that, and, you, the, like, there, just, know. Sample lines: Jay Forsythe(he/him): “And an issue with that just experimentally like on on more like like experimental side is, you know, even if, you know, even if we do collect, you know, like a lot of a lot of meteorite on earth and we're, you know, we take it to our lab, the just the sample preparation that we perform to so that we can do organic analysis, you know, som..."
2021_06_10_SLU_S1,2021_06_10_SLU_S1,7,775.3910034602077,755.3910034602077,795.3910034602077,12:35,13:15,40.0,8,"Niki Parenteau×12, Smadar Naoz×8, Stilianos Louca×4, Morgan Raven×3, Simon Darroch×3, Jay Forsythe(he/him)×2","rx_decision=1, rx_assign=8, rx_summarize=0, decision_any=9","that, and, you, the, like, there, just, know","In a ~40s window (12:35–13:15), 8 speakers converged (m≥7). Turns by speaker: Niki Parenteau×12, Smadar Naoz×8, Stilianos Louca×4, Morgan Raven×3, Simon Darroch×3, Jay Forsythe(he/him)×2. Signals: rx_decision=1, rx_assign=8, rx_summarize=0, decision_any=9. Salient keywords: that, and, you, the, like, there, just, know. Sample lines: Jay Forsythe(he/him): “And an issue with that just experimentally like on on more like like experimental side is, you know, even if, you know, even if we do collect, you know, like a lot of a lot of meteorite on earth and we're, you know, we take it to our lab, the just the sample preparation that we perform to so that we can do organic analysis, you know, som..."
2021_10_01_MZT_S11,2021_10_01_MZT_S11,2,669.5048859934853,649.5048859934853,689.5048859934853,10:50,11:30,40.0,6,"Dana Mitzel×13, Wilfred van der Donk×10, William Witola×6, Cheryl Andam×4, Joyce Jose×3, Kristin Koutmou×1","rx_decision=0, rx_assign=1, rx_summarize=0, decision_any=1","that, the, and, but, know, they, just, are","In a ~40s window (10:50–11:30), 6 speakers converged (m≥2). Turns by speaker: Dana Mitzel×13, Wilfred van der Donk×10, William Witola×6, Cheryl Andam×4, Joyce Jose×3, Kristin Koutmou×1. Signals: rx_decision=0, rx_assign=1, rx_summarize=0, decision_any=1. Salient keywords: that, the, and, but, know, they, just, are. Sample lines: Dana Mitzel: “Um but I really don't know how much they've related it to some things, you know, they're just it is still kind of some big data stuff that's going out there, but I do know there is a couple papers and I think some of it has to do like with dengue and things like that.” (+0.0s) | Kristin Koutmou: “Uh where we can say or I don't know, do you guys think..."
2021_10_01_MZT_S11,2021_10_01_MZT_S11,3,669.5048859934853,649.5048859934853,689.5048859934853,10:50,11:30,40.0,6,"Dana Mitzel×13, Wilfred van der Donk×10, William Witola×6, Cheryl Andam×4, Joyce Jose×3, Kristin Koutmou×1","rx_decision=0, rx_assign=1, rx_summarize=0, decision_any=1","that, the, and, but, know, they, just, are","In a ~40s window (10:50–11:30), 6 speakers converged (m≥3). Turns by speaker: Dana Mitzel×13, Wilfred van der Donk×10, William Witola×6, Cheryl Andam×4, Joyce Jose×3, Kristin Koutmou×1. Signals: rx_decision=0, rx_assign=1, rx_summarize=0, decision_any=1. Salient keywords: that, the, and, but, know, they, just, are. Sample lines: Dana Mitzel: “Um but I really don't know how much they've related it to some things, you know, they're just it is still kind of some big data stuff that's going out there, but I do know there is a couple papers and I think some of it has to do like with dengue and things like that.” (+0.0s) | Kristin Koutmou: “Uh where we can say or I don't know, do you guys think..."
2021_10_01_MZT_S11,2021_10_01_MZT_S11,4,669.5048859934853,649.5048859934853,689.5048859934853,10:50,11:30,40.0,6,"Dana Mitzel×13, Wilfred van der Donk×10, William Witola×6, Cheryl Andam×4, Joyce Jose×3, Kristin Koutmou×1","rx_decision=0, rx_assign=1, rx_summarize=0, decision_any=1","that, the, and, but, know, they, just, are","In a ~40s window (10:50–11:30), 6 speakers converged (m≥4). Turns by speaker: Dana Mitzel×13, Wilfred van der Donk×10, William Witola×6, Cheryl Andam×4, Joyce Jose×3, Kristin Koutmou×1. Signals: rx_decision=0, rx_assign=1, rx_summarize=0, decision_any=1. Salient keywords: that, the, and, but, know, they, just, are. Sample lines: Dana Mitzel: “Um but I really don't know how much they've related it to some things, you know, they're just it is still kind of some big data stuff that's going out there, but I do know there is a couple papers and I think some of it has to do like with dengue and things like that.” (+0.0s) | Kristin Koutmou: “Uh where we can say or I don't know, do you guys think..."
2021_10_01_MZT_S11,2021_10_01_MZT_S11,5,669.5048859934853,649.5048859934853,689.5048859934853,10:50,11:30,40.0,6,"Dana Mitzel×13, Wilfred van der Donk×10, William Witola×6, Cheryl Andam×4, Joyce Jose×3, Kristin Koutmou×1","rx_decision=0, rx_assign=1, rx_summarize=0, decision_any=1","that, the, and, but, know, they, just, are","In a ~40s window (10:50–11:30), 6 speakers converged (m≥5). Turns by speaker: Dana Mitzel×13, Wilfred van der Donk×10, William Witola×6, Cheryl Andam×4, Joyce Jose×3, Kristin Koutmou×1. Signals: rx_decision=0, rx_assign=1, rx_summarize=0, decision_any=1. Salient keywords: that, the, and, but, know, they, just, are. Sample lines: Dana Mitzel: “Um but I really don't know how much they've related it to some things, you know, they're just it is still kind of some big data stuff that's going out there, but I do know there is a couple papers and I think some of it has to do like with dengue and things like that.” (+0.0s) | Kristin Koutmou: “Uh where we can say or I don't know, do you guys think..."
2021_10_01_MZT_S11,2021_10_01_MZT_S11,6,669.5048859934853,649.5048859934853,689.5048859934853,10:50,11:30,40.0,6,"Dana Mitzel×13, Wilfred van der Donk×10, William Witola×6, Cheryl Andam×4, Joyce Jose×3, Kristin Koutmou×1","rx_decision=0, rx_assign=1, rx_summarize=0, decision_any=1","that, the, and, but, know, they, just, are","In a ~40s window (10:50–11:30), 6 speakers converged (m≥6). Turns by speaker: Dana Mitzel×13, Wilfred van der Donk×10, William Witola×6, Cheryl Andam×4, Joyce Jose×3, Kristin Koutmou×1. Signals: rx_decision=0, rx_assign=1, rx_summarize=0, decision_any=1. Salient keywords: that, the, and, but, know, they, just, are. Sample lines: Dana Mitzel: “Um but I really don't know how much they've related it to some things, you know, they're just it is still kind of some big data stuff that's going out there, but I do know there is a couple papers and I think some of it has to do like with dengue and things like that.” (+0.0s) | Kristin Koutmou: “Uh where we can say or I don't know, do you guys think..."
2021_10_01_MZT_S11,2021_10_01_MZT_S11,7,669.5048859934853,649.5048859934853,689.5048859934853,10:50,11:30,40.0,6,"Dana Mitzel×13, Wilfred van der Donk×10, William Witola×6, Cheryl Andam×4, Joyce Jose×3, Kristin Koutmou×1","rx_decision=0, rx_assign=1, rx_summarize=0, decision_any=1","that, the, and, but, know, they, just, are","In a ~40s window (10:50–11:30), 6 speakers converged (m≥7). Turns by speaker: Dana Mitzel×13, Wilfred van der Donk×10, William Witola×6, Cheryl Andam×4, Joyce Jose×3, Kristin Koutmou×1. Signals: rx_decision=0, rx_assign=1, rx_summarize=0, decision_any=1. Salient keywords: that, the, and, but, know, they, just, are. Sample lines: Dana Mitzel: “Um but I really don't know how much they've related it to some things, you know, they're just it is still kind of some big data stuff that's going out there, but I do know there is a couple papers and I think some of it has to do like with dengue and things like that.” (+0.0s) | Kristin Koutmou: “Uh where we can say or I don't know, do you guys think..."
2021_10_01_MZT_S11,2021_10_01_MZT_S11,2,692.1129261363636,672.1129261363636,712.1129261363636,11:12,11:52,40.0,7,"Wilfred van der Donk×10, Dana Mitzel×7, William Witola×5, Kristin Koutmou×5, Cheryl Andam×3, Joyce Jose×1","rx_decision=3, rx_assign=0, rx_summarize=0, decision_any=3","that, the, and, they, but, know, you, different","In a ~40s window (11:12–11:52), 7 speakers converged (m≥2). Turns by speaker: Wilfred van der Donk×10, Dana Mitzel×7, William Witola×5, Kristin Koutmou×5, Cheryl Andam×3, Joyce Jose×1. Signals: rx_decision=3, rx_assign=0, rx_summarize=0, decision_any=3. Salient keywords: that, the, and, they, but, know, you, different. Sample lines: Brenda Rubenstein: “That was it was also interesting the question that Dana hit it to to some degree um of you know, whether we should so so right now we we vaccinate people for example based upon you know, blunt characteristics that that have to do with with BMI and age and things like that.” (+0.0s) | Dana Mitzel: “And so we're actually going to try to start..."
2021_10_01_MZT_S11,2021_10_01_MZT_S11,3,692.1129261363636,672.1129261363636,712.1129261363636,11:12,11:52,40.0,7,"Wilfred van der Donk×10, Dana Mitzel×7, William Witola×5, Kristin Koutmou×5, Cheryl Andam×3, Joyce Jose×1","rx_decision=3, rx_assign=0, rx_summarize=0, decision_any=3","that, the, and, they, but, know, you, different","In a ~40s window (11:12–11:52), 7 speakers converged (m≥3). Turns by speaker: Wilfred van der Donk×10, Dana Mitzel×7, William Witola×5, Kristin Koutmou×5, Cheryl Andam×3, Joyce Jose×1. Signals: rx_decision=3, rx_assign=0, rx_summarize=0, decision_any=3. Salient keywords: that, the, and, they, but, know, you, different. Sample lines: Brenda Rubenstein: “That was it was also interesting the question that Dana hit it to to some degree um of you know, whether we should so so right now we we vaccinate people for example based upon you know, blunt characteristics that that have to do with with BMI and age and things like that.” (+0.0s) | Dana Mitzel: “And so we're actually going to try to start..."
2021_10_01_MZT_S11,2021_10_01_MZT_S11,4,692.1129261363636,672.1129261363636,712.1129261363636,11:12,11:52,40.0,7,"Wilfred van der Donk×10, Dana Mitzel×7, William Witola×5, Kristin Koutmou×5, Cheryl Andam×3, Joyce Jose×1","rx_decision=3, rx_assign=0, rx_summarize=0, decision_any=3","that, the, and, they, but, know, you, different","In a ~40s window (11:12–11:52), 7 speakers converged (m≥4). Turns by speaker: Wilfred van der Donk×10, Dana Mitzel×7, William Witola×5, Kristin Koutmou×5, Cheryl Andam×3, Joyce Jose×1. Signals: rx_decision=3, rx_assign=0, rx_summarize=0, decision_any=3. Salient keywords: that, the, and, they, but, know, you, different. Sample lines: Brenda Rubenstein: “That was it was also interesting the question that Dana hit it to to some degree um of you know, whether we should so so right now we we vaccinate people for example based upon you know, blunt characteristics that that have to do with with BMI and age and things like that.” (+0.0s) | Dana Mitzel: “And so we're actually going to try to start..."
2021_10_01_MZT_S11,2021_10_01_MZT_S11,5,692.1129261363636,672.1129261363636,712.1129261363636,11:12,11:52,40.0,7,"Wilfred van der Donk×10, Dana Mitzel×7, William Witola×5, Kristin Koutmou×5, Cheryl Andam×3, Joyce Jose×1","rx_decision=3, rx_assign=0, rx_summarize=0, decision_any=3","that, the, and, they, but, know, you, different","In a ~40s window (11:12–11:52), 7 speakers converged (m≥5). Turns by speaker: Wilfred van der Donk×10, Dana Mitzel×7, William Witola×5, Kristin Koutmou×5, Cheryl Andam×3, Joyce Jose×1. Signals: rx_decision=3, rx_assign=0, rx_summarize=0, decision_any=3. Salient keywords: that, the, and, they, but, know, you, different. Sample lines: Brenda Rubenstein: “That was it was also interesting the question that Dana hit it to to some degree um of you know, whether we should so so right now we we vaccinate people for example based upon you know, blunt characteristics that that have to do with with BMI and age and things like that.” (+0.0s) | Dana Mitzel: “And so we're actually going to try to start..."
2021_10_01_MZT_S11,2021_10_01_MZT_S11,6,692.1129261363636,672.1129261363636,712.1129261363636,11:12,11:52,40.0,7,"Wilfred van der Donk×10, Dana Mitzel×7, William Witola×5, Kristin Koutmou×5, Cheryl Andam×3, Joyce Jose×1","rx_decision=3, rx_assign=0, rx_summarize=0, decision_any=3","that, the, and, they, but, know, you, different","In a ~40s window (11:12–11:52), 7 speakers converged (m≥6). Turns by speaker: Wilfred van der Donk×10, Dana Mitzel×7, William Witola×5, Kristin Koutmou×5, Cheryl Andam×3, Joyce Jose×1. Signals: rx_decision=3, rx_assign=0, rx_summarize=0, decision_any=3. Salient keywords: that, the, and, they, but, know, you, different. Sample lines: Brenda Rubenstein: “That was it was also interesting the question that Dana hit it to to some degree um of you know, whether we should so so right now we we vaccinate people for example based upon you know, blunt characteristics that that have to do with with BMI and age and things like that.” (+0.0s) | Dana Mitzel: “And so we're actually going to try to start..."
2021_10_01_MZT_S11,2021_10_01_MZT_S11,7,692.1129261363636,672.1129261363636,712.1129261363636,11:12,11:52,40.0,7,"Wilfred van der Donk×10, Dana Mitzel×7, William Witola×5, Kristin Koutmou×5, Cheryl Andam×3, Joyce Jose×1","rx_decision=3, rx_assign=0, rx_summarize=0, decision_any=3","that, the, and, they, but, know, you, different","In a ~40s window (11:12–11:52), 7 speakers converged (m≥7). Turns by speaker: Wilfred van der Donk×10, Dana Mitzel×7, William Witola×5, Kristin Koutmou×5, Cheryl Andam×3, Joyce Jose×1. Signals: rx_decision=3, rx_assign=0, rx_summarize=0, decision_any=3. Salient keywords: that, the, and, they, but, know, you, different. Sample lines: Brenda Rubenstein: “That was it was also interesting the question that Dana hit it to to some degree um of you know, whether we should so so right now we we vaccinate people for example based upon you know, blunt characteristics that that have to do with with BMI and age and things like that.” (+0.0s) | Dana Mitzel: “And so we're actually going to try to start..."
2021_10_01_MZT_S11,2021_10_01_MZT_S11,2,903.5200421940928,883.5200421940928,923.5200421940928,14:44,15:24,40.0,4,"Wilfred van der Donk×10, William Witola×9, Joyce Jose×4, Brenda Rubenstein×3","rx_decision=2, rx_assign=4, rx_summarize=1, decision_any=6","the, and, you, can, that, know, they, host","In a ~40s window (14:44–15:24), 4 speakers converged (m≥2). Turns by speaker: Wilfred van der Donk×10, William Witola×9, Joyce Jose×4, Brenda Rubenstein×3. Signals: rx_decision=2, rx_assign=4, rx_summarize=1, decision_any=6. Salient keywords: the, and, you, can, that, know, they, host. Sample lines: Joyce Jose: “Um I think intervention strategies uh if you want to identify them then you need to understand the pathogen and their differences and how they they change or their mutations, how they adapt to new host or um what are the molecular mechanisms?” (+16.8s) | Joyce Jose: “So we do live cell imaging using fluorescent viruses.” (-7.9s) | Brenda Rubenstein: “So you know, what are molecula..."
2021_10_01_MZT_S11,2021_10_01_MZT_S11,3,903.5200421940928,883.5200421940928,923.5200421940928,14:44,15:24,40.0,4,"Wilfred van der Donk×10, William Witola×9, Joyce Jose×4, Brenda Rubenstein×3","rx_decision=2, rx_assign=4, rx_summarize=1, decision_any=6","the, and, you, can, that, know, they, host","In a ~40s window (14:44–15:24), 4 speakers converged (m≥3). Turns by speaker: Wilfred van der Donk×10, William Witola×9, Joyce Jose×4, Brenda Rubenstein×3. Signals: rx_decision=2, rx_assign=4, rx_summarize=1, decision_any=6. Salient keywords: the, and, you, can, that, know, they, host. Sample lines: Joyce Jose: “Um I think intervention strategies uh if you want to identify them then you need to understand the pathogen and their differences and how they they change or their mutations, how they adapt to new host or um what are the molecular mechanisms?” (+16.8s) | Joyce Jose: “So we do live cell imaging using fluorescent viruses.” (-7.9s) | Brenda Rubenstein: “So you know, what are molecula..."
2021_10_01_MZT_S11,2021_10_01_MZT_S11,4,903.5200421940928,883.5200421940928,923.5200421940928,14:44,15:24,40.0,4,"Wilfred van der Donk×10, William Witola×9, Joyce Jose×4, Brenda Rubenstein×3","rx_decision=2, rx_assign=4, rx_summarize=1, decision_any=6","the, and, you, can, that, know, they, host","In a ~40s window (14:44–15:24), 4 speakers converged (m≥4). Turns by speaker: Wilfred van der Donk×10, William Witola×9, Joyce Jose×4, Brenda Rubenstein×3. Signals: rx_decision=2, rx_assign=4, rx_summarize=1, decision_any=6. Salient keywords: the, and, you, can, that, know, they, host. Sample lines: Joyce Jose: “Um I think intervention strategies uh if you want to identify them then you need to understand the pathogen and their differences and how they they change or their mutations, how they adapt to new host or um what are the molecular mechanisms?” (+16.8s) | Joyce Jose: “So we do live cell imaging using fluorescent viruses.” (-7.9s) | Brenda Rubenstein: “So you know, what are molecula..."
2021_10_01_MZT_S11,2021_10_01_MZT_S11,5,903.5200421940928,883.5200421940928,923.5200421940928,14:44,15:24,40.0,4,"Wilfred van der Donk×10, William Witola×9, Joyce Jose×4, Brenda Rubenstein×3","rx_decision=2, rx_assign=4, rx_summarize=1, decision_any=6","the, and, you, can, that, know, they, host","In a ~40s window (14:44–15:24), 4 speakers converged (m≥5). Turns by speaker: Wilfred van der Donk×10, William Witola×9, Joyce Jose×4, Brenda Rubenstein×3. Signals: rx_decision=2, rx_assign=4, rx_summarize=1, decision_any=6. Salient keywords: the, and, you, can, that, know, they, host. Sample lines: Joyce Jose: “Um I think intervention strategies uh if you want to identify them then you need to understand the pathogen and their differences and how they they change or their mutations, how they adapt to new host or um what are the molecular mechanisms?” (+16.8s) | Joyce Jose: “So we do live cell imaging using fluorescent viruses.” (-7.9s) | Brenda Rubenstein: “So you know, what are molecula..."
2021_10_01_MZT_S11,2021_10_01_MZT_S11,2,917.7752808988764,897.7752808988764,937.7752808988764,14:58,15:38,40.0,5,"Wilfred van der Donk×12, William Witola×8, Joyce Jose×4, Kristin Koutmou×2, Brenda Rubenstein×1","rx_decision=4, rx_assign=5, rx_summarize=0, decision_any=9","the, and, you, that, can, host, they, see","In a ~40s window (14:58–15:38), 5 speakers converged (m≥2). Turns by speaker: Wilfred van der Donk×12, William Witola×8, Joyce Jose×4, Kristin Koutmou×2, Brenda Rubenstein×1. Signals: rx_decision=4, rx_assign=5, rx_summarize=0, decision_any=9. Salient keywords: the, and, you, that, can, host, they, see. Sample lines: Joyce Jose: “and then we can see them how they go together because we have fluorescently tagged the envelope protein or replication protein and we know organel markers to and see where they go, when they stop going, when you inhibit these and we have used inhibitors to see these um in I mean, I didn't think anybody was going to talk about cell biology, but that's what we do i..."
2021_10_01_MZT_S11,2021_10_01_MZT_S11,3,917.7752808988764,897.7752808988764,937.7752808988764,14:58,15:38,40.0,5,"Wilfred van der Donk×12, William Witola×8, Joyce Jose×4, Kristin Koutmou×2, Brenda Rubenstein×1","rx_decision=4, rx_assign=5, rx_summarize=0, decision_any=9","the, and, you, that, can, host, they, see","In a ~40s window (14:58–15:38), 5 speakers converged (m≥3). Turns by speaker: Wilfred van der Donk×12, William Witola×8, Joyce Jose×4, Kristin Koutmou×2, Brenda Rubenstein×1. Signals: rx_decision=4, rx_assign=5, rx_summarize=0, decision_any=9. Salient keywords: the, and, you, that, can, host, they, see. Sample lines: Joyce Jose: “and then we can see them how they go together because we have fluorescently tagged the envelope protein or replication protein and we know organel markers to and see where they go, when they stop going, when you inhibit these and we have used inhibitors to see these um in I mean, I didn't think anybody was going to talk about cell biology, but that's what we do i..."
2021_10_01_MZT_S11,2021_10_01_MZT_S11,4,917.7752808988764,897.7752808988764,937.7752808988764,14:58,15:38,40.0,5,"Wilfred van der Donk×12, William Witola×8, Joyce Jose×4, Kristin Koutmou×2, Brenda Rubenstein×1","rx_decision=4, rx_assign=5, rx_summarize=0, decision_any=9","the, and, you, that, can, host, they, see","In a ~40s window (14:58–15:38), 5 speakers converged (m≥4). Turns by speaker: Wilfred van der Donk×12, William Witola×8, Joyce Jose×4, Kristin Koutmou×2, Brenda Rubenstein×1. Signals: rx_decision=4, rx_assign=5, rx_summarize=0, decision_any=9. Salient keywords: the, and, you, that, can, host, they, see. Sample lines: Joyce Jose: “and then we can see them how they go together because we have fluorescently tagged the envelope protein or replication protein and we know organel markers to and see where they go, when they stop going, when you inhibit these and we have used inhibitors to see these um in I mean, I didn't think anybody was going to talk about cell biology, but that's what we do i..."
2021_10_01_MZT_S11,2021_10_01_MZT_S11,5,917.7752808988764,897.7752808988764,937.7752808988764,14:58,15:38,40.0,5,"Wilfred van der Donk×12, William Witola×8, Joyce Jose×4, Kristin Koutmou×2, Brenda Rubenstein×1","rx_decision=4, rx_assign=5, rx_summarize=0, decision_any=9","the, and, you, that, can, host, they, see","In a ~40s window (14:58–15:38), 5 speakers converged (m≥5). Turns by speaker: Wilfred van der Donk×12, William Witola×8, Joyce Jose×4, Kristin Koutmou×2, Brenda Rubenstein×1. Signals: rx_decision=4, rx_assign=5, rx_summarize=0, decision_any=9. Salient keywords: the, and, you, that, can, host, they, see. Sample lines: Joyce Jose: “and then we can see them how they go together because we have fluorescently tagged the envelope protein or replication protein and we know organel markers to and see where they go, when they stop going, when you inhibit these and we have used inhibitors to see these um in I mean, I didn't think anybody was going to talk about cell biology, but that's what we do i..."
2021_10_01_MZT_S11,2021_10_01_MZT_S11,2,920.358552631579,900.358552631579,940.358552631579,15:00,15:40,40.0,5,"Wilfred van der Donk×11, William Witola×9, Joyce Jose×4, Kristin Koutmou×2, Brenda Rubenstein×1","rx_decision=4, rx_assign=4, rx_summarize=0, decision_any=8","the, and, you, that, host, they, can, see","In a ~40s window (15:00–15:40), 5 speakers converged (m≥2). Turns by speaker: Wilfred van der Donk×11, William Witola×9, Joyce Jose×4, Kristin Koutmou×2, Brenda Rubenstein×1. Signals: rx_decision=4, rx_assign=4, rx_summarize=0, decision_any=8. Salient keywords: the, and, you, that, host, they, can, see. Sample lines: Joyce Jose: “and then we can see them how they go together because we have fluorescently tagged the envelope protein or replication protein and we know organel markers to and see where they go, when they stop going, when you inhibit these and we have used inhibitors to see these um in I mean, I didn't think anybody was going to talk about cell biology, but that's what we do i..."
2021_10_01_MZT_S11,2021_10_01_MZT_S11,3,920.358552631579,900.358552631579,940.358552631579,15:00,15:40,40.0,5,"Wilfred van der Donk×11, William Witola×9, Joyce Jose×4, Kristin Koutmou×2, Brenda Rubenstein×1","rx_decision=4, rx_assign=4, rx_summarize=0, decision_any=8","the, and, you, that, host, they, can, see","In a ~40s window (15:00–15:40), 5 speakers converged (m≥3). Turns by speaker: Wilfred van der Donk×11, William Witola×9, Joyce Jose×4, Kristin Koutmou×2, Brenda Rubenstein×1. Signals: rx_decision=4, rx_assign=4, rx_summarize=0, decision_any=8. Salient keywords: the, and, you, that, host, they, can, see. Sample lines: Joyce Jose: “and then we can see them how they go together because we have fluorescently tagged the envelope protein or replication protein and we know organel markers to and see where they go, when they stop going, when you inhibit these and we have used inhibitors to see these um in I mean, I didn't think anybody was going to talk about cell biology, but that's what we do i..."
2021_10_01_MZT_S11,2021_10_01_MZT_S11,4,920.358552631579,900.358552631579,940.358552631579,15:00,15:40,40.0,5,"Wilfred van der Donk×11, William Witola×9, Joyce Jose×4, Kristin Koutmou×2, Brenda Rubenstein×1","rx_decision=4, rx_assign=4, rx_summarize=0, decision_any=8","the, and, you, that, host, they, can, see","In a ~40s window (15:00–15:40), 5 speakers converged (m≥4). Turns by speaker: Wilfred van der Donk×11, William Witola×9, Joyce Jose×4, Kristin Koutmou×2, Brenda Rubenstein×1. Signals: rx_decision=4, rx_assign=4, rx_summarize=0, decision_any=8. Salient keywords: the, and, you, that, host, they, can, see. Sample lines: Joyce Jose: “and then we can see them how they go together because we have fluorescently tagged the envelope protein or replication protein and we know organel markers to and see where they go, when they stop going, when you inhibit these and we have used inhibitors to see these um in I mean, I didn't think anybody was going to talk about cell biology, but that's what we do i..."
2021_10_01_MZT_S11,2021_10_01_MZT_S11,5,920.358552631579,900.358552631579,940.358552631579,15:00,15:40,40.0,5,"Wilfred van der Donk×11, William Witola×9, Joyce Jose×4, Kristin Koutmou×2, Brenda Rubenstein×1","rx_decision=4, rx_assign=4, rx_summarize=0, decision_any=8","the, and, you, that, host, they, can, see","In a ~40s window (15:00–15:40), 5 speakers converged (m≥5). Turns by speaker: Wilfred van der Donk×11, William Witola×9, Joyce Jose×4, Kristin Koutmou×2, Brenda Rubenstein×1. Signals: rx_decision=4, rx_assign=4, rx_summarize=0, decision_any=8. Salient keywords: the, and, you, that, host, they, can, see. Sample lines: Joyce Jose: “and then we can see them how they go together because we have fluorescently tagged the envelope protein or replication protein and we know organel markers to and see where they go, when they stop going, when you inhibit these and we have used inhibitors to see these um in I mean, I didn't think anybody was going to talk about cell biology, but that's what we do i..."
2021_10_01_MZT_S11,2021_10_01_MZT_S11,2,923.1123595505618,903.1123595505618,943.1123595505618,15:03,15:43,40.0,6,"Wilfred van der Donk×11, William Witola×9, Joyce Jose×4, Kristin Koutmou×2, Brenda Rubenstein×1, Danae Schulz×1","rx_decision=4, rx_assign=4, rx_summarize=0, decision_any=8","the, and, you, that, host, they, can, see","In a ~40s window (15:03–15:43), 6 speakers converged (m≥2). Turns by speaker: Wilfred van der Donk×11, William Witola×9, Joyce Jose×4, Kristin Koutmou×2, Brenda Rubenstein×1, Danae Schulz×1. Signals: rx_decision=4, rx_assign=4, rx_summarize=0, decision_any=8. Salient keywords: the, and, you, that, host, they, can, see. Sample lines: Joyce Jose: “and then we can see them how they go together because we have fluorescently tagged the envelope protein or replication protein and we know organel markers to and see where they go, when they stop going, when you inhibit these and we have used inhibitors to see these um in I mean, I didn't think anybody was going to talk about cell biology, but tha..."
2021_10_01_MZT_S11,2021_10_01_MZT_S11,3,923.1123595505618,903.1123595505618,943.1123595505618,15:03,15:43,40.0,6,"Wilfred van der Donk×11, William Witola×9, Joyce Jose×4, Kristin Koutmou×2, Brenda Rubenstein×1, Danae Schulz×1","rx_decision=4, rx_assign=4, rx_summarize=0, decision_any=8","the, and, you, that, host, they, can, see","In a ~40s window (15:03–15:43), 6 speakers converged (m≥3). Turns by speaker: Wilfred van der Donk×11, William Witola×9, Joyce Jose×4, Kristin Koutmou×2, Brenda Rubenstein×1, Danae Schulz×1. Signals: rx_decision=4, rx_assign=4, rx_summarize=0, decision_any=8. Salient keywords: the, and, you, that, host, they, can, see. Sample lines: Joyce Jose: “and then we can see them how they go together because we have fluorescently tagged the envelope protein or replication protein and we know organel markers to and see where they go, when they stop going, when you inhibit these and we have used inhibitors to see these um in I mean, I didn't think anybody was going to talk about cell biology, but tha..."
2021_10_01_MZT_S11,2021_10_01_MZT_S11,4,923.1123595505618,903.1123595505618,943.1123595505618,15:03,15:43,40.0,6,"Wilfred van der Donk×11, William Witola×9, Joyce Jose×4, Kristin Koutmou×2, Brenda Rubenstein×1, Danae Schulz×1","rx_decision=4, rx_assign=4, rx_summarize=0, decision_any=8","the, and, you, that, host, they, can, see","In a ~40s window (15:03–15:43), 6 speakers converged (m≥4). Turns by speaker: Wilfred van der Donk×11, William Witola×9, Joyce Jose×4, Kristin Koutmou×2, Brenda Rubenstein×1, Danae Schulz×1. Signals: rx_decision=4, rx_assign=4, rx_summarize=0, decision_any=8. Salient keywords: the, and, you, that, host, they, can, see. Sample lines: Joyce Jose: “and then we can see them how they go together because we have fluorescently tagged the envelope protein or replication protein and we know organel markers to and see where they go, when they stop going, when you inhibit these and we have used inhibitors to see these um in I mean, I didn't think anybody was going to talk about cell biology, but tha..."
2021_10_01_MZT_S11,2021_10_01_MZT_S11,5,923.1123595505618,903.1123595505618,943.1123595505618,15:03,15:43,40.0,6,"Wilfred van der Donk×11, William Witola×9, Joyce Jose×4, Kristin Koutmou×2, Brenda Rubenstein×1, Danae Schulz×1","rx_decision=4, rx_assign=4, rx_summarize=0, decision_any=8","the, and, you, that, host, they, can, see","In a ~40s window (15:03–15:43), 6 speakers converged (m≥5). Turns by speaker: Wilfred van der Donk×11, William Witola×9, Joyce Jose×4, Kristin Koutmou×2, Brenda Rubenstein×1, Danae Schulz×1. Signals: rx_decision=4, rx_assign=4, rx_summarize=0, decision_any=8. Salient keywords: the, and, you, that, host, they, can, see. Sample lines: Joyce Jose: “and then we can see them how they go together because we have fluorescently tagged the envelope protein or replication protein and we know organel markers to and see where they go, when they stop going, when you inhibit these and we have used inhibitors to see these um in I mean, I didn't think anybody was going to talk about cell biology, but tha..."
2021_10_01_MZT_S11,2021_10_01_MZT_S11,2,927.0,907.0,947.0,15:07,15:47,40.0,5,"Wilfred van der Donk×9, William Witola×8, Joyce Jose×5, Kristin Koutmou×3, Danae Schulz×2","rx_decision=4, rx_assign=4, rx_summarize=1, decision_any=9","the, and, you, that, they, host, for, have","In a ~40s window (15:07–15:47), 5 speakers converged (m≥2). Turns by speaker: Wilfred van der Donk×9, William Witola×8, Joyce Jose×5, Kristin Koutmou×3, Danae Schulz×2. Signals: rx_decision=4, rx_assign=4, rx_summarize=1, decision_any=9. Salient keywords: the, and, you, that, they, host, for, have. Sample lines: Joyce Jose: “and then we can see them how they go together because we have fluorescently tagged the envelope protein or replication protein and we know organel markers to and see where they go, when they stop going, when you inhibit these and we have used inhibitors to see these um in I mean, I didn't think anybody was going to talk about cell biology, but that's what we do in a r..."
2021_10_01_MZT_S11,2021_10_01_MZT_S11,3,927.0,907.0,947.0,15:07,15:47,40.0,5,"Wilfred van der Donk×9, William Witola×8, Joyce Jose×5, Kristin Koutmou×3, Danae Schulz×2","rx_decision=4, rx_assign=4, rx_summarize=1, decision_any=9","the, and, you, that, they, host, for, have","In a ~40s window (15:07–15:47), 5 speakers converged (m≥3). Turns by speaker: Wilfred van der Donk×9, William Witola×8, Joyce Jose×5, Kristin Koutmou×3, Danae Schulz×2. Signals: rx_decision=4, rx_assign=4, rx_summarize=1, decision_any=9. Salient keywords: the, and, you, that, they, host, for, have. Sample lines: Joyce Jose: “and then we can see them how they go together because we have fluorescently tagged the envelope protein or replication protein and we know organel markers to and see where they go, when they stop going, when you inhibit these and we have used inhibitors to see these um in I mean, I didn't think anybody was going to talk about cell biology, but that's what we do in a r..."
2021_10_01_MZT_S11,2021_10_01_MZT_S11,4,927.0,907.0,947.0,15:07,15:47,40.0,5,"Wilfred van der Donk×9, William Witola×8, Joyce Jose×5, Kristin Koutmou×3, Danae Schulz×2","rx_decision=4, rx_assign=4, rx_summarize=1, decision_any=9","the, and, you, that, they, host, for, have","In a ~40s window (15:07–15:47), 5 speakers converged (m≥4). Turns by speaker: Wilfred van der Donk×9, William Witola×8, Joyce Jose×5, Kristin Koutmou×3, Danae Schulz×2. Signals: rx_decision=4, rx_assign=4, rx_summarize=1, decision_any=9. Salient keywords: the, and, you, that, they, host, for, have. Sample lines: Joyce Jose: “and then we can see them how they go together because we have fluorescently tagged the envelope protein or replication protein and we know organel markers to and see where they go, when they stop going, when you inhibit these and we have used inhibitors to see these um in I mean, I didn't think anybody was going to talk about cell biology, but that's what we do in a r..."
2021_10_01_MZT_S11,2021_10_01_MZT_S11,5,927.0,907.0,947.0,15:07,15:47,40.0,5,"Wilfred van der Donk×9, William Witola×8, Joyce Jose×5, Kristin Koutmou×3, Danae Schulz×2","rx_decision=4, rx_assign=4, rx_summarize=1, decision_any=9","the, and, you, that, they, host, for, have","In a ~40s window (15:07–15:47), 5 speakers converged (m≥5). Turns by speaker: Wilfred van der Donk×9, William Witola×8, Joyce Jose×5, Kristin Koutmou×3, Danae Schulz×2. Signals: rx_decision=4, rx_assign=4, rx_summarize=1, decision_any=9. Salient keywords: the, and, you, that, they, host, for, have. Sample lines: Joyce Jose: “and then we can see them how they go together because we have fluorescently tagged the envelope protein or replication protein and we know organel markers to and see where they go, when they stop going, when you inhibit these and we have used inhibitors to see these um in I mean, I didn't think anybody was going to talk about cell biology, but that's what we do in a r..."
2021_10_01_MZT_S11,2021_10_01_MZT_S11,2,929.8370786516854,909.8370786516854,949.8370786516854,15:10,15:50,40.0,5,"Wilfred van der Donk×8, William Witola×6, Joyce Jose×5, Kristin Koutmou×4, Danae Schulz×2","rx_decision=4, rx_assign=4, rx_summarize=2, decision_any=10","and, the, that, you, they, there, have, them","In a ~40s window (15:10–15:50), 5 speakers converged (m≥2). Turns by speaker: Wilfred van der Donk×8, William Witola×6, Joyce Jose×5, Kristin Koutmou×4, Danae Schulz×2. Signals: rx_decision=4, rx_assign=4, rx_summarize=2, decision_any=10. Salient keywords: and, the, that, you, they, there, have, them. Sample lines: Joyce Jose: “and then we can see them how they go together because we have fluorescently tagged the envelope protein or replication protein and we know organel markers to and see where they go, when they stop going, when you inhibit these and we have used inhibitors to see these um in I mean, I didn't think anybody was going to talk about cell biology, but that's what we do in ..."
2021_10_01_MZT_S11,2021_10_01_MZT_S11,3,929.8370786516854,909.8370786516854,949.8370786516854,15:10,15:50,40.0,5,"Wilfred van der Donk×8, William Witola×6, Joyce Jose×5, Kristin Koutmou×4, Danae Schulz×2","rx_decision=4, rx_assign=4, rx_summarize=2, decision_any=10","and, the, that, you, they, there, have, them","In a ~40s window (15:10–15:50), 5 speakers converged (m≥3). Turns by speaker: Wilfred van der Donk×8, William Witola×6, Joyce Jose×5, Kristin Koutmou×4, Danae Schulz×2. Signals: rx_decision=4, rx_assign=4, rx_summarize=2, decision_any=10. Salient keywords: and, the, that, you, they, there, have, them. Sample lines: Joyce Jose: “and then we can see them how they go together because we have fluorescently tagged the envelope protein or replication protein and we know organel markers to and see where they go, when they stop going, when you inhibit these and we have used inhibitors to see these um in I mean, I didn't think anybody was going to talk about cell biology, but that's what we do in ..."
2021_10_01_MZT_S11,2021_10_01_MZT_S11,4,929.8370786516854,909.8370786516854,949.8370786516854,15:10,15:50,40.0,5,"Wilfred van der Donk×8, William Witola×6, Joyce Jose×5, Kristin Koutmou×4, Danae Schulz×2","rx_decision=4, rx_assign=4, rx_summarize=2, decision_any=10","and, the, that, you, they, there, have, them","In a ~40s window (15:10–15:50), 5 speakers converged (m≥4). Turns by speaker: Wilfred van der Donk×8, William Witola×6, Joyce Jose×5, Kristin Koutmou×4, Danae Schulz×2. Signals: rx_decision=4, rx_assign=4, rx_summarize=2, decision_any=10. Salient keywords: and, the, that, you, they, there, have, them. Sample lines: Joyce Jose: “and then we can see them how they go together because we have fluorescently tagged the envelope protein or replication protein and we know organel markers to and see where they go, when they stop going, when you inhibit these and we have used inhibitors to see these um in I mean, I didn't think anybody was going to talk about cell biology, but that's what we do in ..."
2021_10_01_MZT_S11,2021_10_01_MZT_S11,5,929.8370786516854,909.8370786516854,949.8370786516854,15:10,15:50,40.0,5,"Wilfred van der Donk×8, William Witola×6, Joyce Jose×5, Kristin Koutmou×4, Danae Schulz×2","rx_decision=4, rx_assign=4, rx_summarize=2, decision_any=10","and, the, that, you, they, there, have, them","In a ~40s window (15:10–15:50), 5 speakers converged (m≥5). Turns by speaker: Wilfred van der Donk×8, William Witola×6, Joyce Jose×5, Kristin Koutmou×4, Danae Schulz×2. Signals: rx_decision=4, rx_assign=4, rx_summarize=2, decision_any=10. Salient keywords: and, the, that, you, they, there, have, them. Sample lines: Joyce Jose: “and then we can see them how they go together because we have fluorescently tagged the envelope protein or replication protein and we know organel markers to and see where they go, when they stop going, when you inhibit these and we have used inhibitors to see these um in I mean, I didn't think anybody was going to talk about cell biology, but that's what we do in ..."
2021_10_01_MZT_S11,2021_10_01_MZT_S11,2,930.0,910.0,950.0,15:10,15:50,40.0,5,"Wilfred van der Donk×8, William Witola×6, Joyce Jose×5, Kristin Koutmou×4, Danae Schulz×2","rx_decision=4, rx_assign=4, rx_summarize=2, decision_any=10","and, the, that, you, they, there, have, them","In a ~40s window (15:10–15:50), 5 speakers converged (m≥2). Turns by speaker: Wilfred van der Donk×8, William Witola×6, Joyce Jose×5, Kristin Koutmou×4, Danae Schulz×2. Signals: rx_decision=4, rx_assign=4, rx_summarize=2, decision_any=10. Salient keywords: and, the, that, you, they, there, have, them. Sample lines: Joyce Jose: “and then we can see them how they go together because we have fluorescently tagged the envelope protein or replication protein and we know organel markers to and see where they go, when they stop going, when you inhibit these and we have used inhibitors to see these um in I mean, I didn't think anybody was going to talk about cell biology, but that's what we do in ..."
2021_10_01_MZT_S11,2021_10_01_MZT_S11,3,930.0,910.0,950.0,15:10,15:50,40.0,5,"Wilfred van der Donk×8, William Witola×6, Joyce Jose×5, Kristin Koutmou×4, Danae Schulz×2","rx_decision=4, rx_assign=4, rx_summarize=2, decision_any=10","and, the, that, you, they, there, have, them","In a ~40s window (15:10–15:50), 5 speakers converged (m≥3). Turns by speaker: Wilfred van der Donk×8, William Witola×6, Joyce Jose×5, Kristin Koutmou×4, Danae Schulz×2. Signals: rx_decision=4, rx_assign=4, rx_summarize=2, decision_any=10. Salient keywords: and, the, that, you, they, there, have, them. Sample lines: Joyce Jose: “and then we can see them how they go together because we have fluorescently tagged the envelope protein or replication protein and we know organel markers to and see where they go, when they stop going, when you inhibit these and we have used inhibitors to see these um in I mean, I didn't think anybody was going to talk about cell biology, but that's what we do in ..."
2021_10_01_MZT_S11,2021_10_01_MZT_S11,4,930.0,910.0,950.0,15:10,15:50,40.0,5,"Wilfred van der Donk×8, William Witola×6, Joyce Jose×5, Kristin Koutmou×4, Danae Schulz×2","rx_decision=4, rx_assign=4, rx_summarize=2, decision_any=10","and, the, that, you, they, there, have, them","In a ~40s window (15:10–15:50), 5 speakers converged (m≥4). Turns by speaker: Wilfred van der Donk×8, William Witola×6, Joyce Jose×5, Kristin Koutmou×4, Danae Schulz×2. Signals: rx_decision=4, rx_assign=4, rx_summarize=2, decision_any=10. Salient keywords: and, the, that, you, they, there, have, them. Sample lines: Joyce Jose: “and then we can see them how they go together because we have fluorescently tagged the envelope protein or replication protein and we know organel markers to and see where they go, when they stop going, when you inhibit these and we have used inhibitors to see these um in I mean, I didn't think anybody was going to talk about cell biology, but that's what we do in ..."
2021_10_01_MZT_S11,2021_10_01_MZT_S11,5,930.0,910.0,950.0,15:10,15:50,40.0,5,"Wilfred van der Donk×8, William Witola×6, Joyce Jose×5, Kristin Koutmou×4, Danae Schulz×2","rx_decision=4, rx_assign=4, rx_summarize=2, decision_any=10","and, the, that, you, they, there, have, them","In a ~40s window (15:10–15:50), 5 speakers converged (m≥5). Turns by speaker: Wilfred van der Donk×8, William Witola×6, Joyce Jose×5, Kristin Koutmou×4, Danae Schulz×2. Signals: rx_decision=4, rx_assign=4, rx_summarize=2, decision_any=10. Salient keywords: and, the, that, you, they, there, have, them. Sample lines: Joyce Jose: “and then we can see them how they go together because we have fluorescently tagged the envelope protein or replication protein and we know organel markers to and see where they go, when they stop going, when you inhibit these and we have used inhibitors to see these um in I mean, I didn't think anybody was going to talk about cell biology, but that's what we do in ..."
2021_10_01_MZT_S11,2021_10_01_MZT_S11,2,933.6907894736842,913.6907894736842,953.6907894736842,15:14,15:54,40.0,5,"Wilfred van der Donk×7, William Witola×7, Joyce Jose×5, Kristin Koutmou×4, Danae Schulz×2","rx_decision=4, rx_assign=4, rx_summarize=2, decision_any=10","and, the, that, you, they, have, there, are","In a ~40s window (15:14–15:54), 5 speakers converged (m≥2). Turns by speaker: Wilfred van der Donk×7, William Witola×7, Joyce Jose×5, Kristin Koutmou×4, Danae Schulz×2. Signals: rx_decision=4, rx_assign=4, rx_summarize=2, decision_any=10. Salient keywords: and, the, that, you, they, have, there, are. Sample lines: Joyce Jose: “and then we can see them how they go together because we have fluorescently tagged the envelope protein or replication protein and we know organel markers to and see where they go, when they stop going, when you inhibit these and we have used inhibitors to see these um in I mean, I didn't think anybody was going to talk about cell biology, but that's what we do in a..."
2021_10_01_MZT_S11,2021_10_01_MZT_S11,3,933.6907894736842,913.6907894736842,953.6907894736842,15:14,15:54,40.0,5,"Wilfred van der Donk×7, William Witola×7, Joyce Jose×5, Kristin Koutmou×4, Danae Schulz×2","rx_decision=4, rx_assign=4, rx_summarize=2, decision_any=10","and, the, that, you, they, have, there, are","In a ~40s window (15:14–15:54), 5 speakers converged (m≥3). Turns by speaker: Wilfred van der Donk×7, William Witola×7, Joyce Jose×5, Kristin Koutmou×4, Danae Schulz×2. Signals: rx_decision=4, rx_assign=4, rx_summarize=2, decision_any=10. Salient keywords: and, the, that, you, they, have, there, are. Sample lines: Joyce Jose: “and then we can see them how they go together because we have fluorescently tagged the envelope protein or replication protein and we know organel markers to and see where they go, when they stop going, when you inhibit these and we have used inhibitors to see these um in I mean, I didn't think anybody was going to talk about cell biology, but that's what we do in a..."
2021_10_01_MZT_S11,2021_10_01_MZT_S11,4,933.6907894736842,913.6907894736842,953.6907894736842,15:14,15:54,40.0,5,"Wilfred van der Donk×7, William Witola×7, Joyce Jose×5, Kristin Koutmou×4, Danae Schulz×2","rx_decision=4, rx_assign=4, rx_summarize=2, decision_any=10","and, the, that, you, they, have, there, are","In a ~40s window (15:14–15:54), 5 speakers converged (m≥4). Turns by speaker: Wilfred van der Donk×7, William Witola×7, Joyce Jose×5, Kristin Koutmou×4, Danae Schulz×2. Signals: rx_decision=4, rx_assign=4, rx_summarize=2, decision_any=10. Salient keywords: and, the, that, you, they, have, there, are. Sample lines: Joyce Jose: “and then we can see them how they go together because we have fluorescently tagged the envelope protein or replication protein and we know organel markers to and see where they go, when they stop going, when you inhibit these and we have used inhibitors to see these um in I mean, I didn't think anybody was going to talk about cell biology, but that's what we do in a..."
2021_10_01_MZT_S11,2021_10_01_MZT_S11,5,933.6907894736842,913.6907894736842,953.6907894736842,15:14,15:54,40.0,5,"Wilfred van der Donk×7, William Witola×7, Joyce Jose×5, Kristin Koutmou×4, Danae Schulz×2","rx_decision=4, rx_assign=4, rx_summarize=2, decision_any=10","and, the, that, you, they, have, there, are","In a ~40s window (15:14–15:54), 5 speakers converged (m≥5). Turns by speaker: Wilfred van der Donk×7, William Witola×7, Joyce Jose×5, Kristin Koutmou×4, Danae Schulz×2. Signals: rx_decision=4, rx_assign=4, rx_summarize=2, decision_any=10. Salient keywords: and, the, that, you, they, have, there, are. Sample lines: Joyce Jose: “and then we can see them how they go together because we have fluorescently tagged the envelope protein or replication protein and we know organel markers to and see where they go, when they stop going, when you inhibit these and we have used inhibitors to see these um in I mean, I didn't think anybody was going to talk about cell biology, but that's what we do in a..."
2021_10_01_MZT_S11,2021_10_01_MZT_S11,2,945.25,925.25,965.25,15:25,16:05,40.0,5,"Joyce Jose×5, Wilfred van der Donk×5, Kristin Koutmou×5, William Witola×5, Danae Schulz×2","rx_decision=4, rx_assign=4, rx_summarize=3, decision_any=10","and, the, that, have, yeah, you, for, see","In a ~40s window (15:25–16:05), 5 speakers converged (m≥2). Turns by speaker: Joyce Jose×5, Wilfred van der Donk×5, Kristin Koutmou×5, William Witola×5, Danae Schulz×2. Signals: rx_decision=4, rx_assign=4, rx_summarize=3, decision_any=10. Salient keywords: and, the, that, have, yeah, you, for, see. Sample lines: Joyce Jose: “and then we can see them how they go together because we have fluorescently tagged the envelope protein or replication protein and we know organel markers to and see where they go, when they stop going, when you inhibit these and we have used inhibitors to see these um in I mean, I didn't think anybody was going to talk about cell biology, but that's what we do in a r..."
2021_10_01_MZT_S11,2021_10_01_MZT_S11,3,945.25,925.25,965.25,15:25,16:05,40.0,5,"Joyce Jose×5, Wilfred van der Donk×5, Kristin Koutmou×5, William Witola×5, Danae Schulz×2","rx_decision=4, rx_assign=4, rx_summarize=3, decision_any=10","and, the, that, have, yeah, you, for, see","In a ~40s window (15:25–16:05), 5 speakers converged (m≥3). Turns by speaker: Joyce Jose×5, Wilfred van der Donk×5, Kristin Koutmou×5, William Witola×5, Danae Schulz×2. Signals: rx_decision=4, rx_assign=4, rx_summarize=3, decision_any=10. Salient keywords: and, the, that, have, yeah, you, for, see. Sample lines: Joyce Jose: “and then we can see them how they go together because we have fluorescently tagged the envelope protein or replication protein and we know organel markers to and see where they go, when they stop going, when you inhibit these and we have used inhibitors to see these um in I mean, I didn't think anybody was going to talk about cell biology, but that's what we do in a r..."
2021_10_01_MZT_S11,2021_10_01_MZT_S11,4,945.25,925.25,965.25,15:25,16:05,40.0,5,"Joyce Jose×5, Wilfred van der Donk×5, Kristin Koutmou×5, William Witola×5, Danae Schulz×2","rx_decision=4, rx_assign=4, rx_summarize=3, decision_any=10","and, the, that, have, yeah, you, for, see","In a ~40s window (15:25–16:05), 5 speakers converged (m≥4). Turns by speaker: Joyce Jose×5, Wilfred van der Donk×5, Kristin Koutmou×5, William Witola×5, Danae Schulz×2. Signals: rx_decision=4, rx_assign=4, rx_summarize=3, decision_any=10. Salient keywords: and, the, that, have, yeah, you, for, see. Sample lines: Joyce Jose: “and then we can see them how they go together because we have fluorescently tagged the envelope protein or replication protein and we know organel markers to and see where they go, when they stop going, when you inhibit these and we have used inhibitors to see these um in I mean, I didn't think anybody was going to talk about cell biology, but that's what we do in a r..."
2021_10_01_MZT_S11,2021_10_01_MZT_S11,5,945.25,925.25,965.25,15:25,16:05,40.0,5,"Joyce Jose×5, Wilfred van der Donk×5, Kristin Koutmou×5, William Witola×5, Danae Schulz×2","rx_decision=4, rx_assign=4, rx_summarize=3, decision_any=10","and, the, that, have, yeah, you, for, see","In a ~40s window (15:25–16:05), 5 speakers converged (m≥5). Turns by speaker: Joyce Jose×5, Wilfred van der Donk×5, Kristin Koutmou×5, William Witola×5, Danae Schulz×2. Signals: rx_decision=4, rx_assign=4, rx_summarize=3, decision_any=10. Salient keywords: and, the, that, have, yeah, you, for, see. Sample lines: Joyce Jose: “and then we can see them how they go together because we have fluorescently tagged the envelope protein or replication protein and we know organel markers to and see where they go, when they stop going, when you inhibit these and we have used inhibitors to see these um in I mean, I didn't think anybody was going to talk about cell biology, but that's what we do in a r..."
2021_10_01_MZT_S11,2021_10_01_MZT_S11,2,946.3322368421052,926.3322368421052,966.3322368421052,15:26,16:06,40.0,5,"Wilfred van der Donk×7, Joyce Jose×6, Kristin Koutmou×6, William Witola×6, Danae Schulz×2","rx_decision=4, rx_assign=5, rx_summarize=3, decision_any=11","and, that, the, you, have, there, for, about","In a ~40s window (15:26–16:06), 5 speakers converged (m≥2). Turns by speaker: Wilfred van der Donk×7, Joyce Jose×6, Kristin Koutmou×6, William Witola×6, Danae Schulz×2. Signals: rx_decision=4, rx_assign=5, rx_summarize=3, decision_any=11. Salient keywords: and, that, the, you, have, there, for, about. Sample lines: Kristin Koutmou: “So there is something that I I just kind of wanted to posit to the group that I've my lab has recently started working on and I'm extremely excited about um this idea and I think it could really be important um potentially when we start to think about mutations and host virus and host parasite interactions and all those sorts of things and that's this discover..."
2021_10_01_MZT_S11,2021_10_01_MZT_S11,3,946.3322368421052,926.3322368421052,966.3322368421052,15:26,16:06,40.0,5,"Wilfred van der Donk×7, Joyce Jose×6, Kristin Koutmou×6, William Witola×6, Danae Schulz×2","rx_decision=4, rx_assign=5, rx_summarize=3, decision_any=11","and, that, the, you, have, there, for, about","In a ~40s window (15:26–16:06), 5 speakers converged (m≥3). Turns by speaker: Wilfred van der Donk×7, Joyce Jose×6, Kristin Koutmou×6, William Witola×6, Danae Schulz×2. Signals: rx_decision=4, rx_assign=5, rx_summarize=3, decision_any=11. Salient keywords: and, that, the, you, have, there, for, about. Sample lines: Kristin Koutmou: “So there is something that I I just kind of wanted to posit to the group that I've my lab has recently started working on and I'm extremely excited about um this idea and I think it could really be important um potentially when we start to think about mutations and host virus and host parasite interactions and all those sorts of things and that's this discover..."
2021_10_01_MZT_S11,2021_10_01_MZT_S11,4,946.3322368421052,926.3322368421052,966.3322368421052,15:26,16:06,40.0,5,"Wilfred van der Donk×7, Joyce Jose×6, Kristin Koutmou×6, William Witola×6, Danae Schulz×2","rx_decision=4, rx_assign=5, rx_summarize=3, decision_any=11","and, that, the, you, have, there, for, about","In a ~40s window (15:26–16:06), 5 speakers converged (m≥4). Turns by speaker: Wilfred van der Donk×7, Joyce Jose×6, Kristin Koutmou×6, William Witola×6, Danae Schulz×2. Signals: rx_decision=4, rx_assign=5, rx_summarize=3, decision_any=11. Salient keywords: and, that, the, you, have, there, for, about. Sample lines: Kristin Koutmou: “So there is something that I I just kind of wanted to posit to the group that I've my lab has recently started working on and I'm extremely excited about um this idea and I think it could really be important um potentially when we start to think about mutations and host virus and host parasite interactions and all those sorts of things and that's this discover..."
2021_10_01_MZT_S11,2021_10_01_MZT_S11,5,946.3322368421052,926.3322368421052,966.3322368421052,15:26,16:06,40.0,5,"Wilfred van der Donk×7, Joyce Jose×6, Kristin Koutmou×6, William Witola×6, Danae Schulz×2","rx_decision=4, rx_assign=5, rx_summarize=3, decision_any=11","and, that, the, you, have, there, for, about","In a ~40s window (15:26–16:06), 5 speakers converged (m≥5). Turns by speaker: Wilfred van der Donk×7, Joyce Jose×6, Kristin Koutmou×6, William Witola×6, Danae Schulz×2. Signals: rx_decision=4, rx_assign=5, rx_summarize=3, decision_any=11. Salient keywords: and, that, the, you, have, there, for, about. Sample lines: Kristin Koutmou: “So there is something that I I just kind of wanted to posit to the group that I've my lab has recently started working on and I'm extremely excited about um this idea and I think it could really be important um potentially when we start to think about mutations and host virus and host parasite interactions and all those sorts of things and that's this discover..."
2021_10_01_MZT_S11,2021_10_01_MZT_S11,2,948.8,928.8,968.8,15:29,16:09,40.0,6,"Wilfred van der Donk×7, Kristin Koutmou×6, William Witola×6, Joyce Jose×5, Danae Schulz×2, Dana Mitzel×1","rx_decision=5, rx_assign=4, rx_summarize=3, decision_any=11","and, that, the, for, there, have, yeah, you","In a ~40s window (15:29–16:09), 6 speakers converged (m≥2). Turns by speaker: Wilfred van der Donk×7, Kristin Koutmou×6, William Witola×6, Joyce Jose×5, Danae Schulz×2, Dana Mitzel×1. Signals: rx_decision=5, rx_assign=4, rx_summarize=3, decision_any=11. Salient keywords: and, that, the, for, there, have, yeah, you. Sample lines: Kristin Koutmou: “So there is something that I I just kind of wanted to posit to the group that I've my lab has recently started working on and I'm extremely excited about um this idea and I think it could really be important um potentially when we start to think about mutations and host virus and host parasite interactions and all those sorts of things and that's..."
2021_10_01_MZT_S11,2021_10_01_MZT_S11,3,948.8,928.8,968.8,15:29,16:09,40.0,6,"Wilfred van der Donk×7, Kristin Koutmou×6, William Witola×6, Joyce Jose×5, Danae Schulz×2, Dana Mitzel×1","rx_decision=5, rx_assign=4, rx_summarize=3, decision_any=11","and, that, the, for, there, have, yeah, you","In a ~40s window (15:29–16:09), 6 speakers converged (m≥3). Turns by speaker: Wilfred van der Donk×7, Kristin Koutmou×6, William Witola×6, Joyce Jose×5, Danae Schulz×2, Dana Mitzel×1. Signals: rx_decision=5, rx_assign=4, rx_summarize=3, decision_any=11. Salient keywords: and, that, the, for, there, have, yeah, you. Sample lines: Kristin Koutmou: “So there is something that I I just kind of wanted to posit to the group that I've my lab has recently started working on and I'm extremely excited about um this idea and I think it could really be important um potentially when we start to think about mutations and host virus and host parasite interactions and all those sorts of things and that's..."
2021_10_01_MZT_S11,2021_10_01_MZT_S11,4,948.8,928.8,968.8,15:29,16:09,40.0,6,"Wilfred van der Donk×7, Kristin Koutmou×6, William Witola×6, Joyce Jose×5, Danae Schulz×2, Dana Mitzel×1","rx_decision=5, rx_assign=4, rx_summarize=3, decision_any=11","and, that, the, for, there, have, yeah, you","In a ~40s window (15:29–16:09), 6 speakers converged (m≥4). Turns by speaker: Wilfred van der Donk×7, Kristin Koutmou×6, William Witola×6, Joyce Jose×5, Danae Schulz×2, Dana Mitzel×1. Signals: rx_decision=5, rx_assign=4, rx_summarize=3, decision_any=11. Salient keywords: and, that, the, for, there, have, yeah, you. Sample lines: Kristin Koutmou: “So there is something that I I just kind of wanted to posit to the group that I've my lab has recently started working on and I'm extremely excited about um this idea and I think it could really be important um potentially when we start to think about mutations and host virus and host parasite interactions and all those sorts of things and that's..."
2021_10_01_MZT_S11,2021_10_01_MZT_S11,5,948.8,928.8,968.8,15:29,16:09,40.0,6,"Wilfred van der Donk×7, Kristin Koutmou×6, William Witola×6, Joyce Jose×5, Danae Schulz×2, Dana Mitzel×1","rx_decision=5, rx_assign=4, rx_summarize=3, decision_any=11","and, that, the, for, there, have, yeah, you","In a ~40s window (15:29–16:09), 6 speakers converged (m≥5). Turns by speaker: Wilfred van der Donk×7, Kristin Koutmou×6, William Witola×6, Joyce Jose×5, Danae Schulz×2, Dana Mitzel×1. Signals: rx_decision=5, rx_assign=4, rx_summarize=3, decision_any=11. Salient keywords: and, that, the, for, there, have, yeah, you. Sample lines: Kristin Koutmou: “So there is something that I I just kind of wanted to posit to the group that I've my lab has recently started working on and I'm extremely excited about um this idea and I think it could really be important um potentially when we start to think about mutations and host virus and host parasite interactions and all those sorts of things and that's..."
2021_10_01_MZT_S11,2021_10_01_MZT_S11,2,955.119170984456,935.119170984456,975.119170984456,15:35,16:15,40.0,6,"Wilfred van der Donk×7, William Witola×6, Joyce Jose×5, Kristin Koutmou×4, Danae Schulz×2, Dana Mitzel×1","rx_decision=3, rx_assign=4, rx_summarize=3, decision_any=9","and, that, the, for, have, you, host, there","In a ~40s window (15:35–16:15), 6 speakers converged (m≥2). Turns by speaker: Wilfred van der Donk×7, William Witola×6, Joyce Jose×5, Kristin Koutmou×4, Danae Schulz×2, Dana Mitzel×1. Signals: rx_decision=3, rx_assign=4, rx_summarize=3, decision_any=9. Salient keywords: and, that, the, for, have, you, host, there. Sample lines: Kristin Koutmou: “So there is something that I I just kind of wanted to posit to the group that I've my lab has recently started working on and I'm extremely excited about um this idea and I think it could really be important um potentially when we start to think about mutations and host virus and host parasite interactions and all those sorts of things and that's ..."
2021_10_01_MZT_S11,2021_10_01_MZT_S11,3,955.119170984456,935.119170984456,975.119170984456,15:35,16:15,40.0,6,"Wilfred van der Donk×7, William Witola×6, Joyce Jose×5, Kristin Koutmou×4, Danae Schulz×2, Dana Mitzel×1","rx_decision=3, rx_assign=4, rx_summarize=3, decision_any=9","and, that, the, for, have, you, host, there","In a ~40s window (15:35–16:15), 6 speakers converged (m≥3). Turns by speaker: Wilfred van der Donk×7, William Witola×6, Joyce Jose×5, Kristin Koutmou×4, Danae Schulz×2, Dana Mitzel×1. Signals: rx_decision=3, rx_assign=4, rx_summarize=3, decision_any=9. Salient keywords: and, that, the, for, have, you, host, there. Sample lines: Kristin Koutmou: “So there is something that I I just kind of wanted to posit to the group that I've my lab has recently started working on and I'm extremely excited about um this idea and I think it could really be important um potentially when we start to think about mutations and host virus and host parasite interactions and all those sorts of things and that's ..."
2021_10_01_MZT_S11,2021_10_01_MZT_S11,4,955.119170984456,935.119170984456,975.119170984456,15:35,16:15,40.0,6,"Wilfred van der Donk×7, William Witola×6, Joyce Jose×5, Kristin Koutmou×4, Danae Schulz×2, Dana Mitzel×1","rx_decision=3, rx_assign=4, rx_summarize=3, decision_any=9","and, that, the, for, have, you, host, there","In a ~40s window (15:35–16:15), 6 speakers converged (m≥4). Turns by speaker: Wilfred van der Donk×7, William Witola×6, Joyce Jose×5, Kristin Koutmou×4, Danae Schulz×2, Dana Mitzel×1. Signals: rx_decision=3, rx_assign=4, rx_summarize=3, decision_any=9. Salient keywords: and, that, the, for, have, you, host, there. Sample lines: Kristin Koutmou: “So there is something that I I just kind of wanted to posit to the group that I've my lab has recently started working on and I'm extremely excited about um this idea and I think it could really be important um potentially when we start to think about mutations and host virus and host parasite interactions and all those sorts of things and that's ..."
2021_10_01_MZT_S11,2021_10_01_MZT_S11,5,955.119170984456,935.119170984456,975.119170984456,15:35,16:15,40.0,6,"Wilfred van der Donk×7, William Witola×6, Joyce Jose×5, Kristin Koutmou×4, Danae Schulz×2, Dana Mitzel×1","rx_decision=3, rx_assign=4, rx_summarize=3, decision_any=9","and, that, the, for, have, you, host, there","In a ~40s window (15:35–16:15), 6 speakers converged (m≥5). Turns by speaker: Wilfred van der Donk×7, William Witola×6, Joyce Jose×5, Kristin Koutmou×4, Danae Schulz×2, Dana Mitzel×1. Signals: rx_decision=3, rx_assign=4, rx_summarize=3, decision_any=9. Salient keywords: and, that, the, for, have, you, host, there. Sample lines: Kristin Koutmou: “So there is something that I I just kind of wanted to posit to the group that I've my lab has recently started working on and I'm extremely excited about um this idea and I think it could really be important um potentially when we start to think about mutations and host virus and host parasite interactions and all those sorts of things and that's ..."
2021_10_01_MZT_S11,2021_10_01_MZT_S11,2,957.05,937.05,977.05,15:37,16:17,40.0,6,"Wilfred van der Donk×8, Joyce Jose×5, William Witola×4, Kristin Koutmou×4, Danae Schulz×2, Dana Mitzel×2","rx_decision=4, rx_assign=4, rx_summarize=3, decision_any=10","and, that, the, you, for, have, about, but","In a ~40s window (15:37–16:17), 6 speakers converged (m≥2). Turns by speaker: Wilfred van der Donk×8, Joyce Jose×5, William Witola×4, Kristin Koutmou×4, Danae Schulz×2, Dana Mitzel×2. Signals: rx_decision=4, rx_assign=4, rx_summarize=3, decision_any=10. Salient keywords: and, that, the, you, for, have, about, but. Sample lines: Kristin Koutmou: “So there is something that I I just kind of wanted to posit to the group that I've my lab has recently started working on and I'm extremely excited about um this idea and I think it could really be important um potentially when we start to think about mutations and host virus and host parasite interactions and all those sorts of things and that's ..."
2021_10_01_MZT_S11,2021_10_01_MZT_S11,3,957.05,937.05,977.05,15:37,16:17,40.0,6,"Wilfred van der Donk×8, Joyce Jose×5, William Witola×4, Kristin Koutmou×4, Danae Schulz×2, Dana Mitzel×2","rx_decision=4, rx_assign=4, rx_summarize=3, decision_any=10","and, that, the, you, for, have, about, but","In a ~40s window (15:37–16:17), 6 speakers converged (m≥3). Turns by speaker: Wilfred van der Donk×8, Joyce Jose×5, William Witola×4, Kristin Koutmou×4, Danae Schulz×2, Dana Mitzel×2. Signals: rx_decision=4, rx_assign=4, rx_summarize=3, decision_any=10. Salient keywords: and, that, the, you, for, have, about, but. Sample lines: Kristin Koutmou: “So there is something that I I just kind of wanted to posit to the group that I've my lab has recently started working on and I'm extremely excited about um this idea and I think it could really be important um potentially when we start to think about mutations and host virus and host parasite interactions and all those sorts of things and that's ..."
2021_10_01_MZT_S11,2021_10_01_MZT_S11,4,957.05,937.05,977.05,15:37,16:17,40.0,6,"Wilfred van der Donk×8, Joyce Jose×5, William Witola×4, Kristin Koutmou×4, Danae Schulz×2, Dana Mitzel×2","rx_decision=4, rx_assign=4, rx_summarize=3, decision_any=10","and, that, the, you, for, have, about, but","In a ~40s window (15:37–16:17), 6 speakers converged (m≥4). Turns by speaker: Wilfred van der Donk×8, Joyce Jose×5, William Witola×4, Kristin Koutmou×4, Danae Schulz×2, Dana Mitzel×2. Signals: rx_decision=4, rx_assign=4, rx_summarize=3, decision_any=10. Salient keywords: and, that, the, you, for, have, about, but. Sample lines: Kristin Koutmou: “So there is something that I I just kind of wanted to posit to the group that I've my lab has recently started working on and I'm extremely excited about um this idea and I think it could really be important um potentially when we start to think about mutations and host virus and host parasite interactions and all those sorts of things and that's ..."
2021_10_01_MZT_S11,2021_10_01_MZT_S11,5,957.05,937.05,977.05,15:37,16:17,40.0,6,"Wilfred van der Donk×8, Joyce Jose×5, William Witola×4, Kristin Koutmou×4, Danae Schulz×2, Dana Mitzel×2","rx_decision=4, rx_assign=4, rx_summarize=3, decision_any=10","and, that, the, you, for, have, about, but","In a ~40s window (15:37–16:17), 6 speakers converged (m≥5). Turns by speaker: Wilfred van der Donk×8, Joyce Jose×5, William Witola×4, Kristin Koutmou×4, Danae Schulz×2, Dana Mitzel×2. Signals: rx_decision=4, rx_assign=4, rx_summarize=3, decision_any=10. Salient keywords: and, that, the, you, for, have, about, but. Sample lines: Kristin Koutmou: “So there is something that I I just kind of wanted to posit to the group that I've my lab has recently started working on and I'm extremely excited about um this idea and I think it could really be important um potentially when we start to think about mutations and host virus and host parasite interactions and all those sorts of things and that's ..."
2021_10_01_MZT_S11,2021_10_01_MZT_S11,2,960.7772020725388,940.7772020725388,980.7772020725388,15:41,16:21,40.0,6,"Wilfred van der Donk×11, Joyce Jose×5, Kristin Koutmou×4, William Witola×3, Danae Schulz×2, Dana Mitzel×2","rx_decision=4, rx_assign=4, rx_summarize=3, decision_any=10","and, that, the, you, for, have, about, are","In a ~40s window (15:41–16:21), 6 speakers converged (m≥2). Turns by speaker: Wilfred van der Donk×11, Joyce Jose×5, Kristin Koutmou×4, William Witola×3, Danae Schulz×2, Dana Mitzel×2. Signals: rx_decision=4, rx_assign=4, rx_summarize=3, decision_any=10. Salient keywords: and, that, the, you, for, have, about, are. Sample lines: Kristin Koutmou: “So there is something that I I just kind of wanted to posit to the group that I've my lab has recently started working on and I'm extremely excited about um this idea and I think it could really be important um potentially when we start to think about mutations and host virus and host parasite interactions and all those sorts of things and that's..."
2021_10_01_MZT_S11,2021_10_01_MZT_S11,3,960.7772020725388,940.7772020725388,980.7772020725388,15:41,16:21,40.0,6,"Wilfred van der Donk×11, Joyce Jose×5, Kristin Koutmou×4, William Witola×3, Danae Schulz×2, Dana Mitzel×2","rx_decision=4, rx_assign=4, rx_summarize=3, decision_any=10","and, that, the, you, for, have, about, are","In a ~40s window (15:41–16:21), 6 speakers converged (m≥3). Turns by speaker: Wilfred van der Donk×11, Joyce Jose×5, Kristin Koutmou×4, William Witola×3, Danae Schulz×2, Dana Mitzel×2. Signals: rx_decision=4, rx_assign=4, rx_summarize=3, decision_any=10. Salient keywords: and, that, the, you, for, have, about, are. Sample lines: Kristin Koutmou: “So there is something that I I just kind of wanted to posit to the group that I've my lab has recently started working on and I'm extremely excited about um this idea and I think it could really be important um potentially when we start to think about mutations and host virus and host parasite interactions and all those sorts of things and that's..."
2021_10_01_MZT_S11,2021_10_01_MZT_S11,4,960.7772020725388,940.7772020725388,980.7772020725388,15:41,16:21,40.0,6,"Wilfred van der Donk×11, Joyce Jose×5, Kristin Koutmou×4, William Witola×3, Danae Schulz×2, Dana Mitzel×2","rx_decision=4, rx_assign=4, rx_summarize=3, decision_any=10","and, that, the, you, for, have, about, are","In a ~40s window (15:41–16:21), 6 speakers converged (m≥4). Turns by speaker: Wilfred van der Donk×11, Joyce Jose×5, Kristin Koutmou×4, William Witola×3, Danae Schulz×2, Dana Mitzel×2. Signals: rx_decision=4, rx_assign=4, rx_summarize=3, decision_any=10. Salient keywords: and, that, the, you, for, have, about, are. Sample lines: Kristin Koutmou: “So there is something that I I just kind of wanted to posit to the group that I've my lab has recently started working on and I'm extremely excited about um this idea and I think it could really be important um potentially when we start to think about mutations and host virus and host parasite interactions and all those sorts of things and that's..."
2021_10_01_MZT_S11,2021_10_01_MZT_S11,5,960.7772020725388,940.7772020725388,980.7772020725388,15:41,16:21,40.0,6,"Wilfred van der Donk×11, Joyce Jose×5, Kristin Koutmou×4, William Witola×3, Danae Schulz×2, Dana Mitzel×2","rx_decision=4, rx_assign=4, rx_summarize=3, decision_any=10","and, that, the, you, for, have, about, are","In a ~40s window (15:41–16:21), 6 speakers converged (m≥5). Turns by speaker: Wilfred van der Donk×11, Joyce Jose×5, Kristin Koutmou×4, William Witola×3, Danae Schulz×2, Dana Mitzel×2. Signals: rx_decision=4, rx_assign=4, rx_summarize=3, decision_any=10. Salient keywords: and, that, the, you, for, have, about, are. Sample lines: Kristin Koutmou: “So there is something that I I just kind of wanted to posit to the group that I've my lab has recently started working on and I'm extremely excited about um this idea and I think it could really be important um potentially when we start to think about mutations and host virus and host parasite interactions and all those sorts of things and that's..."
2021_10_01_MZT_S11,2021_10_01_MZT_S11,2,965.6580310880828,945.6580310880828,985.6580310880828,15:46,16:26,40.0,5,"Wilfred van der Donk×14, Joyce Jose×4, Kristin Koutmou×3, William Witola×3, Dana Mitzel×3","rx_decision=5, rx_assign=4, rx_summarize=2, decision_any=10","that, and, the, you, are, but, have, there","In a ~40s window (15:46–16:26), 5 speakers converged (m≥2). Turns by speaker: Wilfred van der Donk×14, Joyce Jose×4, Kristin Koutmou×3, William Witola×3, Dana Mitzel×3. Signals: rx_decision=5, rx_assign=4, rx_summarize=2, decision_any=10. Salient keywords: that, and, the, you, are, but, have, there. Sample lines: Kristin Koutmou: “So there is something that I I just kind of wanted to posit to the group that I've my lab has recently started working on and I'm extremely excited about um this idea and I think it could really be important um potentially when we start to think about mutations and host virus and host parasite interactions and all those sorts of things and that's this discovery ..."
2021_10_01_MZT_S11,2021_10_01_MZT_S11,3,965.6580310880828,945.6580310880828,985.6580310880828,15:46,16:26,40.0,5,"Wilfred van der Donk×14, Joyce Jose×4, Kristin Koutmou×3, William Witola×3, Dana Mitzel×3","rx_decision=5, rx_assign=4, rx_summarize=2, decision_any=10","that, and, the, you, are, but, have, there","In a ~40s window (15:46–16:26), 5 speakers converged (m≥3). Turns by speaker: Wilfred van der Donk×14, Joyce Jose×4, Kristin Koutmou×3, William Witola×3, Dana Mitzel×3. Signals: rx_decision=5, rx_assign=4, rx_summarize=2, decision_any=10. Salient keywords: that, and, the, you, are, but, have, there. Sample lines: Kristin Koutmou: “So there is something that I I just kind of wanted to posit to the group that I've my lab has recently started working on and I'm extremely excited about um this idea and I think it could really be important um potentially when we start to think about mutations and host virus and host parasite interactions and all those sorts of things and that's this discovery ..."
2021_10_01_MZT_S11,2021_10_01_MZT_S11,4,965.6580310880828,945.6580310880828,985.6580310880828,15:46,16:26,40.0,5,"Wilfred van der Donk×14, Joyce Jose×4, Kristin Koutmou×3, William Witola×3, Dana Mitzel×3","rx_decision=5, rx_assign=4, rx_summarize=2, decision_any=10","that, and, the, you, are, but, have, there","In a ~40s window (15:46–16:26), 5 speakers converged (m≥4). Turns by speaker: Wilfred van der Donk×14, Joyce Jose×4, Kristin Koutmou×3, William Witola×3, Dana Mitzel×3. Signals: rx_decision=5, rx_assign=4, rx_summarize=2, decision_any=10. Salient keywords: that, and, the, you, are, but, have, there. Sample lines: Kristin Koutmou: “So there is something that I I just kind of wanted to posit to the group that I've my lab has recently started working on and I'm extremely excited about um this idea and I think it could really be important um potentially when we start to think about mutations and host virus and host parasite interactions and all those sorts of things and that's this discovery ..."
2021_10_01_MZT_S11,2021_10_01_MZT_S11,5,965.6580310880828,945.6580310880828,985.6580310880828,15:46,16:26,40.0,5,"Wilfred van der Donk×14, Joyce Jose×4, Kristin Koutmou×3, William Witola×3, Dana Mitzel×3","rx_decision=5, rx_assign=4, rx_summarize=2, decision_any=10","that, and, the, you, are, but, have, there","In a ~40s window (15:46–16:26), 5 speakers converged (m≥5). Turns by speaker: Wilfred van der Donk×14, Joyce Jose×4, Kristin Koutmou×3, William Witola×3, Dana Mitzel×3. Signals: rx_decision=5, rx_assign=4, rx_summarize=2, decision_any=10. Salient keywords: that, and, the, you, are, but, have, there. Sample lines: Kristin Koutmou: “So there is something that I I just kind of wanted to posit to the group that I've my lab has recently started working on and I'm extremely excited about um this idea and I think it could really be important um potentially when we start to think about mutations and host virus and host parasite interactions and all those sorts of things and that's this discovery ..."
2021_10_01_MZT_S11,2021_10_01_MZT_S11,2,995.6506329113924,975.6506329113924,1015.6506329113924,16:16,16:56,40.0,5,"Wilfred van der Donk×15, Dana Mitzel×5, Joyce Jose×2, William Witola×1, Kristin Koutmou×1","rx_decision=6, rx_assign=0, rx_summarize=0, decision_any=6","that, the, you, know, like, and, are, but","In a ~40s window (16:16–16:56), 5 speakers converged (m≥2). Turns by speaker: Wilfred van der Donk×15, Dana Mitzel×5, Joyce Jose×2, William Witola×1, Kristin Koutmou×1. Signals: rx_decision=6, rx_assign=0, rx_summarize=0, decision_any=6. Salient keywords: that, the, you, know, like, and, are, but. Sample lines: Dana Mitzel: “But you know, is would if we use something like that like the polyphenols or anything like that, would it be more broad based target where they're actually attacking more of like the transcription of viruses or something that's needed to actually that's applied to a lot of the RNA viruses.” (+0.0s) | Dana Mitzel: “Um but uh kind of going off of what Joyce was saying w..."
2021_10_01_MZT_S11,2021_10_01_MZT_S11,3,995.6506329113924,975.6506329113924,1015.6506329113924,16:16,16:56,40.0,5,"Wilfred van der Donk×15, Dana Mitzel×5, Joyce Jose×2, William Witola×1, Kristin Koutmou×1","rx_decision=6, rx_assign=0, rx_summarize=0, decision_any=6","that, the, you, know, like, and, are, but","In a ~40s window (16:16–16:56), 5 speakers converged (m≥3). Turns by speaker: Wilfred van der Donk×15, Dana Mitzel×5, Joyce Jose×2, William Witola×1, Kristin Koutmou×1. Signals: rx_decision=6, rx_assign=0, rx_summarize=0, decision_any=6. Salient keywords: that, the, you, know, like, and, are, but. Sample lines: Dana Mitzel: “But you know, is would if we use something like that like the polyphenols or anything like that, would it be more broad based target where they're actually attacking more of like the transcription of viruses or something that's needed to actually that's applied to a lot of the RNA viruses.” (+0.0s) | Dana Mitzel: “Um but uh kind of going off of what Joyce was saying w..."
2021_10_01_MZT_S11,2021_10_01_MZT_S11,4,995.6506329113924,975.6506329113924,1015.6506329113924,16:16,16:56,40.0,5,"Wilfred van der Donk×15, Dana Mitzel×5, Joyce Jose×2, William Witola×1, Kristin Koutmou×1","rx_decision=6, rx_assign=0, rx_summarize=0, decision_any=6","that, the, you, know, like, and, are, but","In a ~40s window (16:16–16:56), 5 speakers converged (m≥4). Turns by speaker: Wilfred van der Donk×15, Dana Mitzel×5, Joyce Jose×2, William Witola×1, Kristin Koutmou×1. Signals: rx_decision=6, rx_assign=0, rx_summarize=0, decision_any=6. Salient keywords: that, the, you, know, like, and, are, but. Sample lines: Dana Mitzel: “But you know, is would if we use something like that like the polyphenols or anything like that, would it be more broad based target where they're actually attacking more of like the transcription of viruses or something that's needed to actually that's applied to a lot of the RNA viruses.” (+0.0s) | Dana Mitzel: “Um but uh kind of going off of what Joyce was saying w..."
2021_10_01_MZT_S11,2021_10_01_MZT_S11,5,995.6506329113924,975.6506329113924,1015.6506329113924,16:16,16:56,40.0,5,"Wilfred van der Donk×15, Dana Mitzel×5, Joyce Jose×2, William Witola×1, Kristin Koutmou×1","rx_decision=6, rx_assign=0, rx_summarize=0, decision_any=6","that, the, you, know, like, and, are, but","In a ~40s window (16:16–16:56), 5 speakers converged (m≥5). Turns by speaker: Wilfred van der Donk×15, Dana Mitzel×5, Joyce Jose×2, William Witola×1, Kristin Koutmou×1. Signals: rx_decision=6, rx_assign=0, rx_summarize=0, decision_any=6. Salient keywords: that, the, you, know, like, and, are, but. Sample lines: Dana Mitzel: “But you know, is would if we use something like that like the polyphenols or anything like that, would it be more broad based target where they're actually attacking more of like the transcription of viruses or something that's needed to actually that's applied to a lot of the RNA viruses.” (+0.0s) | Dana Mitzel: “Um but uh kind of going off of what Joyce was saying w..."
2021_10_01_MZT_S11,2021_10_01_MZT_S11,2,1006.5,986.5,1026.5,16:26,17:06,40.0,5,"Wilfred van der Donk×11, Dana Mitzel×4, Joyce Jose×2, William Witola×2, Kristin Koutmou×2","rx_decision=5, rx_assign=1, rx_summarize=0, decision_any=5","that, the, you, and, for, like, are, have","In a ~40s window (16:26–17:06), 5 speakers converged (m≥2). Turns by speaker: Wilfred van der Donk×11, Dana Mitzel×4, Joyce Jose×2, William Witola×2, Kristin Koutmou×2. Signals: rx_decision=5, rx_assign=1, rx_summarize=0, decision_any=5. Salient keywords: that, the, you, and, for, like, are, have. Sample lines: Dana Mitzel: “But you know, is would if we use something like that like the polyphenols or anything like that, would it be more broad based target where they're actually attacking more of like the transcription of viruses or something that's needed to actually that's applied to a lot of the RNA viruses.” (-10.8s) | Wilfred van der Donk: “And William, can you go next and then we wil..."
2021_10_01_MZT_S11,2021_10_01_MZT_S11,3,1006.5,986.5,1026.5,16:26,17:06,40.0,5,"Wilfred van der Donk×11, Dana Mitzel×4, Joyce Jose×2, William Witola×2, Kristin Koutmou×2","rx_decision=5, rx_assign=1, rx_summarize=0, decision_any=5","that, the, you, and, for, like, are, have","In a ~40s window (16:26–17:06), 5 speakers converged (m≥3). Turns by speaker: Wilfred van der Donk×11, Dana Mitzel×4, Joyce Jose×2, William Witola×2, Kristin Koutmou×2. Signals: rx_decision=5, rx_assign=1, rx_summarize=0, decision_any=5. Salient keywords: that, the, you, and, for, like, are, have. Sample lines: Dana Mitzel: “But you know, is would if we use something like that like the polyphenols or anything like that, would it be more broad based target where they're actually attacking more of like the transcription of viruses or something that's needed to actually that's applied to a lot of the RNA viruses.” (-10.8s) | Wilfred van der Donk: “And William, can you go next and then we wil..."
2021_10_01_MZT_S11,2021_10_01_MZT_S11,4,1006.5,986.5,1026.5,16:26,17:06,40.0,5,"Wilfred van der Donk×11, Dana Mitzel×4, Joyce Jose×2, William Witola×2, Kristin Koutmou×2","rx_decision=5, rx_assign=1, rx_summarize=0, decision_any=5","that, the, you, and, for, like, are, have","In a ~40s window (16:26–17:06), 5 speakers converged (m≥4). Turns by speaker: Wilfred van der Donk×11, Dana Mitzel×4, Joyce Jose×2, William Witola×2, Kristin Koutmou×2. Signals: rx_decision=5, rx_assign=1, rx_summarize=0, decision_any=5. Salient keywords: that, the, you, and, for, like, are, have. Sample lines: Dana Mitzel: “But you know, is would if we use something like that like the polyphenols or anything like that, would it be more broad based target where they're actually attacking more of like the transcription of viruses or something that's needed to actually that's applied to a lot of the RNA viruses.” (-10.8s) | Wilfred van der Donk: “And William, can you go next and then we wil..."
2021_10_01_MZT_S11,2021_10_01_MZT_S11,5,1006.5,986.5,1026.5,16:26,17:06,40.0,5,"Wilfred van der Donk×11, Dana Mitzel×4, Joyce Jose×2, William Witola×2, Kristin Koutmou×2","rx_decision=5, rx_assign=1, rx_summarize=0, decision_any=5","that, the, you, and, for, like, are, have","In a ~40s window (16:26–17:06), 5 speakers converged (m≥5). Turns by speaker: Wilfred van der Donk×11, Dana Mitzel×4, Joyce Jose×2, William Witola×2, Kristin Koutmou×2. Signals: rx_decision=5, rx_assign=1, rx_summarize=0, decision_any=5. Salient keywords: that, the, you, and, for, like, are, have. Sample lines: Dana Mitzel: “But you know, is would if we use something like that like the polyphenols or anything like that, would it be more broad based target where they're actually attacking more of like the transcription of viruses or something that's needed to actually that's applied to a lot of the RNA viruses.” (-10.8s) | Wilfred van der Donk: “And William, can you go next and then we wil..."
2021_10_01_MZT_S11,2021_10_01_MZT_S11,2,1006.6784810126584,986.6784810126584,1026.6784810126583,16:27,17:07,39.999999999999886,5,"Wilfred van der Donk×11, Dana Mitzel×4, Kristin Koutmou×3, Joyce Jose×2, William Witola×2","rx_decision=5, rx_assign=1, rx_summarize=0, decision_any=5","that, the, you, and, for, like, are, have","In a ~39s window (16:27–17:07), 5 speakers converged (m≥2). Turns by speaker: Wilfred van der Donk×11, Dana Mitzel×4, Kristin Koutmou×3, Joyce Jose×2, William Witola×2. Signals: rx_decision=5, rx_assign=1, rx_summarize=0, decision_any=5. Salient keywords: that, the, you, and, for, like, are, have. Sample lines: Dana Mitzel: “But you know, is would if we use something like that like the polyphenols or anything like that, would it be more broad based target where they're actually attacking more of like the transcription of viruses or something that's needed to actually that's applied to a lot of the RNA viruses.” (-11.0s) | Wilfred van der Donk: “And William, can you go next and then we wil..."
2021_10_01_MZT_S11,2021_10_01_MZT_S11,3,1006.6784810126584,986.6784810126584,1026.6784810126583,16:27,17:07,39.999999999999886,5,"Wilfred van der Donk×11, Dana Mitzel×4, Kristin Koutmou×3, Joyce Jose×2, William Witola×2","rx_decision=5, rx_assign=1, rx_summarize=0, decision_any=5","that, the, you, and, for, like, are, have","In a ~39s window (16:27–17:07), 5 speakers converged (m≥3). Turns by speaker: Wilfred van der Donk×11, Dana Mitzel×4, Kristin Koutmou×3, Joyce Jose×2, William Witola×2. Signals: rx_decision=5, rx_assign=1, rx_summarize=0, decision_any=5. Salient keywords: that, the, you, and, for, like, are, have. Sample lines: Dana Mitzel: “But you know, is would if we use something like that like the polyphenols or anything like that, would it be more broad based target where they're actually attacking more of like the transcription of viruses or something that's needed to actually that's applied to a lot of the RNA viruses.” (-11.0s) | Wilfred van der Donk: “And William, can you go next and then we wil..."
2021_10_01_MZT_S11,2021_10_01_MZT_S11,4,1006.6784810126584,986.6784810126584,1026.6784810126583,16:27,17:07,39.999999999999886,5,"Wilfred van der Donk×11, Dana Mitzel×4, Kristin Koutmou×3, Joyce Jose×2, William Witola×2","rx_decision=5, rx_assign=1, rx_summarize=0, decision_any=5","that, the, you, and, for, like, are, have","In a ~39s window (16:27–17:07), 5 speakers converged (m≥4). Turns by speaker: Wilfred van der Donk×11, Dana Mitzel×4, Kristin Koutmou×3, Joyce Jose×2, William Witola×2. Signals: rx_decision=5, rx_assign=1, rx_summarize=0, decision_any=5. Salient keywords: that, the, you, and, for, like, are, have. Sample lines: Dana Mitzel: “But you know, is would if we use something like that like the polyphenols or anything like that, would it be more broad based target where they're actually attacking more of like the transcription of viruses or something that's needed to actually that's applied to a lot of the RNA viruses.” (-11.0s) | Wilfred van der Donk: “And William, can you go next and then we wil..."
2021_10_01_MZT_S11,2021_10_01_MZT_S11,5,1006.6784810126584,986.6784810126584,1026.6784810126583,16:27,17:07,39.999999999999886,5,"Wilfred van der Donk×11, Dana Mitzel×4, Kristin Koutmou×3, Joyce Jose×2, William Witola×2","rx_decision=5, rx_assign=1, rx_summarize=0, decision_any=5","that, the, you, and, for, like, are, have","In a ~39s window (16:27–17:07), 5 speakers converged (m≥5). Turns by speaker: Wilfred van der Donk×11, Dana Mitzel×4, Kristin Koutmou×3, Joyce Jose×2, William Witola×2. Signals: rx_decision=5, rx_assign=1, rx_summarize=0, decision_any=5. Salient keywords: that, the, you, and, for, like, are, have. Sample lines: Dana Mitzel: “But you know, is would if we use something like that like the polyphenols or anything like that, would it be more broad based target where they're actually attacking more of like the transcription of viruses or something that's needed to actually that's applied to a lot of the RNA viruses.” (-11.0s) | Wilfred van der Donk: “And William, can you go next and then we wil..."
2021_10_01_MZT_S11,2021_10_01_MZT_S11,2,1011.4481012658229,991.4481012658229,1031.448101265823,16:31,17:11,40.000000000000114,6,"Wilfred van der Donk×12, Dana Mitzel×5, Kristin Koutmou×3, Danae Schulz×2, Joyce Jose×1, William Witola×1","rx_decision=5, rx_assign=1, rx_summarize=0, decision_any=5","that, the, and, you, for, like, are, have","In a ~40s window (16:31–17:11), 6 speakers converged (m≥2). Turns by speaker: Wilfred van der Donk×12, Dana Mitzel×5, Kristin Koutmou×3, Danae Schulz×2, Joyce Jose×1, William Witola×1. Signals: rx_decision=5, rx_assign=1, rx_summarize=0, decision_any=5. Salient keywords: that, the, and, you, for, like, are, have. Sample lines: Dana Mitzel: “But you know, is would if we use something like that like the polyphenols or anything like that, would it be more broad based target where they're actually attacking more of like the transcription of viruses or something that's needed to actually that's applied to a lot of the RNA viruses.” (-15.8s) | Wilfred van der Donk: “And William, can you go next..."
2021_10_01_MZT_S11,2021_10_01_MZT_S11,3,1011.4481012658229,991.4481012658229,1031.448101265823,16:31,17:11,40.000000000000114,6,"Wilfred van der Donk×12, Dana Mitzel×5, Kristin Koutmou×3, Danae Schulz×2, Joyce Jose×1, William Witola×1","rx_decision=5, rx_assign=1, rx_summarize=0, decision_any=5","that, the, and, you, for, like, are, have","In a ~40s window (16:31–17:11), 6 speakers converged (m≥3). Turns by speaker: Wilfred van der Donk×12, Dana Mitzel×5, Kristin Koutmou×3, Danae Schulz×2, Joyce Jose×1, William Witola×1. Signals: rx_decision=5, rx_assign=1, rx_summarize=0, decision_any=5. Salient keywords: that, the, and, you, for, like, are, have. Sample lines: Dana Mitzel: “But you know, is would if we use something like that like the polyphenols or anything like that, would it be more broad based target where they're actually attacking more of like the transcription of viruses or something that's needed to actually that's applied to a lot of the RNA viruses.” (-15.8s) | Wilfred van der Donk: “And William, can you go next..."
2021_10_01_MZT_S11,2021_10_01_MZT_S11,4,1011.4481012658229,991.4481012658229,1031.448101265823,16:31,17:11,40.000000000000114,6,"Wilfred van der Donk×12, Dana Mitzel×5, Kristin Koutmou×3, Danae Schulz×2, Joyce Jose×1, William Witola×1","rx_decision=5, rx_assign=1, rx_summarize=0, decision_any=5","that, the, and, you, for, like, are, have","In a ~40s window (16:31–17:11), 6 speakers converged (m≥4). Turns by speaker: Wilfred van der Donk×12, Dana Mitzel×5, Kristin Koutmou×3, Danae Schulz×2, Joyce Jose×1, William Witola×1. Signals: rx_decision=5, rx_assign=1, rx_summarize=0, decision_any=5. Salient keywords: that, the, and, you, for, like, are, have. Sample lines: Dana Mitzel: “But you know, is would if we use something like that like the polyphenols or anything like that, would it be more broad based target where they're actually attacking more of like the transcription of viruses or something that's needed to actually that's applied to a lot of the RNA viruses.” (-15.8s) | Wilfred van der Donk: “And William, can you go next..."
2021_10_01_MZT_S11,2021_10_01_MZT_S11,5,1011.4481012658229,991.4481012658229,1031.448101265823,16:31,17:11,40.000000000000114,6,"Wilfred van der Donk×12, Dana Mitzel×5, Kristin Koutmou×3, Danae Schulz×2, Joyce Jose×1, William Witola×1","rx_decision=5, rx_assign=1, rx_summarize=0, decision_any=5","that, the, and, you, for, like, are, have","In a ~40s window (16:31–17:11), 6 speakers converged (m≥5). Turns by speaker: Wilfred van der Donk×12, Dana Mitzel×5, Kristin Koutmou×3, Danae Schulz×2, Joyce Jose×1, William Witola×1. Signals: rx_decision=5, rx_assign=1, rx_summarize=0, decision_any=5. Salient keywords: that, the, and, you, for, like, are, have. Sample lines: Dana Mitzel: “But you know, is would if we use something like that like the polyphenols or anything like that, would it be more broad based target where they're actually attacking more of like the transcription of viruses or something that's needed to actually that's applied to a lot of the RNA viruses.” (-15.8s) | Wilfred van der Donk: “And William, can you go next..."
2021_10_01_MZT_S11,2021_10_01_MZT_S11,2,1016.0,996.0,1036.0,16:36,17:16,40.0,6,"Wilfred van der Donk×16, Dana Mitzel×5, Kristin Koutmou×3, Danae Schulz×3, Joyce Jose×2, William Witola×1","rx_decision=4, rx_assign=1, rx_summarize=0, decision_any=4","that, the, and, you, for, have, about, are","In a ~40s window (16:36–17:16), 6 speakers converged (m≥2). Turns by speaker: Wilfred van der Donk×16, Dana Mitzel×5, Kristin Koutmou×3, Danae Schulz×3, Joyce Jose×2, William Witola×1. Signals: rx_decision=4, rx_assign=1, rx_summarize=0, decision_any=4. Salient keywords: that, the, and, you, for, have, about, are. Sample lines: Wilfred van der Donk: “And William, can you go next and then we will” (+0.0s) | Wilfred van der Donk: “And then and then you went on but it would be really nice if there were databases where once people had done some mining the results thereof would be deposited in some database where you could easily for all kinds of different targets” (-17.5s) | Dana Mitzel: “So ..."
2021_10_01_MZT_S11,2021_10_01_MZT_S11,3,1016.0,996.0,1036.0,16:36,17:16,40.0,6,"Wilfred van der Donk×16, Dana Mitzel×5, Kristin Koutmou×3, Danae Schulz×3, Joyce Jose×2, William Witola×1","rx_decision=4, rx_assign=1, rx_summarize=0, decision_any=4","that, the, and, you, for, have, about, are","In a ~40s window (16:36–17:16), 6 speakers converged (m≥3). Turns by speaker: Wilfred van der Donk×16, Dana Mitzel×5, Kristin Koutmou×3, Danae Schulz×3, Joyce Jose×2, William Witola×1. Signals: rx_decision=4, rx_assign=1, rx_summarize=0, decision_any=4. Salient keywords: that, the, and, you, for, have, about, are. Sample lines: Wilfred van der Donk: “And William, can you go next and then we will” (+0.0s) | Wilfred van der Donk: “And then and then you went on but it would be really nice if there were databases where once people had done some mining the results thereof would be deposited in some database where you could easily for all kinds of different targets” (-17.5s) | Dana Mitzel: “So ..."
2021_10_01_MZT_S11,2021_10_01_MZT_S11,4,1016.0,996.0,1036.0,16:36,17:16,40.0,6,"Wilfred van der Donk×16, Dana Mitzel×5, Kristin Koutmou×3, Danae Schulz×3, Joyce Jose×2, William Witola×1","rx_decision=4, rx_assign=1, rx_summarize=0, decision_any=4","that, the, and, you, for, have, about, are","In a ~40s window (16:36–17:16), 6 speakers converged (m≥4). Turns by speaker: Wilfred van der Donk×16, Dana Mitzel×5, Kristin Koutmou×3, Danae Schulz×3, Joyce Jose×2, William Witola×1. Signals: rx_decision=4, rx_assign=1, rx_summarize=0, decision_any=4. Salient keywords: that, the, and, you, for, have, about, are. Sample lines: Wilfred van der Donk: “And William, can you go next and then we will” (+0.0s) | Wilfred van der Donk: “And then and then you went on but it would be really nice if there were databases where once people had done some mining the results thereof would be deposited in some database where you could easily for all kinds of different targets” (-17.5s) | Dana Mitzel: “So ..."
2021_10_01_MZT_S11,2021_10_01_MZT_S11,5,1016.0,996.0,1036.0,16:36,17:16,40.0,6,"Wilfred van der Donk×16, Dana Mitzel×5, Kristin Koutmou×3, Danae Schulz×3, Joyce Jose×2, William Witola×1","rx_decision=4, rx_assign=1, rx_summarize=0, decision_any=4","that, the, and, you, for, have, about, are","In a ~40s window (16:36–17:16), 6 speakers converged (m≥5). Turns by speaker: Wilfred van der Donk×16, Dana Mitzel×5, Kristin Koutmou×3, Danae Schulz×3, Joyce Jose×2, William Witola×1. Signals: rx_decision=4, rx_assign=1, rx_summarize=0, decision_any=4. Salient keywords: that, the, and, you, for, have, about, are. Sample lines: Wilfred van der Donk: “And William, can you go next and then we will” (+0.0s) | Wilfred van der Donk: “And then and then you went on but it would be really nice if there were databases where once people had done some mining the results thereof would be deposited in some database where you could easily for all kinds of different targets” (-17.5s) | Dana Mitzel: “So ..."
2021_10_01_MZT_S11,2021_10_01_MZT_S11,6,1016.0,996.0,1036.0,16:36,17:16,40.0,6,"Wilfred van der Donk×16, Dana Mitzel×5, Kristin Koutmou×3, Danae Schulz×3, Joyce Jose×2, William Witola×1","rx_decision=4, rx_assign=1, rx_summarize=0, decision_any=4","that, the, and, you, for, have, about, are","In a ~40s window (16:36–17:16), 6 speakers converged (m≥6). Turns by speaker: Wilfred van der Donk×16, Dana Mitzel×5, Kristin Koutmou×3, Danae Schulz×3, Joyce Jose×2, William Witola×1. Signals: rx_decision=4, rx_assign=1, rx_summarize=0, decision_any=4. Salient keywords: that, the, and, you, for, have, about, are. Sample lines: Wilfred van der Donk: “And William, can you go next and then we will” (+0.0s) | Wilfred van der Donk: “And then and then you went on but it would be really nice if there were databases where once people had done some mining the results thereof would be deposited in some database where you could easily for all kinds of different targets” (-17.5s) | Dana Mitzel: “So ..."
2021_10_01_MZT_S11,2021_10_01_MZT_S11,2,1047.9490968801313,1027.9490968801313,1067.9490968801313,17:08,17:48,40.0,6,"Wilfred van der Donk×12, Danae Schulz×8, Kristin Koutmou×6, Dana Mitzel×4, Joyce Jose×3, William Witola×2","rx_decision=0, rx_assign=4, rx_summarize=0, decision_any=4","the, and, that, you, host, with, can, have","In a ~40s window (17:08–17:48), 6 speakers converged (m≥2). Turns by speaker: Wilfred van der Donk×12, Danae Schulz×8, Kristin Koutmou×6, Dana Mitzel×4, Joyce Jose×3, William Witola×2. Signals: rx_decision=0, rx_assign=4, rx_summarize=0, decision_any=4. Salient keywords: the, and, that, you, host, with, can, have. Sample lines: Wilfred van der Donk: “We already talked about that with respect to anything uh with respect to uh epigenetics of the host uh we often don't have the data uh and and and when we do have the data uh you usually generate it yourself.” (+0.0s) | Dana Mitzel: “So I do agree with William that with that it's probably a lot of the host and the epigenetics and just the gen..."
2021_10_01_MZT_S11,2021_10_01_MZT_S11,3,1047.9490968801313,1027.9490968801313,1067.9490968801313,17:08,17:48,40.0,6,"Wilfred van der Donk×12, Danae Schulz×8, Kristin Koutmou×6, Dana Mitzel×4, Joyce Jose×3, William Witola×2","rx_decision=0, rx_assign=4, rx_summarize=0, decision_any=4","the, and, that, you, host, with, can, have","In a ~40s window (17:08–17:48), 6 speakers converged (m≥3). Turns by speaker: Wilfred van der Donk×12, Danae Schulz×8, Kristin Koutmou×6, Dana Mitzel×4, Joyce Jose×3, William Witola×2. Signals: rx_decision=0, rx_assign=4, rx_summarize=0, decision_any=4. Salient keywords: the, and, that, you, host, with, can, have. Sample lines: Wilfred van der Donk: “We already talked about that with respect to anything uh with respect to uh epigenetics of the host uh we often don't have the data uh and and and when we do have the data uh you usually generate it yourself.” (+0.0s) | Dana Mitzel: “So I do agree with William that with that it's probably a lot of the host and the epigenetics and just the gen..."
2021_10_01_MZT_S11,2021_10_01_MZT_S11,4,1047.9490968801313,1027.9490968801313,1067.9490968801313,17:08,17:48,40.0,6,"Wilfred van der Donk×12, Danae Schulz×8, Kristin Koutmou×6, Dana Mitzel×4, Joyce Jose×3, William Witola×2","rx_decision=0, rx_assign=4, rx_summarize=0, decision_any=4","the, and, that, you, host, with, can, have","In a ~40s window (17:08–17:48), 6 speakers converged (m≥4). Turns by speaker: Wilfred van der Donk×12, Danae Schulz×8, Kristin Koutmou×6, Dana Mitzel×4, Joyce Jose×3, William Witola×2. Signals: rx_decision=0, rx_assign=4, rx_summarize=0, decision_any=4. Salient keywords: the, and, that, you, host, with, can, have. Sample lines: Wilfred van der Donk: “We already talked about that with respect to anything uh with respect to uh epigenetics of the host uh we often don't have the data uh and and and when we do have the data uh you usually generate it yourself.” (+0.0s) | Dana Mitzel: “So I do agree with William that with that it's probably a lot of the host and the epigenetics and just the gen..."
2021_10_01_MZT_S11,2021_10_01_MZT_S11,5,1047.9490968801313,1027.9490968801313,1067.9490968801313,17:08,17:48,40.0,6,"Wilfred van der Donk×12, Danae Schulz×8, Kristin Koutmou×6, Dana Mitzel×4, Joyce Jose×3, William Witola×2","rx_decision=0, rx_assign=4, rx_summarize=0, decision_any=4","the, and, that, you, host, with, can, have","In a ~40s window (17:08–17:48), 6 speakers converged (m≥5). Turns by speaker: Wilfred van der Donk×12, Danae Schulz×8, Kristin Koutmou×6, Dana Mitzel×4, Joyce Jose×3, William Witola×2. Signals: rx_decision=0, rx_assign=4, rx_summarize=0, decision_any=4. Salient keywords: the, and, that, you, host, with, can, have. Sample lines: Wilfred van der Donk: “We already talked about that with respect to anything uh with respect to uh epigenetics of the host uh we often don't have the data uh and and and when we do have the data uh you usually generate it yourself.” (+0.0s) | Dana Mitzel: “So I do agree with William that with that it's probably a lot of the host and the epigenetics and just the gen..."
2021_10_01_MZT_S11,2021_10_01_MZT_S11,6,1047.9490968801313,1027.9490968801313,1067.9490968801313,17:08,17:48,40.0,6,"Wilfred van der Donk×12, Danae Schulz×8, Kristin Koutmou×6, Dana Mitzel×4, Joyce Jose×3, William Witola×2","rx_decision=0, rx_assign=4, rx_summarize=0, decision_any=4","the, and, that, you, host, with, can, have","In a ~40s window (17:08–17:48), 6 speakers converged (m≥6). Turns by speaker: Wilfred van der Donk×12, Danae Schulz×8, Kristin Koutmou×6, Dana Mitzel×4, Joyce Jose×3, William Witola×2. Signals: rx_decision=0, rx_assign=4, rx_summarize=0, decision_any=4. Salient keywords: the, and, that, you, host, with, can, have. Sample lines: Wilfred van der Donk: “We already talked about that with respect to anything uh with respect to uh epigenetics of the host uh we often don't have the data uh and and and when we do have the data uh you usually generate it yourself.” (+0.0s) | Dana Mitzel: “So I do agree with William that with that it's probably a lot of the host and the epigenetics and just the gen..."
2021_10_01_MZT_S11,2021_10_01_MZT_S11,2,1054.220848056537,1034.220848056537,1074.220848056537,17:14,17:54,40.0,6,"Wilfred van der Donk×8, Kristin Koutmou×7, Danae Schulz×6, Dana Mitzel×4, William Witola×2, Joyce Jose×2","rx_decision=0, rx_assign=4, rx_summarize=0, decision_any=4","the, and, you, they, that, with, host, can","In a ~40s window (17:14–17:54), 6 speakers converged (m≥2). Turns by speaker: Wilfred van der Donk×8, Kristin Koutmou×7, Danae Schulz×6, Dana Mitzel×4, William Witola×2, Joyce Jose×2. Signals: rx_decision=0, rx_assign=4, rx_summarize=0, decision_any=4. Salient keywords: the, and, you, they, that, with, host, can. Sample lines: Wilfred van der Donk: “We already talked about that with respect to anything uh with respect to uh epigenetics of the host uh we often don't have the data uh and and and when we do have the data uh you usually generate it yourself.” (-6.3s) | Dana Mitzel: “Um, but you know with West Nile as it passed through the United States and have changed and even now with SARS ..."
2021_10_01_MZT_S11,2021_10_01_MZT_S11,3,1054.220848056537,1034.220848056537,1074.220848056537,17:14,17:54,40.0,6,"Wilfred van der Donk×8, Kristin Koutmou×7, Danae Schulz×6, Dana Mitzel×4, William Witola×2, Joyce Jose×2","rx_decision=0, rx_assign=4, rx_summarize=0, decision_any=4","the, and, you, they, that, with, host, can","In a ~40s window (17:14–17:54), 6 speakers converged (m≥3). Turns by speaker: Wilfred van der Donk×8, Kristin Koutmou×7, Danae Schulz×6, Dana Mitzel×4, William Witola×2, Joyce Jose×2. Signals: rx_decision=0, rx_assign=4, rx_summarize=0, decision_any=4. Salient keywords: the, and, you, they, that, with, host, can. Sample lines: Wilfred van der Donk: “We already talked about that with respect to anything uh with respect to uh epigenetics of the host uh we often don't have the data uh and and and when we do have the data uh you usually generate it yourself.” (-6.3s) | Dana Mitzel: “Um, but you know with West Nile as it passed through the United States and have changed and even now with SARS ..."
2021_10_01_MZT_S11,2021_10_01_MZT_S11,4,1054.220848056537,1034.220848056537,1074.220848056537,17:14,17:54,40.0,6,"Wilfred van der Donk×8, Kristin Koutmou×7, Danae Schulz×6, Dana Mitzel×4, William Witola×2, Joyce Jose×2","rx_decision=0, rx_assign=4, rx_summarize=0, decision_any=4","the, and, you, they, that, with, host, can","In a ~40s window (17:14–17:54), 6 speakers converged (m≥4). Turns by speaker: Wilfred van der Donk×8, Kristin Koutmou×7, Danae Schulz×6, Dana Mitzel×4, William Witola×2, Joyce Jose×2. Signals: rx_decision=0, rx_assign=4, rx_summarize=0, decision_any=4. Salient keywords: the, and, you, they, that, with, host, can. Sample lines: Wilfred van der Donk: “We already talked about that with respect to anything uh with respect to uh epigenetics of the host uh we often don't have the data uh and and and when we do have the data uh you usually generate it yourself.” (-6.3s) | Dana Mitzel: “Um, but you know with West Nile as it passed through the United States and have changed and even now with SARS ..."
2021_10_01_MZT_S11,2021_10_01_MZT_S11,5,1054.220848056537,1034.220848056537,1074.220848056537,17:14,17:54,40.0,6,"Wilfred van der Donk×8, Kristin Koutmou×7, Danae Schulz×6, Dana Mitzel×4, William Witola×2, Joyce Jose×2","rx_decision=0, rx_assign=4, rx_summarize=0, decision_any=4","the, and, you, they, that, with, host, can","In a ~40s window (17:14–17:54), 6 speakers converged (m≥5). Turns by speaker: Wilfred van der Donk×8, Kristin Koutmou×7, Danae Schulz×6, Dana Mitzel×4, William Witola×2, Joyce Jose×2. Signals: rx_decision=0, rx_assign=4, rx_summarize=0, decision_any=4. Salient keywords: the, and, you, they, that, with, host, can. Sample lines: Wilfred van der Donk: “We already talked about that with respect to anything uh with respect to uh epigenetics of the host uh we often don't have the data uh and and and when we do have the data uh you usually generate it yourself.” (-6.3s) | Dana Mitzel: “Um, but you know with West Nile as it passed through the United States and have changed and even now with SARS ..."
2021_10_01_MZT_S11,2021_10_01_MZT_S11,6,1054.220848056537,1034.220848056537,1074.220848056537,17:14,17:54,40.0,6,"Wilfred van der Donk×8, Kristin Koutmou×7, Danae Schulz×6, Dana Mitzel×4, William Witola×2, Joyce Jose×2","rx_decision=0, rx_assign=4, rx_summarize=0, decision_any=4","the, and, you, they, that, with, host, can","In a ~40s window (17:14–17:54), 6 speakers converged (m≥6). Turns by speaker: Wilfred van der Donk×8, Kristin Koutmou×7, Danae Schulz×6, Dana Mitzel×4, William Witola×2, Joyce Jose×2. Signals: rx_decision=0, rx_assign=4, rx_summarize=0, decision_any=4. Salient keywords: the, and, you, they, that, with, host, can. Sample lines: Wilfred van der Donk: “We already talked about that with respect to anything uh with respect to uh epigenetics of the host uh we often don't have the data uh and and and when we do have the data uh you usually generate it yourself.” (-6.3s) | Dana Mitzel: “Um, but you know with West Nile as it passed through the United States and have changed and even now with SARS ..."
2021_10_01_MZT_S11,2021_10_01_MZT_S11,2,1055.3636363636365,1035.3636363636365,1075.3636363636365,17:15,17:55,40.0,6,"Wilfred van der Donk×8, Kristin Koutmou×7, Danae Schulz×7, Dana Mitzel×3, William Witola×2, Joyce Jose×2","rx_decision=0, rx_assign=4, rx_summarize=0, decision_any=4","the, and, you, they, that, host, with, can","In a ~40s window (17:15–17:55), 6 speakers converged (m≥2). Turns by speaker: Wilfred van der Donk×8, Kristin Koutmou×7, Danae Schulz×7, Dana Mitzel×3, William Witola×2, Joyce Jose×2. Signals: rx_decision=0, rx_assign=4, rx_summarize=0, decision_any=4. Salient keywords: the, and, you, they, that, host, with, can. Sample lines: Wilfred van der Donk: “We already talked about that with respect to anything uh with respect to uh epigenetics of the host uh we often don't have the data uh and and and when we do have the data uh you usually generate it yourself.” (-7.4s) | Dana Mitzel: “Um, but you know with West Nile as it passed through the United States and have changed and even now with SARS ..."
2021_10_01_MZT_S11,2021_10_01_MZT_S11,3,1055.3636363636365,1035.3636363636365,1075.3636363636365,17:15,17:55,40.0,6,"Wilfred van der Donk×8, Kristin Koutmou×7, Danae Schulz×7, Dana Mitzel×3, William Witola×2, Joyce Jose×2","rx_decision=0, rx_assign=4, rx_summarize=0, decision_any=4","the, and, you, they, that, host, with, can","In a ~40s window (17:15–17:55), 6 speakers converged (m≥3). Turns by speaker: Wilfred van der Donk×8, Kristin Koutmou×7, Danae Schulz×7, Dana Mitzel×3, William Witola×2, Joyce Jose×2. Signals: rx_decision=0, rx_assign=4, rx_summarize=0, decision_any=4. Salient keywords: the, and, you, they, that, host, with, can. Sample lines: Wilfred van der Donk: “We already talked about that with respect to anything uh with respect to uh epigenetics of the host uh we often don't have the data uh and and and when we do have the data uh you usually generate it yourself.” (-7.4s) | Dana Mitzel: “Um, but you know with West Nile as it passed through the United States and have changed and even now with SARS ..."
2021_10_01_MZT_S11,2021_10_01_MZT_S11,4,1055.3636363636365,1035.3636363636365,1075.3636363636365,17:15,17:55,40.0,6,"Wilfred van der Donk×8, Kristin Koutmou×7, Danae Schulz×7, Dana Mitzel×3, William Witola×2, Joyce Jose×2","rx_decision=0, rx_assign=4, rx_summarize=0, decision_any=4","the, and, you, they, that, host, with, can","In a ~40s window (17:15–17:55), 6 speakers converged (m≥4). Turns by speaker: Wilfred van der Donk×8, Kristin Koutmou×7, Danae Schulz×7, Dana Mitzel×3, William Witola×2, Joyce Jose×2. Signals: rx_decision=0, rx_assign=4, rx_summarize=0, decision_any=4. Salient keywords: the, and, you, they, that, host, with, can. Sample lines: Wilfred van der Donk: “We already talked about that with respect to anything uh with respect to uh epigenetics of the host uh we often don't have the data uh and and and when we do have the data uh you usually generate it yourself.” (-7.4s) | Dana Mitzel: “Um, but you know with West Nile as it passed through the United States and have changed and even now with SARS ..."
2021_10_01_MZT_S11,2021_10_01_MZT_S11,5,1055.3636363636365,1035.3636363636365,1075.3636363636365,17:15,17:55,40.0,6,"Wilfred van der Donk×8, Kristin Koutmou×7, Danae Schulz×7, Dana Mitzel×3, William Witola×2, Joyce Jose×2","rx_decision=0, rx_assign=4, rx_summarize=0, decision_any=4","the, and, you, they, that, host, with, can","In a ~40s window (17:15–17:55), 6 speakers converged (m≥5). Turns by speaker: Wilfred van der Donk×8, Kristin Koutmou×7, Danae Schulz×7, Dana Mitzel×3, William Witola×2, Joyce Jose×2. Signals: rx_decision=0, rx_assign=4, rx_summarize=0, decision_any=4. Salient keywords: the, and, you, they, that, host, with, can. Sample lines: Wilfred van der Donk: “We already talked about that with respect to anything uh with respect to uh epigenetics of the host uh we often don't have the data uh and and and when we do have the data uh you usually generate it yourself.” (-7.4s) | Dana Mitzel: “Um, but you know with West Nile as it passed through the United States and have changed and even now with SARS ..."
2021_10_01_MZT_S11,2021_10_01_MZT_S11,6,1055.3636363636365,1035.3636363636365,1075.3636363636365,17:15,17:55,40.0,6,"Wilfred van der Donk×8, Kristin Koutmou×7, Danae Schulz×7, Dana Mitzel×3, William Witola×2, Joyce Jose×2","rx_decision=0, rx_assign=4, rx_summarize=0, decision_any=4","the, and, you, they, that, host, with, can","In a ~40s window (17:15–17:55), 6 speakers converged (m≥6). Turns by speaker: Wilfred van der Donk×8, Kristin Koutmou×7, Danae Schulz×7, Dana Mitzel×3, William Witola×2, Joyce Jose×2. Signals: rx_decision=0, rx_assign=4, rx_summarize=0, decision_any=4. Salient keywords: the, and, you, they, that, host, with, can. Sample lines: Wilfred van der Donk: “We already talked about that with respect to anything uh with respect to uh epigenetics of the host uh we often don't have the data uh and and and when we do have the data uh you usually generate it yourself.” (-7.4s) | Dana Mitzel: “Um, but you know with West Nile as it passed through the United States and have changed and even now with SARS ..."
2021_10_01_MZT_S11,2021_10_01_MZT_S11,2,1059.3636363636365,1039.3636363636365,1079.3636363636365,17:19,17:59,40.0,6,"Kristin Koutmou×7, Danae Schulz×7, Wilfred van der Donk×6, Dana Mitzel×3, William Witola×2, Joyce Jose×2","rx_decision=0, rx_assign=4, rx_summarize=0, decision_any=4","the, and, you, they, that, host, with, can","In a ~40s window (17:19–17:59), 6 speakers converged (m≥2). Turns by speaker: Kristin Koutmou×7, Danae Schulz×7, Wilfred van der Donk×6, Dana Mitzel×3, William Witola×2, Joyce Jose×2. Signals: rx_decision=0, rx_assign=4, rx_summarize=0, decision_any=4. Salient keywords: the, and, you, they, that, host, with, can. Sample lines: Wilfred van der Donk: “We already talked about that with respect to anything uh with respect to uh epigenetics of the host uh we often don't have the data uh and and and when we do have the data uh you usually generate it yourself.” (-11.4s) | Dana Mitzel: “Um, but you know with West Nile as it passed through the United States and have changed and even now with SARS..."
2021_10_01_MZT_S11,2021_10_01_MZT_S11,3,1059.3636363636365,1039.3636363636365,1079.3636363636365,17:19,17:59,40.0,6,"Kristin Koutmou×7, Danae Schulz×7, Wilfred van der Donk×6, Dana Mitzel×3, William Witola×2, Joyce Jose×2","rx_decision=0, rx_assign=4, rx_summarize=0, decision_any=4","the, and, you, they, that, host, with, can","In a ~40s window (17:19–17:59), 6 speakers converged (m≥3). Turns by speaker: Kristin Koutmou×7, Danae Schulz×7, Wilfred van der Donk×6, Dana Mitzel×3, William Witola×2, Joyce Jose×2. Signals: rx_decision=0, rx_assign=4, rx_summarize=0, decision_any=4. Salient keywords: the, and, you, they, that, host, with, can. Sample lines: Wilfred van der Donk: “We already talked about that with respect to anything uh with respect to uh epigenetics of the host uh we often don't have the data uh and and and when we do have the data uh you usually generate it yourself.” (-11.4s) | Dana Mitzel: “Um, but you know with West Nile as it passed through the United States and have changed and even now with SARS..."
2021_10_01_MZT_S11,2021_10_01_MZT_S11,4,1059.3636363636365,1039.3636363636365,1079.3636363636365,17:19,17:59,40.0,6,"Kristin Koutmou×7, Danae Schulz×7, Wilfred van der Donk×6, Dana Mitzel×3, William Witola×2, Joyce Jose×2","rx_decision=0, rx_assign=4, rx_summarize=0, decision_any=4","the, and, you, they, that, host, with, can","In a ~40s window (17:19–17:59), 6 speakers converged (m≥4). Turns by speaker: Kristin Koutmou×7, Danae Schulz×7, Wilfred van der Donk×6, Dana Mitzel×3, William Witola×2, Joyce Jose×2. Signals: rx_decision=0, rx_assign=4, rx_summarize=0, decision_any=4. Salient keywords: the, and, you, they, that, host, with, can. Sample lines: Wilfred van der Donk: “We already talked about that with respect to anything uh with respect to uh epigenetics of the host uh we often don't have the data uh and and and when we do have the data uh you usually generate it yourself.” (-11.4s) | Dana Mitzel: “Um, but you know with West Nile as it passed through the United States and have changed and even now with SARS..."
2021_10_01_MZT_S11,2021_10_01_MZT_S11,5,1059.3636363636365,1039.3636363636365,1079.3636363636365,17:19,17:59,40.0,6,"Kristin Koutmou×7, Danae Schulz×7, Wilfred van der Donk×6, Dana Mitzel×3, William Witola×2, Joyce Jose×2","rx_decision=0, rx_assign=4, rx_summarize=0, decision_any=4","the, and, you, they, that, host, with, can","In a ~40s window (17:19–17:59), 6 speakers converged (m≥5). Turns by speaker: Kristin Koutmou×7, Danae Schulz×7, Wilfred van der Donk×6, Dana Mitzel×3, William Witola×2, Joyce Jose×2. Signals: rx_decision=0, rx_assign=4, rx_summarize=0, decision_any=4. Salient keywords: the, and, you, they, that, host, with, can. Sample lines: Wilfred van der Donk: “We already talked about that with respect to anything uh with respect to uh epigenetics of the host uh we often don't have the data uh and and and when we do have the data uh you usually generate it yourself.” (-11.4s) | Dana Mitzel: “Um, but you know with West Nile as it passed through the United States and have changed and even now with SARS..."
2021_10_01_MZT_S11,2021_10_01_MZT_S11,6,1059.3636363636365,1039.3636363636365,1079.3636363636365,17:19,17:59,40.0,6,"Kristin Koutmou×7, Danae Schulz×7, Wilfred van der Donk×6, Dana Mitzel×3, William Witola×2, Joyce Jose×2","rx_decision=0, rx_assign=4, rx_summarize=0, decision_any=4","the, and, you, they, that, host, with, can","In a ~40s window (17:19–17:59), 6 speakers converged (m≥6). Turns by speaker: Kristin Koutmou×7, Danae Schulz×7, Wilfred van der Donk×6, Dana Mitzel×3, William Witola×2, Joyce Jose×2. Signals: rx_decision=0, rx_assign=4, rx_summarize=0, decision_any=4. Salient keywords: the, and, you, they, that, host, with, can. Sample lines: Wilfred van der Donk: “We already talked about that with respect to anything uh with respect to uh epigenetics of the host uh we often don't have the data uh and and and when we do have the data uh you usually generate it yourself.” (-11.4s) | Dana Mitzel: “Um, but you know with West Nile as it passed through the United States and have changed and even now with SARS..."
2021_10_01_MZT_S11,2021_10_01_MZT_S11,2,1081.8235294117649,1061.8235294117649,1101.8235294117649,17:42,18:22,40.0,5,"Kristin Koutmou×8, Dana Mitzel×4, Danae Schulz×2, Wilfred van der Donk×2, Joyce Jose×1","rx_decision=4, rx_assign=0, rx_summarize=0, decision_any=4","the, that, and, you, know, they, but, have","In a ~40s window (17:42–18:22), 5 speakers converged (m≥2). Turns by speaker: Kristin Koutmou×8, Dana Mitzel×4, Danae Schulz×2, Wilfred van der Donk×2, Joyce Jose×1. Signals: rx_decision=4, rx_assign=0, rx_summarize=0, decision_any=4. Salient keywords: the, that, and, you, know, they, but, have. Sample lines: Kristin Koutmou: “All right, so I I think the first thing we need or the thing that I would be be most useful for me to get your help with is to figure out which one of these we actually want to share out because we had a lot of ideas, but I think we should maybe prioritize when we share out.” (+0.0s) | Dana Mitzel: “Um, but you know with West Nile as it passed through the United Sta..."
2021_10_01_MZT_S11,2021_10_01_MZT_S11,3,1081.8235294117649,1061.8235294117649,1101.8235294117649,17:42,18:22,40.0,5,"Kristin Koutmou×8, Dana Mitzel×4, Danae Schulz×2, Wilfred van der Donk×2, Joyce Jose×1","rx_decision=4, rx_assign=0, rx_summarize=0, decision_any=4","the, that, and, you, know, they, but, have","In a ~40s window (17:42–18:22), 5 speakers converged (m≥3). Turns by speaker: Kristin Koutmou×8, Dana Mitzel×4, Danae Schulz×2, Wilfred van der Donk×2, Joyce Jose×1. Signals: rx_decision=4, rx_assign=0, rx_summarize=0, decision_any=4. Salient keywords: the, that, and, you, know, they, but, have. Sample lines: Kristin Koutmou: “All right, so I I think the first thing we need or the thing that I would be be most useful for me to get your help with is to figure out which one of these we actually want to share out because we had a lot of ideas, but I think we should maybe prioritize when we share out.” (+0.0s) | Dana Mitzel: “Um, but you know with West Nile as it passed through the United Sta..."
2021_10_01_MZT_S11,2021_10_01_MZT_S11,4,1081.8235294117649,1061.8235294117649,1101.8235294117649,17:42,18:22,40.0,5,"Kristin Koutmou×8, Dana Mitzel×4, Danae Schulz×2, Wilfred van der Donk×2, Joyce Jose×1","rx_decision=4, rx_assign=0, rx_summarize=0, decision_any=4","the, that, and, you, know, they, but, have","In a ~40s window (17:42–18:22), 5 speakers converged (m≥4). Turns by speaker: Kristin Koutmou×8, Dana Mitzel×4, Danae Schulz×2, Wilfred van der Donk×2, Joyce Jose×1. Signals: rx_decision=4, rx_assign=0, rx_summarize=0, decision_any=4. Salient keywords: the, that, and, you, know, they, but, have. Sample lines: Kristin Koutmou: “All right, so I I think the first thing we need or the thing that I would be be most useful for me to get your help with is to figure out which one of these we actually want to share out because we had a lot of ideas, but I think we should maybe prioritize when we share out.” (+0.0s) | Dana Mitzel: “Um, but you know with West Nile as it passed through the United Sta..."
2021_10_01_MZT_S11,2021_10_01_MZT_S11,5,1081.8235294117649,1061.8235294117649,1101.8235294117649,17:42,18:22,40.0,5,"Kristin Koutmou×8, Dana Mitzel×4, Danae Schulz×2, Wilfred van der Donk×2, Joyce Jose×1","rx_decision=4, rx_assign=0, rx_summarize=0, decision_any=4","the, that, and, you, know, they, but, have","In a ~40s window (17:42–18:22), 5 speakers converged (m≥5). Turns by speaker: Kristin Koutmou×8, Dana Mitzel×4, Danae Schulz×2, Wilfred van der Donk×2, Joyce Jose×1. Signals: rx_decision=4, rx_assign=0, rx_summarize=0, decision_any=4. Salient keywords: the, that, and, you, know, they, but, have. Sample lines: Kristin Koutmou: “All right, so I I think the first thing we need or the thing that I would be be most useful for me to get your help with is to figure out which one of these we actually want to share out because we had a lot of ideas, but I think we should maybe prioritize when we share out.” (+0.0s) | Dana Mitzel: “Um, but you know with West Nile as it passed through the United Sta..."
2021_10_01_MZT_S11,2021_10_01_MZT_S11,6,1081.8235294117649,1061.8235294117649,1101.8235294117649,17:42,18:22,40.0,5,"Kristin Koutmou×8, Dana Mitzel×4, Danae Schulz×2, Wilfred van der Donk×2, Joyce Jose×1","rx_decision=4, rx_assign=0, rx_summarize=0, decision_any=4","the, that, and, you, know, they, but, have","In a ~40s window (17:42–18:22), 5 speakers converged (m≥6). Turns by speaker: Kristin Koutmou×8, Dana Mitzel×4, Danae Schulz×2, Wilfred van der Donk×2, Joyce Jose×1. Signals: rx_decision=4, rx_assign=0, rx_summarize=0, decision_any=4. Salient keywords: the, that, and, you, know, they, but, have. Sample lines: Kristin Koutmou: “All right, so I I think the first thing we need or the thing that I would be be most useful for me to get your help with is to figure out which one of these we actually want to share out because we had a lot of ideas, but I think we should maybe prioritize when we share out.” (+0.0s) | Dana Mitzel: “Um, but you know with West Nile as it passed through the United Sta..."
