session_id,example_type,sent_id,nli_novelty,text,entailed_prior_sent_id,entailed_prior_text,context_before,context_after
2021_06_11_SLU_S3,new_idea,0,1.0,Can I interject?,,,[],"[[1, ""I realized we all have our hands up kind of permanently after we use it once.""], [2, ""Could could you say more about it?""]]"
2021_06_11_SLU_S3,new_idea,117,0.9991613637539558,"I should just mention there's also one layer of complexity beyond that, which is that many stars are actually born in pairs.",115.0,So I'm actually uh kind of a stellar chemist in some sense.,"[[115, ""So I'm actually uh kind of a stellar chemist in some sense.""], [116, ""I work on trying to understand the chemical composition or chemical DNA as we say of stars across the Milky Way to piece together the formation.""]]","[[118, ""And once you add a binary star, the dynamics, the internal dynamics become pretty chaotic.""], [119, ""Right.""]]"
2021_06_11_SLU_S3,new_idea,170,0.999089292541612,And then I'm also currently really interested in stars and stellar activity.,165.0,"Eve, you've had your hand up for a while, so.","[[168, ""I try and understand how the chemistry of those discs becomes the chemistry of planets.""], [169, ""I try and understand the dynamics of how planets and discs interact, whether that means for like impacts and kicking up um collisions in discs.""]]","[[171, ""So stars throughout these bursts of radiation that go out and, you know, impact the planets and their atmospheres and their life and the discs.""], [172, ""And so I'm really um trying to better understand that and then draw a connection to understand what that would do to say an organism hanging out on the surface of an exoplanet that gets hit by this burst of radiation.""]]"
2021_06_11_SLU_S3,reinforcement,462,0.0088856816291809,So that's a whole workshop that question.,461.0,So that's a whole workshop that question.,"[[460, ""So resilience might be the word that you're.""], [461, ""So that's a whole workshop that question.""]]","[[463, ""Um, I I want to point out that we have five minutes.""], [464, ""So the other thing that strikes me in all of this conversation and you're all coming from this from slightly different if not very different angles is this whole idea of robustness in terms of going from precursor molecules to bigger precursors in a very prebiotic sense.""]]"
2021_06_11_SLU_S3,reinforcement,256,0.0487578511238098,"But I don't know, it's just an interesting question.",252.0,"Um, but I think that's a really interesting question.","[[254, ""Um, and so there could have been some sort of robust biosphere in the deep sea along the subsurface.""], [255, ""Um, and then, you know, your other question was at what point would it have been detectable and I think that, you know, at that point it would have had to become robust enough to spread throughout the oceans to produce enough gases that has enough flux to be detectable.""]]","[[257, ""I think the late heavy bombardment kind of plays an interesting role there.""], [258, ""How about that interface?""]]"
2021_06_11_SLU_S3,reinforcement,337,0.0577281713485717,That would be my take on it.,332.0,Um the way I think about it is almost as a form of inevitability.,"[[335, ""Um and there's broad there's there's broad idea in the microbial world that microbes eventually will evolve a way to use that energy.""], [336, ""There is there's holes in that theory and counter examples.""]]","[[338, ""Maybe we shouldn't worry too much about that about not being able to see that that first that first step.""], [339, ""Uh so that's less than a quarter of Earth's lifetime and about a quarter of of of life's lifetime on earth.""]]"
2021_10_01_MZT_S2,new_idea,121,0.9991355272359216,And I'm also doing a doing a bit of work with rabies and raccoon as well.,116.0,I'm an assistant prof at Southern Illinois University.,"[[119, ""So I'm really more trained like not all my work is on disease specifically.""], [120, ""In term of disease, I've been working on recently more on whitetail deer and chronic wasting disease, like doing work locally in Illinois.""]]","[[122, ""Oh you got it perfectly.""], [123, ""Well, I mean, I'm probably the least qualified person to talk about drivers, but uh, I to me it seems that it's I want yeah, what I was wondering is there any way we we can base on like the life history of the pathogen.""]]"
2021_10_01_MZT_S2,new_idea,212,0.9990548064233736,I'm also thinking a lot about how to optimize surveillance programs um to be able to be truly early detection and response capable.,209.0,Um and uh I'm a disease modeler.,"[[210, ""I'm working a lot on African swine fever right now, trying to predict spatial spread, what would happen in an emergency event and what would be our optimal control strategy.""], [211, ""So I work a lot on um management problems, how to manage disease um and how to predict its spatial spread especially in wildlife populations and at the wildlife livestock interface.""]]","[[213, ""Um that's all I'll say.""], [214, ""That I wasn't exactly thinking that.""]]"
2021_10_01_MZT_S2,new_idea,194,0.9990193168632686,I think there's a really good opportunity for that right now because of SARS COV2 emerging in wildlife.,191.0,"I think it's worth uh folks that are the metabolic experts thinking about some projects about how whether you could map metabolic indicators to predicting host behavior and therefore transmission, you know, host contact and like Adela Oliva Chavez brought up super spreader.","[[192, ""So like characterizing a host population in terms of their super spreading ability, um transmission traits and or how it might affect viral evolution, like the amount of genetic diversity that's brought to bear in a population on potential for spillover.""], [193, ""Um, that those seem like good avenues for projects.""]]","[[195, ""I think, you know, so I want to start asking, okay, we have this going on, do we focus on predicting like where it's going to happen next or do we focus on what we need to do um, how we need to sample to find the clusters that have established and respond to them.""], [196, ""I um, I'm going to start out with something that I was thinking about last night.""]]"
2021_10_01_MZT_S2,reinforcement,256,0.0056798458099365,"And Daniel had had his hand up, but that's okay and that'll come to you.",254.0,"And Daniel Daniel had had his hand up, but that's okay and that'll come to you.","[[254, ""And Daniel Daniel had had his hand up, but that's okay and that'll come to you.""], [255, ""Go ahead, Daniel, you had yeah.""]]","[[257, ""Go ahead, Daniel, you had yeah.""], [258, ""Anybody have thoughts on um how would you?""]]"
2021_10_01_MZT_S2,reinforcement,78,0.0060958266258239,"We need to try to predict and um, have effective surveillance, but as we saw with SARS COV2, you know, even our surveillance of human diseases is not very good and takes a long time to catch things.",76.0,"We need to try to predict and um, have effective surveillance, but as we saw with SARS COV2, you know, even our surveillance of human diseases is not very good and takes a long time to catch things.","[[76, ""We need to try to predict and um, have effective surveillance, but as we saw with SARS COV2, you know, even our surveillance of human diseases is not very good and takes a long time to catch things.""], [77, ""Yeah, I was just going to say that I really think we need both, right?""]]","[[79, ""So we really need effective surveillance and increased knowledge about predicting um, and I think to do both of those, you know, it's a big effort.""], [80, ""Um, kind of seems insurmountable, but I think that's what what it we need to to work on.""]]"
2021_10_01_MZT_S2,reinforcement,257,0.0076352357864379,"Go ahead, Daniel, you had yeah.",255.0,"Go ahead, Daniel, you had yeah.","[[255, ""Go ahead, Daniel, you had yeah.""], [256, ""And Daniel had had his hand up, but that's okay and that'll come to you.""]]","[[258, ""Anybody have thoughts on um how would you?""], [259, ""How how do you predict those drivers?""]]"
2021_04_23_MND_S12,new_idea,0,1.0,3.3 is slide 55.,,,[],"[[1, ""Just go copy copy it and make it uh and and uh we'll get them fixed.""], [2, ""We'll get them straightened out.""]]"
2021_04_23_MND_S12,new_idea,9,0.9991482726763934,And then I'm also interested in things like iodine transformation in soil systems.,5.0,I'm an associate professor of biology at Howard University in Washington DC.,"[[7, ""Most of my work is in environmental systems.""], [8, ""So I'm interested in um micro interactions in uh insects.""]]","[[10, ""And the thing that brings me to this group is our work looking at the role of Rexin in uh gut micro uh interactions and at that level.""], [11, ""So my question is going to be um has anyone looked at sort of like an engineered community where we we know that there are these different microbes that are producing these things that, you know, the the nervous system can respond to and then look at where these organisms then colonize.""]]"
2021_04_23_MND_S12,new_idea,481,0.9991207620478236,Would you not also want to at the same time sample the lumen of the intestine to see what's being produced compared to what's in the circulation and then what's happening in the brain.,477.0,"Yeah, I like that idea a lot. the thing that always troubles me about metabolites and things in the systemic circulation.","[[479, ""Has anybody looked regionally and then looked at concentrations to see if it would even have an effect?""], [480, ""that it's getting into the circulation.""]]","[[482, ""Hi everyone.""], [483, ""I'm Sandra Laney.""]]"
2021_04_23_MND_S12,reinforcement,432,0.0057008266448974,You have a lot of really great points.,431.0,You have a lot of really great points.,"[[430, ""Yeah.""], [431, ""You have a lot of really great points.""]]","[[433, ""actually, so succinate and tough cells is an example of this.""], [434, ""We know that tons of bacteria make succinate.""]]"
2021_04_23_MND_S12,reinforcement,115,0.0057546496391296,You kind of get the idea.,114.0,You kind of get the idea.,"[[113, ""We serendipitously started to notice that different gut microbial populations.""], [114, ""You kind of get the idea.""]]","[[116, ""and just to piggy back off of that, uh, Emily Balskus who's also here as a facilitator.""], [117, ""She showed, I think it was a couple years ago in Nature Micro, I think, where it was actually if they were a group of microbes that were deficient in an enzyme called like TMA lyase, there were other gut microbes that could basically engage in alternative metabolic processing of those natural byproducts to generate TMA endogenously even the absence of the the native enzyme that catalyzes that transformation.""]]"
2021_04_23_MND_S12,reinforcement,452,0.0084348917007446,"that's but even that is a little tough for me because at least from what I've read the estimates for, you know, the extra energy we get from harvesting um, you know, undigestible fibers for example is about 10%.",451.0,"that's but even that is a little tough for me because at least from what I've read the estimates for, you know, the extra energy we get from harvesting um, you know, undigestible fibers for example is about 10%.","[[450, ""happier is""], [451, ""that's but even that is a little tough for me because at least from what I've read the estimates for, you know, the extra energy we get from harvesting um, you know, undigestible fibers for example is about 10%.""]]","[[453, ""And let's be honest, the amount of energy we spend making constant immune responses, you know, secreting grams qualities of antibodies into our gut lumen and crapping it out every day is way more than 10% of our our, you know, what we get back from having the microbes there.""], [454, ""For a long time it was even thought that the brain was, you know, separate from the peripheral immune system, but we know that that's not true anymore.""]]"
2021_05_21_ABI_S10,new_idea,0,1.0,"But in in discovery where you you're pushing the knowledge, there there is no there is no not everybody will do the same experiment and produce the same data to make it to make it available, right?",,,[],"[[1, ""Because if once the experiment is done and it's accepted, you you move on to the next thing and then you you you evolve the the technology further and that will create a very heterogeneous type.""], [2, ""Dylan Burnett was there.""]]"
2021_05_21_ABI_S10,new_idea,437,0.9989487638231368,And I find that that that limits a lot of progress because it doesn't allow us to really standardize things across different institutions or instruments or setups and so I've seen some databases go up that try to provide that information.,436.0,Like somebody has a little special trick there or a little trick there that they process it with and it's not always available.,"[[435, ""And I think that that's kind of sad, but like that's that's the truth, right?""], [436, ""Like somebody has a little special trick there or a little trick there that they process it with and it's not always available.""]]","[[438, ""I've participated in some of them as well to just give away everything, all the metadata, all the code, everything you have to try to make it transferable, but I I don't know to me that's the bottleneck to doing really quantitative imaging.""], [439, ""Context?""]]"
2021_05_21_ABI_S10,new_idea,30,0.998876519384794,"Um, and they demonstrate that on imaging and sequencing data.",25.0,"And I'd say like, you know, from the methods perspective, this isn't um, you know, this isn't crazy or even like that far out of the norm given like what machine learning methods can uh what machine learning methods can do now.","[[28, ""No, that's appropriate.""], [29, ""Yeah, so the paper describes a framework for integrating arbitrary number or arbitrary number of different modalities.""]]","[[31, ""Um, it works like fairly well.""], [32, ""Oh sorry.""]]"
2021_05_21_ABI_S10,reinforcement,68,0.0163266658782959,"Yeah, if I could if I could add.",64.0,"Yeah, if I could add a thought that was um sparked by what Vivian had to say, which is uh people don't really understand like the full value of reference data sets.","[[66, ""Um, you know, we just experienced this uh in the last like couple in the last like year or so.""], [67, ""Um we've put together a reference data set for doing whole cell and nuclear segmentation human tissues.""]]","[[69, ""Yeah, that's true.""], [70, ""I know like Google put together like a um an image searching algorithm for like cancer cases, right?""]]"
2021_05_21_ABI_S10,reinforcement,19,0.0198175907135009,It's just um a lot of challenges to implementing it.,17.0,So so I can see a lot of potential but also a lot of problems of of implementing um a standardized uh data repository.,"[[17, ""So so I can see a lot of potential but also a lot of problems of of implementing um a standardized uh data repository.""], [18, ""But it's definitely something I feel could could have a lot of value.""]]","[[20, ""There's one name in there who is not actually in our group, Dylan Burnett from UWM.""], [21, ""There's some name in the in the list on the slide that wasn't actually in our group.""]]"
2021_05_21_ABI_S10,reinforcement,62,0.0326612591743469,"Yeah, from the algorithm side.",58.0,"Um has to um yeah, so I guess my my my I guess my larger point is that from like the algorithmic perspective, I'm not saying like there aren't improvements to be made, um, but these are at least to my in my view like very addressable problems.","[[60, ""And I know of at least one uh researcher Carolyn Uhler um uh who comes to mind who's like actively working on methods for, you know, building like these sort of shared embeddings.""], [61, ""Um yeah.""]]","[[63, ""It's more like what like uh what basically what Matt was like alluding to is like wrangling the data to a format where you actually can start to use these approaches.""], [64, ""Yeah, if I could add a thought that was um sparked by what Vivian had to say, which is uh people don't really understand like the full value of reference data sets.""]]"
2021_06_11_SLU_S12,new_idea,0,1.0,And that's actually that's maybe a a better way to phrase some of these things.,,,[],"[[1, ""And then if you start to have an ozone layer, you actually start to cut everything off below UV B, you know, UVA comes a little bit but not much.""], [2, ""And so the atmosphere is actually much better deterrent for high energy radiation getting to the ground as long as you don't destroy it, right?""]]"
2021_06_11_SLU_S12,new_idea,127,0.9990513513912448,"Um I also do a lot of work on stellar astrophysics, stellar structure and evolution and a lot of my research uh revolves around the understanding the connection between stars and planets.",123.0,"Everybody, I'm Dan.","[[125, ""Um I work on um I'm an observational astronomer.""], [126, ""I do exoplanet uh detection and characterization using transits and radial velocities.""]]","[[128, ""So how are stellar properties connected to exoplanet demographics and also do uh a bit of work on um galactic archaeology, galactic astronomy type stellar population type uh type work.""], [129, ""Everybody.""]]"
2021_06_11_SLU_S12,new_idea,412,0.9990321271470748,And then also try to figure out if you would like to be the reporter and a couple of people have done it already.,408.0,"Okay, I'll put my timer up.","[[410, ""Everybody, uh, write down what questions you have for the session, what you want to, uh, discuss.""], [411, ""So I'll give you about a minute.""]]","[[413, ""So there are only a couple of options in this group.""], [414, ""Think about if you want to report out.""]]"
2021_06_11_SLU_S12,reinforcement,183,0.0062296986579895,But uh it's a fascinating question.,179.0,But uh it's a fascinating question.,"[[181, ""I don't know.""], [182, ""I think one of the things that's very interesting there too is if you what what are the things that interest me too is if you imagine life in the ocean, life could adjust it's it's depth in the water depending on how much radiation you have until you start to radiate, you know, the ocean away then then it's going to be in trouble or it has an ice layer on top like Europa or uh anddus.""]]","[[184, ""Yeah, I had a really interesting discussion yesterday with uh Solange Duhamel and and she works in these like deep ocean environments like far away from the continents and was saying that life can like, you know, actually really easily do this sort of cycling and whether you'd imagine a scenario in which, you know, like the activity cycle of a star tied to like the cycling of life up and down in the ocean depth.""], [185, ""I think what what's really interesting in terms of historic what people have been doing, right?""]]"
2021_06_11_SLU_S12,reinforcement,182,0.0063154101371765,"I think one of the things that's very interesting there too is if you what what are the things that interest me too is if you imagine life in the ocean, life could adjust it's it's depth in the water depending on how much radiation you have until you start to radiate, you know, the ocean away then then it's going to be in trouble or it has an ice layer on top like Europa or uh anddus.",178.0,"I I think one of the things that's very interesting there too, if you what what are the things that interest me too is if you imagine life in the ocean, life could adjust it's it's depth in the water depending on how much radiation you have until you start to radiate, you know, the ocean away then then it's going to be in trouble or it has an ice layer on top like Europa or uh anddus.","[[180, ""I assume people are just taking a while coming back from the break and it'll be yeah.""], [181, ""I don't know.""]]","[[183, ""But uh it's a fascinating question.""], [184, ""Yeah, I had a really interesting discussion yesterday with uh Solange Duhamel and and she works in these like deep ocean environments like far away from the continents and was saying that life can like, you know, actually really easily do this sort of cycling and whether you'd imagine a scenario in which, you know, like the activity cycle of a star tied to like the cycling of life up and down in the ocean depth.""]]"
2021_06_11_SLU_S12,reinforcement,534,0.0064841508865356,"Yeah, that's really cool.",533.0,"Yeah, that's really cool.","[[532, ""And like I've been really interested in, you know, differences between like A type stars and later type stars because the A type stars are where we find all these giant directly image planets and they seem to have some slightly different disc properties like they hang on to gas for a lot longer and they have more massive discs and it seems like they might even have like different collisional properties and size distributions of bodies in their discs and so, you know, like the reach there would be to say, you know, I bet you could try and say something about like planet formation efficiency around different spectral type stars, you know, based on a variety of properties and my instinct is that there should be something there, but that we haven't gotten there yet.""], [533, ""Yeah, that's really cool.""]]","[[535, ""I did not actually know that either.""], [536, ""You know, do we have a late heavy bombardment impactors like that?""]]"
2021_05_21_ABI_S7,new_idea,0,1.0,Can I ask a question about the the transport phenomenon that you're interested in looking at inside the cilia?,,,[],"[[1, ""Is that motor based transport vesicular or free diffusion?""], [2, ""That might also be important for for the speed that you need to have in order to pick up the movement.""]]"
2021_05_21_ABI_S7,new_idea,367,0.9991102372878232,But the issue is then it's really computationally expensive to deconvolve into an image and resolution is only so so.,365.0,"Uh, could I ask Kristen, as we're getting uh close to finishing up, how do I put this into that the slide deck?","[[365, ""Uh, could I ask Kristen, as we're getting uh close to finishing up, how do I put this into that the slide deck?""], [366, ""What about um, uh, I used to do a little bit of light field microscopy where you put a lenslet array, uh, so that you can get kind of multiple views in the same camera frame.""]]","[[368, ""Yeah, I put that in.""], [369, ""I I agree.""]]"
2021_05_21_ABI_S7,new_idea,160,0.9990165787748992,"You can also do a port a less sophisticated version where you literally just use a couple cameras and displace where the image is being formed out of each of them, but this has some aberration cost.",158.0,There's there's multiple approaches.,"[[158, ""There's there's multiple approaches.""], [159, ""Um, the most rigorously optically corrected way would would sort of do it with some tricks in 4A space and then you would get different views on the same camera.""]]","[[161, ""And so there's a couple ways to do this.""], [162, ""Um, and so, you know, the simplest one to build is this one where you just displace a couple cheap cameras, you know, so that they're looking at different positions.""]]"
2021_05_21_ABI_S7,reinforcement,401,0.0080593228340148,100 hertz um is not out of reach of an SCM.,399.0,100 hertz um is not out of reach of an SCM.,"[[399, ""100 hertz um is not out of reach of an SCM.""], [400, ""So I mean with today's cameras like you know scientific cameras those frame rates are not out of reach, right?""]]","[[402, ""So, I mean, I guess just to give you an idea, right?""], [403, ""When we do high resolution imaging because we're using 100x objective, um our field of view is very limited, right?""]]"
2021_05_21_ABI_S7,reinforcement,400,0.0098599791526794,"So I mean with today's cameras like you know scientific cameras those frame rates are not out of reach, right?",398.0,"So I mean with today's cameras like you know scientific cameras those frame rates are not out of reach, right?","[[398, ""So I mean with today's cameras like you know scientific cameras those frame rates are not out of reach, right?""], [399, ""100 hertz um is not out of reach of an SCM.""]]","[[401, ""100 hertz um is not out of reach of an SCM.""], [402, ""So, I mean, I guess just to give you an idea, right?""]]"
2021_05_21_ABI_S7,reinforcement,251,0.011798083782196,"Great, thank you.",250.0,"Great, thank you.","[[249, ""Great, thank you very much.""], [250, ""Great, thank you.""]]","[[252, ""Great, thank you.""], [253, ""Great, thank you.""]]"
2021_04_22_MND_S8,new_idea,0,1.0,"I think that's a really good point about the the timing component and the I think for the microbiome field, one of the challenges is that the effects happen after such a long period of time.",,,[],"[[1, ""And if we're looking at even neurodegenerative diseases, it's I think that it's very restrictive to only look at the aging population for this because likely the effects of the microbiota will be happening over decades.""], [2, ""And so that presents a challenge, but also an opportunity to set up systems that will fund research that can really span an entire lifetime.""]]"
2021_04_22_MND_S8,new_idea,1,0.9988873412366956,"And if we're looking at even neurodegenerative diseases, it's I think that it's very restrictive to only look at the aging population for this because likely the effects of the microbiota will be happening over decades.",0.0,"I think that's a really good point about the the timing component and the I think for the microbiome field, one of the challenges is that the effects happen after such a long period of time.","[[0, ""I think that's a really good point about the the timing component and the I think for the microbiome field, one of the challenges is that the effects happen after such a long period of time.""]]","[[2, ""And so that presents a challenge, but also an opportunity to set up systems that will fund research that can really span an entire lifetime.""], [3, ""I understood the question is of finding molecules that are modified by the microbiota that ideally would influence the brain whether it's crossing the blood brain barrier and making it through and among those dead lists like there's things like GABA.""]]"
2021_04_22_MND_S8,new_idea,2,0.9988006950588896,"And so that presents a challenge, but also an opportunity to set up systems that will fund research that can really span an entire lifetime.",1.0,"And if we're looking at even neurodegenerative diseases, it's I think that it's very restrictive to only look at the aging population for this because likely the effects of the microbiota will be happening over decades.","[[0, ""I think that's a really good point about the the timing component and the I think for the microbiome field, one of the challenges is that the effects happen after such a long period of time.""], [1, ""And if we're looking at even neurodegenerative diseases, it's I think that it's very restrictive to only look at the aging population for this because likely the effects of the microbiota will be happening over decades.""]]","[[3, ""I understood the question is of finding molecules that are modified by the microbiota that ideally would influence the brain whether it's crossing the blood brain barrier and making it through and among those dead lists like there's things like GABA.""], [4, ""There's various other neurotransmitters that are modified and some of the things that we talked about during the talk like short chain fatty acids and bile acids are also kind of low hanging fruits.""]]"
2021_04_22_MND_S8,reinforcement,7,0.0215453505516052,I got it.,3.0,I understood the question is of finding molecules that are modified by the microbiota that ideally would influence the brain whether it's crossing the blood brain barrier and making it through and among those dead lists like there's things like GABA.,"[[5, ""and and also here, you know, the study design becomes really important, of course, because you you want to be following people for a really long time so that some of these microbiota effects can become evident.""], [6, ""Depression, right?""]]","[[8, ""Let me just also mention though, let's not totally focus on neurodegenerative diseases, right?""], [9, ""I mean, there's autism for little kids, there's addiction, there's um schizophrenia, there's there's all kinds of other mental health conditions that are not necessarily things that you have to wait uh the whole lifetime for.""]]"
2021_04_22_MND_S8,reinforcement,59,0.0277976393699646,I feel that we can apply the same approach to prioritize possible causal biomarkers for specific disease.,55.0,We can use that same approach and then screen through them to find the metabolite that are likely to be causal for a specific disease.,"[[57, ""That's what we do recently in the lab for COVID-19.""], [58, ""We go across a few thousand traits including biomarkers and identify the ones that are likely to be causal, increasing people's risk for severe COVID-19.""]]","[[60, ""And then we can flip that idea around.""], [61, ""If you have a specific biomarker like butyrate, what kind of disease is butyrate relevant with?""]]"
2021_04_22_MND_S8,reinforcement,53,0.1743103265762329,"So using genetic data, there's a possibility to test the possible causal relationship between one microbial biomarker and the disease.",52.0,"Like you use that genetic variant, you treat the metabolite and then you see if there's an impact on the disease.","[[51, ""So there's a method called Mendelian randomization, basically to use genetic variants from human host genetic variants that can control that biomarker and use that as a drug.""], [52, ""Like you use that genetic variant, you treat the metabolite and then you see if there's an impact on the disease.""]]","[[54, ""If we think about a bold suggestion is that we have many possible microbial biomarkers.""], [55, ""We can use that same approach and then screen through them to find the metabolite that are likely to be causal for a specific disease.""]]"
2021_04_23_MND_S3,new_idea,306,0.9991683164262212,We can see it in real time though on if we all have the Google Drive open in another browser tab so so we can watch it.,304.0,"Uh, yeah, yes.","[[304, ""Uh, yeah, yes.""], [305, ""Please do.""]]","[[307, ""Yeah, so I think at least in the case of Parkinson's disease, we're at least our group is leveraging a lot of the existing human data that's out there to understand those microbes that are most closely associated with the disease state.""], [308, ""And again, at least with Parkinson's disease, there's a a plethora now of of samples.""]]"
2021_04_23_MND_S3,new_idea,135,0.9991181907244028,"And there's also some really interesting um uh reverse projections from the NTS that go to the efferent arm of the Vegas too, which is another conversation for maybe later or or what have you.",132.0,There's there's a cool there's a great amount of projection actually I I'm fairly familiar with it because it's a research project I'm involved with.,"[[133, ""Yeah, but there's a good amount of projection because I wouldn't have been able to answer the question like a month ago.""], [134, ""Um there's a fair amount of projection coming from the NTS that goes up um parabrachial then then then up into, you know, areas, etc, etc. what you're saying.""]]","[[136, ""So.""], [137, ""Uh yeah, so so first and for I was going to say um so the idea of a of a of a microbe, you know, traveling um through through a cell or living in a cell is, you know, we we know this in in viruses obviously, right?""]]"
2021_04_23_MND_S3,new_idea,329,0.9990051889326425,And we also develop therapeutics targeting mitochondria.,324.0,"Okay, I can introduce myself.","[[327, ""Uh my lab studies mitochondria dysfunction in neurodegenerative disease uh like Alzheimer, Parkinson and Huntington disease.""], [328, ""We try to understand the molecular basis of mitochondria quality control uh in this across of neurodegeneration in neuronal cells and glial cells.""]]","[[330, ""Uh we use uh the all kinds of therapeutic approach to targeting mitochondria to uh to see if this is a uh the useful target for uh preventing the course of neurodegeneration.""], [331, ""Uh recently we started to look at the the role of mitochondria in the uh gut and the brain access, especially in the context of Alzheimer disease and the Parkinson disease.""]]"
2021_04_23_MND_S3,reinforcement,146,0.0064750909805297,That's a great question.,141.0,"Uh, so that's a good question.","[[144, ""Um and so I'm sure there's, you know, metabolites and and obviously other parts of of the bacteria like um the the cell wall that also directly interact with uh sensory neuron as well.""], [145, ""Uh but yeah, I don't know the answer to the question though.""]]","[[147, ""Which leads to really cool experiments where people.""], [148, ""Yeah, I'll go.""]]"
2021_04_23_MND_S3,reinforcement,346,0.0288102030754089,That is what we thought.,343.0,"Uh, our idea is that, you know, the the the patient actually carry the alpha synuclein they show higher level or they have the alpha synuclein mutation.","[[344, ""Uh, so this is the thing so we can really prevent.""], [345, ""However, uh, the gut microbiome or the stress from gut actually may form the inflammatory stress that actually track back to the brain which actually further uh stimulate alpha synuclein aggregation or toxicity.""]]","[[347, ""Uh, so we are still uh working on this part and say uh how the what to what extent the gut microbiome or the mitochondria in the gut uh gut system could actually enhance the alpha synuclein pathology in brain.""], [348, ""Uh, so we do see something but I I always say this is all be all about the combination.""]]"
2021_04_23_MND_S3,reinforcement,322,0.0316284298896789,"So it's not coming from the gut, um but it's another microbiome surface uh that that can directly at least shows as an example that that bacteria can can do this.",321.0,"So there's no there's no evidence to my knowledge of gut bacteria being viable and trafficking via these anatomical pathways to the brain, but I do think there's some experimental data at least from the oral or nasal microbiome showing that bacteria that are present at those epithelial surfaces uh can traffic across the the barrier and into the the brain and can actually be viable and live there.","[[320, ""period that can be taken up by those cells and that they can survive for at least 48 hours in a really small amount, but we haven't done any transfer experiments.""], [321, ""So there's no there's no evidence to my knowledge of gut bacteria being viable and trafficking via these anatomical pathways to the brain, but I do think there's some experimental data at least from the oral or nasal microbiome showing that bacteria that are present at those epithelial surfaces uh can traffic across the the barrier and into the the brain and can actually be viable and live there.""]]","[[323, ""Okay.""], [324, ""Okay, I can introduce myself.""]]"
2021_05_20_ABI_S4,new_idea,0,1.0,"Hi, I'm Alex.",,,[],"[[1, ""I'm at Texas A&M University and I do optical microscopy.""], [2, ""Mostly looking at label free stuff, so molecules that are already in your cells like NADH and FAD to study cellular metabolism.""]]"
2021_05_20_ABI_S4,new_idea,1,0.9990484733134508,I'm at Texas A&M University and I do optical microscopy.,0.0,"Hi, I'm Alex.","[[0, ""Hi, I'm Alex.""]]","[[2, ""Mostly looking at label free stuff, so molecules that are already in your cells like NADH and FAD to study cellular metabolism.""], [3, ""And we do that for a variety of applications including drug response in cancer and studying laser tissue interactions.""]]"
2021_05_20_ABI_S4,new_idea,161,0.9989919025683776,"But it there's also the more broader picture saying, well, my segment works depending on my final truth, which might be based on pathology.",160.0,"Well, maybe you use a dice coefficient or something like that.","[[159, ""And then you ask, well how do you evaluate it?""], [160, ""Well, maybe you use a dice coefficient or something like that.""]]","[[162, ""I think you're doing a great job here, Shannon.""], [163, ""Shannon, where do you see things can be move merged?""]]"
2021_05_20_ABI_S4,reinforcement,467,0.0064002275466918,"No, but like you basically we find like we have a still problem.",463.0,"No, but like you basically we find like we have a still problem.","[[465, ""So I'm just like, you know, running after radiologist and I tell them that, you know, if you want coffee, I bring you coffee and then when you are sitting in the reading room just please, you know, like let me come and then we go through some information.""], [466, ""But what you mentioned is just really the critical path for the success of what I'm doing is still I second Katie that is hard to get access.""]]","[[468, ""That's why I think that for example, if like funding agency they could recognize that and even in the hospital they could recognize that because sometimes I do work with a hospital that their main focus is not like research.""], [469, ""So I'm just like, you know, running after radiologist and I tell them that, you know, like let me come and then we go through some information.""]]"
2021_05_20_ABI_S4,reinforcement,468,0.0068463087081909,"That's why I think that for example, if like funding agency they could recognize that and even in the hospital they could recognize that because sometimes I do work with a hospital that their main focus is not like research.",464.0,"That's why I think that for example, if like funding agency they could recognize that and even in the hospital they could recognize that because sometimes I do work with a hospital that their main focus is not like research.","[[466, ""But what you mentioned is just really the critical path for the success of what I'm doing is still I second Katie that is hard to get access.""], [467, ""No, but like you basically we find like we have a still problem.""]]","[[469, ""So I'm just like, you know, running after radiologist and I tell them that, you know, like let me come and then we go through some information.""], [470, ""But what you mentioned is just really the critical path for the success of what I'm doing is still I second Katie that is hard to get access, but then like we have to.""]]"
2021_05_20_ABI_S4,reinforcement,469,0.0073338150978088,"So I'm just like, you know, running after radiologist and I tell them that, you know, like let me come and then we go through some information.",465.0,"So I'm just like, you know, running after radiologist and I tell them that, you know, if you want coffee, I bring you coffee and then when you are sitting in the reading room just please, you know, like let me come and then we go through some information.","[[467, ""No, but like you basically we find like we have a still problem.""], [468, ""That's why I think that for example, if like funding agency they could recognize that and even in the hospital they could recognize that because sometimes I do work with a hospital that their main focus is not like research.""]]","[[470, ""But what you mentioned is just really the critical path for the success of what I'm doing is still I second Katie that is hard to get access, but then like we have to.""], [471, ""We have to find a way to just get to that.""]]"
2021_05_20_ABI_S3,new_idea,0,1.0,"Dylan, your task is to have the right quarter cell at the right time.",,,[],"[[1, ""Guys.""], [2, ""to capture what it is you want to see.""]]"
2021_05_20_ABI_S3,new_idea,189,0.9986986046424136,We could talk about different um advances to the implementation and then um I was also I was glad to see that there were people from MRI in here that if we could um get some information from other fields in imaging that might influence our approaches.,186.0,Um so that would be one thought.,"[[187, ""I think it's hard because of the the topics are relatively broad actually even though you know, in some ways they're specific, but they're relatively broad and you can approach them in different ways and so it's um it's almost hard to put your ideas into, you know, kind of groups.""], [188, ""You know, and when I was looking at this topic I was thinking we could talk about new applications for super resolution that are, you know, it's not currently applied to.""]]","[[190, ""Um but I do feel that each person had something different to add that um it might have been hard to kind of narrow down the topics because they are um there's so much to cover.""], [191, ""I think.""]]"
2021_05_20_ABI_S3,new_idea,112,0.9986889688298106,Like all the we had we talked quite a bit about how to deal with the data too.,110.0,"So this conversation that Stefan's point that he just brought up about thinking about how do we, you know, maybe something that separated these individual things don't scatter light well, but then due to some kind of biological or chemical change within the organism, they come together and then oops, now they're it's I mean, in some sense it's kind of like, you know, G camp or any other kind of reporter.","[[110, ""So this conversation that Stefan's point that he just brought up about thinking about how do we, you know, maybe something that separated these individual things don't scatter light well, but then due to some kind of biological or chemical change within the organism, they come together and then oops, now they're it's I mean, in some sense it's kind of like, you know, G camp or any other kind of reporter.""], [111, ""I guess the second point is is somewhat related to big the big data.""]]","[[113, ""So thinking about how to trade those off.""], [114, ""Sure, sure.""]]"
2021_05_20_ABI_S3,reinforcement,431,0.0092275142669677,So that's one thing I was thinking about.,426.0,So there is something um I was thinking about.,"[[429, ""So we take uh we take the scattering light the image using scattering light of the cell at at the beginning of the imaging and after a few minutes we take another one.""], [430, ""So by the end like by the end of the imaging we could use those image to align um kind of put to the kind of uh correct the drift.""]]","[[432, ""Uh, but I haven't tapped it.""], [433, ""I'm not sure how precisely I can do as my uh uh I claim a 10 nanometer uh uh uh precision.""]]"
2021_05_20_ABI_S3,reinforcement,138,0.011798083782196,"Great, thank you.",137.0,"Great, thank you.","[[136, ""Aseema?""], [137, ""Great, thank you.""]]","[[139, ""And Candace is in our room but she um is on another zoom, so when she gets back in we can um have her introduce herself.""], [140, ""So thank you for that um kind of brief introduction that really helps put things in context for us.""]]"
2021_05_20_ABI_S3,reinforcement,141,0.011798083782196,"Great, thank you.",137.0,"Great, thank you.","[[139, ""And Candace is in our room but she um is on another zoom, so when she gets back in we can um have her introduce herself.""], [140, ""So thank you for that um kind of brief introduction that really helps put things in context for us.""]]","[[142, ""Um, Uzay, can you tell me how to pronounce your name correctly, please?""], [143, ""In confocal, you're using a pin hole to collect that um the light the ballistic photons that you are interested in and you're using that pin hole to block all those other scattered lights um you're it's coming from.""]]"
2021_05_21_ABI_S8,new_idea,0,1.0,So I'll just briefly say hi if that's okay just to you know who I am.,,,[],"[[1, ""I'm Arne Bakker, I'm at CZI, I'm the director of meetings and community um and so me and my team we host meetings like this about 15 to 20 times a year for the the the the scientists that CZI funds to really uh hope to encourage collaboration and sharing of knowledge.""], [2, ""Um and I have a PhD in immunology and did my postdoc at Berkeley and my PhD at the Netherlands Cancer Institute in Amsterdam uh hence my interest in this topic.""]]"
2021_05_21_ABI_S8,new_idea,573,0.9992410239647144,I also will probably shut my camera off and just participate as a butterfly on the wall.,571.0,I'm from the Walder Foundation based in the Chicago region um and I'm the senior program uh director for science innovation.,"[[571, ""I'm from the Walder Foundation based in the Chicago region um and I'm the senior program uh director for science innovation.""], [572, ""So really just here as an observer looking forward to hearing the conversation.""]]","[[574, ""42.""], [575, ""Okay.""]]"
2021_05_21_ABI_S8,new_idea,167,0.9992254470125772,"Although somebody commented that the mechanism of formation was different in vivo versus in the organoid, but that the function was similar.",163.0,And so what we are doing in my lab is really trying to get at the basal function of the proteins that allow these cells to undergo EMT and to migrate and differentiate and then um at least my postdoc is really interested in trying to define whether those functions um are conserved in disease states.,"[[165, ""I think the 3D cell culture stuff is also part of technological development, bioprinting, etc.""], [166, ""I was going to mention the same paper.""]]","[[168, ""So I do think there are limitations.""], [169, ""It is.""]]"
2021_05_21_ABI_S8,reinforcement,88,0.0138991475105285,"That's inherent in genetic reporters, right?",86.0,"That's inherent in genetic reporters, right?","[[86, ""That's inherent in genetic reporters, right?""], [87, ""That's what we mean when we say a live contrast agent.""]]","[[89, ""That's what we mean when we say a live contrast agent.""], [90, ""It's a a live reporter.""]]"
2021_05_21_ABI_S8,reinforcement,89,0.0169739127159118,That's what we mean when we say a live contrast agent.,87.0,That's what we mean when we say a live contrast agent.,"[[87, ""That's what we mean when we say a live contrast agent.""], [88, ""That's inherent in genetic reporters, right?""]]","[[90, ""It's a a live reporter.""], [91, ""I mean, I I agree.""]]"
2021_05_21_ABI_S8,reinforcement,332,0.019144594669342,"So, but that's fine.",328.0,"Well, okay.","[[330, ""Yeah, lactate.""], [331, ""Yeah, they screwed up a little bit the facilitators and the group, so I was supposed to be in the other group at the beginning.""]]","[[333, ""So it's all good to see faces that you've seen before.""], [334, ""Yeah, you can just do that.""]]"
2021_04_23_MND_S4,new_idea,0,1.0,"Because it's not really as far as I'm as far as my understanding, it's not really understood what the temporal scale of cytokine signaling is because no one can really measure it.",,,[],"[[1, ""Can I just add something as a highly highly biased analytical chemist?""], [2, ""Um, I think all of these questions almost begs the need for new technologies to be able to answer these questions, which is something we didn't necessarily talk about, but I mean, a lot of these questions, I think to really truly answer them, we need new techniques to be able to make these measurements.""]]"
2021_04_23_MND_S4,new_idea,29,0.9991080854088068,I won't talk too long either.,27.0,I don't know what the lipstick model is.,"[[27, ""I don't know what the lipstick model is.""], [28, ""I will be honest.""]]","[[30, ""I'll try not to.""], [31, ""Okay, cool.""]]"
2021_04_23_MND_S4,new_idea,33,0.99845545203425,"Um, I'm jotting notes too, like um next to me just to Okay.",29.0,I won't talk too long either.,"[[31, ""Okay, cool.""], [32, ""Okay.""]]","[[34, ""I just want to collaborate from bullet points.""], [35, ""Thanks, Leah.""]]"
2021_04_23_MND_S4,reinforcement,15,0.005536139011383,"I'm not sure we got to the third point, but let me know what you want me to add or take away.",14.0,"I'm not sure we got to the third point, but let me know what you want me to add or take away.","[[13, ""I put some notes up here.""], [14, ""I'm not sure we got to the third point, but let me know what you want me to add or take away.""]]","[[16, ""Okay.""], [17, ""I think we're room three, so I'll just put it in the three one.""]]"
2021_04_23_MND_S4,reinforcement,13,0.0062783360481262,I put some notes up here.,12.0,I put some notes up here.,"[[11, ""Do you want me to recap for you what the question was first or you you going to tell people that specific everyone else won't know these prompts.""], [12, ""I put some notes up here.""]]","[[14, ""I'm not sure we got to the third point, but let me know what you want me to add or take away.""], [15, ""I'm not sure we got to the third point, but let me know what you want me to add or take away.""]]"
2021_04_23_MND_S4,reinforcement,80,0.0136196017265319,"It's inconceivable, right?",79.0,"It's inconceivable, right?","[[78, ""Like what is like the most obvious one or two you know, currently unavailable technologies to sort of address neuroimmune interactions.""], [79, ""It's inconceivable, right?""]]","[[81, ""Just on that note, so Andrew just sent me a chat saying we should stop screen share just so that we have gallery view and that everyone can can see each other.""], [82, ""Um""]]"
2021_04_22_MND_S7,new_idea,0,1.0,"And as you mentioned, like what is the definition of it, right?",,,[],"[[1, ""Is that the like is that the physiology of the host or is that the signal produced by the microbiome or microbial diversity?""], [2, ""What are what do we want to think about at this point?""]]"
2021_04_22_MND_S7,new_idea,322,0.9990378826623784,"But also then if inflammation is playing such a big role, then maybe the microbiome we can bypass it if we can, we don't need to necessarily modulate the microbiome if we can modulate inflammation, which there's a lot of really good pharmaceuticals that can do.",318.0,"Um, but there's you know, these cell dependent effects where peripheral immune cells are getting are being trained in the gut or getting signals directly from the gut and then crossing to the brain.","[[320, ""And we don't quite know how inflammation in the gut is telling those pathways um to become dysfunctional or or have altered function.""], [321, ""So I think inflammation could be playing a role kind of in those two different two different ways.""]]","[[323, ""Yeah, butyrate just isn't very palatable.""], [324, ""It doesn't taste very good.""]]"
2021_04_22_MND_S7,new_idea,197,0.9988611513981596,And so you might even have to hit the host and the the microbiome simultaneously.,195.0,Um it's a like a super interesting challenge.,"[[195, ""Um it's a like a super interesting challenge.""], [196, ""Yeah, I think Tim had a really nice point about that which is that these diseases often include a a feedback loop, right?""]]","[[198, ""Yeah, I think that's a great point.""], [199, ""It's really easy to tell people to eat their vegetables, but people have been doing that for 30 years.""]]"
2021_04_22_MND_S7,reinforcement,140,0.0055539608001708,"Actually, it's my wife's birthday today and so I don't think I get to hang out as long in the afternoon.",139.0,"Actually, it's my wife's birthday today and so I don't think I get to hang out as long in the afternoon.","[[138, ""We just don't have the equivalence of that um here I feel like and so maybe that's a potential input that would be useful um you know, for the microbiome.""], [139, ""Actually, it's my wife's birthday today and so I don't think I get to hang out as long in the afternoon.""]]","[[141, ""And if you're okay with it.""], [142, ""Um I'm sorry.""]]"
2021_04_22_MND_S7,reinforcement,48,0.0101534724235534,"Yeah, that's true.",47.0,"Yeah, that's true.","[[46, ""Maybe you guys can enlighten a bit.""], [47, ""Yeah, that's true.""]]","[[49, ""Let's call it metabolite X or something or whatever names you prefer.""], [50, ""Yeah.""]]"
2021_04_22_MND_S7,reinforcement,324,0.0107374787330627,It doesn't taste very good.,323.0,"Yeah, butyrate just isn't very palatable.","[[322, ""But also then if inflammation is playing such a big role, then maybe the microbiome we can bypass it if we can, we don't need to necessarily modulate the microbiome if we can modulate inflammation, which there's a lot of really good pharmaceuticals that can do.""], [323, ""Yeah, butyrate just isn't very palatable.""]]","[[325, ""Yeah, that so so Lawrence.""], [326, ""Yeah, we found you actually have to tune it and and maybe Tanya knew this already, but you have to tune it by weight it turns out and like.""]]"
2021_04_23_MND_S15,new_idea,0,1.0,Are we missing someone or is that all that we have?,,,[],"[[1, ""Ha.""], [2, ""I know getting along that point that Lisa just made.""]]"
2021_04_23_MND_S15,new_idea,150,0.9990736999898218,"And we also are working on variable um diagnostics, variable sensors that they can monitor the physiology of the let's say human.",148.0,"And we have done those monitoring um in vitro as as well as in um um cell culture, mammalian cell cultures um integrated with the cells and then exciting the cells with the drugs and see how those uh small molecules change over time.","[[148, ""And we have done those monitoring um in vitro as as well as in um um cell culture, mammalian cell cultures um integrated with the cells and then exciting the cells with the drugs and see how those uh small molecules change over time.""], [149, ""So we look at real time monitoring basically.""]]","[[151, ""Uh like temperature, heart rate, uh and environment like temperature of the environment and things like that.""], [152, ""So we are interested to really see how environment and the um the human in terms of the neurotransmitters and the microbiome uh they are correlated uh using our sensors that we can contribute.""]]"
2021_04_23_MND_S15,new_idea,325,0.998980769654736,And we also use those stress responses as um uh as templates for sensors for um detecting very low concentrations of antibiotic in aqueous solutions.,323.0,It's a small liberal arts college in Ohio.,"[[323, ""It's a small liberal arts college in Ohio.""], [324, ""Um, we study how um stress responses in bacteria influence the formation and composition of biofilm.""]]","[[326, ""Oh.""], [327, ""Sorry, reaching.""]]"
2021_04_23_MND_S15,reinforcement,365,0.0055853128433227,"So yeah, I came to give you the warning that perhaps it's time to start, you know, adding the key points in the slides.",363.0,"So yeah, I came to give you the warning that perhaps it's time to start, you know, adding the key points in the slides.","[[363, ""So yeah, I came to give you the warning that perhaps it's time to start, you know, adding the key points in the slides.""], [364, ""We are going to close the rooms at 12:20.""]]","[[366, ""Okay?""], [367, ""And Wenching, I think you had a question about the transcript function here.""]]"
2021_04_23_MND_S15,reinforcement,382,0.0062733888626098,"Um, well, I was just going to build off of that and short chain fatty acid um come I mean, I think something that was noted in the last breakout session, uh the report summary thing about the whole topic of fermentation and um alternate metabolism.",381.0,"Um, well, I was just going to build off of that and short chain fatty acid um come I mean, I think something that was noted in the last breakout session, uh the report summary thing about the whole topic of fermentation and um alternate metabolism.","[[380, ""Um, we can invite the host to our room, so maybe I'll do that.""], [381, ""Um, well, I was just going to build off of that and short chain fatty acid um come I mean, I think something that was noted in the last breakout session, uh the report summary thing about the whole topic of fermentation and um alternate metabolism.""]]","[[383, ""Yeah, I don't see it either.""], [384, ""Yeah, I'll just add to that also that we we also do work with organoids but with gastroids, uh, you know, generated from human mouse gastric tissue.""]]"
2021_04_23_MND_S15,reinforcement,233,0.006682276725769,"I know, but others may not know you.",229.0,"Abhishek, I know you, but maybe people don't know you.","[[231, ""Carolina?""], [232, ""Chris.""]]","[[234, ""Just give a uh one sentence about yourself.""], [235, ""I know you are in uh neuroscientist, but some people don't.""]]"
2021_06_10_SLU_S7,new_idea,0,1.0,And I'm happy to continue talking but I I also don't want to dominate the conversation in any way shape or form.,,,[],"[[1, ""I I just wanted to jump in and say it's not like I I don't think that there is a way to have a bio signature.""], [2, ""I just feel like it's an ensemble measurement.""]]"
2021_06_10_SLU_S7,new_idea,416,0.9992487448034808,"I I could also speak a little bit about the spatial um resolution question just to in terms of feasibility, but but we I'll do that on call.",413.0,"That's a it's a huge caveat for that whole discussion we just had I think, which is we we got really excited about one, but we shouldn't representative representative of all.","[[414, ""That's just syllogues, huh?""], [415, ""Uh Mark Mark your hand up.""]]","[[417, ""Uh Paul, Paul's virtual hand is getting tired.""], [418, ""We should let him""]]"
2021_06_10_SLU_S7,new_idea,257,0.9991390771465376,"And I there's a few others, but go ahead, Mark.",256.0,"Oh, that's okay.","[[255, ""Um that that was mainly the number I picked is if you go too much smaller than that.""], [256, ""Oh, that's okay.""]]","[[258, ""Shawn.""], [259, ""So, let me see who hasn't gone yet.""]]"
2021_06_10_SLU_S7,reinforcement,265,0.0107175111770629,I think they usually have both.,264.0,Uh it's usually both.,"[[263, ""There might might have been some carbon sink that was potentially technological that would have been able to do that.""], [264, ""Uh it's usually both.""]]","[[266, ""But it's it's like giant, you know, 20 gallon towers of iced tea.""], [267, ""I don't know what it is about them, but they really like iced tea.""]]"
2021_06_10_SLU_S7,reinforcement,517,0.0168581008911132,They always say yes.,516.0,"Um, and when I query audiences about whether they'd be excited if we discover methane around a planet that within 90% certainty is related to biology, would they be excited and they always say yes.","[[515, ""There are people who argue against that because if you look at our own planet, that's 60 years of 4.1 billion years of life history.""], [516, ""Um, and when I query audiences about whether they'd be excited if we discover methane around a planet that within 90% certainty is related to biology, would they be excited and they always say yes.""]]","[[518, ""So I think, you know, the world is primed for anything that's somewhat convincing.""], [519, ""Should we let's go to hands.""]]"
2021_06_10_SLU_S7,reinforcement,207,0.071535587310791,It was a single pixel.,204.0,"Yeah, just I mean just about getting maps uh from a single pixel, you may not have to wait for the long baseline.","[[205, ""Um so I'm thinking of Pluto before it was explored by New Horizons.""], [206, ""Um you had you had these synthetic maps.""]]","[[208, ""Um but it's obliquity and you know, so you you had the rotation uh and then you because of the ubiquity you were able to get a map in 3D with the the intensity was uh or the albedo and the color.""], [209, ""Uh and so there were maps made them I'm going to paste the link in the chat and um it was pretty pretty good.""]]"
2021_09_30_MZT_S6,new_idea,0,1.0,And I'm trying to understand I guess susceptibility because that also comes into uh into the equation obviously I'm I'm kind of outing myself as a modeler.,,,[],"[[1, ""Um, kind of like susceptibility is is is kind of like a necessary condition for a transmission chain to occur.""], [2, ""Okay, I was.""]]"
2021_09_30_MZT_S6,new_idea,26,0.998643770813942,"Um, most people will get a chance to do this in the coming couple days.",23.0,Cool.,"[[24, ""Okay, thank you everybody.""], [25, ""So now selecting a recorder.""]]","[[27, ""It's purely volunteer.""], [28, ""Does anyone want to just volunteer out of the gate to do this and basically you'll make some notes using that slide template that Andrew showed and then you'll you'll share when we get into larger group you'll share those notes within a couple minutes.""]]"
2021_09_30_MZT_S6,new_idea,35,0.9978613688144832,I I've been there as well.,33.0,I'm jealous of that.,"[[33, ""I'm jealous of that.""], [34, ""Troy.""]]","[[36, ""Joyce volunteers?""], [37, ""So Andrew and Richard suggested that we take a minute or two to just sort of um write down some initial thoughts on this topic of transmission and chains.""]]"
2021_09_30_MZT_S6,reinforcement,7,0.0064926147460937,I do computer so I can do it.,6.0,I do computer so I can do it.,"[[5, ""Are we going to discuss about uh all different pathogens here or only focusing on a particular pathogen or""], [6, ""I do computer so I can do it.""]]","[[8, ""Okay.""], [9, ""Sure.""]]"
2021_09_30_MZT_S6,reinforcement,44,0.1033040881156921,So that's up to you all.,42.0,"Um, the conversation isn't really with me, it's it's amongst yourselves.","[[42, ""Um, the conversation isn't really with me, it's it's amongst yourselves.""], [43, ""You know, I'll sort of prompt when needed or or help um steer the conversation back if if needed.""]]","[[45, ""Um, Sandra, I think you're an observer.""], [46, ""What type of chain do you want to be discussing?""]]"
2021_09_30_MZT_S6,reinforcement,11,0.2711643576622009,"For example, if we think about um",10.0,"Chagas disease that can infect animals, like you have um","[[9, ""Sure.""], [10, ""Chagas disease that can infect animals, like you have um""]]","[[12, ""So it it gets complicated when we think about different uh transmission paths that it's not necessarily just uh person to person.""], [13, ""So we can complicate it even further and think about, okay,""]]"
2021_06_11_SLU_S4,new_idea,0,1.0,And I went to grad school with Simon.,,,[],"[[1, ""So it's fun to see him back on this chat on this call.""], [2, ""I can go next.""]]"
2021_06_11_SLU_S4,new_idea,466,0.9991360310814345,"a related issue is that uh in Earth's ocean, things like phosphorus and other ingredients for for life can be used thousand times or more before they're ultimately buried in in marine sediments.",464.0,"Yeah, yeah, yeah.","[[464, ""Yeah, yeah, yeah.""], [465, ""Yeah, I guess the photic sounds a tough place to evolve.""]]","[[467, ""And that's largely thanks to ocean circulation patterns and upwelling in in particular.""], [468, ""Um, but I think that if you had a really deep ocean, the connectivity between the the bottom of the ocean where the ingredients for life should tend to gravitationally accumulate, um and the and the surface ocean could become quite different.""]]"
2021_06_11_SLU_S4,new_idea,1,0.9991005195770412,So it's fun to see him back on this chat on this call.,0.0,And I went to grad school with Simon.,"[[0, ""And I went to grad school with Simon.""]]","[[2, ""I can go next.""], [3, ""So my uh kind of pet idea that I've always been interested in for many years and do some work on is how how does a planet's tectonic mode, like whether it has plate tectonics or a stagnant lid like Mars or something in between like Venus might be, how does that influence whether life can originate and evolve on that planet?""]]"
2021_06_11_SLU_S4,reinforcement,129,0.0103082060813903,"Uh, but are we fooling ourselves?",125.0,"So the way I wrote it is, uh, are we fooling ourselves?","[[127, ""So, uh, the idea has always been that we can separate the coupling and figure out what a non biologically coupled geological activities.""], [128, ""I mean, that's how we teach it, no?""]]","[[130, ""Is it that there are a lot of processes which based on our, you know, geological record, uh, we interpret that way, but we don't account for the bio feedback.""], [131, ""Most of the earth's geological record is, uh, during a very strong biosphere.""]]"
2021_06_11_SLU_S4,reinforcement,23,0.0119643807411193,"Yeah, that's my first guess.",22.0,"Yeah, I mean, I think if you're if we're unable to make plate boundaries due to the high pressure of this volatile layer, I think that's probably my first guess is it would act like a stagnant lid like Mars and it would have a very thick cold lithosphere above the convecting mantle.","[[21, ""That's a paper.""], [22, ""Yeah, I mean, I think if you're if we're unable to make plate boundaries due to the high pressure of this volatile layer, I think that's probably my first guess is it would act like a stagnant lid like Mars and it would have a very thick cold lithosphere above the convecting mantle.""]]","[[24, ""work for an early earth even before continents form is that there would still be some land exposed, there'd be at least some Hawaiian island type chains out there as a result of volcanism building those up pretty quickly.""], [25, ""Um, but you might have a planet with much much much less land exposed to like, you know, what is what is a planet with you know, a few little Hawaiian island chains look like compared to one like modern earth with, you know,""]]"
2021_06_11_SLU_S4,reinforcement,306,0.0159429907798767,If you would like to volunteer to be the reporter.,305.0,If you would like to volunteer to be the reporter and read this out.,"[[304, ""If you have like bacteria you really like.""], [305, ""If you would like to volunteer to be the reporter and read this out.""]]","[[307, ""Laura, do you want to comment?""], [308, ""No, I think it's very interesting.""]]"
2021_06_11_SLU_S1,new_idea,0,1.0,I can do it.,,,[],"[[1, ""Yep, I got it.""], [2, ""Clouds?""]]"
2021_06_11_SLU_S1,new_idea,111,0.9990889477776363,"And we also do mission relevant instrumentation, so looking at what what different characteristics samples would look like by the instruments that we send say on Mars Rovers.",110.0,We simulate hydrothermal events and then also study hydrothermal events in the in the field.,"[[109, ""We do mineral organic chemistry, mineral synthesis, simulation of planetary environments with specialty in the anaerobic type of reactions.""], [110, ""We simulate hydrothermal events and then also study hydrothermal events in the in the field.""]]","[[112, ""I can start if nobody else wants to.""], [113, ""Looks like it, yeah.""]]"
2021_06_11_SLU_S1,new_idea,347,0.9988948622485624,"So mostly I leverage the transit method in studying exoplanets, uh but have worked with the Roman Space telescope and other direct imaging missions as well.",345.0,"Hi, uh I'm an assistant professor at Cornell University and uh the group here mostly focuses on characterization of exoplanet atmospheres, although we dabble in the solar system and icy moons.","[[345, ""Hi, uh I'm an assistant professor at Cornell University and uh the group here mostly focuses on characterization of exoplanet atmospheres, although we dabble in the solar system and icy moons.""], [346, ""Um, uh we spend a lot of time working with uh Hubble and soon to be JWST.""]]","[[348, ""I mean, I you know, I'm I'm trying to think out of the box here because I feel like that's our our scribe here.""], [349, ""So I you know, one of the things that I I think we often do in mission design and people can tell me if I'm wrong is we silo ourselves, right?""]]"
2021_06_11_SLU_S1,reinforcement,27,0.0067928433418273,"Uh, okay, so so is is the first point that we we we talked about agnostic signatures for.",26.0,"Uh, okay, so so is is the first point that we we we talked about agnostic signatures for.","[[25, ""Um, talking about regulation.""], [26, ""Uh, okay, so so is is the first point that we we we talked about agnostic signatures for.""]]","[[28, ""Um""], [29, ""Why are they sharp?""]]"
2021_06_11_SLU_S1,reinforcement,370,0.0081449747085571,Do you feel comfortable creating a a bullet point or do should.,368.0,Do you feel comfortable creating a a bullet point or do should.,"[[368, ""Do you feel comfortable creating a a bullet point or do should.""], [369, ""Andy, do you have something you can feel from that from that first point?""]]","[[371, ""Andy.""], [372, ""Are you on?""]]"
2021_06_11_SLU_S1,reinforcement,306,0.0108303427696228,"Sorry, I suppose.",305.0,"Sorry, I suppose.","[[304, ""Can you""], [305, ""Sorry, I suppose.""]]","[[307, ""Um, I'm Nikki Parenteau.""], [308, ""I'm a research scientist at NASA Ames and in general I study microbial biosignatures.""]]"
2021_09_30_MZT_S3,new_idea,0,1.0,And so given that they form protein protein complexes which change their confirmations.,,,[],"[[1, ""And so these are not really standalone proteins unfortunately which makes it harder to to predict.""], [2, ""I can write for for what we do.""]]"
2021_09_30_MZT_S3,new_idea,231,0.9992232571239584,And I also was thinking about it when Angela was talking about uh um bacteria.,228.0,"We've talked about inhibiting enzymes, we've talked about inhibiting protein protein interactions and hence preventing the pathogen to get in.","[[229, ""What are the the possibilities of of another approach?""], [230, ""Uh I was thinking about this when William was saying like, well, you can inhibit something but uh if the host still makes the molecule that you're preventing being made, the pathogen still has another way.""]]","[[232, ""So Murk a number of years ago was developing a molecule that actually disregulated protein degradation in bacteria.""], [233, ""So rather than inhibiting something, essentially in that case they would turn on protein degradation so much that the the the bacterium was killing itself.""]]"
2021_09_30_MZT_S3,new_idea,249,0.9985267309239134,Perhaps just a matter of time and they can overcome those those hurdles.,248.0,See you in the in the main room.,"[[247, ""No, I I have nine seconds so I second all of that and a really nice conversation I enjoyed it and hopefully you did too.""], [248, ""See you in the in the main room.""]]","[[250, ""So in the parasite space and several of you work in that area, um what is the picture there in terms of having generic starting points?""], [251, ""So maybe William.""]]"
2021_09_30_MZT_S3,reinforcement,197,0.0106796026229858,Uh next on the screen is uh Dr.,192.0,The next on my uh screen is uh Dr.,"[[195, ""Uh Will, do you want to uh introduce yourself as well and maybe throw out another question or or respond to some of the things that are very able uh scribe and uh has been collecting on the uh on the PowerPoint slide.""], [196, ""Thank you.""]]","[[198, ""Medina from USDA.""], [199, ""Thank you.""]]"
2021_09_30_MZT_S3,reinforcement,290,0.0116994380950927,So that has been the challenge with vaccine development.,287.0,"Yeah, so uh that depends on what we're looking at like uh in case of parasites, you know, uh the aspect of vaccine development has been very challenging uh because parasites uh for instance uh plasmodium, the causative agent of malaria, you know, they keep on switching their antigen.","[[288, ""You know, once uh so if you have a population of these parasites when they get into the host, uh a large number of them, you know, express a particular antigen that then the immune system will sense and you know, try to uh raise antibodies and clear them off.""], [289, ""Now, out of those parasites, there will be a tiny amount of them that will switch uh their surface antigen and then escape the immune system.""]]","[[291, ""So uh uh it it would actually be interesting to see how, you know, for example, we can develop molecular scaffolds that can be rapidly diversified.""], [292, ""For example, if you detect that the parasite has switched their antigen, can you quickly change the vaccine, for example, on an already existing scaffold.""]]"
2021_09_30_MZT_S3,reinforcement,27,0.0161027908325195,"One comment on this scaffolds that can be universal, right?",26.0,"One comment on this scaffolds that can be universal, right?","[[25, ""Okay.""], [26, ""One comment on this scaffolds that can be universal, right?""]]","[[28, ""I mean, yes, I think for receptor targeted strategies, maybe there may not be universal and maybe it's sort of family specific.""], [29, ""Or want to actually predict what the active site might look like if these molecules bind to the active site and so uh it that is limited by the information of the the AI approach essentially is limited by uh the structure of the enzyme.""]]"
2021_06_11_SLU_S9,new_idea,0,1.0,Because I think some of us may be talking about the metallicity of the star and some of us may be talking about the metallicity of the planet.,,,[],"[[1, ""Yeah, got you.""], [2, ""Between the star and the planet.""]]"
2021_06_11_SLU_S9,new_idea,190,0.9989956418285146,And they're also obscure so then you have to go and keep Fred.,185.0,Catherine.,"[[188, ""It's um essentially everything gets washed out by the rotational signatures.""], [189, ""Um, and so it becomes really challenging to do it incredibly young stars.""]]","[[191, ""So you and you also need the the um neutral transitions.""], [192, ""Um, I mean, I think up down to maybe 100, 50, maybe maybe down to 50 million years old, you can do it if you're in a very confined temperature space. it's just otherwise very, very challenging.""]]"
2021_06_11_SLU_S9,new_idea,249,0.9989045225083828,"Um, and in order to get around that it's really going to take an investment in laboratory astrophysics.",248.0,"Um, so M dwarfs are much, much, much more difficult because our understanding of molecular capacities is really terrible.","[[247, ""Um, very well done to metallicity of minus one, but if if Dan is telling me that the low metallicity is minus.4, I'm sure we're fine.""], [248, ""Um, so M dwarfs are much, much, much more difficult because our understanding of molecular capacities is really terrible.""]]","[[250, ""Um, but our community doesn't tend to enjoy funding laboratory astrophysicists.""], [251, ""So it's it's a little bit of a tricky um game to play.""]]"
2021_06_11_SLU_S9,reinforcement,298,0.0071163177490234,"Let's assume this, this is what we get.",297.0,"So I think an exploration uh I'm not aware of somebody who's actually explored this different thing like agnostically saying, okay, let's assume this, this is what we get.","[[296, ""Because if you put things in like ocean layers and stuff then at least UV is not bad anymore and so on and so forth.""], [297, ""So I think an exploration uh I'm not aware of somebody who's actually explored this different thing like agnostically saying, okay, let's assume this, this is what we get.""]]","[[299, ""People tend to have strong beliefs when they start this kind of modeling, I think mostly.""], [300, ""But I don't know, somebody might have.""]]"
2021_06_11_SLU_S9,reinforcement,465,0.0074208378791809,Yeah. can I just ask for one question?,464.0,"Get it, can I just ask for one question?","[[463, ""Yeah.""], [464, ""Get it, can I just ask for one question?""]]","[[466, ""I just wanted to ask Bradford uh for volcanism on, you know, for this to work, you know, I was a very special case of course.""], [467, ""If you just make the planet, you know, generally also the Olympus Mons only worked because the planet was small, right?""]]"
2021_06_11_SLU_S9,reinforcement,87,0.0107560157775878,"So yeah, I mean I would generally expect like most I would expect your typical rocky planet to have volcanism at least at some point in its history.",84.0,"Um, I mean I would expect most rocky planets to have volcanism at least at some point in their lifetime, um, unless they're just born with like hardly any heat producing elements and are in, you know, some orbit configuration where they get like no tidal heating.","[[85, ""Um, there's some ideas about um as there's like a couple papers saying that really massive super earth planets if they have stagnant lids might not have volcanism at all because any melt you'd form would form at such high pressure because it's beneath this thick stagnant lid and it's a high gravity planet so the pressure gradient's really high so and the forming really high pressure there's a pressure crossover where melt is actually denser than solid and it wouldn't rise up and erupt anymore.""], [86, ""But I also think that result's kind of like really heavily model and parameter dependent and so I wouldn't necessarily take that as like a really general, you know, big super earth planets are always going to have trouble outgassing.""]]","[[88, ""Um, it might die out really on if it doesn't have a lot of heat producing elements and if it has a stagnant lid, but it's probably going to be at least some volcanism.""], [89, ""And if you got a lot of tidal heating in some packed system then that's probably going to be volcanically active for a very long time.""]]"
2021_06_10_SLU_S2,new_idea,0,1.0,"Aaron, this is great and thank you for starting us off.",,,[],"[[1, ""And I also think that people don't really agree about order of operations for this stuff because I think that, you know, people that are working on protocells, there are people that would suggest that uh, you know, the cell cycle stuff was happening well before there was a membrane potential because, you know, the the so I guess for the people that aren't familiar with the chemistry, the models that we have for the earliest cells use uh membrane components that are very different than the ones that we have in existing cells.""], [2, ""And so, like I said, not knowing what we don't know, there's a lot of challenges here.""]]"
2021_06_10_SLU_S2,new_idea,265,0.999183252977673,There's also a lot of work going on in the Titan community like at JPL.,263.0,And then as far as uh go ahead.,"[[263, ""And then as far as uh go ahead.""], [264, ""So there I think it's led by Paul Bratcher, forgot what university he's at.""]]","[[266, ""So this is this is a not overly studied but many people are working in this area and so it's an interesting thing.""], [267, ""Sorry.""]]"
2021_06_10_SLU_S2,new_idea,73,0.9990475153899752,"And of course, then there is the connection to the geo uh which uh a lot of you are very interested in.",69.0,"Aaron, this is great and thank you for starting us off.","[[71, ""So uh maybe we can take it one step at a time.""], [72, ""And does anybody know how long this kind of subsistence uh lack of self-sufficiency uh can last before they become self-sustained?""]]","[[74, ""By the way, um I think we are small enough group that everybody can jump in and talk.""], [75, ""But if you feel that it's something that you want me to kind of insert into the discussion, just raise your hand or uh send a chat and time will monitor those.""]]"
2021_06_10_SLU_S2,reinforcement,210,0.0063620209693908,I'm happy to volunteer.,209.0,I'm happy to volunteer.,"[[208, ""But everyone I don't know the thing that Aaron was talking about the whatever that""], [209, ""I'm happy to volunteer.""]]","[[211, ""It's a very big topic.""], [212, ""I'm actually not sure.""]]"
2021_06_10_SLU_S2,reinforcement,262,0.0113667845726013,So that's kind of a general thought.,257.0,"So I I had a bullet that was just kind of a general thought about the state of this field, which is that in so as you know if like in origin of life, there's all these funding sources, but they are really specifically about early earth and it's always about trying to get, you know, at what it was the origin of life on earth.","[[260, ""And so that's that's been a real problem for someone who's interested in life detection like me because, you know, I want to say, well, on Mars for example, could you have life begin in some other way than earth, but you can't really do those experiments.""], [261, ""And I think that's a real like issue in in linking these two things.""]]","[[263, ""And then as far as uh go ahead.""], [264, ""So there I think it's led by Paul Bratcher, forgot what university he's at.""]]"
2021_06_10_SLU_S2,reinforcement,39,0.0252234935760498,So that's kind of how we think about it.,38.0,"UV is kind of a plus because it can, you know, you can photochemically promote some of these uh synthesis, but for the most part, uh we kind of think of it as a problem, you know, like assume that we get to the point where we have these monomers because like I said, we kind of live in this space where it's, you know, assume for the sake of argument that we have these molecules, what's going to happen in terms of their assembly, UV is a problem that we always have to deal with.","[[37, ""Sorry, I think to provide kind of some context""], [38, ""UV is kind of a plus because it can, you know, you can photochemically promote some of these uh synthesis, but for the most part, uh we kind of think of it as a problem, you know, like assume that we get to the point where we have these monomers because like I said, we kind of live in this space where it's, you know, assume for the sake of argument that we have these molecules, what's going to happen in terms of their assembly, UV is a problem that we always have to deal with.""]]","[[40, ""Uh with some of these prebiotic reactions.""], [41, ""Um, you know, there there's been cases just in the last few years where people have discovered intermediates that we weren't aware were present.""]]"
2021_10_01_MZT_S8,new_idea,0,1.0,"Hi everybody, I'm Adela Oliva Chavez Chavez, I'm an assistant professor at uh the Department of Tropical Medicine at Tulane University.",,,[],"[[1, ""Uh work on molecular epidemiology of parasite especially uh specific now with uh Chagas disease.""], [2, ""Uh uh toxoplasma Gondi Gondi and uh malaria.""]]"
2021_10_01_MZT_S8,new_idea,199,0.9990058740368112,That's why they try to get the three most likely strains.,194.0,I don't I'm glad you were able to make it.,"[[197, ""Let me pull it up then and I I can type it in while you if you guys guide me.""], [198, ""My my understanding from from flu is that it it the accuracy varies.""]]","[[200, ""And Hongfu this uh uh data usually derives from analysis of uh epidemiological data coming out of certain primarily Asian countries because that's the historical um pattern of you know, a virus um uh appearance.""], [201, ""My pleasure here.""]]"
2021_10_01_MZT_S8,new_idea,275,0.998985162936151,"One is the Moderna, the other is Fider.",274.0,"And the another question maybe related to just like the covid covid vaccine, we have two popular cans here.","[[273, ""I know that in pigs this has been is currently being tested I think in in Europe and the idea has been also discussed for humans as well.""], [274, ""And the another question maybe related to just like the covid covid vaccine, we have two popular cans here.""]]","[[276, ""So there is a natural question, which one is most for me, right?""], [277, ""So maybe this is related to the individual vaccine.""]]"
2021_10_01_MZT_S8,reinforcement,119,0.0089049339294433,That would be great.,118.0,"Thanks, that would be great.","[[117, ""Thanks for doing all the typing, Kurt.""], [118, ""Thanks, that would be great.""]]","[[120, ""I would appreciate if we can work on the bullet points together.""], [121, ""That's true.""]]"
2021_10_01_MZT_S8,reinforcement,138,0.0300754308700561,Is it insufficient antigen presentation?,137.0,"If we're talking about mRNA vaccines, um is it when when someone doesn't respond to the vaccine, is it insufficient expression of the antigen?","[[136, ""Yeah, going back to what Kurt just said, I I think the um the issue with individualized markers is that we don't really know what the what the bottleneck is.""], [137, ""If we're talking about mRNA vaccines, um is it when when someone doesn't respond to the vaccine, is it insufficient expression of the antigen?""]]","[[139, ""Is it insufficient uh generation of of T follicular helper cells or is it is it uh the engagement of P cells?""], [140, ""So we there are so many steps along the way and we don't know where it fails that I think um I I I agree with what Matt said earlier that that probably individualizing adjuvants would be the way to go because it's an easier um logistical process as opposed to individualizing the the vaccine itself.""]]"
2021_10_01_MZT_S8,reinforcement,359,0.0548359155654907,There's another one.,357.0,There's a couple more joining.,"[[357, ""There's a couple more joining.""], [358, ""Hello.""]]","[[360, ""Hi Claudia.""], [361, ""Uh Yanling.""]]"
2021_04_23_MND_S10,new_idea,0,1.0,And so it would be um interesting to think about ways to be able to better measure speciation in vivo.,,,[],"[[1, ""You can do this in some ways with like sealgans, there are probes that work to measure iron three specifically in sealgans in a live context.""], [2, ""Gallium.""]]"
2021_04_23_MND_S10,new_idea,203,0.9991557120811194,But they could always evolve uh ways around these kill switches.,201.0,"And then there's been suggestions that that metabolic activity within the gut has led to, you know,","[[201, ""And then there's been suggestions that that metabolic activity within the gut has led to, you know,""], [202, ""At least some people are thinking about that.""]]","[[204, ""Has that been shown in different diseases?""], [205, ""Like those that microbial activity in the gut to actually affect uh behavior or whatever, you know, neurological phenotype you're looking at.""]]"
2021_04_23_MND_S10,new_idea,189,0.9989841363858432,"Um, and then even targeted ways of getting that substrate to a certain area.",186.0,It looks really nice.,"[[187, ""Yes.""], [188, ""Okay.""]]","[[190, ""So I guess the idea would be like if you know that a microbe lives in the small versus the large intestine, depending on pH or osmolality or some other physical signal, that substrate could be released in an area where the microbe of interest would be able to have access to it.""], [191, ""Again, is that an accurate reflection of what was being said?""]]"
2021_04_23_MND_S10,reinforcement,23,0.022306203842163,"Okay, I see it.",18.0,I see it too.,"[[21, ""Yes, that would um yeah, I think that is I think many people would be so happy.""], [22, ""But specifically for iron three and not activated by iron two or any other trivalent.""]]","[[24, ""Right.""], [25, ""So it's like doable, but it's not does anybody know how to use one?""]]"
2021_04_23_MND_S10,reinforcement,44,0.0282804369926452,"Um, when there's more iron three around, which has been seen in other contexts.",40.0,"Uh, I think that we think that there's a increase as a field we think there's, you know, an increase in iron three is a consequence of uh inflammation of Ross, but I think that we're also seeing in a few interesting contexts of um there was a paper in E life 2018 ish.","[[42, ""Um, and it would be uh interesting to see like how does that actually change ironciation as a consequence of of antibiotics as well and what sort of readouts does this end up um or impacts does this end up having on the the activity of them bacteria just because now as I think you had mentioned or um I mean was Jay like uh umphores, like now maybe that we have iron three bacteria producing morephores.""], [43, ""Um, which could also induce I think more pathogenicity as well.""]]","[[45, ""Um, this is really hard with iron, um, in in the like in a complex system, um, where we are is like synchotron is the only way you can actually measure, um, iron speciation as far as I know right now, um, in, um, biological systems.""], [46, ""Yeah, I'm interested in what sort of studies people or techniques people think about for tracking um for tracking that.""]]"
2021_04_23_MND_S10,reinforcement,100,0.0541209578514099,"Yeah, yeah, that'd be great.",99.0,"Yeah, that sounds good.","[[98, ""Yeah, so maybe um uh Will, you could go next.""], [99, ""Yeah, that sounds good.""]]","[[101, ""You would need to also know about the actual metabolic pathways in order to to design Right. a substrate, yeah.""], [102, ""in the in the gut in in the gut environment.""]]"
2021_05_21_ABI_S12,new_idea,211,0.999137512058951,It's also in the Google Docs that yeah.,209.0,So like I know CT denoising is done by deep learning.,"[[209, ""So like I know CT denoising is done by deep learning.""], [210, ""Scatter if I give a lot of you know, scatter grid with scatter grid and with like with scatter, it can possibly learn correcting the scatter.""]]","[[212, ""It's easy, you know, like like the computation wise it's not that hard.""], [213, ""Mini.""]]"
2021_05_21_ABI_S12,new_idea,314,0.9990091804647818,It could also be a little bit at a higher scale like what cells are present in that tissue.,312.0,I I can talk I I'm typing so I I can also talk.,"[[312, ""I I can talk I I'm typing so I I can also talk.""], [313, ""You know, as I kind of got to at the very beginning, my my issue is that there is a lot of data there's a lot of information that can be from pathology about the different biochemical processes that are in a tissue.""]]","[[315, ""So a little larger scale, cellular micron level or micrometer level.""], [316, ""Um, and then how do you take that data set, that 3D data set from pathology across the tissue, you know, tissue clearing technique, whatever it is that gave you really nice resolution and correlate that with the the MRI signals, the spectroscopic signal, the pet signal and build this like map of like what what is actually going on?""]]"
2021_05_21_ABI_S12,new_idea,359,0.9989682637387888,But I'm also very interested in thinking about optical properties.,356.0,"So if you have ideas on this, I'd be very interested in learning more.","[[357, ""Uh I've thought about ideas on combining with ultrasound.""], [358, ""I think pet is another one.""]]","[[360, ""Uh how can you use this information?""], [361, ""Um yeah, I I don't want to keep going but the idea if that if if that ignites any thought on in anyone we can.""]]"
2021_05_21_ABI_S12,reinforcement,169,0.011603832244873,It's gonna be beautiful.,168.0,You're gonna it's gonna be beautiful.,"[[167, ""Yeah.""], [168, ""You're gonna it's gonna be beautiful.""]]","[[170, ""because like last year""], [171, ""diffusing kind of gets rid of most adaptive optics uh in my experience.""]]"
2021_05_21_ABI_S12,reinforcement,63,0.0133813023567199,How do you connect those two things?,61.0,So how do you relate those two imaging modalities to get the maximum value from an a a research and analytical modality and a more clinically accessible or clinically relevant modality.,"[[61, ""So how do you relate those two imaging modalities to get the maximum value from an a a research and analytical modality and a more clinically accessible or clinically relevant modality.""], [62, ""I think for me that's that's always been my sort of challenge, uh, coming up as was trained as a as a biologist and then went into biophysics.""]]","[[64, ""and they'll train in specific activities and then use a classifier to kind of build out what is the typical response to that.""], [65, ""And then once they have their classifier laid out, then they'll they'll start challenging that stimuli with different things and they'll look for the shifts in the network using that anomaly detection.""]]"
2021_05_21_ABI_S12,reinforcement,51,0.0569550991058349,"Yeah, go ahead.",50.0,"Yeah, absolutely should do it.","[[49, ""We're we talking about small samples and microscopy or we're talking larger?""], [50, ""Yeah, absolutely should do it.""]]","[[52, ""Yeah, that's already become very popular in for two photon um functional imaging.""], [53, ""So people are doing um G camp, which is this calcium sensitive um fluorophore and they'll image this whole field of tens of thousands of neurons""]]"
2021_06_11_SLU_S10,new_idea,465,0.9991076805745251,"Well, usually when you're doing the haze experiments though, you're you're putting a photocathode in it, which I feel like would kill the little doodads.",461.0,See if they like it.,"[[463, ""So sure it can actually almost easier to measure dramatic changes in flux than it is to measure the actual flux of the thing.""], [464, ""So in thinking about extremes are there way are there environments in which we may be stressing, quote unquote stressing, although it clearly likes it, life to go into these sort of dormant alive phases that could be detectable then.""]]","[[466, ""Um, but I guess if you were just exposing it to a UV lamp, would that be okay?""], [467, ""Again, I I don't know what I'm talking about.""]]"
2021_06_11_SLU_S10,new_idea,462,0.9990220895269886,"Well, I think one other thing that interests me a lot is also the temporal variability.",457.0,Sorry.,"[[460, ""We have hazes that are produced in the lab in exoplanet regimes that we could feed to critters if people are interested.""], [461, ""See if they like it.""]]","[[463, ""So sure it can actually almost easier to measure dramatic changes in flux than it is to measure the actual flux of the thing.""], [464, ""So in thinking about extremes are there way are there environments in which we may be stressing, quote unquote stressing, although it clearly likes it, life to go into these sort of dormant alive phases that could be detectable then.""]]"
2021_06_11_SLU_S10,new_idea,295,0.9989751090761274,"Maybe you said um there's probably a lot of smaller ones also, but in theory can get big.",293.0,Let's go on.,"[[293, ""Let's go on.""], [294, ""I mean the ones that I've seen are I mean they're microscopic you can see them.""]]","[[296, ""I think along the lines of microbial death, right?""], [297, ""I think there's a lot of like multi.""]]"
2021_06_11_SLU_S10,reinforcement,358,0.0057603120803833,"I I was try I was trying to click and drag a a picture of Care Bears into our zoom chat, but I don't know how to do that.",356.0,"I I was try I was trying to click and drag a a picture of Care Bears into our zoom chat, but I don't know how to do that.","[[356, ""I I was try I was trying to click and drag a a picture of Care Bears into our zoom chat, but I don't know how to do that.""], [357, ""So so""]]","[[359, ""So so I failed.""], [360, ""I failed as your note taker.""]]"
2021_06_11_SLU_S10,reinforcement,165,0.0058441162109375,"Yeah, it's really complicated.",163.0,"Yeah, it's really complicated.","[[163, ""Yeah, it's really complicated.""], [164, ""Um.""]]","[[166, ""Um.""], [167, ""Yes, may he may he rest in power.""]]"
2021_06_11_SLU_S10,reinforcement,298,0.0060411691665649,I think there's a lot of like multi.,297.0,I think there's a lot of like multi.,"[[296, ""I think along the lines of microbial death, right?""], [297, ""I think there's a lot of like multi.""]]","[[299, ""I think there's a lot of like multi.""], [300, ""I think we our previous session there was this whole the way it was phrased was really cool because it was like we want to try to tell living from non-living from dead.""]]"
2021_04_22_MND_S2,new_idea,0,1.0,"So basically, we've just our software um modifies the existing implantable.",,,[],[]
2021_04_22_MND_S2,reinforcement,0,1.0,"So basically, we've just our software um modifies the existing implantable.",,,[],[]
2021_04_23_MND_S9,new_idea,71,0.9987662268104032,"But in addition to that, I've been doing studies with hypertension, uh, obstructive sleep apnea induced hypertension, cerebral small vessel disease or or vascular dementia.",66.0,"And finally, how can these communication signals be monitored, hijacked or interrupted to drive desired outcomes?","[[69, ""I'm Bob Bryan, professor uh at Baylor College of Medicine.""], [70, ""And my interest is is in the gut brain axis and uh if you were here yesterday, you saw I was doing some stroke studies.""]]","[[72, ""And we're finding uh the gut microbiome to have important roles in all of this.""], [73, ""What sort of techniques do you use to measure this breakdown passage?""]]"
2021_04_23_MND_S9,new_idea,120,0.9985800883732736,But it doesn't necessarily mean then that that new microbiome's composition doesn't then affect the affect the host in some way.,119.0,But so so there's definitely that top down effect that's happening to shift the microbiome.,"[[118, ""Um and then really solidified like four four weeks later.""], [119, ""But so so there's definitely that top down effect that's happening to shift the microbiome.""]]",[]
2021_04_23_MND_S9,new_idea,23,0.9984693493461236,"Um, uh my lab is focused on developing new genetic tools for to engineer uh microbiomes and uh understanding the spatial temporal organization of microbial communities um in the gut.",19.0,"Um and it seems like there's been, you know, some recent studies on like, you know, looking at traumatic brain injury and and its effects on the microbiome and it seems like there's some inflammatory responses, but I'm not this is not my area, so I'm curious whether people have any thoughts as to what what are the mechanisms associated with this is it through the the vagal nerves um in a bidirectional fashion.","[[21, ""I'm Harris Wang.""], [22, ""I'm an uh Columbia University at the Medical Center.""]]","[[24, ""Um, and uh yeah, we're we have some emerging interest in in trying to engineer um some of these probiotics uh for gut brain um modulation.""], [25, ""Did you not see any acute changes, I guess?""]]"
2021_04_23_MND_S9,reinforcement,110,0.0082960128784179,I'm happy to.,107.0,I'm happy to.,"[[108, ""Just need to get the folder open again.""], [109, ""It closed.""]]","[[111, ""No.""], [112, ""So maybe I'm misunderstanding, but it sounds is it possible then to predict what type of metabolites are crossing a particular junction based on which tight junction proteins are disregulated at that moment in time?""]]"
2021_04_23_MND_S9,reinforcement,114,0.0718894004821777,"Yeah, that's something that we're seeing in our spinal cord injury models.",113.0,"So my name is Tim Sampson and I'm an assistant professor at Emory and my lab uses uh mouse models to study microbiome interactions in neurodegenerative disorders, uh mostly Parkinson's and some Alzheimer's disease and as everybody has heard, I think I'm also doing a little bit on traumatic uh spinal cord injury and how the microbiome can affect uh neurogenesis in the gut uh after injury to promote recovery.","[[112, ""So maybe I'm misunderstanding, but it sounds is it possible then to predict what type of metabolites are crossing a particular junction based on which tight junction proteins are disregulated at that moment in time?""], [113, ""So my name is Tim Sampson and I'm an assistant professor at Emory and my lab uses uh mouse models to study microbiome interactions in neurodegenerative disorders, uh mostly Parkinson's and some Alzheimer's disease and as everybody has heard, I think I'm also doing a little bit on traumatic uh spinal cord injury and how the microbiome can affect uh neurogenesis in the gut uh after injury to promote recovery.""]]","[[115, ""And so after at least in mice models when they when they're injured, it's they lose some enteric neurons.""], [116, ""And so there's this drastic slowing that happens of of gut motility.""]]"
2021_04_23_MND_S9,reinforcement,92,0.0743151307106018,So those are the interactions we are looking at.,88.0,"So, we have so we study the molecular interactions at the tight junction level, which is caused by the proteins called claudins.","[[90, ""So if you are looking for transport across that, we have studied the extracellular interactions between those claudin molecules and found out the pore sizes and the chemical specificity of the pore to figure out whether a cation, for example, is going to go easy or the anion.""], [91, ""Even at the it's very iron selective and size selective.""]]","[[93, ""But if you go to the gut and try to study the same tight junction interaction, that is made up of claudin 23 and claudin 11 and 3, which is very different from the brain.""], [94, ""So what can go through the gut epithelial layer is different than what can go in the brain.""]]"
2021_05_21_ABI_S5,new_idea,0,1.0,I I'm a guest.,,,[],"[[1, ""I'm a program officer for the and group and very excited to hear um about what is exciting and new in bioimaging.""], [2, ""Thanks.""]]"
2021_05_21_ABI_S5,new_idea,84,0.9991281981929204,But still you would have to figure out how to how to reduce the parameter space to predict the microscopic level somehow.,79.0,But what I mean is on MRI we get one single number per scan for that voxel cube and then we are we know that on the microscopic level we have so much data.,"[[82, ""I think the goal in the MRI field is really to acquire a very high set of parameters in a very short time and then fuse them to get to the high number of parameters and characterize the tissue.""], [83, ""That's the that's the far goal for MRI, I think.""]]","[[85, ""I'd like to move it one step further even.""], [86, ""It may work in our cohort, but it will be nonsense.""]]"
2021_05_21_ABI_S5,new_idea,368,0.9989895890466868,We also uh do um some work for the nano drug delivery uh targeting uh endogenous beta cells.,364.0,"Hi, um everyone.","[[366, ""Um I was trained um as interventional radiologist and develop um interest in uh molecular imaging uh especially uh in diabetes area.""], [367, ""Uh the research work uh in our uh lab focus on um uh using imaging method to check the uh transplanted eyelids or stem cell uh differentiate eyelid organoids for the type one diabetes.""]]","[[369, ""The uh imaging modalities we uh use uh include um MRI, PET MRI, uh we use optical imaging a lot and uh uh recently we started use a new imaging modality um magnetic particle imaging.""], [370, ""I look forward to talk to um everyone and work together on some uh great uh proposals.""]]"
2021_05_21_ABI_S5,reinforcement,462,0.0063848495483398,"Yeah, I think that actually item like combination of the tree it could like solve what I I was getting at.",461.0,"Yeah, I think that actually item like combination of the tree it could like solve what I I was getting at.","[[460, ""So then like that that is kind of like as if a question for the group that what do you think guys if you wanted to like image a spiking of the neuron in the brain, what imaging modality or what are the combination that could be good.""], [461, ""Yeah, I think that actually item like combination of the tree it could like solve what I I was getting at.""]]","[[463, ""It's just like I was thinking that how we are able to have access, you know, to that data set to be able to do like item two, but yeah.""], [464, ""Yes, like part of the like my problem was like how we can go like non invasively for diagnostic purpose to deep tissue especially since mostly I do x-ray pets so then I was wondering like in order to go deeper in tissue so then like what the group is thinking for diagnostic is the pass to go like in human because still I think that so many of the signaling pathway as if you know you want to like like you know what is happening you know in human especially that I I have done some plant imaging that is just like the environment of like one root of the plant is really important how all the plants together like the the sphere of the root as a group how they work together so then as if I want to see still how brain as a whole not in a small area is functioning and I want to go deeper but then how can I see the brain deep in the tissue what is the best approach?""]]"
2021_05_21_ABI_S5,reinforcement,206,0.0064829587936401,"I think it was Anna Karin talked about that was that Ellen, someone.",202.0,"I think it was Anna Karin talked about that was that Ellen, someone.","[[204, ""What about where how about using multidata to guide the next layer?""], [205, ""You know, I think how to zoom in.""]]","[[207, ""Okay.""], [208, ""What?""]]"
2021_05_21_ABI_S5,reinforcement,463,0.0070321559906005,"It's just like I was thinking that how we are able to have access, you know, to that data set to be able to do like item two, but yeah.",458.0,"It's just like I was thinking that how we are able to have access, you know, to that data set to be able to do like item two, but yeah.","[[461, ""Yeah, I think that actually item like combination of the tree it could like solve what I I was getting at.""], [462, ""Yeah, I think that actually item like combination of the tree it could like solve what I I was getting at.""]]","[[464, ""Yes, like part of the like my problem was like how we can go like non invasively for diagnostic purpose to deep tissue especially since mostly I do x-ray pets so then I was wondering like in order to go deeper in tissue so then like what the group is thinking for diagnostic is the pass to go like in human because still I think that so many of the signaling pathway as if you know you want to like like you know what is happening you know in human especially that I I have done some plant imaging that is just like the environment of like one root of the plant is really important how all the plants together like the the sphere of the root as a group how they work together so then as if I want to see still how brain as a whole not in a small area is functioning and I want to go deeper but then how can I see the brain deep in the tissue what is the best approach?""], [465, ""Yes.""]]"
2021_04_23_MND_S1,new_idea,0,1.0,"How do you then, and this is way out of my wheelhouse, but how do you understand how that individual's lifestyle, their environment outside of their body, just where they live, what they do, their interactions with their everyday life.",,,[],"[[1, ""How do you factor those into this model?""], [2, ""Is there any way to not dismiss a mouse model, but I'm really curious if we could use artificial intelligence and existing data samples that might be in an, you know, in the health system.""]]"
2021_04_23_MND_S1,new_idea,123,0.9990604845806956,"But then when we want to validate some of the key functions or pathways, that's where we really go with the more complex models because they are not as scalable.",118.0,"Yeah, so when you start with primary tissue, it's not easy to capture the neurons because they're very diluted in the tissue.","[[121, ""So we make neurons, then we make intestinal epithelial cells or smooth muscle, and then we assemble them into co-cultures.""], [122, ""So a lot of what we do initiates with just the one cell type, either just the neurons or just the epithelia.""]]","[[124, ""Yeah.""], [125, ""So the other issue with ICing them from primary tissue is their, the fully differentiated neurons don't survive the processing.""]]"
2021_04_23_MND_S1,new_idea,55,0.9990218413295224,"Um I guess another important point was the medications and how they um get affected by the microbiome and then vice versa, how like management of these patients affects the motility and the composition of the microbes.",51.0,So these are around maybe 500 or 600 just small molecules that affect different neurotransmitter receptors.,"[[53, ""And many of them could be influenced by microbial products.""], [54, ""And then we want to know if um we can build models to then get at the mechanistic steps where basically these um these products then you know, induce all these changes in the body that then translate into effects on the disease.""]]","[[56, ""So yeah, I guess Jay's back so.""], [57, ""And then with respect to what's there in the neuronal cultures, there are basically a number of different neurons intermixed.""]]"
2021_04_23_MND_S1,reinforcement,343,0.0056203007698059,I don't know about all of those.,340.0,I don't know about all of those.,"[[341, ""But you know, if it's short chain fatty acids, I think that that's a great idea.""], [342, ""I think you could do it with one molecule.""]]","[[344, ""But you know, if it's short chain fatty acids, I think that that's a great idea.""], [345, ""Right now, I think, in general, the approaches, well, let's just make more, make more given prebiotics, given probiotics that we think are going to make butyrate.""]]"
2021_04_23_MND_S1,reinforcement,192,0.0057740807533264,I guess we have many more questions than answers.,189.0,I guess we have many more questions than answers.,"[[190, ""That's because that's how science works.""], [191, ""Very interesting.""]]","[[193, ""That's because that's how science works.""], [194, ""Very interesting.""]]"
2021_04_23_MND_S1,reinforcement,356,0.0058404207229614,Sensing and regulation is a big part of the plan here.,354.0,Sensing and regulation is a big part of the plan here.,"[[354, ""Sensing and regulation is a big part of the plan here.""], [355, ""But for now, we're in the very preliminary stages of that.""]]","[[357, ""But for now, we're in the very preliminary stages of that.""], [358, ""So Faranak, I think we should talk about your ENS essay a little more.""]]"
2021_05_20_ABI_S6,new_idea,0,1.0,"Hi, I'm Jazz.",,,[],"[[1, ""I'm a new assistant professor at UC San Diego and I'm interested in uh visualizing chemicals.""], [2, ""Um, I use mass spectrometry imaging and fluorescence imaging to track small molecules in development and uh I I use the model of the plant root.""]]"
2021_05_20_ABI_S6,new_idea,1,0.9990638671442866,I'm a new assistant professor at UC San Diego and I'm interested in uh visualizing chemicals.,0.0,"Hi, I'm Jazz.","[[0, ""Hi, I'm Jazz.""]]","[[2, ""Um, I use mass spectrometry imaging and fluorescence imaging to track small molecules in development and uh I I use the model of the plant root.""], [3, ""How are yeah, how do we use all the data?""]]"
2021_05_20_ABI_S6,new_idea,328,0.9990521105355584,"And actually this has turned out to meet a lot of headlong resistance across different groups of, oh, well, we just need all of it.",327.0,"So I mean this information idea, I think, you know, from us, which again is more of like a cell and like I mean one thing we've been really pushing everyone to think about is if you do have a model or you do have something you think is true, you know, can you do a bit more like truly quantitative experimental design for which is like what axes do you need to expand the information that you're collecting more statistics along to test something, right?","[[326, ""I think that's a much bigger challenge personally for us at the moment.""], [327, ""So I mean this information idea, I think, you know, from us, which again is more of like a cell and like I mean one thing we've been really pushing everyone to think about is if you do have a model or you do have something you think is true, you know, can you do a bit more like truly quantitative experimental design for which is like what axes do you need to expand the information that you're collecting more statistics along to test something, right?""]]","[[329, ""But this is not a tenable thing and quite often people don't use the data.""], [330, ""So from our sense, we're really trying to understand like if you really want to answer, I don't know, how network A functions and you have some idea of how it's connected, can you come up with some sort of sort of framework which tells you something, right?""]]"
2021_05_20_ABI_S6,reinforcement,440,0.0055993199348449,I think uh David brought up a really important point of using registration to bridge multiple types of microscopy or types of scales.,438.0,I think uh David brought up a really important point of using registration to bridge multiple types of microscopy or types of scales.,"[[438, ""I think uh David brought up a really important point of using registration to bridge multiple types of microscopy or types of scales.""], [439, ""I think that's really important and specifically with the brain this is something that, you know, I've been doing and other people have been doing where you can observe live brain activity and then take the same tissue and and either perform some sort of molecular labeling or do electron microscopy, tracing or something else that requires a fixed tissue, but if you're able to register this fixed tissue back to the live tissue at cellular resolution, then that that really allows you to combine all these things without having to find, you know, one method that fulfills all of your needs.""]]","[[441, ""I think that's really important and specifically with the brain this is something that, you know, I've been doing and other people have been doing where you can observe live brain activity and then take the same tissue and and either perform some sort of molecular labeling or do electron microscopy, tracing or something else that requires a fixed tissue, but if you're able to register this fixed tissue back to the live tissue at cellular resolution, then that that really allows you to combine all these things without having to find, you know, one method that fulfills all of your needs.""], [442, ""It it may also be particularly important to if you're linking across these scales to use the same individuals that you're you're using, you know, it might be challenging to take the molecular, you know, uh say like spatial transcriptomics data from one individual and then link it to the neural activity of another or to the connectivity of another.""]]"
2021_05_20_ABI_S6,reinforcement,219,0.0062680840492248,That's not easy.,218.0,That is a challenge.,"[[217, ""So you might you might want to then go do some experiments um some perturbative experiments to check and make sure that that gene expression signature of the thing that you're observing on the microscope is actually grounded in some, you know, real um biological pathway and that there's a clear transmission of information there.""], [218, ""That is a challenge.""]]","[[220, ""The goal is to have one model that works for everything.""], [221, ""Um, and you can get that um the challenge is making these data sets and part of that process is compiling and curating data across different um the different things that people are looking at.""]]"
2021_05_20_ABI_S6,reinforcement,387,0.0068860650062561,"Yeah, I think that looks good.",385.0,"Yeah, I think it looks good.","[[385, ""Yeah, I think it looks good.""], [386, ""I mean, uh""]]","[[388, ""Yeah.""], [389, ""Yeah.""]]"
2021_05_20_ABI_S1,new_idea,0,1.0,"Tracking, you know, you don't want to weigh that down with a a big brick, right?",,,[],"[[1, ""Uh that would be very perturbative to the motion.""], [2, ""Um, so yeah, it's um other ways of thinking kind of outside of those strategies are really interesting to see, you know, how can you actually get longer tracks.""]]"
2021_05_20_ABI_S1,new_idea,80,0.9988940666662528,We'll see you at the um in the main meeting room.,78.0,Great.,"[[78, ""Great.""], [79, ""Thank you so much and thank you for great discussion.""]]","[[81, ""I mean, my opinion is is that""], [82, ""I think that sounds good, you know, two major points and we had lots of constructive discussions.""]]"
2021_05_20_ABI_S1,new_idea,240,0.9988046786747872,"And it also may allow if you're able, it may solve some of Catherine's problems, I think, because if you are able to identify interesting interactions efficiently using some kind of uh you know, less perturbative imaging modalities that do not bleed bleach your let's say fluorescent based probes, then you're able to kind of zoom in and track those specific things, you know, with your higher power applications.",235.0,"very dense network of of objects that we've detected and be able to assign, you know, the trajectories for merges or splits and things like that.","[[238, ""So that means that you're picking up lots of uh non specific um um uh changes um within your detection or imaging method.""], [239, ""Building upon what uh Melika said, I think this question of real time analysis is really important, right?""]]","[[241, ""So people have tried to""], [242, ""Solve this problem in lots of different ways, but it always ends up depending on exactly what your biological question is what will be the right thing.""]]"
2021_05_20_ABI_S1,reinforcement,223,0.0167441368103027,Just just curious.,222.0,"Uh just out of curiosity, how many of us are in the label free camp versus the label camp?","[[221, ""Uh if you go to the next slide.""], [222, ""Uh just out of curiosity, how many of us are in the label free camp versus the label camp?""]]","[[224, ""Uh something happened with uh the version of the document.""], [225, ""It's just been it's been updated and I can't.""]]"
2021_05_20_ABI_S1,reinforcement,94,0.0174051523208618,We have two people.,93.0,Um you you're going to do so um so we have a recording recorder and a reporter.,"[[92, ""So okay, great.""], [93, ""Um you you're going to do so um so we have a recording recorder and a reporter.""]]","[[95, ""Okay.""], [96, ""And then uh now we're going to take maybe two minutes.""]]"
2021_05_20_ABI_S1,reinforcement,197,0.0234903097152709,This is not really,195.0,"This is not really, when you think about it, it's so many things are floating, it's just so crowded.","[[195, ""This is not really, when you think about it, it's so many things are floating, it's just so crowded.""], [196, ""In that crowded spatial media, can we deduce, you know, reology of a really simplistic cells and can we decouple that.""]]","[[198, ""Absolutely, yeah.""], [199, ""I mean especially because we know molecules exist, but we don't really understand fully how they interact with each other in terms of dynamics, right?""]]"
2021_04_23_MND_S6,new_idea,0,1.0,I can go next.,,,[],"[[1, ""So, um, I'm Maya Levy.""], [2, ""I I'm from Upen.""]]"
2021_04_23_MND_S6,new_idea,62,0.9991916788276284,We can see it in real time though on if we all have the Google Drive open in another browser tab.,58.0,"I look at that in maternal populations, so the association between, um, periodontal disease and pre-term birth, and I've also looked at it in older adults, um, association between periodontal disease again and, uh, mild cognitive impairment.","[[60, ""Richmond's compared to people who don't have the disease.""], [61, ""But I think Michael was about to talk about some inflammation and microglia.""]]","[[63, ""So, so we can watch it.""], [64, ""Right.""]]"
2021_04_23_MND_S6,new_idea,301,0.9991409566719084,"And there's also some really interesting um uh reverse projections from the NTS that go to the efferent arm of the Vegas too, which is another conversation for maybe later or or what have you.",298.0,I'm fairly familiar with it because it's a research project I'm involved with.,"[[299, ""Yeah, but there's a good amount of projection because I wouldn't have been able to answer the question like a month ago.""], [300, ""Um there's a fair amount of projection coming from the NTS that goes up um peribrachial that that up into, you know, areas etc etc what you're saying.""]]","[[302, ""So.""], [303, ""So.""]]"
2021_04_23_MND_S6,reinforcement,393,0.0056211352348327,I don't know if you can account for that in many of these situations.,392.0,I don't know if you can account for that in many of these situations.,"[[391, ""And I don't.""], [392, ""I don't know if you can account for that in many of these situations.""]]","[[394, ""I just a quick question.""], [395, ""You said neurons project into the lumen?""]]"
2021_04_23_MND_S6,reinforcement,101,0.0057302713394165,Um I'm sorry if you hear hear some crying in the background.,96.0,Um I'm sorry if you hear hear some crying in the background.,"[[99, ""So um subsets of them like neocin, um I think vancin are thought to not be absorbed very well whereas other ones are absorbed very well and could have off target effects.""], [100, ""We we could both I think contribute.""]]","[[102, ""Um yeah, so we do this um with mice and um definitely I think they're confounding effects and off target effects of antibiotics depending on which ones you use.""], [103, ""And so um, you know, one idea is whether it would be useful um you know, for the particular experiment of interest to really stick with the nonabsorbable antibiotics.""]]"
2021_04_23_MND_S6,reinforcement,100,0.0058868527412414,We we could both I think contribute.,95.0,We we could both I think contribute.,"[[98, ""And so um, you know, one idea is whether it would be useful um you know, for the particular experiment of interest to really stick with the nonabsorbable antibiotics.""], [99, ""So um subsets of them like neocin, um I think vancin are thought to not be absorbed very well whereas other ones are absorbed very well and could have off target effects.""]]","[[101, ""Um I'm sorry if you hear hear some crying in the background.""], [102, ""Um yeah, so we do this um with mice and um definitely I think they're confounding effects and off target effects of antibiotics depending on which ones you use.""]]"
2021_05_21_ABI_S2,new_idea,0,1.0,"Hey everyone, my name is Arnold Hayer.",,,[],"[[1, ""I'm a faculty in the Department of Biology in McGill University.""], [2, ""And uh my lab is primarily interested in signal transduction that regulates cell motility.""]]"
2021_05_21_ABI_S2,new_idea,104,0.99917263048701,The the problem we run into there again is we just started with an overwhelming amount of data.,100.0,So one of them is optical methods development.,"[[102, ""And we actually showed that you can do this well enough where you can extract say um elongation rates of RNA from these snapshot data.""], [103, ""So then we went back into the line system and actually measured the elongation rate and actually showed we got it right from the computational inference.""]]","[[105, ""So we're stuck to this idea of like can we it's really easy to start from this overwhelming amount of data, specify a model and say I should have measured here.""], [106, ""I think it's much harder to start from a sort of first principles modeling and say this is where I need to be doing my measurements to learn the most over space and time and that problem I think is is still really challenging and I don't have a good handle on the best way to approach it.""]]"
2021_05_21_ABI_S2,new_idea,126,0.9990116195986048,So this can be pretty low though for certain techniques and so the frame rate can still get pretty high.,125.0,So you need to look at the image somehow in with multiple views.,"[[124, ""I mean there are ones that aren't, but um typically you need to introduce some sort of diversity in the phase so then you can extract, you know, what the refracted index was.""], [125, ""So you need to look at the image somehow in with multiple views.""]]","[[127, ""Um, the you know, one the issue is how much is it moving in 3D in like one sort of time step, right?""], [128, ""So that that also so let's say you needed minimum three views, I'm just guessing, you could make some technique, you know, how far is it going to displace between each of those three shots or do you need to come up with some sort of simultaneous multi focal technique, which exists, but you keep every time you do that you split the light so you're really going to need transmitted light measurements, right where your photon, your excitation photons are doing the work, not your emission photons.""]]"
2021_05_21_ABI_S2,reinforcement,247,0.0099366307258605,I think either of you might be able to contribute um some ideas here.,245.0,"Um, I do think that both Joyoni and Mimi might have some um input on this kind of multimodal approach because you're working generally at larger scales and especially Mimi with um doing kind of like the I think you do microCT with then the spatial trans trans transcriptomics.","[[245, ""Um, I do think that both Joyoni and Mimi might have some um input on this kind of multimodal approach because you're working generally at larger scales and especially Mimi with um doing kind of like the I think you do microCT with then the spatial trans trans transcriptomics.""], [246, ""And I think that um, you know, just using using structural information at larger scales and then kind of how you would um either multimodal to get different information or then use that spatial information to decide where to sample with high resolution.""]]","[[248, ""Maybe Richard can help us with that.""], [249, ""I um""]]"
2021_05_21_ABI_S2,reinforcement,236,0.011798083782196,"Great, thank you.",234.0,"Great, thank you.","[[234, ""Great, thank you.""], [235, ""Okay, so we've heard lots of great ideas related to the topic and um I do feel that based on the conversation, um some of you kind of post questions that others may have may want to respond to.""]]","[[237, ""Um, and last but not least, uh, Liyan.""], [238, ""It's the trade off of illumination without damage, collection of signal very fast, so you're limiting the time that you can capture those photons coming out.""]]"
2021_05_21_ABI_S2,reinforcement,255,0.011798083782196,"Great, thank you.",254.0,"Great, thank you.","[[253, ""Aseema?""], [254, ""Great, thank you.""]]","[[256, ""Mimi?""], [257, ""Vivian?""]]"
2021_04_22_MND_S5,new_idea,238,0.999036232358776,"I also really appreciated the discussion about the um, blood brain barrier being something um, that we have an incomplete understanding of and that textbook definition being being outdated.",236.0,"If I can make a small plug, I I wrote a cute little tutorial uh mini review last year on machine learning for precision medicine, which is like um an easy digestible kind of review.","[[236, ""If I can make a small plug, I I wrote a cute little tutorial uh mini review last year on machine learning for precision medicine, which is like um an easy digestible kind of review.""], [237, ""I could put it in the resource folder if that might be helpful to you.""]]","[[239, ""I thought that was really, really interesting.""], [240, ""Because again, the whole thing is about the brain gut connection and that's how it connects, right?""]]"
2021_04_22_MND_S5,new_idea,406,0.9989032910671084,"Also, I think in patients with autism in my experience, they often have a very restricted diet.",405.0,So it's hard to validate uh those sort of studies.,"[[404, ""The the problem with that as you know is these are pure statistical associations and the actual biology is a little bit opaque, like why do we see that?""], [405, ""So it's hard to validate uh those sort of studies.""]]","[[407, ""Um, so it's also like the their diet affects the composition of the microbiome, but also they drink very little like, you know, I'm thinking of the very, very severe autistic patient like nonverbal etc. like hard to get them to drink water.""], [408, ""Like, you know, there's many, many reasons why they have gut dysfunction, which are behavioral and secondary to to that, but I also I'm just really happy I could like talk about something.""]]"
2021_04_22_MND_S5,new_idea,15,0.9988836531993002,But it was the importance of the gut microbiota and the development of the blood brain barrier.,11.0,It's called what?,"[[13, ""Okay, got it.""], [14, ""So let me let me just point out um, something a paper that was published several years ago, maybe more than several.""]]","[[16, ""It's very important.""], [17, ""I don't know how many of you read that papers by Ernie, I believe it's ERNY.""]]"
2021_04_22_MND_S5,reinforcement,139,0.0055555701255798,So that there is just a note from uh Andrew that we should try to kind of summarize our key things.,138.0,So that there is just a note from uh Andrew that we should try to kind of summarize our key things and I think our aim is to eventually have like one slide that summarizes like essential ideas.,"[[137, ""Um I'm, you know, I agree with most of what everybody's saying.""], [138, ""So that there is just a note from uh Andrew that we should try to kind of summarize our key things and I think our aim is to eventually have like one slide that summarizes like essential ideas.""]]","[[140, ""Great.""], [141, ""Make sure and choose a recorder and take a minute or so to think about getting started.""]]"
2021_04_22_MND_S5,reinforcement,527,0.005763292312622,"So some of these questions relate though to like uh, more basic science.",525.0,"So some of these questions relate though to like uh, more basic science, right?","[[525, ""So some of these questions relate though to like uh, more basic science, right?""], [526, ""Like this idea that there might be some dynamics within the microbiome and a given area or dynamics of the interactions between them.""]]","[[528, ""Uh, not really.""], [529, ""Thank you for asking.""]]"
2021_04_22_MND_S5,reinforcement,534,0.0093205571174621,"Yeah, that's a really good point.",532.0,"Yeah, that's a great point.","[[532, ""Yeah, that's a great point.""], [533, ""Brain gut interaction via Vegas nerve.""]]","[[535, ""Yeah, you mean a couple keywords like from each of these um, each of.""], [536, ""So, you know, this is like the a classic statistics problem, right?""]]"
2021_05_21_ABI_S15,new_idea,66,0.9991259870002978,"I also work on lensless holographic microscopy, um, but that is more for Xvivo samples or in vitro samples.",63.0,I work on two different things.,"[[64, ""So I work on nanotechnology aided optical imaging, which involves fluorescence as well as photoacoustics.""], [65, ""And that's what is my interest in deep tissue imaging.""]]","[[67, ""So we basically develop different types of nanoparticles, um, metallic quantum dots, um, um, polymeric nanoparticles for biomedical imaging, sensing, as well as for therapy, uh, chemotherapy, photodynamic therapy.""], [68, ""And we monitor them using fluorescence and photoacoustics, as well as some scattering and other things.""]]"
2021_05_21_ABI_S15,new_idea,456,0.9989224704913796,I would also Barbara love to talk to you more about that.,451.0,"But,","[[454, ""None of them are perfect.""], [455, ""Many of them are inverted, uh, meaning that, uh,""]]","[[457, ""We do some micro LED based wireless uh tech for sensing and control.""], [458, ""Uh, so I would I would love to learn more about your wave guide.""]]"
2021_05_21_ABI_S15,new_idea,382,0.9987757592462004,And then the second aspect is how to use optics and algorithms to push it deeper.,380.0,Uh another way to think about this um I have been really interested in this is how can we use the contrast from optical imaging.,"[[380, ""Uh another way to think about this um I have been really interested in this is how can we use the contrast from optical imaging.""], [381, ""We have fluorescence, we have phase contrast from optics.""]]","[[383, ""So instead of avoid uh multiple scattering photons just getting ballistic photons, how can we use multiple scattering?""], [384, ""How can we use deterministic models of multiple scattering to get deeper into the tissue.""]]"
2021_05_21_ABI_S15,reinforcement,54,0.0285390615463256,"Uh sure, I can do it.",53.0,"Sure, I can start to summarize and we can conclude this discussion.","[[52, ""So it's a bit rigged.""], [53, ""Sure, I can start to summarize and we can conclude this discussion.""]]","[[55, ""Uh, hello everyone.""], [56, ""So I've actually spoken to everyone here already.""]]"
2021_05_21_ABI_S15,reinforcement,395,0.0300306677818298,"Uh, that's one aspect.",393.0,"The first aspect is uh, um multiphoton imaging.","[[393, ""The first aspect is uh, um multiphoton imaging.""], [394, ""How can we uh design different wavefront shaping or post shaping or even light engineering, light generation techniques to enable deeper penetration of the light.""]]","[[396, ""Uh, so we work on label free imaging technologies and also just uh uh common multiphoton coherent image coherent raming imaging.""], [397, ""I can hear you.""]]"
2021_05_21_ABI_S15,reinforcement,312,0.0449627637863159,Um but I'm Carolyn Bayer.,311.0,Um I'm Carolyn Bayer.,"[[310, ""Sorry.""], [311, ""Um I'm Carolyn Bayer.""]]","[[313, ""Um but we're working on strategies to transition to clinical.""], [314, ""Um that said we still have depth limitations.""]]"
2021_06_10_SLU_S5,new_idea,0,1.0,"10 minutes, okay.",,,[],"[[1, ""10 minutes?""], [2, ""Another example from our work is that um the we've gotten really interested in the impact of some of the oxychlorine salts on Mars uh in the last few years and um it turns out one thing that having perchlorate and silicates around which are thought to be present you know in a lot of high abundance in the Martian regulath is that um the perchlorate um is of a type of salt that can drive adsorption of RNA and DNA to silicates and it does it reversibly and we're kind of excited about it because it seems like that could be kind of a way to do compartmentalization because these lipid assemblies don't really work very well at high salt.""]]"
2021_06_10_SLU_S5,new_idea,195,0.999107880576048,And of course then there is the connection to the geo uh which uh a lot of you are very interested in.,192.0,Um there is a lot to unpack there.,"[[193, ""So uh maybe we can take it one step at a time.""], [194, ""Um like should we start with the solvent issue, water versus other solvents that could be very out of the box uh way to do it.""]]","[[196, ""Um, so, um, you already uh, know I'm the facilitator and I would like to start the introductions, but first as uh, we already told we have to select a recorder.""], [197, ""Um, yes, uh, you you got a link in the email which they send us for the zoom link also to the Google Docs.""]]"
2021_06_10_SLU_S5,new_idea,326,0.99897534691263,"This is true for like the NASA RCNs, exobiology and everything else.",323.0,"So we always want to know what conditions do you do it under because it has to be really controlled and specific, otherwise none of your results could be real.","[[324, ""And so if we did a reaction A, let's say and you get like some kinetics out of it.""], [325, ""So I I had a bullet that was just kind of a general thought about the state of this field, which is that in so as you know if like in origin of life, there's all these funding sources, but they are really specifically about early Earth and it's always about trying to get, you know, at what it was the origin of life on Earth.""]]","[[327, ""And then we have all these planetary science questions about other worlds and life in other worlds, but there is no funding that I've ever found where you could study the possible origin of life on another world in a non-earth like manner.""], [328, ""And so that's that's been a real problem for someone who's interested in life detection like me because, you know, I want to say, well, on Mars, for example, could you have life begin in some other way than Earth, but you can't really do those experiments.""]]"
2021_06_10_SLU_S5,reinforcement,67,0.0150119662284851,So that's kind of how we think about it.,64.0,So it um that's just kind of what we think about as UV is generally chewing this stuff up and it can cause photochemical reactions that we don't want.,"[[65, ""That said, um, you know, there's been some work using UV as kind of a plus because it can, you know, you can photochemically promote some of these uh syntheses.""], [66, ""But for the most part, uh we kind of think of it as a problem, you know, like assume that we get to the point where we have these monomers because like I said, we kind of live in this space where it's, you know, assume for the sake of argument that we have these molecules, what's going to happen in terms of their assembly, UV is a problem that we always have to deal with.""]]","[[68, ""Sorry, I think to provide kind of some context to.""], [69, ""Uh, I guess in terms of when you're thinking about uh what period in time you might be doing the chemistry and then I guess the other aspect in which we think about it is how do you circumvent that?""]]"
2021_06_10_SLU_S5,reinforcement,374,0.0171783566474914,I I mean the global scale.,372.0,"But if you check the global, I mean global scale temperature, that's other problem.","[[372, ""But if you check the global, I mean global scale temperature, that's other problem.""], [373, ""So that's mean what's the radiation budget on the top, what's the radiation transfer inside of atmosphere, then what's the precisely what's the temperature on the surface.""]]","[[375, ""So if the planet doesn't have atmosphere, that means the temperature will change a lot from daytime to night time.""], [376, ""It's not good for life because for example for for for Mars.""]]"
2021_06_10_SLU_S5,reinforcement,77,0.0184613466262817,"Yeah, I think so.",74.0,Yeah and I agree these these are interesting questions.,"[[75, ""This is not the way that we usually think about it, but that's not to say that it's not important to what we do.""], [76, ""So I think this could be a productive place to look.""]]","[[78, ""Yeah, it's been funny hearing you guys talk about stability because I could appreciate that the geochemical aspect of it.""], [79, ""And in addition, I think that when I think about stability and I think a lot of the time when chemists think about stability and like Demitar will appreciate this, we think about UV flux a lot of the time and um, you know, talking about Mars a lot of the time, that's where we're considering, you know, is it surface versus subsurface and it's sort of geochem adjacent, but I think that this is going to tie into it because I think that given UV fluxes on a lot of bodies, um, you're going to need to be probably a little bit subsurface not to just tear everything up.""]]"
2021_09_30_MZT_S4,new_idea,0,1.0,"And secondly, whether there is a human resources.",,,[],"[[1, ""Uh, do you have those resource human human support?""], [2, ""Do do they need some specific training to support your testing?""]]"
2021_09_30_MZT_S4,new_idea,282,0.9991811294457876,"And I think I figured out the challenges with food also, so that will be wrapping it up that one way to solve it something universal which is mass producible.",281.0,So that's what I am up to.,"[[280, ""So what we found that we have challenges when we go into complicated matrix, but they were working fine with the all pure culture isolates.""], [281, ""So that's what I am up to.""]]","[[283, ""Screening.""], [284, ""Then we have data to normalize it.""]]"
2021_09_30_MZT_S4,new_idea,148,0.9988902087789028,"Um we also there was a lot of discussion about let me put down the big topics, remote sensing.",144.0,Does that kind of work where you were?,"[[146, ""So let's see.""], [147, ""So this is going to go back.""]]","[[149, ""Um you'll see those.""], [150, ""So those are kind of like the big sort of headings that I I have written down and then under universality, so monitoring nucleotide changes.""]]"
2021_09_30_MZT_S4,reinforcement,188,0.0076401829719543,"Yeah, so um so what I was going to say is at this point we're not actually on a single slide and I don't know what the I see someone is shrinking the text, which is helpful.",187.0,"Yeah, so um so what I was going to say is at this point we're not actually on a single slide and I don't know what the I see someone is shrinking the text, which is helpful.","[[186, ""Yeah, I think that's a great point.""], [187, ""Yeah, so um so what I was going to say is at this point we're not actually on a single slide and I don't know what the I see someone is shrinking the text, which is helpful.""]]","[[189, ""But um, I guess I was going to say if we could everybody just take one second to kind of read through and and think like.""], [190, ""Yeah.""]]"
2021_09_30_MZT_S4,reinforcement,173,0.018843650817871,A genome bank.,169.0,Um also under surveillance I I thought the idea of of um of a genome bank is an interesting I mean that it's a it's a good idea.,"[[171, ""Um so to translate for use in wildlife populations too.""], [172, ""Does that sort of bridge the or no?""]]","[[174, ""So a genome bank""], [175, ""Um, I can put in people's names really quickly.""]]"
2021_09_30_MZT_S4,reinforcement,174,0.0429034233093261,So a genome bank,169.0,Um also under surveillance I I thought the idea of of um of a genome bank is an interesting I mean that it's a it's a good idea.,"[[172, ""Does that sort of bridge the or no?""], [173, ""A genome bank.""]]","[[175, ""Um, I can put in people's names really quickly.""], [176, ""Can somebody read them off to me because I can't I can only see the slide I'm looking at.""]]"
2021_06_11_SLU_S6,new_idea,0,1.0,A few of us were thinking about that yesterday.,,,[],"[[1, ""And I think what we concluded is that the biggest difference will be that older stars will have fewer radiogenic elements so you won't get less radioactive decay and heating in the core.""], [2, ""Do that with white dwarf planets.""]]"
2021_06_11_SLU_S6,new_idea,129,0.999068397039082,"And after that we will proceed to identifying a scribe, a recorder who will report back to the main group and then we plunge in into the fun science discussion.",125.0,"And some of you were not in the group I was there yesterday, but all the groups follow of course the same general approach.","[[127, ""I think you all interacted already probably, but maybe just to make sure everybody knows everyone.""], [128, ""So we'll keep the introductions pretty short, just name institution, general topics you are working on.""]]","[[130, ""So and just to keep this moving efficiently, I will ask everybody who introduces themselves, when they finished point to the next person so we can keep on going through all the the people quickly.""], [131, ""So we we can maybe start with a Paul, let me ask Paul to start and then we can go from there.""]]"
2021_06_11_SLU_S6,new_idea,174,0.9989753843983636,"You will have the power to translate the ideas to the main room, so that that's great.",172.0,Yes.,"[[172, ""Yes.""], [173, ""You mean like a range of water abundance that's not too little and not too much, somewhere in between.""]]","[[175, ""So thank you for doing that.""], [176, ""You will have the that's great.""]]"
2021_06_11_SLU_S6,reinforcement,333,0.0073168873786926,That is so cool.,332.0,That is so cool.,"[[331, ""Is that sort of it or have people gone to the level of like I see enhanced magnesium in the star and therefore that correlates with some weird property of its planets.""], [332, ""That is so cool.""]]","[[334, ""They're not weird interests, they're astronomical interests.""], [335, ""This is a very astro uh astro heavy room here.""]]"
2021_06_11_SLU_S6,reinforcement,316,0.0082074403762817,I don't know.,311.0,I don't know.,"[[314, ""Okay.""], [315, ""Or something.""]]","[[317, ""Like I I think I I in the interest of full disclosure, I have a postdoc who's trying to couple ice sheet models with uh with uh these kinds of GCMs for for M Earth, but like we don't know the answer yet.""], [318, ""So hopefully, hopefully we'll we'll get an answer in the next year or two.""]]"
2021_06_11_SLU_S6,reinforcement,437,0.0099796056747436,"But it wouldn't kill all the rocks, right?",436.0,"But it wouldn't kill all the rocks, right?","[[435, ""So it's overestimating the probability of collision.""], [436, ""But it wouldn't kill all the rocks, right?""]]","[[438, ""It will it will have a very interesting behavior for example for its cloud.""], [439, ""But um at the end everything is triple.""]]"
2021_10_01_MZT_S7,new_idea,0,1.0,"Hi, Amy Hartman.",,,[],"[[1, ""I'm an associate professor at University of Pittsburgh and I study emerging RNA viruses in particular, um how viruses cause disease in animals.""], [2, ""So we use animal models to understand um the complex disease processes.""]]"
2021_10_01_MZT_S7,new_idea,67,0.9991414234391414,And then we also use a variety of pan assays to identify viruses that aren't um actually being targeted.,64.0,"Um, I really focus on using genomics to better understand RNA virus um spread over time and space.","[[65, ""Um, really in the Southwest.""], [66, ""I work with a lot of um county and state agencies to sequence their viruses and compare them uh to to each other so they can get an idea of how things are moving.""]]","[[68, ""Um, but I might be getting into some cell culture here real soon just because um we've been finding some insect specific flavi viruses and we're wondering if there's some competitive inhibition that might be possible there, so we might have to grow things.""], [69, ""I wonder if you might be able to get that by involving some of the like stakeholders.""]]"
2021_10_01_MZT_S7,new_idea,285,0.9990513950469904,Uh but they're typically not the ones who are going out and interacting directly with stakeholders.,281.0,"I mean one way to do that is through uh people who are, you know, who work at those interfaces.","[[283, ""And a lot of people are, you know, very interested in that information for a whole variety of reasons.""], [284, ""So, you know, you have like the the modelers who develop and test and validate these incredibly complicated models.""]]","[[286, ""You know, you have a lot of other professionals whose, you know, because they're such a well established range of applications, you have a lot of people who are, you know, trained and do a lot of work at that interface.""], [287, ""I had heard we were talking about right in terms of reservoir potential like the organismal level competence but also kind of a an ecosystem level and then intersection with the human population as well.""]]"
2021_10_01_MZT_S7,reinforcement,321,0.0065162777900695,I'm not going to say it's impossible.,320.0,I'm not going to say it's impossible.,"[[319, ""I have an idea of what my end product is going to be but I'm definitely talking to people that can actually make it happen or can develop the system or things like well we're also tracking these other you know surrogate parameters or perhaps animal movement or other diseases and things like that that we can then use to inform you know the question that I'm trying to ask.""], [320, ""I'm not going to say it's impossible.""]]","[[322, ""Oh, I I agree with what you're saying Pilar and I think it's what Sarah you were trying to say is yeah, you can have an immune profile for a viral infection, but that doesn't tell you, doesn't really tell you whether that animal's going to be able to clear or not, especially when you're talking about innate immune responses, right?""], [323, ""So okay, there is a response, but then overall what happens afterwards, does that animal clear it or not?""]]"
2021_10_01_MZT_S7,reinforcement,119,0.0217434167861938,I I agree.,118.0,I agree.,"[[117, ""I've been working mostly on Bovine TB for the last um almost 10 years at the wildlife livestock interface and more recently I started working at the human interface as well.""], [118, ""I agree.""]]","[[120, ""Um, um, yeah.""], [121, ""That's it.""]]"
2021_10_01_MZT_S7,reinforcement,99,0.0219285488128662,I'm a biochemist.,96.0,"I think a lot I mean, again, biochemist, so we do empirical testing.","[[97, ""So if you have see a nail, you use a hammer.""], [98, ""Um but um""]]","[[100, ""So think about very different kinds of problems, but I just thought I might mention one um way in which biochemist in my community are very much interested in in future reservoirs for say SARS COV2.""], [101, ""Um, where we've noticed that some of the new variants coming out, um, they no longer interact with bat receptors.""]]"
2021_09_30_MZT_S5,new_idea,0,1.0,"Agreed, it's just seasonality uh and understanding perhaps more layers of, you know, seasonality for the host might not be the same as the seasonality for for the vector and also trying to understand those timings and how you can disrupt them for instance, uh which which is an area that's been kind of explored a lot uh for mosquito born and now it's becoming a thing for uh tick born as well, trying to understand uh coinfection because of those seasonalities and lags and understanding how it's the best way to disrupt some of those cycles precisely um understanding those lags uh and so on.",,,[],"[[1, ""So it goes back to uh understanding the ecology of the different components in the transmission chain uh and how you sustainably kind of disrupt them uh trying to avoid as many kind of like chain events that have other types of of consequences, right?""], [2, ""So uh which you know, we've failed uh many times.""]]"
2021_09_30_MZT_S5,new_idea,162,0.9990123502211644,It was also enhanced by the socio economic conditions.,158.0,"And from one year to the next, people will move.","[[160, ""We're like, we could not not find the house to do like a longitudinal surveillance.""], [161, ""And and then we understood that it was just a cultural thing.""]]","[[163, ""Um but it they were semi nomadic communities.""], [164, ""So you cannot and that had a huge impact on the population of the vector because you didn't give enough time for the vector to um create high densities.""]]"
2021_09_30_MZT_S5,new_idea,47,0.9989824806107208,"Due to the movement of animals, you've really got to be quick on the turnaround of that though. especially production animals.",45.0,Can we come up with something that is sort of a proxy sample that helps us understand these kind of wave fronts and transmissions and helps us get in front of that and then and then have this intervention moment early on.,"[[45, ""Can we come up with something that is sort of a proxy sample that helps us understand these kind of wave fronts and transmissions and helps us get in front of that and then and then have this intervention moment early on.""], [46, ""the tricky bits, but I think for me what's what keeps me at it is kind of like trying to understand how you best incorporate these different data sets that seemingly disparate but really complementary, but we just need to come up with the best method to truly complement them.""]]","[[48, ""I mean, by the time you got sequencing back, those animals are probably off to slaughter.""], [49, ""Uh, so how do you go back to get those same animals uh to potentially, you know, tie in collection of live virus and isolation of live virus for future studies.""]]"
2021_09_30_MZT_S5,reinforcement,36,0.0111178755760192,"Yeah, I agree.",35.0,"Yeah, I agree with that.","[[34, ""And then of course, going back to all of the other types of disciplines that allow us to digest and to really understand if some signals are just noise or they actual signals to sound some sort of alarm to kind of trigger the next phase of that other timing that comes next.""], [35, ""Yeah, I agree with that.""]]","[[37, ""So in my experience with bovine tuberculosis in the UK, which is not even a country that is, you know, challenged by a lot of the resource problems we have in low middle income countries, that's exactly it.""], [38, ""So we we understood a lot of the movement of of of cattle in that in that way precisely because we had satellites uh imagery and we we have this like policy where we actually have to track all the cattle, but even so there's always, you know, people finding ways of keeping their cattle off the registry so satellites satellite image was actually incredibly helpful at the beginning to find those missing links.""]]"
2021_09_30_MZT_S5,reinforcement,220,0.0228265523910522,Let's circle back.,218.0,I want to circle back.,"[[218, ""I want to circle back.""], [219, ""We we've spent some time talking sort of about the end of the transmission chain, the final transmission to people.""]]","[[221, ""Some folks mentioned, you know, wildlife and insects and the environment.""], [222, ""Um what potential interventions or strategies do people see maybe closer down or further down that transmission chain?""]]"
2021_09_30_MZT_S5,reinforcement,70,0.0292141437530517,can be infected by the SARS2.,67.0,"For example, even the SARS2, there are so many mutations, the the the the delta mutation is is quite you know, uh have the high highly uh infection rate.","[[68, ""So as a computer science scientist, what we do is almost prediction, prediction, prediction.""], [69, ""Yeah, it should be something related to the pre intervention.""]]","[[71, ""So we build a kind of heterogeneous network to measure the similarity among the different species in terms of the different levels.""], [72, ""And finally, we build a kind of the deep model to do the prediction.""]]"
2021_06_11_SLU_S7,new_idea,0,1.0,"All right, welcome everyone.",,,[],"[[1, ""Um, Sean and I are your facilitators today or this for this hour at least.""], [2, ""Uh, we thought we could just read through the question and then do short introductions and then take a minute to just jot down any ideas we have and then just kind of get the conversation rolling.""]]"
2021_06_11_SLU_S7,new_idea,3,0.9992756919236854,"Um, first thing we need to do though is for someone to uh volunteer to be the recorder reporter.",1.0,"Um, Sean and I are your facilitators today or this for this hour at least.","[[1, ""Um, Sean and I are your facilitators today or this for this hour at least.""], [2, ""Uh, we thought we could just read through the question and then do short introductions and then take a minute to just jot down any ideas we have and then just kind of get the conversation rolling.""]]","[[4, ""Someone who did not do it yesterday.""], [5, ""Anyone?""]]"
2021_06_11_SLU_S7,new_idea,108,0.9991447560605592,"I am also uh the lead of the NASA I cars that Mary Wartech also just mentioned that explores the the connection between elemental abundance uh and the response of biology to it over geologic time and we are very interested in metals uh and we will be exploring that over the next five, six years broadly.",105.0,"Um, so I have a background in biochemistry and evolutionary biology and and my group is connecting the molecular evolution um of molecules of proteins and and metabolisms to their environmental geochemistry uh by tracking their evolution over geologic time.","[[106, ""Uh we are interested in the origin of life as well as reconstructing ancient bio signatures uh I'm appointed with biology, lunar and planetary labs and astronomy department.""], [107, ""So it's a pretty interdisciplinary uh approach.""]]","[[109, ""So thank you.""], [110, ""Me too.""]]"
2021_06_11_SLU_S7,reinforcement,463,0.0128717422485351,I'm just acknowledging.,460.0,I thought it was great and I just want to acknowledge you're also taking notes and talking and note note taking at the same time is difficult.,"[[461, ""I also wanted to just oh no, go ahead Greg.""], [462, ""I just it's hardest when you're the speaker as well.""]]","[[464, ""I learned a lot.""], [465, ""I hope you all did too.""]]"
2021_06_11_SLU_S7,reinforcement,473,0.0248346924781799,"Thank you, Greg.",472.0,"Thank you, Greg.","[[471, ""Okay, then let me Greg are you okay I haven't heard anyone else.""], [472, ""Thank you, Greg.""]]","[[474, ""Um and then uh the other question I was going to ask was it's actually the same question and not asked.""], [475, ""We've got, you know, a little bit of time left.""]]"
2021_06_11_SLU_S7,reinforcement,421,0.0748214125633239,"Well, it will affect it.",417.0,"Um, but the amount of salt or, you know, dissolved ions or whatever that it uh brings into the sea will affect things like water viscosity, which affects things that I think about a lot.","[[419, ""Uh the notes I had were pretty far from this.""], [420, ""Um, more towards the later part of the the the question, which was the um let's see.""]]","[[422, ""How does it affect it?""], [423, ""I'm not sure.""]]"
2021_05_21_ABI_S14,new_idea,196,0.998982525896281,But usually it takes the conventional method usually takes too long and uh maybe a few hours so that the patient will be under anesthesia for a few hours waiting for the results.,193.0,"And uh um I think we perhaps can add a bio marker into this uh tool for diagnostic uh purpose because uh for example the amyloid beta protein it has a very specific peak in Raman region, Raman bands.","[[194, ""It is separable from other protein.""], [195, ""So as long as there is amyloid beta then we can detect it with the specific peak only belong to this molecule.""]]","[[197, ""But now um since SRS allow us to visualize the protein and the lipids very rapidly.""], [198, ""Well for example I I I take like five minutes to take the image when you have that piece of tissue and immediately you have the digital H and E maybe H and E and the pathologist can look at the H image in a few minutes and determine if there's tumor still left or not.""]]"
2021_05_21_ABI_S14,new_idea,211,0.9988227250287308,And another layer is the Raman label free approach that we can visualize those lipids and protein information inside the animals and tissues.,210.0,"One is the label free including the fluorescence multifoton fluorescence for example, we look at the NADH or flavor molecules in the living organism.","[[209, ""So there are two layers of of imaging approach.""], [210, ""One is the label free including the fluorescence multifoton fluorescence for example, we look at the NADH or flavor molecules in the living organism.""]]","[[212, ""And we also want to separate the new molecules, uh newly synthesized molecule from the older endogenous molecules.""], [213, ""So we have been also label those metabolites such as using heavy water or deterium labeled glucose amino acids to probe the metabolic activities in the live animals.""]]"
2021_05_21_ABI_S14,new_idea,173,0.9988164976239204,But I'm sure there's other oxygen sensitive approaches that would work in that deeper tissue.,172.0,"And I might broaden it out a bit to rather than just like measuring the metabolic things directly, do patterns in it change, do um, variability in measurements change, like what other things can we use that might be diagnostically relevant before we see physiological impacts.","[[171, ""Um, there's a lot of work that we need to do in order to, you know, identify the what what that fingerprint looks like um but I think that was a an interesting uh concept that from from our discussion that was exciting to me.""], [172, ""And I might broaden it out a bit to rather than just like measuring the metabolic things directly, do patterns in it change, do um, variability in measurements change, like what other things can we use that might be diagnostically relevant before we see physiological impacts.""]]","[[174, ""But just the the ones we do are all optical because for us we're doing most of our stuff either near surface or in in vitro model systems.""], [175, ""I mean at least for our technology in particular,""]]"
2021_05_21_ABI_S14,reinforcement,283,0.0075377225875854,Let's let's go to Kevin.,282.0,"Okay, let's go to Kevin.","[[281, ""Okay, great.""], [282, ""Okay, let's go to Kevin.""]]","[[284, ""So do do people know currently for like what's I mean, I know mass spec is being used as an imaging technique and that's good for small metabolites, but um obviously it has limitations because you have to process samples in a very specific way.""], [285, ""Um yeah, I guess the question is, you know, how do you integrate those technologies into something that's a reasonable diagnostic workflow for for like a clinical specimen or are we talking about samples that would be biopsied or where where do you guys see the application in metabolic profiling?""]]"
2021_05_21_ABI_S14,reinforcement,185,0.0095621943473815,"Sure, I can do that.",184.0,"Sure, I can do it.","[[183, ""So I listed some of the targets that we talked about that were good proxies, some general comments on tying it together.""], [184, ""Sure, I can do it.""]]","[[186, ""The things that are worth bringing up like I don't know if it's worth bringing up the challenges of individual modalities to the the whole group when we come back, but some of the discussions about like, okay, amplifying the signal, that seems like a higher value addition to to bring up for discussion with the other groups of because that seems at least to me like a big challenge moving forward is how do we get these low concentration signals that might be more beneficial than just, okay, things like blood flow or things like oxygen.""], [187, ""How can we get low concentration things that might be valuable to have a signal big enough to measure.""]]"
2021_05_21_ABI_S14,reinforcement,369,0.1061830520629882,"Oh, I was actually thinking in this domain.",367.0,So I'm currently interested in organizing bacterial communities within three dimensional mesh or 3D printed architectures and understand their dynamics and interactions.,"[[367, ""So I'm currently interested in organizing bacterial communities within three dimensional mesh or 3D printed architectures and understand their dynamics and interactions.""], [368, ""Nice to meet you all.""]]","[[370, ""I I like the idea of aptamer based, but I also like the idea of like not just a binding event, something that's amplifiable so that we bring like the low concentration of metabolite into readable range.""], [371, ""So in the spirit of lowest possible perturbation and something that's amplifiable, not just, oh, it it's bound to like A bound to B and that's definitely not going to be easy to detect.""]]"
2021_04_23_MND_S16,new_idea,0,1.0,"Hi, I'm Anne Hultgren.",,,[],"[[1, ""I'm with the uh Arnold and Mabel Beckman Foundation.""], [2, ""Also here just observing.""]]"
2021_04_23_MND_S16,new_idea,159,0.9989689942449332,And then we make aliquats for each.,158.0,"We have one tube that's coming from the ethanol containing vial, the other comes from a non-ethanol containing sort of a dry vial.","[[157, ""I would just echo that in that when we collect samples, we follow the HMP2 protocol of collection in which they have basically one, again, we're talking about two sample collection.""], [158, ""We have one tube that's coming from the ethanol containing vial, the other comes from a non-ethanol containing sort of a dry vial.""]]","[[160, ""And for sequencing, we only need something like 100 nanograms from the ethanol containing tube.""], [161, ""So, but we preserve some of the earmark for proteomics, but even though we're not really doing that right now.""]]"
2021_04_23_MND_S16,new_idea,85,0.9989336729049684,I am from Emory University.,82.0,"Um, I'm a bioanalytical chemist and my primary um research areas are in uh analyzing breath metabolomes for uh developing breath based diagnostics.","[[83, ""So I work with very large data sets um and have been learning some tools but have a lot to learn as well.""], [84, ""Hi everyone, I'm Irene Yang.""]]","[[86, ""I am a nurse.""], [87, ""I'm not a bioanalytical chemist at all.""]]"
2021_04_23_MND_S16,reinforcement,24,0.0204978585243225,"Thank you, Irene.",21.0,"Thanks, Irene.","[[22, ""Calvin.""], [23, ""That would be so wonderful.""]]","[[25, ""And um,""], [26, ""There are some studies that collect a lot.""]]"
2021_04_23_MND_S16,reinforcement,44,0.0521429181098938,Um so what are the what are the approaches beyond correlation?,43.0,"Um but the questions are, um are there multiomic approaches that can be used beyond correlation to better leverage the massive data collection efforts of genomics, epigenomics, metagenomics, transcriptomics, metabolomics, etc.","[[42, ""So our topic as everybody knows is um is multiomics and so we have a few questions to just get us started and we'll take a minute to think about these questions and write down a few thoughts.""], [43, ""Um but the questions are, um are there multiomic approaches that can be used beyond correlation to better leverage the massive data collection efforts of genomics, epigenomics, metagenomics, transcriptomics, metabolomics, etc.""]]","[[45, ""Uh what data must be part of a repository, molecular, cellular, imaging, genomic, metagenomic, clinical measures, etc.""], [46, ""And how can it be integrated effectively to track gut brain interactions?""]]"
2021_04_23_MND_S16,reinforcement,57,0.0856561064720153,"Uh, hello everybody.",52.0,Hello everyone.,"[[55, ""I work with funders who are interested in funding neuroscience and data science so I'm just here as an observer.""], [56, ""Hi.""]]","[[58, ""I think most of you we've crossed paths.""], [59, ""So uh, I'm I'm a microbiome genomics kind of person at Jackson Laboratory.""]]"
2021_06_10_SLU_S4,new_idea,0,1.0,"Actually a couple of colleagues um, um, trying to degrade that stuff.",,,[],"[[1, ""It's it's what it's mostly what insoluble organic matter essentially and it's very hard to work with.""], [2, ""And then just for clarity, we want to note it right here on the Google Doc, right?""]]"
2021_06_10_SLU_S4,new_idea,333,0.9989355682628228,"No, that's great.",329.0,Does that necessarily preclude detection of an actual bio signature?,"[[331, ""It would be pretty awful if we thought we found life, convinced ourselves that it it was a false positive and then actually really missed out on life.""], [332, ""It would be tragic.""]]","[[334, ""Um I was actually thinking about it kind of in terms of fluxes like Tai uh got at earlier.""], [335, ""Um, you know, are there worlds where we would expect that if there was a thriving biosphere, the fluxes would be particularly large and that would be a uniquely detectable biosphere versus, you know, a planet that could be habitable but we would expect maybe low biospheric fluxes and low detectability for that reason.""]]"
2021_06_10_SLU_S4,new_idea,598,0.9985501333139836,And it might it might even fold in with the whole impact scenario too because I mean there will be an overlap of those sources um at least in the early phase.,597.0,"Yeah, that sounds very interesting.","[[596, ""Is that sound like something that somebody else was thinking about or?""], [597, ""Yeah, that sounds very interesting.""]]","[[599, ""Yeah, that's a very fundamental limit that it's important to try and attack.""], [600, ""Anybody have thoughts on that?""]]"
2021_06_10_SLU_S4,reinforcement,271,0.0054743289947509,"And so I don't know if I misread something, but this morning when I was going through all the the documents, I thought they said that they want proposals for relatively small teams, like two to three people.",268.0,"And so I don't know if I misread something, but this morning when I was going through all the the documents, I thought they said that they want proposals for relatively small teams, like two to three people.","[[269, ""So I think maybe we do want to to have lots of little teams rather than like big team.""], [270, ""Though there could be some overarching theme.""]]","[[272, ""So I think maybe we do want to to have lots of little teams rather than like big team.""], [273, ""Though there could be some overarching theme.""]]"
2021_06_10_SLU_S4,reinforcement,313,0.0057114362716674,I can provide some clarification.,312.0,I can provide some clarification.,"[[311, ""the follow up question is, can we learn anything about the is there anything about the the abundances of the sun that would allow us to predict what the the the kinds of compositions we find in the mantles of solar system planets and could we do the same thing for exoplanets.""], [312, ""I can provide some clarification.""]]","[[314, ""Mhm.""], [315, ""Okay.""]]"
2021_06_10_SLU_S4,reinforcement,272,0.0057520866394042,So I think maybe we do want to to have lots of little teams rather than like big team.,269.0,So I think maybe we do want to to have lots of little teams rather than like big team.,"[[270, ""Though there could be some overarching theme.""], [271, ""And so I don't know if I misread something, but this morning when I was going through all the the documents, I thought they said that they want proposals for relatively small teams, like two to three people.""]]","[[273, ""Though there could be some overarching theme.""], [274, ""Chris, can you share a link in the chat to whatever document you're editing and then we can all edit at the same thing?""]]"
2021_05_20_ABI_S8,new_idea,0,1.0,"I was just thought about doing not imaging them but doing mass spec on them, but I guess that's just a mess, right?",,,[],"[[1, ""You can't see individual ones at that point anymore.""], [2, ""hard to do.""]]"
2021_05_20_ABI_S8,new_idea,492,0.998960596160032,Then from there I moved to biophotonics and imaging during my post doctoral work.,487.0,"Yeah, I think we saw that.","[[490, ""Um I'm an associate professor at the University of Houston in physics department and biomedical engineering.""], [491, ""Uh my original training is applied uh optics and optical physics uh was developing components in optical fiber gratings and inverse problems.""]]","[[493, ""We worked on near infrared optical imaging, some x-ray imaging and in my lab currently we are looking at techniques where we can enhance the contrast in soft tissue at depth without having intrinsic contrast if possible, but we also look at contrast enhanced imaging.""], [494, ""Some of the work is in looking at uh maximum information from every detected photon using single photon counting detectors and using it for phase contrast x-ray imaging, understanding how phase variations in x-ray can generate additional contrast without uh contrast agents and how do you then model this light propagation and and retrieve the information back uh to get additional information which you can otherwise not get for example in current mammography and other.""]]"
2021_05_20_ABI_S8,new_idea,289,0.9988242329563946,So I'll hopefully go next year.,286.0,"Yeah, yeah, yeah.","[[287, ""Joyoni, yeah, that's pretty close.""], [288, ""feeder, you know, so that was very dangerous.""]]","[[290, ""not portable, but we have a portable neutron generator here again of those kinds of energies.""], [291, ""Over here there is a portable one and it's not interferometry yet and I don't think we need interferometry because they have been imaging roots for a while now, you know, so.""]]"
2021_05_20_ABI_S8,reinforcement,4,0.0057424306869506,Anybody can type.,3.0,Anybody can type.,"[[2, ""hard to do.""], [3, ""Anybody can type.""]]","[[5, ""Maybe you have to refresh.""], [6, ""Yes.""]]"
2021_05_20_ABI_S8,reinforcement,30,0.0347563624382019,They can get cleared away.,29.0,"Uh, if you have large and if you have very small nanoparticles, they can get cleared from the kidney.","[[28, ""So that depends on the size.""], [29, ""Uh, if you have large and if you have very small nanoparticles, they can get cleared from the kidney.""]]","[[31, ""But as you increase the size, they start getting trapped in the bodies.""], [32, ""Um, we have done studies where we have seen that uh they are even in the brain, they are in the lungs, they are in the kidneys.""]]"
2021_05_20_ABI_S8,reinforcement,486,0.0350926518440246,"Yeah, I see.",482.0,I saw the um that Google Drive has a virtual it's supposed a virtual meeting links?,"[[484, ""I'm still trying to find the slide.""], [485, ""Which uh which slide are those questions in?""]]","[[487, ""Yeah, I think we saw that.""], [488, ""Yeah, okay.""]]"
2021_05_21_ABI_S3,new_idea,105,0.999174454016611,I'm also an assistant professor at Caltech.,100.0,"Exactly, right?","[[103, ""I always thought so.""], [104, ""I'm Dave Van Valen.""]]","[[106, ""Oh.""], [107, ""All right.""]]"
2021_05_21_ABI_S3,new_idea,17,0.9991217657807284,And other things like NADH and FAD.,12.0,"Yeah, it would be cool to talk to you about that.","[[15, ""Um and this is a way that people have been using to measure retinoid binding protein uh activity um in vitro for a long time.""], [16, ""And so we do both single and multi photon fluorescence looking at collagen.""]]","[[18, ""So NADH and FAD are coenzymes used in metabolism processes.""], [19, ""They just happen to fluoresce.""]]"
2021_05_21_ABI_S3,new_idea,335,0.9990676366724074,"Yeah, so we've actually published um in 2019 the combination of expansion with lattice light sheet.",334.0,"So if your question is um related to dynamics, um it's hard to kind of get to a a point where you can do volumetric imaging with the canonical like gold standard microscopes that most you know, biology labs or core facilities at the moment have, right?","[[333, ""So it really is again, I I'm always of the view that, you know, best tool for the the question at hand.""], [334, ""So if your question is um related to dynamics, um it's hard to kind of get to a a point where you can do volumetric imaging with the canonical like gold standard microscopes that most you know, biology labs or core facilities at the moment have, right?""]]","[[336, ""Um the application obviously there is that we can do scalable tissue level um super imaging, right?""], [337, ""Um""]]"
2021_05_21_ABI_S3,reinforcement,32,0.0170242190361022,Can you get dynamics?,31.0,And can you get so you can get uh dynamics?,"[[30, ""Um we do uh collagen SHG imaging also, but we primarily focus on label free imaging with fluorescence.""], [31, ""And can you get so you can get uh dynamics?""]]","[[33, ""You can't get dynamics.""], [34, ""And so it it it might go back to Raman or I think the big question at this point is, um, what do each of your tools provide or your each of your microscopy techniques provide and kind of maybe what is the next step in in I might I might be wrong.""]]"
2021_05_21_ABI_S3,reinforcement,113,0.0501728057861328,Um that's what they've been doing.,109.0,"So what they're doing is they have this uh really nice stem cell model system, um but it's relatively difficult and expensive to work with, which means that, you know, they're sort of the only people who can do experimentation like at that scale.","[[111, ""Um, and what you what one could do is, you know, take the methodology, label free imaging and and the uh associated fluorescence imaging and just do just collect a collection of images for commonly used cell lines um that many people use.""], [112, ""Uh and use like a machine uh learning algorithm to to perform that mapping.""]]","[[114, ""I'd say if I had a criticism um that they're doing it in a system that only they use and the data um that they're generating is less useful, right?""], [115, ""If you're to try if you were to try to do something similar but for an assortment of common um you know, commonly used uh cell line models, you know, things would see, well, the technology would be much more useful for people.""]]"
2021_05_21_ABI_S3,reinforcement,435,0.0544183850288391,So that's what we can report.,434.0,So essentially we're reporting the number of chemical bonds in the sample.,"[[433, ""It's it's in my mind is even more quantitative than fluorescence because uh it the signal is always linearly depend on the concentration of chemical bond in your in your probe volume and there's no energy transfer, no photo bleaching, no self quenching.""], [434, ""So essentially we're reporting the number of chemical bonds in the sample.""]]","[[436, ""And of course, how to translate that into a concentration or into, you know, how much what's the milligram of the molecules that that needs some simple chemical conversion, but I think the the whole the whole chain of the calculation is very very very very quantitative.""], [437, ""I'm just curious, do you guys do have you guys met each other at Caltech?""]]"
2021_04_22_MND_S4,new_idea,0,1.0,"Chris, do you think the one the what you, you know, we if we want to copy what Chris wrote down and divide it between among these three.",,,[],"[[1, ""So uh how they are relevant to these.""], [2, ""Chris, would you just a couple of keywords?""]]"
2021_04_22_MND_S4,new_idea,319,0.9991409484646284,I like Flavio's idea though.,314.0,"In terms of so to back to your question about what kind of approaches people sort of take to the system. you know, obviously there are many ways so so some of the approaches on nerve endings.","[[317, ""And so I'm doing some studies of the microbiome but also wanted to include metabolomics as well.""], [318, ""So interested in understanding a bit more.""]]","[[320, ""In one case.""], [321, ""It also that it will be very useful to have a dictionary in that area.""]]"
2021_04_22_MND_S4,new_idea,507,0.9987052291398868,"Uh I think it's a challenge because there's so many ways to um you know, for example, there's many statistical ways to do this.",502.0,"skilled sequencing, which I think is our access to be large uh you know, to genome skilled sequencing not only just that","[[505, ""Uh you were talking about ranking these pathways in order that would be quite stable in the adults over time.""], [506, ""What do you use to rank the pathways?""]]","[[508, ""I'll take the example of uh you know, gut microbiome data that people are looking into.""], [509, ""So there are ways to do some type of permutation analysis, an over analysis.""]]"
2021_04_22_MND_S4,reinforcement,415,0.0056915879249572,"And so, you know, there are these other sort of inflammatory cascades that Jay actually might know more about.",414.0,"And so, you know, there are these other sort of inflammatory cascades that Jay actually might know more about.","[[413, ""And so yes, maybe the bottleneck is getting that big data right now because the tools so far to visualize are getting developed in other fields, not microbiota, but they will become available once we have the data.""], [414, ""And so, you know, there are these other sort of inflammatory cascades that Jay actually might know more about.""]]","[[416, ""And so, you know, there are these other sort of inflammatory cascades that Jay actually might know more about.""], [417, ""And so, you know, there are these other sort of inflammatory cascades that Jay actually might know more about.""]]"
2021_04_22_MND_S4,reinforcement,416,0.0056915879249572,"And so, you know, there are these other sort of inflammatory cascades that Jay actually might know more about.",414.0,"And so, you know, there are these other sort of inflammatory cascades that Jay actually might know more about.","[[414, ""And so, you know, there are these other sort of inflammatory cascades that Jay actually might know more about.""], [415, ""And so, you know, there are these other sort of inflammatory cascades that Jay actually might know more about.""]]","[[417, ""And so, you know, there are these other sort of inflammatory cascades that Jay actually might know more about.""], [418, ""But you know, to go back to Stephanie's point, you know, I think that's I think what you're really hitting on is sort of the challenge question, right?""]]"
2021_04_22_MND_S4,reinforcement,417,0.0056915879249572,"And so, you know, there are these other sort of inflammatory cascades that Jay actually might know more about.",414.0,"And so, you know, there are these other sort of inflammatory cascades that Jay actually might know more about.","[[415, ""And so, you know, there are these other sort of inflammatory cascades that Jay actually might know more about.""], [416, ""And so, you know, there are these other sort of inflammatory cascades that Jay actually might know more about.""]]","[[418, ""But you know, to go back to Stephanie's point, you know, I think that's I think what you're really hitting on is sort of the challenge question, right?""], [419, ""Is it the short chain fatty acids that are generated by the gut microbiota that just that drive a lot of these physiologic changes that we see.""]]"
2021_10_01_MZT_S11,new_idea,0,1.0,I guess I I was just talking with Kristoff yesterday who was saying that,,,[],"[[1, ""I think about a slightly different question.""], [2, ""Um so in terms of detection, uh one would often want to to know very quickly um if a pathogen is is in a specific organism um for surveillance.""]]"
2021_10_01_MZT_S11,new_idea,292,0.9990330559085124,I have a feeling that in the next year we're going to find out a lot of uh data that hasn't been accumulated in the past year and that people are now looking at from actually infection with with COVID.,291.0,"Yeah, I I don't know of any programs like that too.","[[290, ""So we focused mostly on the first part of our topic which is genetics.""], [291, ""Yeah, I I don't know of any programs like that too.""]]","[[293, ""Uh but I think those studies are hard and and probably lengthy is my guess.""], [294, ""Uh but I know we were talking yesterday in the reception a little bit.""]]"
2021_10_01_MZT_S11,new_idea,277,0.998896331526339,"This is just to remind you, it's probably also in the in the brochure that is on the Google link.",273.0,"And so what I will quickly do is I will quickly share the prompts that the entire group, both fellows and and facilitators put together for this particular session.","[[275, ""So what do we want to count as our highlights?""], [276, ""The way the uh the resource corporation came up with these as I think you know is by us all of us facilitators and fellows and uh funders uh just putting interesting questions into their their uh questionnaires.""]]","[[278, ""Those of you that are working on on the viruses.""], [279, ""So I understand that the databases are there, but you essentially had to mind that database for your own work.""]]"
2021_10_01_MZT_S11,reinforcement,126,0.0093147158622741,So we do live cell imaging using fluorescent viruses.,122.0,So in my lab we actually use live cell imaging to study these um specifically antivirals and seeing virus replication using fluorescent viruses.,"[[124, ""And then uh study those inhibitors in BSL2 or BSL3 pathogens in um using SARS or any other viruses and uh we have been successful in actually testing identifying compounds that are uh able to inhibit viruses.""], [125, ""So in my lab, we actually use that we can actually see it in cells.""]]","[[127, ""We use Zika and also Chikungunya or and we we can actually use these fluorescently tagged um CDC 42 or other GTPases, different organel specific GTPases""], [128, ""Thank you so much.""]]"
2021_10_01_MZT_S11,reinforcement,256,0.0145022869110107,Why don't you go ahead?,255.0,"Okay, why don't you go ahead?","[[254, ""Uh""], [255, ""Okay, why don't you go ahead?""]]","[[257, ""Oops.""], [258, ""Don't know what I just did.""]]"
2021_10_01_MZT_S11,reinforcement,125,0.0347287058830261,"So in my lab, we actually use that we can actually see it in cells.",122.0,So in my lab we actually use live cell imaging to study these um specifically antivirals and seeing virus replication using fluorescent viruses.,"[[123, ""Um to actually uh we believe that if you test it in cell culture that's easier first to identify inhibitors or um specifically protease inhibitors or polymerase inhibitors etc.""], [124, ""And then uh study those inhibitors in BSL2 or BSL3 pathogens in um using SARS or any other viruses and uh we have been successful in actually testing identifying compounds that are uh able to inhibit viruses.""]]","[[126, ""So we do live cell imaging using fluorescent viruses.""], [127, ""We use Zika and also Chikungunya or and we we can actually use these fluorescently tagged um CDC 42 or other GTPases, different organel specific GTPases""]]"
2021_04_23_MND_S7,new_idea,479,0.9990992562379688,"We're also the fourth group, so it's okay.",475.0,"Yeah, uh, so I'm Wang and I was trained as a chemical biologist and also protein engineer.","[[477, ""Um, so in particular now we are very interested in designing these um bodies um, so and uh, we so it's a little bit related to Parkinson disease, so it actually can target these protein aggregates um specifically on the aggregates and we have found actually very interesting that when we coexpress um in the neurons, it seems to inhibit the propagation like um in the in cell cultures and most models.""], [478, ""Um, but our lab we mainly um just do the cell culture work and um protein engineering, we collaborate um to test these um tools in mouse models.""]]","[[480, ""We have time.""], [481, ""Can I continue?""]]"
2021_04_23_MND_S7,new_idea,303,0.9990684628137388,"But then how do they truly impact what we would be studying here, the gut brain axis and do they really remain important when the ecosystem becomes more saturated?",302.0,These may be more easily detected in simpler systems that once we initially propose will be important.,"[[301, ""To to understand the emergent properties of the microbiomes.""], [302, ""These may be more easily detected in simpler systems that once we initially propose will be important.""]]","[[304, ""And then how to measure that along the way.""], [305, ""Um, I was going to start with saying that these are very complex communities, um, that is difficult to study.""]]"
2021_04_23_MND_S7,new_idea,258,0.9990668787504546,"We're now starting to do those also in in more um synthetic ex vivo systems using the gut on a chip, although this is something that we just started and I'm looking forward to learning more on.",253.0,"We are interested in the early life microbiome and in fact, we we have a a keen interest in in interspecies interactions early in life.","[[256, ""And we study this both in in in clinical studies in longitudinal cohort studies using mainly um genomics approaches.""], [257, ""But we also like to model some of our observations in in mice, mainly notobiotic mice where we define the collections of microbes and we study them in those systems.""]]","[[259, ""Um, and we're also interested in what happens to the host, especially the immune system.""], [260, ""How does the immune system develops in light of the initial changes of the gut microbiome.""]]"
2021_04_23_MND_S7,reinforcement,119,0.0059114694595336,"No, we had it.",118.0,"No, we had it.","[[117, ""No worries.""], [118, ""No, we had it.""]]","[[120, ""Now, how about you start the discussion.""], [121, ""Oh, I'm I'm off this.""]]"
2021_04_23_MND_S7,reinforcement,176,0.0154535174369812,is a great team.,173.0,"is a great team from competition computational scientist to microbiologist, immunologist, early life uh biologist and engineers.","[[174, ""You can't ask for any better diverse expertise in the room.""], [175, ""Who is going to volunteer to be a reporter?""]]","[[177, ""is very important to look at the ecosystem.""], [178, ""I'm reading Obama's uh uh latest book.""]]"
2021_04_23_MND_S7,reinforcement,39,0.0185077786445617,That's a great question.,37.0,"That's a great question, but you know, how tough is it to get resistance against phages?","[[37, ""That's a great question, but you know, how tough is it to get resistance against phages?""], [38, ""Like um you know, I don't know maybe Mark knows the answer.""]]","[[40, ""Uh, so how do we study that?""], [41, ""Uh, we have missed two people at least in the introductions.""]]"
2021_05_20_ABI_S7,new_idea,0,1.0,"Dylan, your task is to have the right quarter cell at the right time to capture what it is you want to see.",,,[],"[[1, ""Okay, welcome back to the main room.""], [2, ""Um, so uh I certainly bopped around a little bit and heard some really great conversations and so Richard you""]]"
2021_05_20_ABI_S7,new_idea,270,0.9992608434404248,"Um, although I will be an associate as of July 1st, so I'm kind of in the intermediate space of still feeling new.",268.0,"Back to something that's maybe hopefully happening in a dynamic setting, we can understand like how things are are altering with time.","[[268, ""Back to something that's maybe hopefully happening in a dynamic setting, we can understand like how things are are altering with time.""], [269, ""Um, you know, sort of like our keynote talk is, I think, you know, trying to bridge those two two spectrum I I think is sort of is a challenge.""]]","[[271, ""Um, and we're looking at moving to kind of like near IR wavelengths to get um I guess 1300, 1700 to kind of like pure deeper into tissue and also some scattering correction approaches.""], [272, ""Um, but um, uh uh my lab is primarily focused on uh multiphoton imaging.""]]"
2021_05_20_ABI_S7,new_idea,418,0.9988943906500936,So that's um orders of magnitude difference to to what you would have with the commercial floor so this may also be uh helpful in the end.,413.0,So for this super resolution information is is really the key to understand those transport pathways.,"[[416, ""And one example um uh material is called up conversion nanoparticles that have anti anti stokes emission.""], [417, ""Um they um typically have luminescence lifetimes in like the millisecond or microsecond range.""]]","[[419, ""Yeah, absolutely.""], [420, ""Like when uh when you mentioned this, I thought immediately about um assembling um uh objects at the nanoscale that as a single object do not scatter, but when they come together and form an assembly, then all of a sudden they scatter light very efficiently.""]]"
2021_05_20_ABI_S7,reinforcement,194,0.0056932568550109,So you collect light from everywhere and then usually you do um there's an algorithm that automatically calculates where that light is coming from and it removes that scattering light.,190.0,So you collect light from everywhere and then usually you do um there's an algorithm that automatically calculates where that light is coming from and it removes that scattering light.,"[[192, ""In confocal, you're using a pin hole to collect that um the light the ballistic photons that you are interested in and you're using that pin hole to block all those other scattered lights um where it's coming from.""], [193, ""And so if you collect with a camera and you focus if you collect the light from where your pin hole would be, that would be your, you know, from your central focal area, but you could collect the scattered um multi photon light so that you can then collect more of that signal.""]]","[[195, ""So you're already capturing the scattered light, it's just that you are removing it.""], [196, ""In confocal, you're using a pin hole to collect that um the light the ballistic photons that you are interested in and you're using that pin hole to block all those other scattered lights um where it's coming from.""]]"
2021_05_20_ABI_S7,reinforcement,186,0.0059552788734436,So I can jump in if needed.,185.0,So I can jump in if needed.,"[[184, ""Thank you.""], [185, ""So I can jump in if needed.""]]","[[187, ""So I do again encourage you to put ideas in the parking lot especially because even though this is a short virtual meeting this week, but um hopefully you will all be back next year and the year after and so if you plan to seed now you might come back to it um in the future.""], [188, ""Um so I hope this is just the beginning of your discussion together um not necessarily all of you together but uh with individuals that you may find other people at the conference that were not in our room that um may be able to help build on some ideas that you're um starting to form.""]]"
2021_05_20_ABI_S7,reinforcement,50,0.0059992671012878,I'm I'm a practical guy.,47.0,I'm I'm a practical guy.,"[[48, ""I kind of want to imagine what you're going to what what what are you going to capture this with, right?""], [49, ""Um, is it is is it something that exists or you or do you have to invent it?""]]","[[51, ""I kind of want to imagine what you're going to what what what are you going to capture this with, right?""], [52, ""Um, is it is is it something that exists or you or do you have to invent it?""]]"
2021_04_22_MND_S3,new_idea,0,1.0,And that's my two cents.,,,[],"[[1, ""I'm not a cell biologist.""], [2, ""I don't know much of anything about basic science.""]]"
2021_04_22_MND_S3,new_idea,43,0.9990764969261364,Um and then we also talked about more physiological organ level interactions that can also be modeled.,38.0,And so there's many different types that um all have their own value.,"[[41, ""Um and in those it's really important to consider cell subtype specificity, the species selection.""], [42, ""Um and the inputs if they're microbiome if they're microbial versus a metabolite or effector molecule.""]]","[[44, ""Um yeah, did I is there anything that I missed and I should add in there?""], [45, ""You know, 50 seconds.""]]"
2021_04_22_MND_S3,new_idea,216,0.999062824761495,And then but you're still going to be missing something probably.,214.0,Um if that's what you want to do.,"[[214, ""Um if that's what you want to do.""], [215, ""It's fine, it's fine.""]]","[[217, ""And so then you still have to go back to in vivo or take that to human stuff.""], [218, ""So I think as long as you know, the same way we approach every scientific question.""]]"
2021_04_22_MND_S3,reinforcement,156,0.0061500668525695,So there's uh there's a great deal of complexity there.,155.0,So there's uh there's a great deal of complexity there.,"[[154, ""So how do we boil that down to a few big ideas?""], [155, ""So there's uh there's a great deal of complexity there.""]]","[[157, ""That that could simply be a strategy to address part of the question and link close about how you're going to figure out the pathway and what the cell type does is is negatively some of the cell type.""], [158, ""That would be an amazing in vitro system.""]]"
2021_04_22_MND_S3,reinforcement,163,0.0078731775283813,That's a that's a really great question because I think there's pretty clear evidence that.,162.0,"That's a that's a really great question because I think there's pretty clear evidence that microbes in a community behave differently than individual microbes and uh depending on whose gut you're talking about, some of them are culturable and some of them are not culturable.","[[161, ""That's a great question to think about.""], [162, ""That's a that's a really great question because I think there's pretty clear evidence that microbes in a community behave differently than individual microbes and uh depending on whose gut you're talking about, some of them are culturable and some of them are not culturable.""]]","[[164, ""There's a whole there's a whole other bunch of brain there people have grown organoids that have a whole lot of brain tissue in it but from the ATS it was all about information flow and how does it flow and you know if you look at the at the Allen Brain Atlas it's not really straightforward to go oh we can map out all these capillaries and this is how all the information flows and it doesn't all necessarily flow direct synaptic information either.""], [165, ""Well, they're only relevant to the mouse if you're using the mouse as a model for something else, right?""]]"
2021_04_22_MND_S3,reinforcement,422,0.0208144783973693,I think that would be very important.,421.0,"I I feel like I feel like one important question would be like how specific or sensitive this model could be for for specific disease because I think it seems to be for lots of disease to manipulate depression, Alzheimer's disease, Parkinson disease, they all have similar phenomena, but how to differentiate those to make it a possible predictive biomarker or early prevention intervention.","[[420, ""Because my question is pretty generic because it seems like eventually it will all go down to what is unknown and what questions do we want to solve at this point, right?""], [421, ""I I feel like I feel like one important question would be like how specific or sensitive this model could be for for specific disease because I think it seems to be for lots of disease to manipulate depression, Alzheimer's disease, Parkinson disease, they all have similar phenomena, but how to differentiate those to make it a possible predictive biomarker or early prevention intervention.""]]",[]
2021_06_11_SLU_S11,new_idea,325,0.9989156735828146,And then why don't we also go around the room and and do some introductions.,321.0,"And also, um, if you want, you can feel free to write down those questions in the Google Doc and um, I'll go ahead and paste the link.","[[323, ""I know this chat is for the main room, but that's okay.""], [324, ""I'm just going to paste the link here.""]]","[[326, ""Um, so if you could just state your your name and institution and what your specialty areas are.""], [327, ""Anybody who hasn't done it yet, who's open to doing that?""]]"
2021_06_11_SLU_S11,new_idea,462,0.9988326418679208,I'm especially interested in Titan because its sediments are so uniquely bizarre and studying um how they form in the atmosphere and then what happens to them on Titan's surface might help us understand the kinds of uh weird things chemistry is doing before biology takes over.,458.0,"Hi, I'm Shannon McKenzie.","[[460, ""Um, I'm a planetary scientist.""], [461, ""I use remote sensing from things like uh IR spectrometers, visible cameras, radars to characterize the surfaces of icy satellites.""]]","[[463, ""Hello.""], [464, ""I'm I'm fine.""]]"
2021_06_11_SLU_S11,new_idea,119,0.9988325521117076,That that actually connects to many of the other topics already.,118.0,Thank you.,"[[117, ""Betul, do do you want to um say your think now or later?""], [118, ""Thank you.""]]","[[120, ""So Greg, you raised your hand.""], [121, ""That that's something I learned from George Whitesides that.""]]"
2021_06_11_SLU_S11,reinforcement,322,0.0054269433021545,"And if you want, you can feel free to write down those questions in the Google Doc and um, I'll go ahead and paste the link.",321.0,"And also, um, if you want, you can feel free to write down those questions in the Google Doc and um, I'll go ahead and paste the link.","[[320, ""And Yakin.""], [321, ""And also, um, if you want, you can feel free to write down those questions in the Google Doc and um, I'll go ahead and paste the link.""]]","[[323, ""I know this chat is for the main room, but that's okay.""], [324, ""I'm just going to paste the link here.""]]"
2021_06_11_SLU_S11,reinforcement,324,0.0110387206077575,I'm just going to paste the link here.,321.0,"And also, um, if you want, you can feel free to write down those questions in the Google Doc and um, I'll go ahead and paste the link.","[[322, ""And if you want, you can feel free to write down those questions in the Google Doc and um, I'll go ahead and paste the link.""], [323, ""I know this chat is for the main room, but that's okay.""]]","[[325, ""And then why don't we also go around the room and and do some introductions.""], [326, ""Um, so if you could just state your your name and institution and what your specialty areas are.""]]"
2021_06_11_SLU_S11,reinforcement,330,0.011798083782196,"Great, thank you.",329.0,"Great, thank you.","[[328, ""Anyone?""], [329, ""Great, thank you.""]]","[[331, ""Great, thank you.""], [332, ""And Greg.""]]"
2021_04_23_MND_S8,new_idea,0,1.0,"But um, does it have to really fit in one year?",,,[],"[[1, ""Hi.""], [2, ""Um, oh, sorry. yeah.""]]"
2021_04_23_MND_S8,new_idea,55,0.9990817299694754,"I also had a a very interesting point about kind of asking what what mattered and it um about you know, I don't know, certain metabolites, is it the species?",52.0,And is that something that affects the the way that our brain functions?,"[[53, ""You know, is this predisposing us not only to inflammatory diseases but predisposing us to um to other types of diseases.""], [54, ""Got it.""]]","[[56, ""And I I feel like this is a really big question in the field about is it the function that matters about the microbiota?""], [57, ""So you know, if you add a helmet and and you are you providing a new member to the microbiota or are you providing new functionality?""]]"
2021_04_23_MND_S8,new_idea,405,0.9990640324540436,"And also if you think about the technical limitation, what kind of a sequencing technique you want to use so that you can profile the system at each level.",402.0,I agree.,"[[403, ""I think all levels of all levels of interspecies interactions are important, helpful for us to understand this very complex ecosystem.""], [404, ""But if you think about from the modern perspective, we always like to start from a simple model.""]]","[[406, ""So I I think we need to be very pragmatic.""], [407, ""So if you only um do 16S RNA gene sequence, maybe you're you're only looking to um the bacteria profile.""]]"
2021_04_23_MND_S8,reinforcement,133,0.0055697560310363,"If like the redox is really off and there's a lot of oxygen in the environment, you don't really have to know the interspecies interactions to know something bad is probably about to happen.",131.0,"If like the redox is really off and there's a lot of oxygen in the environment, you don't really have to know the interspecies interactions to know something bad is probably about to happen.","[[131, ""If like the redox is really off and there's a lot of oxygen in the environment, you don't really have to know the interspecies interactions to know something bad is probably about to happen.""], [132, ""And so like um like um Ida was mentioning earlier too or suggesting like things like redox, right?""]]","[[134, ""And so I guess then it comes down to as Carlino's saying on the other part, like what do you, where do you actually have to get the community to go or to actually do?""], [135, ""I guess what I'm trying to say is I'm relatively optimistic that on the front end that you could predict somehow or you you um given at least like some environmental parameters what the community is going to do even if you don't know exactly which bugs are going to do it.""]]"
2021_04_23_MND_S8,reinforcement,124,0.0075677633285522,If you there's no limit.,123.0,"Um, if you you have no bounds.","[[122, ""And I think, um, you know, I think there's certain research projects that are sometimes bound with the um academia in general and so this could potentially be a way to envision what type of project or ideas you haven't even thought about.""], [123, ""Um, if you you have no bounds.""]]","[[125, ""If you have all the access to resources in the world, what would those questions be?""], [126, ""And then go from there.""]]"
2021_04_23_MND_S8,reinforcement,302,0.0093265175819396,I I think it was a really good recap.,300.0,"No, I think it's a great it's a great summary.","[[300, ""No, I think it's a great it's a great summary.""], [301, ""So this was good.""]]","[[303, ""Okay, Lawrence.""], [304, ""Okay, thank you, Carolina.""]]"
2021_05_21_ABI_S4,new_idea,0,1.0,I'll just briefly say hi if that's okay just to you know who I am.,,,[],"[[1, ""I'm Arne Bakker, I'm at CZI, I'm the director of meetings and community um and so me and my team we host meetings like this about 15 to 20 times a year for the the the the scientists that CZI funds to really uh hope to encourage collaboration and sharing of knowledge.""], [2, ""Um and I have a PhD in immunology and did my postdoc at Berkeley and my PhD at the Netherlands Cancer Institute in Amsterdam uh hence my interest in this topic.""]]"
2021_05_21_ABI_S4,new_idea,561,0.9992410239647144,I also will probably shut my camera off and just participate as a butterfly on the wall.,559.0,I'm from the Walder Foundation based in the Chicago region um and I'm the senior program uh director for science innovation.,"[[559, ""I'm from the Walder Foundation based in the Chicago region um and I'm the senior program uh director for science innovation.""], [560, ""So really just here as an observer looking forward to hearing conversation.""]]","[[562, ""42.""], [563, ""Actually, uh, yeah, I I think I can only catch understand like 50% of these conversations.""]]"
2021_05_21_ABI_S4,new_idea,592,0.9991764978622086,I just started uh this March.,590.0,Yes.,"[[590, ""Yes.""], [591, ""Uh, so I'm assistant professor in electrical engineering at MIT.""]]","[[593, ""Uh, I did my PhD in UIUC uh in label free microscopy.""], [594, ""And then I did my uh postdoc in Berkeley in computational imaging.""]]"
2021_05_21_ABI_S4,reinforcement,83,0.0058510303497314,We've said that a number of times.,80.0,We've said that a number of times.,"[[81, ""Um and it's it's a great thing to say um but what exactly is a theranostic when we go through it and it neither needs to be um some nanotechnology, some macromolecular complex that is detectable and sensitive to a specific readout.""], [82, ""We bring up theranostic a lot.""]]","[[84, ""Um and it's it's a great thing to say um but what exactly is a theranostic when we go through it and it neither needs to be um some nanotechnology, some macromolecular complex that is detectable and sensitive to a specific readout.""], [85, ""We don't know if the Alzheimer's models are accurate.""]]"
2021_05_21_ABI_S4,reinforcement,54,0.0059733390808105,Or it needs to be uh an engineered cell that uh is detectable and then can change its its signal or shape.,52.0,Or it needs to be uh an engineered cell that uh is detectable and then can change its its signal or shape.,"[[52, ""Or it needs to be uh an engineered cell that uh is detectable and then can change its its signal or shape.""], [53, ""You need to have that level of complexity to have a theranostic.""]]","[[55, ""You need to have that level of complexity to have a theranostic.""], [56, ""So those are more of just probes.""]]"
2021_05_21_ABI_S4,reinforcement,82,0.0060889720916748,We bring up theranostic a lot.,79.0,We bring up theranostic a lot.,"[[80, ""We've said that a number of times.""], [81, ""Um and it's it's a great thing to say um but what exactly is a theranostic when we go through it and it neither needs to be um some nanotechnology, some macromolecular complex that is detectable and sensitive to a specific readout.""]]","[[83, ""We've said that a number of times.""], [84, ""Um and it's it's a great thing to say um but what exactly is a theranostic when we go through it and it neither needs to be um some nanotechnology, some macromolecular complex that is detectable and sensitive to a specific readout.""]]"
2021_06_11_SLU_S8,new_idea,0,1.0,And if I recall um methane was was quite a bit higher than his model predicted that methane was quite a bit higher than it is even now like post industrial.,,,[],"[[1, ""I should take I should take the paper out.""], [2, ""Um I would say like, you know, broadly it it's it's it's an amazing paper.""]]"
2021_06_11_SLU_S8,new_idea,163,0.9992007793625816,"Which is great, that's the whole point to bring people together from different fields.",158.0,Um and Chris just put the notes for our discussion in the chat if you want to read along.,"[[161, ""At the very end of the discussion, we were discussing how if you had a planet where all the life is in the ocean, maybe you could even have different limits on the overall atmospheric composition for the planet than if you had surface life.""], [162, ""You don't have to worry as much about fires perhaps in that case.""]]","[[164, ""And I've had two breakout sessions with wonderful discussions but all from one point of view.""], [165, ""And it would be nice to have different perspectives.""]]"
2021_06_11_SLU_S8,new_idea,121,0.9990854769712314,"And then if we do, that tells us that life is even more common than we might expect if we found it on a place like Enceladus or Titan.",120.0,"Just to rephrase that a bit, are you suggesting that instead of looking at places where we think that maybe life might be more detectable, we look for the places where it might be even harder to find life or maybe harder for life to exist and we check to see if we find life there.","[[119, ""Is there anyone having a burning urge to talk during the breakout?""], [120, ""Just to rephrase that a bit, are you suggesting that instead of looking at places where we think that maybe life might be more detectable, we look for the places where it might be even harder to find life or maybe harder for life to exist and we check to see if we find life there.""]]","[[122, ""Looking towards the future trying to understand planets in more detail and this summer I'm going to be working with transmission spectroscopy of a really interesting Jupiter planet acquired by HST.""], [123, ""Um, I'm here at this workshop because I really want to learn more about astrobiology and hear what it is astronomers can do for the community.""]]"
2021_06_11_SLU_S8,reinforcement,27,0.006106674671173,Proxies for methane are that's just so tough.,26.0,Proxies for methane are that's just so tough.,"[[25, ""Or is there something about um sort of maintaining, you know,""], [26, ""Proxies for methane are that's just so tough.""]]","[[28, ""Um.""], [29, ""Right.""]]"
2021_06_11_SLU_S8,reinforcement,64,0.0062771439552307,"Yeah, there've been some model um reconstructions.",63.0,"Yeah, there've been some model um reconstructions.","[[62, ""Yeah, that's the that was that's a really good one, Joe.""], [63, ""Yeah, there've been some model um reconstructions.""]]","[[65, ""Zake Berling did some of this um where he was sort of modeling not not really with a direct focus on the carboniferous but was modeling sort of over the the fanic over the last 400 million years or so.""], [66, ""Yeah.""]]"
2021_06_11_SLU_S8,reinforcement,167,0.0063409209251403,"Yeah, I I think I'm mostly asking a semantics question.",166.0,"Yeah, I I think I'm mostly asking a semantics question.","[[165, ""And it would be nice to have different perspectives.""], [166, ""Yeah, I I think I'm mostly asking a semantics question.""]]","[[168, ""But but it's not a semantics question.""], [169, ""I mean it's it's sort of an elegant experiment you've proposed of of what we see on earth.""]]"
2021_06_10_SLU_S3,new_idea,2,0.9991439004661516,"I am an astronomer at the University of Wisconsin Madison, but I'm moving to MIT this summer.",0.0,Hi everyone.,"[[0, ""Hi everyone.""], [1, ""Um, I'm Andrew Vanderberg.""]]","[[3, ""Um, I study exoplanets mostly with observations using space telescopes and instruments on the ground.""], [4, ""If we had a telescope that we could survey 500 planets, what would be the first thing you would look at with that sample?""]]"
2021_06_10_SLU_S3,new_idea,214,0.9990910124615766,And that also is going to answer the question sample size and resolution limits.,209.0,"So I don't see, you know, I I think that there's even in the next phase beyond what's what's coming up now, uh samples are going to have to be chosen very carefully.","[[212, ""I mean, um right now, you know, we're we're doing this a lot in galactic science where um, you know, what can you really learn from the observations?""], [213, ""Moving from theoretical space to observable space and saying, okay, so what are these great observatories really going to give you and how does that track back to the the theory.""]]","[[215, ""So I'm sure this has been done with or you know, somebody has must must have already done these types of calculations in terms of um how bad can you degrade things before you it becomes unrecoverable and then what are the key parameters of interest.""], [216, ""So I think it's really a cross talk between theorists and um, you know, and observers and experimentalists, which is I think leads to to that last point of the need for interdisciplinary teams.""]]"
2021_06_10_SLU_S3,new_idea,223,0.9990532820811496,"Um that's maybe the main lesson learned but that probably is not going to be so much of an issue here because everything can probably run by PT analysis given that it's, you know, five to 500 systems.",222.0,"Um and so methodology you know, having hybrid approaches to methodologies, not just traditional approaches for measuring you know, atmospheric parameters, actually building in machine learning tools is going to be an important part of of how you go from um dealing with small sample sizes when you to going to dealing with large sample sizes or large volumes of data.","[[221, ""Um and so you can push to lower signal noise and lower resolutions than using traditional methods.""], [222, ""Um and so methodology you know, having hybrid approaches to methodologies, not just traditional approaches for measuring you know, atmospheric parameters, actually building in machine learning tools is going to be an important part of of how you go from um dealing with small sample sizes when you to going to dealing with large sample sizes or large volumes of data.""]]","[[224, ""Um, but it might be the case that some of the molecular stuff especially on the M dwarf side really needs um, you know, very difficult line lists and molecular features that are very poorly understood.""], [225, ""So maybe machine learning there might be very helpful in the future for dealing with M dwarf atmospheres.""]]"
2021_06_10_SLU_S3,reinforcement,484,0.0069363713264465,"Yeah, and I'll just echo oh sorry.",480.0,"Yeah, and I I'll just echo oh sorry.","[[482, ""Just just the reality of it.""], [483, ""Um, but I I I don't want to lose sight of pushing for the fact that having a sample of 500 planets is necessary to answer some of the questions that's lingering in all of our minds.""]]",[]
2021_06_10_SLU_S3,reinforcement,328,0.0082074403762817,I don't know.,323.0,I don't know.,"[[326, ""How do I pick what I'll look at?""], [327, ""Let's say I give you three years.""]]","[[329, ""But I I I don't know if I I don't see that that hierarchy exists, you know, from the conversations that you guys have already had.""], [330, ""You know, uh, we could have the best telescope in the world if we had to point it where will we point it first?""]]"
2021_06_10_SLU_S3,reinforcement,52,0.0114033818244934,"Go ahead, Courtney.",51.0,"Go ahead, Courtney.","[[50, ""I think it's also considering cover different type of systems we want to study.""], [51, ""Go ahead, Courtney.""]]","[[53, ""Hi everyone.""], [54, ""I'm Courtney Dressing.""]]"
2021_10_01_MZT_S9,new_idea,0,1.0,Are these localized?,,,[],"[[1, ""I mean, would you say like if you are detecting certain population of mosquitoes, would you know that is within like there's kind of swarming area of five miles, 10 miles.""], [2, ""Ha.""]]"
2021_10_01_MZT_S9,new_idea,18,0.999177499616053,"Uh the other thing is that my wife is a veterinarian, um and I I talk these issues quite often with her.",13.0,So,"[[16, ""Uh you can you can do check uh viral load, community viral load.""], [17, ""Uh and then maybe if something is actually looking you know, suspicious, maybe that region can be investigated in more detail.""]]","[[19, ""We never let our pets outside.""], [20, ""Uh we are very sensitive about it.""]]"
2021_10_01_MZT_S9,new_idea,104,0.999120585853234,"You can also use light traps, but those are mostly for host seeking mosquitoes so you're not going to get as many blood fed that way.",99.0,I'm sure you can do other things but you are very limited on the amount of blood you're working with.,"[[102, ""Um well yeah, if you're going to collect blood fed mosquitoes, you're going to want to use some kind of a resting trap because after you've had a big meal, you want to take a nap and so do the mosquitoes.""], [103, ""So want to find, you know, a nice dark place for them to go hide in and and typically you'll find a lot of blood fed mosquitoes that way.""]]","[[105, ""Yeah, for sure.""], [106, ""Yeah, if you just go looking for them, you're going to have a bad time.""]]"
2021_10_01_MZT_S9,reinforcement,254,0.0063989758491516,I'd be happy to.,253.0,"I'd be happy to do it, no worries.","[[252, ""And I think um you could think of um you know, West Nile of course invaded the US, but also we have an invasive vector, you know, Qlex pipians.""], [253, ""I'd be happy to do it, no worries.""]]","[[255, ""I'll take the name.""], [256, ""Don't worry.""]]"
2021_10_01_MZT_S9,reinforcement,58,0.0101649165153503,"I mean just the pure volume of of information is expensive to how much less than can we building the algorithms, doing continual surveillance, not just looking retrospectively but really looking um actively watching these data points if they're is they're coming in.",56.0,"I mean just the pure volume of of information is expensive to how much less than can we building the algorithms, doing continual surveillance, not just looking retrospectively but really looking um actively watching these data points if they're is they're coming in.","[[56, ""I mean just the pure volume of of information is expensive to how much less than can we building the algorithms, doing continual surveillance, not just looking retrospectively but really looking um actively watching these data points if they're is they're coming in.""], [57, ""Money but also infrastructure. these big data systems, they cost money to house this this amount.""]]","[[59, ""Well, and honestly, so Lauren, it's interesting you pick Banfield as an example because Banfield's data system is actually integrated.""], [60, ""In fact, it all gets uploaded at the end of the day, right?""]]"
2021_10_01_MZT_S9,reinforcement,200,0.0186842679977417,We're so glad you're here.,198.0,We're so glad to have you.,"[[198, ""We're so glad to have you.""], [199, ""Perfect.""]]","[[201, ""Engineering is represented.""], [202, ""Please tell me if we're not saying your name correctly.""]]"
2021_05_21_ABI_S13,new_idea,0,1.0,"Are there people who so you know how there are people now who no longer have wet labs and they literally just take data sets from single cell seek and they they do reanalysis and they sort of so there are people who do this for imaging, right?",,,[],"[[1, ""Are you talking about individual sections or like Z stack sections or""], [2, ""Dylan volunteered.""]]"
2021_05_21_ABI_S13,new_idea,217,0.9990609650849364,Uh and that's also because of course the patient cohorts are different.,215.0,"For example, in my field uh with the imaging technique that we use, uh the literature is completely heterogeneous.","[[215, ""For example, in my field uh with the imaging technique that we use, uh the literature is completely heterogeneous.""], [216, ""Some people find something, some people don't find it, they find the opposite thing.""]]","[[218, ""Um but I think if if we uh do something with our technique and we reproducibly find the same thing in different groups, uh then it is some sort of evidence.""], [219, ""If someone else finds something different in a different cohort with a different group, then we maybe have to think about um what does that tell us?""]]"
2021_05_21_ABI_S13,new_idea,424,0.9988998179323972,"I also um look at interventional processes such as um image guided surgery um um imaging of all sorts, okay?",423.0,I work in the area of molecular imaging uh especially in cancer imaging.,"[[422, ""Louis.""], [423, ""I work in the area of molecular imaging uh especially in cancer imaging.""]]","[[425, ""So is is there really a challenging problem then because imaging is data as you know.""], [426, ""Um and we see a lot of beautiful pictures every day.""]]"
2021_05_21_ABI_S13,reinforcement,307,0.0058375000953674,I think the super resolution field is a good example of this um you know because our data actually not even intensity based.,304.0,I think the super resolution field is a good example of this um you know because our data actually not even intensity based.,"[[305, ""Um it's points in space and um you know we've gone through this like um uh phase where we were um um trying to to convert our images into intensity based images um but there a lot of problems with that and you know like the quantification again was very dependent on how you converted it into an intensity based image etc.""], [306, ""Absolutely.""]]","[[308, ""Um it's points in space and um you know we've gone through this like um uh phase where we were um um trying to to convert our images into intensity based images um but there a lot of problems with that and you know like the quantification again was very dependent on how you converted it into an intensity based image etc.""], [309, ""Are we talking about deep tissue imaging in this session or quantitative imaging?""]]"
2021_05_21_ABI_S13,reinforcement,147,0.0063387155532836,I can do the report.,146.0,I can do the report.,"[[145, ""So my lab focuses mostly on tissue clearing and light sheet imaging and then looking at three-dimensional analysis of neural circuits before and and after injury and we focus mostly on the sample and imaging side and really trying to learn more about um or or establish collaborations for potential 3D analysis of complex um dense neural circuits.""], [146, ""I can do the report.""]]","[[148, ""I think Shannon's raising his hand is one of those people.""], [149, ""So is one thing that I wanted to discuss is is how do we bridge kind of the gap between people that have the qualitative images and people that do that quantitative analysis.""]]"
2021_05_21_ABI_S13,reinforcement,441,0.0095322728157043,"Yes, go ahead, Katie.",440.0,"Yes, go ahead, Katie.","[[439, ""Yeah, we go back to image J.""], [440, ""Yes, go ahead, Katie.""]]","[[442, ""You can call on the next person.""], [443, ""brain last week in our group and the data generated just enormous and how do you quantify that?""]]"
2021_04_23_MND_S11,new_idea,0,1.0,Also important to I mean the technique that you choose depends on the question you're asking.,,,[],"[[1, ""So like mass spec is great for getting, you know, a big picture look at all the different molecules there in the tissue, whereas like I'm a sensors person.""], [2, ""So I'm like really good at measuring one or two things but really fast temporal resolution in live tissue.""]]"
2021_04_23_MND_S11,new_idea,1,0.9991821887088008,"So like mass spec is great for getting, you know, a big picture look at all the different molecules there in the tissue, whereas like I'm a sensors person.",0.0,Also important to I mean the technique that you choose depends on the question you're asking.,"[[0, ""Also important to I mean the technique that you choose depends on the question you're asking.""]]","[[2, ""So I'm like really good at measuring one or two things but really fast temporal resolution in live tissue.""], [3, ""So it depends on the the question you're trying to I guess ask.""]]"
2021_04_23_MND_S11,new_idea,182,0.9988604936515912,Um we studied most of those using using chambers and things like that.,178.0,"So if you're going to do chronic stress, you'll still get activation but it's much lower and then that's associated with immune responses, um inflammation, damage, all those things.","[[180, ""So acute responses to stress or anxiety are not associated with immuno immune activation and and microbiome changes.""], [181, ""Those are more chronic.""]]","[[183, ""I don't know if that really answers the question but""], [184, ""I mean technically the gut can function independently.""]]"
2021_04_23_MND_S11,reinforcement,322,0.0061514973640441,And so a student in our lab uh delivered dreads to the ENS to specifically to TH positive neurons and to chat positive neurons.,319.0,And so a student in our lab uh delivered dreads to the ENS to specifically to TH positive neurons and to chat positive neurons.,"[[320, ""So we have a study it's on we have a paper on bio archive now.""], [321, ""So to address this point of you know, are there ways to perturb neuronal function to watch the microbial response.""]]","[[323, ""They don't need to physically translocate.""], [324, ""Uh over time.""]]"
2021_04_23_MND_S11,reinforcement,465,0.006203293800354,I'm not sure.,464.0,I'm not sure.,"[[463, ""I'm not sure of that.""], [464, ""I'm not sure.""]]","[[466, ""Oh, I was just going to say that to my knowledge, I think there isn't much literature on manipulating the brain to understand the nervous system or the the gut.""], [467, ""Um, my background's in clinical research and I know that there's a lot of research looking at kind of behavioral interventions for kind of psychosocial and cognitive functioning that have downstream effects on like inflammation.""]]"
2021_04_23_MND_S11,reinforcement,464,0.0068484544754028,I'm not sure.,463.0,I'm not sure of that.,"[[462, ""I'm not aware of those studies, but I think that would be really interesting.""], [463, ""I'm not sure of that.""]]","[[465, ""I'm not sure.""], [466, ""Oh, I was just going to say that to my knowledge, I think there isn't much literature on manipulating the brain to understand the nervous system or the the gut.""]]"
2021_10_01_MZT_S1,new_idea,0,1.0,"All right, thank you all.",,,[],"[[1, ""And um back to the discussion uh starter.""], [2, ""There's three questions on slide 34 that I will just let you guys.""]]"
2021_10_01_MZT_S1,new_idea,116,0.999233073904179,"I also want to mention that I am not feeling well at all, so I don't know how long I'll be able to stay on the session.",113.0,My name is Heather Walden.,"[[114, ""I'm assistant professor at the University of Florida and I'm a classical parasitologist.""], [115, ""I'm interested in zotic parasites, um specifically uh rat lungworm, andus contensis and then um also uh emerging parasites of invasive species and we have quite a few of those in in the state of Florida and so um that's my primary interest.""]]","[[117, ""So um, but yeah.""], [118, ""Uh, pass it on to um who hasn't gone?""]]"
2021_10_01_MZT_S1,new_idea,396,0.998757938737981,Then other markers will come in at a later stage.,393.0,"Then once you do that, then you have to proceed to the next stage, you get into the car, start it and you know.","[[394, ""So if you can't open the door, then you can't drive it, right?""], [395, ""So maybe that marker will be at the stage of only making the parasite open the door and get into the host.""]]","[[397, ""Yeah, so I I would think uh there are a lot of things involved, but what marker makes the parasite first get into the host perhaps would be more important if you're looking at uh you know, the pathogenicity of""], [398, ""Of course, identifying the marker is one thing, then defining what that marker does to help the parasite infect the host is the next part.""]]"
2021_10_01_MZT_S1,reinforcement,182,0.0233071446418762,So that to me is fascinating.,178.0,"Uh no, no, I was going to say like going back to that, um to me it's always been really interesting for example in South America uh with Tripanosoma cruzi we had like the DTUs and we have for example in the domestic environments, um you can think about different lineages.","[[180, ""So I don't know, there there's also that selection and when you go and look at the triatomines, you see a higher frequency of like most DTUs circulating in triatomines, but there's different tropism in the animals so you detect them differently and there is selection obviously there.""], [181, ""And and even though we're talking about both hosts participating and perpetuating the transmission cycle.""]]","[[183, ""Um, like do we keep surveiling the the sylvatic animal to see if like in they increasing frequency?""], [184, ""Do we monitor the interaction?""]]"
2021_10_01_MZT_S1,reinforcement,347,0.0291123390197753,Like if there is some kind of marker.,346.0,"Like so if there is a marker for for a bat malaria parasite to adapt to human to humans, right?","[[345, ""So if you were to have this marker, right?""], [346, ""Like so if there is a marker for for a bat malaria parasite to adapt to human to humans, right?""]]","[[348, ""So is my impression that we're supposed to find the questions that are difficult to answer and just try and away, right?""], [349, ""So, so that means that there's basically three phases where we can have interventions to try and prevent the spread of the zoonotic emerging zoonotic diseases, right?""]]"
2021_10_01_MZT_S1,reinforcement,341,0.0338631272315979,Or is it an important question to be answered in parasitology?,340.0,Like why is this like a really big question that needs to be answered in parasitology?,"[[339, ""And I'm wondering a little bit like what is the big goal of it?""], [340, ""Like why is this like a really big question that needs to be answered in parasitology?""]]","[[342, ""I mean, I'm not saying it's not important, obviously, Claudia.""], [343, ""But I'm just, you know, what is the why is this something that we should be able to do?""]]"
2021_09_30_MZT_S2,new_idea,0,1.0,So how do we merge the data streams?,,,[],"[[1, ""So you know, Mike hasn't introduced himself, he's now back.""], [2, ""Uh you know, he's a satellite surveillance kind of person.""]]"
2021_09_30_MZT_S2,new_idea,157,0.9988608283456416,"And then also we need a better handle on what's going on within the host, right?",154.0,It is our ability to wall wall color everybody or alternatively to be able to predict contact in some other way.,"[[155, ""I guess I think that our information gap is not the biggest information gap, the most critical information gap with respect to movement is not our ability to sense environmental covariance.""], [156, ""It is our ability to wall wall color everybody or alternatively to be able to predict contact in some other way.""]]","[[158, ""We take these hosts, we don't, you know, like when I work on megafauna, right?""], [159, ""So we catch an animal, we get one cross-sectional sample, we can we are not calibrated to forecast disease dynamics well or or internal state well within the animal.""]]"
2021_09_30_MZT_S2,new_idea,195,0.9986539710080252,"It would be really nice if the facilitator took notes, but I will continue to do it just thinking about the next ones.",190.0,Here you go.,"[[193, ""I was just going to say the disease transmission patterns probably drive a lot of that um, you know, the importance of it being density or or not.""], [194, ""I will say I can't brainstorm and listen and write at the same time.""]]","[[196, ""Um, because I do I am a idea generator, but I it's hard for me to do everything.""], [197, ""So just I'm working on it.""]]"
2021_09_30_MZT_S2,reinforcement,155,0.0058706998825073,"I guess I think that our information gap is not the biggest information gap, the most critical information gap with respect to movement is not our ability to sense environmental covariance.",153.0,"I guess I think that our information gap is not the biggest information gap, the most critical information gap with respect to movement is not our ability to sense environmental covariance.","[[153, ""I guess I think that our information gap is not the biggest information gap, the most critical information gap with respect to movement is not our ability to sense environmental covariance.""], [154, ""It is our ability to wall wall color everybody or alternatively to be able to predict contact in some other way.""]]","[[156, ""It is our ability to wall wall color everybody or alternatively to be able to predict contact in some other way.""], [157, ""And then also we need a better handle on what's going on within the host, right?""]]"
2021_09_30_MZT_S2,reinforcement,168,0.0060378909111022,I'm going to pause it that that's the wrong data set.,167.0,I'm going to pause it that that's the wrong data set.,"[[166, ""I worry about it.""], [167, ""I'm going to pause it that that's the wrong data set.""]]","[[169, ""Lauren, do you want me to take notes for a second so that you can like talk for a little bit?""], [170, ""I don't mind doing that.""]]"
2021_09_30_MZT_S2,reinforcement,156,0.0064486265182495,It is our ability to wall wall color everybody or alternatively to be able to predict contact in some other way.,154.0,It is our ability to wall wall color everybody or alternatively to be able to predict contact in some other way.,"[[154, ""It is our ability to wall wall color everybody or alternatively to be able to predict contact in some other way.""], [155, ""I guess I think that our information gap is not the biggest information gap, the most critical information gap with respect to movement is not our ability to sense environmental covariance.""]]","[[157, ""And then also we need a better handle on what's going on within the host, right?""], [158, ""We take these hosts, we don't, you know, like when I work on megafauna, right?""]]"
2021_09_30_MZT_S7,new_idea,0,1.0,"Hi everybody, I'm Adela Oliva Chavez.",,,[],"[[1, ""I'm at Texas A&M University.""], [2, ""I'm an assistant professor at the Department of Entomology and I specialize in tick-borne pathogens, specifically tick-borne bacteria.""]]"
2021_09_30_MZT_S7,new_idea,971,0.999154069868382,And I'm also very interested in databases and thinking about how we can handle huge amounts of data and learn from that data.,970.0,Ah.,"[[969, ""You get to the viruses that infect uh Leishmania uh because we know something about about those and and uh.""], [970, ""Ah.""]]","[[972, ""And so applying follow dynamic techniques.""], [973, ""And then there's also the order and timing of how these things happen.""]]"
2021_09_30_MZT_S7,new_idea,27,0.9991412700037472,"Of course, they're all supposed to be officially identified with RFID tags, so they're supposed to be traceable.",25.0,"I guess I think of it from the end, we have this data and then if something happens, we're going to be able to use that data in a backwards like a trace back kind of fashion and say where did this occur.","[[25, ""I guess I think of it from the end, we have this data and then if something happens, we're going to be able to use that data in a backwards like a trace back kind of fashion and say where did this occur.""], [26, ""So you don't necessarily start here and go here, but you're working backward and I think that data that you have will become more relevant over time as long as you're collecting at enough data points and enough information to help you with that trace back because a lot of the time like when when I do animal disease investigations, I'm like, okay, where did this animal go?""]]","[[28, ""Um, and that's that's just the kind of way we approach it.""], [29, ""And I think we don't like look specifically at their interaction within the pen, we're just assuming if they're in the same pen, they've all interacted.""]]"
2021_09_30_MZT_S7,reinforcement,414,0.0065265297889709,"Yeah, I just I've been just kind of ruminating over some of the thoughts and I wonder if we could go back to thinking about Hannah's question in the beginning uh because I thought um this is an interesting practical direction to go.",413.0,"Yeah, I just I've been just kind of ruminating over some of the thoughts and I wonder if we could go back to thinking about Hannah's question in the beginning uh because I thought um this is an interesting practical direction to go.","[[412, ""So I kind of wanted to join this group because I would like to get these pieces sort of back into my current research.""], [413, ""Yeah, I just I've been just kind of ruminating over some of the thoughts and I wonder if we could go back to thinking about Hannah's question in the beginning uh because I thought um this is an interesting practical direction to go.""]]","[[415, ""So thinking about""], [416, ""Yeah, thanks for chairing and keeping us on track.""]]"
2021_09_30_MZT_S7,reinforcement,147,0.0089578628540039,So I'm excited to be here.,146.0,So I'm excited to be here as a guest here at the SciLog to learn about the gaps in um mitigating zytic threats and how private funders would be able to help um in their capacity.,"[[145, ""It's an organization that provides advising services as well as community learning for a group of um private science funders interested in funding basic science research.""], [146, ""So I'm excited to be here as a guest here at the SciLog to learn about the gaps in um mitigating zytic threats and how private funders would be able to help um in their capacity.""]]","[[148, ""And we've been working extensively with dengue and we realized that although mosquito movement matters, we have to link it with fine scale mobility of people within cities.""], [149, ""So we work a lot with GPS, we do network models, we do individual based models and came up with this idea that mobility by itself.""]]"
2021_09_30_MZT_S7,reinforcement,395,0.0109816789627075,I think that's a project.,393.0,So I think there's a project here in trying to propose some theoretical advancements that could um incorporate some of these new data streams that haven't been incorporated in existing approaches like the dynamic frameworks and what not.,"[[393, ""So I think there's a project here in trying to propose some theoretical advancements that could um incorporate some of these new data streams that haven't been incorporated in existing approaches like the dynamic frameworks and what not.""], [394, ""I was just saying, I think Justin's on to a project.""]]","[[396, ""There's some um theoretical advancements that could be done.""], [397, ""Mhm.""]]"
2021_10_01_MZT_S4,new_idea,0,1.0,"Hi, uh so I think it's actually pretty interesting that some of the topics that we talk about uh kind of uh agree or like are similar to what Sarah was describing from um the group number one.",,,[],"[[1, ""Uh so a lot of the questions that came at the discussion that came uh in when we were talking about the spillover uh is what are the drivers?""], [2, ""What are the drivers that are making uh that these pathogens make the jump. a lot had to do with ecology of the host uh uh and uh also the human involvement.""]]"
2021_10_01_MZT_S4,new_idea,390,0.9992678635171616,takes a lot of willpower not to press that button though.,385.0,It's not just susceptibility.,"[[388, ""I mean the social determinants of health will impact exposure and susceptibility.""], [389, ""Yeah, thanks.""]]","[[391, ""I had a quick question.""], [392, ""Um it seems like potentially a somewhat naive question, but I struggle to find a good answer to it.""]]"
2021_10_01_MZT_S4,new_idea,1,0.9990014202194288,Uh so a lot of the questions that came at the discussion that came uh in when we were talking about the spillover uh is what are the drivers?,0.0,"Hi, uh so I think it's actually pretty interesting that some of the topics that we talk about uh kind of uh agree or like are similar to what Sarah was describing from um the group number one.","[[0, ""Hi, uh so I think it's actually pretty interesting that some of the topics that we talk about uh kind of uh agree or like are similar to what Sarah was describing from um the group number one.""]]","[[2, ""What are the drivers that are making uh that these pathogens make the jump. a lot had to do with ecology of the host uh uh and uh also the human involvement.""], [3, ""So we were talking about uh animal migration and animal density have how that affects uh this spillover effects.""]]"
2021_10_01_MZT_S4,reinforcement,217,0.0133280158042907,I think it's not feasible.,216.0,"Yeah, I agree with Rebecca that it's not practical or feasible to say I want to sequence every wildlife out there and catalog everything.","[[215, ""Um then sometimes we find a new virus, sometimes a known virus with a different mutation, that sort of thing.""], [216, ""Yeah, I agree with Rebecca that it's not practical or feasible to say I want to sequence every wildlife out there and catalog everything.""]]","[[218, ""Um one of the things that I've been thinking a lot is about I'm not I'm not anywhere close to being expert, but there's this idea of a string theory where there's a lot of data points, but you don't have to understand all the data points, you don't have to actually go sample all the data points.""], [219, ""There are certain key parts along that network and that's sufficient to infer then downstream events.""]]"
2021_10_01_MZT_S4,reinforcement,275,0.0188736319541931,"Yeah, different outcomes, yeah.",274.0,"different outcomes too, right?","[[273, ""But it's always intriguing like their persistence versus acute infections and dead end host.""], [274, ""different outcomes too, right?""]]","[[276, ""A nice way to say that I talk too much.""], [277, ""All right.""]]"
2021_10_01_MZT_S4,reinforcement,326,0.024461030960083,There there's so many factors here that we can't control for.,321.0,"But I'm wondering if there's actually a way to develop a lab model system where you had, you know, because a lot of these things like in the environment, this is so complex, there's so many factors that we simply can't control.","[[324, ""And then another one where maybe it's a cell culture based to say, you know, potentially causing disease.""], [325, ""I I I I think like the the challenges in this are just huge to do to to try and understand entirely from observational data uh that we collect through whatever process, either catching mosquitoes, catching animals, uh doing uh environmental sampling.""]]","[[327, ""Would anybody have an idea about a a potential experimental system to put into a lab?""], [328, ""My mind is kind of drawing towards nematodes, but I actually don't know enough about viruses that affect nematodes.""]]"
2021_06_11_SLU_S5,new_idea,0,1.0,And we can't do that with exoplanets?,,,[],"[[1, ""The signal's just not there.""], [2, ""I guess the right is the answer.""]]"
2021_06_11_SLU_S5,new_idea,369,0.9988438080763444,"And and to me that kind of goes a lot to the spirit of this meeting, right?",368.0,"if there was an input, we could simulate it and see uh what the what the expected observable signature is, what the magnitude is.","[[367, ""Do I do I I was just going to say that the difficulty comes down to what the dominant absorber is because essentially at the end of the day everything is going to be, you know, mixed up into soup when you're observing it remotely and so um, you know, if you're if you have a a load of water in your system, the struggle is can you detect that small trace interesting thing over, you know, the load of water vapor.""], [368, ""if there was an input, we could simulate it and see uh what the what the expected observable signature is, what the magnitude is.""]]","[[370, ""Is is putting together different worlds and and developing those perspectives, right?""], [371, ""Developing in conjunction a strong rationale and and you know, and then a strong sense of feasibility and so um, maybe that's a a thread that you guys can carry forward a little bit as well.""]]"
2021_06_11_SLU_S5,new_idea,43,0.9987278491025792,could then um get like like a massive database of everything that every everyone has done in the literature so far.,38.0,"And what type of correlations could we then do between how biology has influenced uh some of these isotopic signatures or enrichment in amino acids here on earth and compare that then to the the different correlations that you see in in meteorites and then also in some of the prebiotic work if there's anything um that we could do with that, maybe we could start to find out what are those axes that give us um an actual bio signature versus um what are things that are kind of like a false positive.","[[41, ""Yeah, so""], [42, ""Yeah, um, I guess I looking at the problem, um, I I'm a little almost uh skeptical that we could have kind of um a slam dunk quantitative way to determine living versus non-living from just""]]","[[44, ""And then we can start to correlate different formation environments with different um perhaps amino acid structures and where uh isotopic enrichment occurs and um perhaps just extensive enrichment if we can't find out where it was.""], [45, ""So is that something that is actually feasible at this stage?""]]"
2021_06_11_SLU_S5,reinforcement,62,0.0061432719230651,"I mean if they if if Eliza and Natasha were able to uh use their uh telescope and and and and see these these of diversity of them across many different different planets, would that be something that would that would excite you in terms of hey, this is these are these are spots or I mean something that there has to be volatile but but unique enough that that could be seen.",58.0,"I mean if they if if Eliza and Natasha were able to uh use their uh telescope and and and and see these these of diversity of them across many different different planets, would that be something that would that would excite you in terms of hey, this is these are these are spots or I mean something that there has to be volatile but but unique enough that that could be seen.","[[60, ""I'm just putting ideas out there.""], [61, ""Is that is that something that um that would be interesting for uh astronomer to do?""]]","[[63, ""I mean, again, I this is out of my realm.""], [64, ""I'm just putting ideas out there.""]]"
2021_06_11_SLU_S5,reinforcement,63,0.0062527656555175,"I mean, again, I this is out of my realm.",59.0,"I mean, again, I this is out of my realm.","[[61, ""Is that is that something that um that would be interesting for uh astronomer to do?""], [62, ""I mean if they if if Eliza and Natasha were able to uh use their uh telescope and and and and see these these of diversity of them across many different different planets, would that be something that would that would excite you in terms of hey, this is these are these are spots or I mean something that there has to be volatile but but unique enough that that could be seen.""]]","[[64, ""I'm just putting ideas out there.""], [65, ""Is that is that something that um that would be interesting for uh astronomer to do?""]]"
2021_06_11_SLU_S5,reinforcement,64,0.0063258409500122,I'm just putting ideas out there.,60.0,I'm just putting ideas out there.,"[[62, ""I mean if they if if Eliza and Natasha were able to uh use their uh telescope and and and and see these these of diversity of them across many different different planets, would that be something that would that would excite you in terms of hey, this is these are these are spots or I mean something that there has to be volatile but but unique enough that that could be seen.""], [63, ""I mean, again, I this is out of my realm.""]]","[[65, ""Is that is that something that um that would be interesting for uh astronomer to do?""], [66, ""I was just going to ask that.""]]"
2021_05_21_ABI_S16,new_idea,213,0.9989619879052044,I know some groups are working on that.,211.0,"If you want to target Clostridial species A, you would need some way to get the DNA just to that taxa and not to Clostridial species B.","[[211, ""If you want to target Clostridial species A, you would need some way to get the DNA just to that taxa and not to Clostridial species B.""], [212, ""Um so you need some kind of phage.""]]","[[214, ""Um I can't remember where I saw a recent publication on it, but um loading CRISPR type systems into phage and using that to modify the gut microbiota, but that would also require some phage biology that I'm not sure how well that's that's understood in the gut.""], [215, ""Um, I guess do you mean like in in individual culture or do you mean in the gut microbiome itself?""]]"
2021_05_21_ABI_S16,new_idea,238,0.9987823839765042,"There are lots of other things and the genetic modulation that because if you can increase the resiliency of a stress response, you can have a much easier to disrupt the signaling and vice versa.",233.0,"Um,","[[236, ""And by the way, vaginal environment is under tremendous amount of stress as well, continuous stress because of the proximity between environments and there are lots of models HIV and so on that exemplify.""], [237, ""Lack of sleep another one.""]]","[[239, ""I can't remember I've uh how many more do we have I think we've got more 15 more minutes because I want to make sure we have 10 minutes to uh uh summarize things. what I hear from you guys that in fact I like what said that that question make it much easier compared to other uh question we we had in the last two days to become reductionist to answer. if especially if there is a stress signaling in response to microbial stress that you can be a very reductionist one.""], [240, ""But that is one model that you can experimentally take advantage and also see how you can disrupt it.""]]"
2021_05_21_ABI_S16,new_idea,335,0.9986973295453936,So I guess that's why I'm pausing.,331.0,It's a small liberal arts college in Ohio.,"[[333, ""Um we also use those stress responses as um uh as templates for sensors for um detecting very low concentrations of antibiotic in aqueous solutions.""], [334, ""Well, I I definitely don't think about host that much though.""]]","[[336, ""Um so you know, in terms of I I guess the thing that I have been thinking about though, which is again not not host related but um is I know that there are actually big changes in um in gene expression between different sorry, my cat is like having a moment.""], [337, ""Um different uh kind of expression in in different states of bacteria.""]]"
2021_05_21_ABI_S16,reinforcement,433,0.0101778507232666,Why is it so hard to introduce genes?,432.0,"So, so since we have two minutes, may I ask, why is it so difficult to introduce genes into these uh microbiome?","[[431, ""So I did a brief introduction before you came in and I introduced in the last meeting with you on do so I think that's probably okay unless you want me to go again.""], [432, ""So, so since we have two minutes, may I ask, why is it so difficult to introduce genes into these uh microbiome?""]]","[[434, ""Sure.""], [435, ""I'm a little bit biased because I I don't know actually.""]]"
2021_05_21_ABI_S16,reinforcement,212,0.0260287523269653,Um so you need some kind of phage.,210.0,"Uh probably need to do it with a very specific phage or something, right?","[[210, ""Uh probably need to do it with a very specific phage or something, right?""], [211, ""If you want to target Clostridial species A, you would need some way to get the DNA just to that taxa and not to Clostridial species B.""]]","[[213, ""I know some groups are working on that.""], [214, ""Um I can't remember where I saw a recent publication on it, but um loading CRISPR type systems into phage and using that to modify the gut microbiota, but that would also require some phage biology that I'm not sure how well that's that's understood in the gut.""]]"
2021_05_21_ABI_S16,reinforcement,466,0.0305038690567016,Age is one of them.,462.0,Those actually are very age dependent and the species dependent.,"[[464, ""Um that is what I thought so we really need to define the model system and then uh actually profile this based on the model system and figure out the profile the signaling pathway.""], [465, ""Yeah, I totally agree.""]]","[[467, ""It is very clear.""], [468, ""Yeah, I think that in terms of the stress you mentioned, this is really depends on the case study we study, right?""]]"
2021_04_23_MND_S14,new_idea,0,1.0,Also important to I mean the technique that you choose depends on the question you're answering.,,,[],"[[1, ""So like you're asking because like mass spec is great for getting, you know, a big picture look at all the different molecules there in the tissue.""], [2, ""Where's like I'm a sensors person.""]]"
2021_04_23_MND_S14,new_idea,1,0.9991187901468948,"So like you're asking because like mass spec is great for getting, you know, a big picture look at all the different molecules there in the tissue.",0.0,Also important to I mean the technique that you choose depends on the question you're answering.,"[[0, ""Also important to I mean the technique that you choose depends on the question you're answering.""]]","[[2, ""Where's like I'm a sensors person.""], [3, ""So I'm like really good at measuring one or two things but really fast temporal resolution in live tissue.""]]"
2021_04_23_MND_S14,new_idea,307,0.9989949547452852,"Um, but we studied most of those using using chambers and things like that.",303.0,"So if you're going to do chronic stress, you'll still get activation but it's much slower and then that's associated with immune responses, um inflammation, damage, all those things.","[[305, ""So acute responses to stress or anxiety are not associated with immuno immune activation and and microbiome changes.""], [306, ""Those are more chronic.""]]","[[308, ""I don't know if that really answers the question, but""], [309, ""I mean technically the gut can function independently.""]]"
2021_04_23_MND_S14,reinforcement,9,0.0059502124786376,"So I mean, and I think both are important.",5.0,"So I mean, and I think both are important.","[[7, ""Or is it important to look at dynamics of how they're signaling?""], [8, ""Because that that can dictate what technology you choose.""]]","[[10, ""Um, so I guess when you're defining the messengers, it's like do you want to look at it like a snapshot in time of like all the different messengers that are um present?""], [11, ""So something that might be awesome.""]]"
2021_04_23_MND_S14,reinforcement,427,0.0070554614067077,"Um I I'm a neuropsychologist so I worked with a ton of patients with DBS and show improved cognitive functioning over time and um I imagine it would might improve GI function, but no no, not sure of that.",424.0,"Um I'm I'm a neuropsychologist so I've worked with a ton of patients with DBS and show improved cognitive functioning over time and um I imagine it would might improve GI function, but no no, not sure of that.","[[425, ""There are have been some studies that show that um meditation influences markers of inflammation.""], [426, ""Um and that the gut like baseline levels of or baseline gut composition does mediate or moderate um response to cognitive behavioral therapy and other types of kind of behavioral interventions.""]]","[[428, ""Well, we know that meditation techniques it essentially activates the parasympathetic nervous system.""], [429, ""Um, and that's how it like has much of its beneficial effects on physiological functioning.""]]"
2021_04_23_MND_S14,reinforcement,10,0.0095703601837158,"Um, so I guess when you're defining the messengers, it's like do you want to look at it like a snapshot in time of like all the different messengers that are um present?",6.0,"Um, so I guess when you're defining the messengers, it's like do you want to look at it like a snapshot in time of like all the different messengers that are um present?","[[8, ""Because that that can dictate what technology you choose.""], [9, ""So I mean, and I think both are important.""]]","[[11, ""So something that might be awesome.""], [12, ""Oh, sorry.""]]"
2021_06_10_SLU_S6,new_idea,0,1.0,"And if by studying the one that we have in our solar system that's closer, we can make some general assumptions about that class of planet.",,,[],"[[1, ""And then it was just also brought up ocean worlds, right?""], [2, ""That's also a very different set of uh landscapes.""]]"
2021_06_10_SLU_S6,new_idea,333,0.999135168734938,"That doesn't mean that the other life isn't interesting or doesn't exist, but we may just have no way of probing it.",330.0,"Yeah, so I I I have a slightly um different thought or maybe even taking everything one step further back because to me the only thing that in my mind I can come up with that really globally answers, you know, what what at least I could imagine.","[[331, ""Yeah, so I fully agree, right?""], [332, ""So maybe the question we should narrow down the question to systems that have life that we could see or detect in some way.""]]","[[334, ""Yeah, so generally speaking the lower mass stars have the older planetary systems because the lower mass stars live longer.""], [335, ""Yes with like one or two giga year error bars, but yeah.""]]"
2021_06_10_SLU_S6,new_idea,70,0.9988873059628532,We have about 10 more minutes to chat before we kind of delve into the key points.,67.0,"Um, and then we can add to the PowerPoint, the important points, the key points that we can come up with later.","[[68, ""So most importantly, are you all in the Google Drive and do you know where the Google Drive is?""], [69, ""So we're hearing that data and statistics are important, right?""]]","[[71, ""So are there any other ideas that you've written down or thought about that you haven't mentioned yet?""], [72, ""Thank you.""]]"
2021_06_10_SLU_S6,reinforcement,234,0.0055902600288391,"I'm just thinking like it would if you saw like a snowball Mars, it would be much more likely that it was because it was geologically dead.",233.0,"I'm just thinking like it would if you saw like a snowball Mars, it would be much more likely that it was because it was geologically dead.","[[232, ""I think that process is largely being driven by life.""], [233, ""I'm just thinking like it would if you saw like a snowball Mars, it would be much more likely that it was because it was geologically dead.""]]","[[235, ""I'm uh Greg Fournier, uh professor at Earth Atmospheric Planetary Sciences um at MIT.""], [236, ""So uh I am an evolutionary biologist um and I study the evolution of microbial metabolisms uh deep time divergences of groups in the tree of life and uh origins uh using uh phylogenomic techniques.""]]"
2021_06_10_SLU_S6,reinforcement,416,0.0105743408203125,"Yeah, this is Morgan.",415.0,"Yeah, this is Morgan.","[[414, ""Is it in the troposphere?""], [415, ""Yeah, this is Morgan.""]]","[[417, ""I would just want to build on a couple of the points excellent points that Matthew raised.""], [418, ""Certainly it's not going to be a binary yes or no uh answer.""]]"
2021_06_10_SLU_S6,reinforcement,302,0.0119408965110778,"No, no, no.",301.0,"No, no, no.","[[300, ""If I would be willing to accept it as universal, how could we detect it if we're not living on that planet?""], [301, ""No, no, no.""]]","[[303, ""I I don't because I didn't want to dominate the but I like I think trying to do sort of a a time sequence, I think maybe using exoplanets, I think maybe you know, it's not unique, but I think it's an important step to actually test sort of the history of earth and life emerging on it and how it changes sort of earth and sort of testing that in a in a way because I don't think we have any other way to test whether this is something that life in general will do or that's just like so unique to earth that um, you know, it will be different for each planet.""], [304, ""So although I can see many flaws by having to use 10 or 100 exoplanet systems to stitch this history together, I do think it's sort of a unique window in emergence and evolution of life that we um probably don't get any other way unless we can manage to live for a very long time in which case it's not a problem.""]]"
2021_05_21_ABI_S1,new_idea,0,1.0,If you think about the computational space that the QMMM folks have dealt with this problem quite effectively.,,,[],"[[1, ""So how would you think about bringing in their insights into the data collection realm.""], [2, ""Okay.""]]"
2021_05_21_ABI_S1,new_idea,398,0.9991164875682444,I'm also professor at Penn State University.,395.0,"So in MRI we acquire in frequency space or K space and then we typically do a 4A transform to image space, but a lot of AI is replacing the 4A transform.","[[396, ""Good morning everyone.""], [397, ""Uh my name is Larry.""]]","[[399, ""Uh our focus in the group has been mostly on the deformable multi modality sensors for the medical application.""], [400, ""And our uh interest with spatial imaging uh primarily related to the threshold uh photo acoustic imaging on the membrane for the imaging of the whole cortex layer and to a particular address issue with the skull and we are really happy to see how different modality will be able to combine for the enhanced spatial temporal resolution.""]]"
2021_05_21_ABI_S1,new_idea,82,0.99907098087715,We have to put it in a separate Google Docs so we don't overwhelm the system right away.,81.0,"Oh, that's right.","[[80, ""Okay.""], [81, ""Oh, that's right.""]]","[[83, ""Okay.""], [84, ""Um, but so what are the broad categories people think of?""]]"
2021_05_21_ABI_S1,reinforcement,95,0.0106743574142456,So let's just take a minute.,94.0,"Um so I can I'm going to grab the reins of power here and um suggest that we take just a minute uh for everybody to think about the topic and just kind of jot down a couple points, you know, things from your own experiences that you think would be applicable to this um or just more futuristic ideas that you think would be really good directions.","[[93, ""So I'm uh Brian the facilitator.""], [94, ""Um so I can I'm going to grab the reins of power here and um suggest that we take just a minute uh for everybody to think about the topic and just kind of jot down a couple points, you know, things from your own experiences that you think would be applicable to this um or just more futuristic ideas that you think would be really good directions.""]]","[[96, ""So cross.""], [97, ""So is there anything that doesn't work?""]]"
2021_05_21_ABI_S1,reinforcement,43,0.0170060396194458,I think so.,42.0,I think we're all here.,"[[41, ""I think we still have half an hour, I think.""], [42, ""I think we're all here.""]]","[[44, ""I was taking notes myself and I realized which I compulsively do because I never retained anything unless I write it down.""], [45, ""Uh, but uh you're right then.""]]"
2021_05_21_ABI_S1,reinforcement,236,0.0592280030250549,"You know, like how do we that's that's where I'm still haven't quite",235.0,"Um, I think one thing though that's confusing me a little bit or you know still a mystery is that I don't I don't know how to make it into sort of a systematic approach, meaning like um you know I'm used to sort of comparatively thinking about all of the different imaging modalities, but how do we make this an approach which can which can be equally applied to microscopy and and and image guided surgery?","[[234, ""So I I definitely think um if if we're thinking about multimodal integrations, you know, then it definitely becomes a question of being able to identify in real time what's data so that you can determine which multimodal imaging system with different temporal and spatial resolution you want to use.""], [235, ""Um, I think one thing though that's confusing me a little bit or you know still a mystery is that I don't I don't know how to make it into sort of a systematic approach, meaning like um you know I'm used to sort of comparatively thinking about all of the different imaging modalities, but how do we make this an approach which can which can be equally applied to microscopy and and and image guided surgery?""]]","[[237, ""again, sort of splitting the middle.""], [238, ""maybe there's someone else like me who doesn't actually know what that is.""]]"
2021_04_22_MND_S6,new_idea,0,1.0,"Hi, I'm Alexandra.",,,[],"[[1, ""I'm a guest.""], [2, ""So I'm sitting in and uh eager to hear your discussion.""]]"
2021_04_22_MND_S6,new_idea,442,0.9990520174615084,Maybe we should ask Andrew to make sure that it's someone that needs to be here though.,441.0,"It require it it requires a skill, you know?","[[440, ""In mice?""], [441, ""It require it it requires a skill, you know?""]]","[[443, ""Maybe.""], [444, ""Anyone knows who's bot for?""]]"
2021_04_22_MND_S6,new_idea,354,0.9990356038906612,"I also think four and seven are the same ideas, that you could probably combine those.",353.0,"Um, we also develop chemical tools to look at the metabolism of the gut microbiome specifically at um bacterial enzymes that the gut microbiome expresses.","[[352, ""Um, I'm trained actually as a chemical biologist and an immunologist and my lab is interested in characterizing small molecule metabolites that mediate host gut microbiota interactions.""], [353, ""Um, we also develop chemical tools to look at the metabolism of the gut microbiome specifically at um bacterial enzymes that the gut microbiome expresses.""]]","[[355, ""Mark?""], [356, ""So after pregnancy does the mother's microbiome return to the pre-pregnancy state and how long does that take or does it go to a new normal?""]]"
2021_04_22_MND_S6,reinforcement,317,0.0170664191246032,It's my pleasure.,315.0,I'm happy to do it.,"[[315, ""I'm happy to do it.""], [316, ""No problem.""]]","[[318, ""I learned a lot.""], [319, ""I it forced me to listen more carefully.""]]"
2021_04_22_MND_S6,reinforcement,245,0.0240726470947265,I I don't think we know that.,243.0,I don't think we have the answer to that either.,"[[243, ""I don't think we have the answer to that either.""], [244, ""We don't we don't know to what degree uh or which would be the the functional, you know, redundancy of which are the members that can bring that and and to me, um if we bring it in whether it is with one or a number of species whether that can whether that can truly work.""]]","[[246, ""Yeah, there's been a few studies that have uh described that.""], [247, ""So in the majority of of women of course um it doesn't happen across the board in the same way.""]]"
2021_04_22_MND_S6,reinforcement,380,0.0346826314926147,"How practi I I like this idea, but practically how would you do it?",378.0,"I love exosomes, but I was just thinking about practically how would you do that?","[[378, ""I love exosomes, but I was just thinking about practically how would you do that?""], [379, ""Do you give a gavage of exosomes or would it even make it to the colon where the bulk of, you know, the microbiome is?""]]","[[381, ""I think it is to record.""], [382, ""I work on human data, computational.""]]"
2021_05_20_ABI_S2,new_idea,0,1.0,But uh in order to be more specific about uh to focus on both the excitation and emission side we're looking at Brett probes where you would use luciferase to excite the swear emitting QDs so you don't have to worry about the excitation side of things.,,,[],"[[1, ""Um and that also gives us a handle for sensing rather than just tracking.""], [2, ""But with the if you're doing just filter imaging the I'll show videos later there you get you can get uh you can watch the mouse breathe and then track heart rate and things because the the speed of the video frame rate is um really nice.""]]"
2021_05_20_ABI_S2,new_idea,80,0.9990490030031652,"We're also supposed to take one minute to write down our thoughts that if there's some dead space later on, we'll return to them.",78.0,I'm one of the facilitators and and let me introduce Brian Pogue there who's also one of the facilitators.,"[[78, ""I'm one of the facilitators and and let me introduce Brian Pogue there who's also one of the facilitators.""], [79, ""Um, just to give a little bit of structure here, we're supposed to do short introductions.""]]","[[81, ""And we're also supposed to identify a reporter that can talk back to the larger group.""], [82, ""Just fill in that slide.""]]"
2021_05_20_ABI_S2,new_idea,81,0.9990406283177437,And we're also supposed to identify a reporter that can talk back to the larger group.,79.0,"Um, just to give a little bit of structure here, we're supposed to do short introductions.","[[79, ""Um, just to give a little bit of structure here, we're supposed to do short introductions.""], [80, ""We're also supposed to take one minute to write down our thoughts that if there's some dead space later on, we'll return to them.""]]","[[82, ""Just fill in that slide.""], [83, ""It's really a little bit of work and I would advise anybody that it's it's a benefit because you get identified as somebody that's interested in this topic.""]]"
2021_05_20_ABI_S2,reinforcement,188,0.0053919553756713,"So I was wondering, would it be possible with an infection idea to instead of having a fluorescence marker, have a pet uh agent or have some receptor uh on the infected cells to which a pet agent can uh link so that you can really track over a very long time.",187.0,"So I was wondering, would it be possible with an infection idea to instead of having a fluorescence marker, have a pet uh agent or have some receptor uh on the infected cells to which a pet agent can uh link so that you can really track over a very long time.","[[186, ""I'm not quite sure about the sensitivity, but at least to uh small set of cells you can down to that, get down to that uh sensitivity.""], [187, ""So I was wondering, would it be possible with an infection idea to instead of having a fluorescence marker, have a pet uh agent or have some receptor uh on the infected cells to which a pet agent can uh link so that you can really track over a very long time.""]]","[[189, ""So you basically do several snapshots or where you give someone the the pet agent say every week and uh you see light up whatever cells have come in contact with your original infected cell.""], [190, ""So then we what are we supposed to do then?""]]"
2021_05_20_ABI_S2,reinforcement,375,0.0060495138168334,Somebody already did it.,374.0,"Oh, somebody already did it.","[[373, ""Okay.""], [374, ""Oh, somebody already did it.""]]","[[376, ""There you go.""], [377, ""So but but for my question is like as I said I'm more interested in translation single cell sounds great but what's the point for the clinical translation?""]]"
2021_05_20_ABI_S2,reinforcement,168,0.0119827985763549,It's inside the cell.,167.0,It's on the inside of the cell.,"[[166, ""And um that will skew your results.""], [167, ""It's on the inside of the cell.""]]","[[169, ""Or any other phagocytic cell picking up your tracer.""], [170, ""Sure, yes.""]]"
2021_05_21_ABI_S9,new_idea,0,1.0,"Hi, I'm Alex.",,,[],"[[1, ""I'm at Texas A&M University and I do optical imaging of mostly fluorescence and fluorescence lifetime of NADH and FAD.""], [2, ""So those are molecules used in metabolic processes.""]]"
2021_05_21_ABI_S9,new_idea,164,0.9992108375299722,I said you don't have to but most people do.,160.0,"So do we want to start one, you know, do one by one?","[[162, ""Sorry, sorry.""], [163, ""Sorry.""]]","[[165, ""That's good.""], [166, ""Okay, maybe we take one minute to write down actually for, you know, uh past a few sessions, we didn't have to go to these notes, but just in case, um, we take, you know, maybe one minute to write down some thoughts.""]]"
2021_05_21_ABI_S9,new_idea,412,0.9989874699385836,Um we also uh work a little bit on the nano drug delivery to the targeting the indulgence beta cells.,411.0,Uh so the research work in my lab uh mainly focus on uh using imaging uh matters to track the transplanted uh human eyelid uh and also the stem cell differentiate eyelid organoids.,"[[410, ""Um, I I was trained as interventional radiologist and uh develop uh interest in molecular imaging um of diabetes.""], [411, ""Uh so the research work in my lab uh mainly focus on uh using imaging uh matters to track the transplanted uh human eyelid uh and also the stem cell differentiate eyelid organoids.""]]","[[413, ""Uh the imaging modality uh we uh use often uh include uh MRI, uh pet MRI, um and uh we use the optical imaging um system all the time.""], [414, ""Uh now uh we have been starting using uh magnetic particle imaging.""]]"
2021_05_21_ABI_S9,reinforcement,130,0.005648136138916,It's important to choose a pretext task that is relevant to the downstream task that we want to solve.,127.0,It's important to choose a pretext task that is relevant to the downstream task that we want to solve.,"[[128, ""I think one of the biggest challenges is how to design the pretext task.""], [129, ""The pretext task is the task that we use to train the model on unlabeled data.""]]","[[131, ""Just uh looking at overall perhaps you know, phosphor phosphorus um or or fat signal, um you don't have to really look at a one particular lipid species.""], [132, ""That's my question related to the MRI.""]]"
2021_05_21_ABI_S9,reinforcement,129,0.0068564414978027,The pretext task is the task that we use to train the model on unlabeled data.,126.0,The pretext task is the task that we use to train the model on unlabeled data.,"[[127, ""It's important to choose a pretext task that is relevant to the downstream task that we want to solve.""], [128, ""I think one of the biggest challenges is how to design the pretext task.""]]","[[130, ""It's important to choose a pretext task that is relevant to the downstream task that we want to solve.""], [131, ""Just uh looking at overall perhaps you know, phosphor phosphorus um or or fat signal, um you don't have to really look at a one particular lipid species.""]]"
2021_05_21_ABI_S9,reinforcement,128,0.0076712965965271,I think one of the biggest challenges is how to design the pretext task.,125.0,I think one of the biggest challenges in self-supervised learning is how to design the pretext task.,"[[126, ""The pretext task is the task that we use to train the model on unlabeled data.""], [127, ""It's important to choose a pretext task that is relevant to the downstream task that we want to solve.""]]","[[129, ""The pretext task is the task that we use to train the model on unlabeled data.""], [130, ""It's important to choose a pretext task that is relevant to the downstream task that we want to solve.""]]"
2021_04_23_MND_S5,new_idea,99,0.999009505729191,"We don't see the slides yet, but that that just be a lag.",98.0,This kind of gets to this idea of models or do you start with the microbes or the bacteria themselves?,"[[97, ""One is do you work with patients or do you work with germ free models?""], [98, ""This kind of gets to this idea of models or do you start with the microbes or the bacteria themselves?""]]","[[100, ""Yeah, I think you're raising a really important question and um I think that maybe as we get into the discussion more questions will arise as well and and and those can be posed.""], [101, ""I mean the other thing to think about is what is a biomarker?""]]"
2021_04_23_MND_S5,new_idea,373,0.99896373716183,"I mean that's I guess what I used to do in grad school, right?",372.0,"And I think, I mean that's what like the basic science mind thinks about.","[[371, ""Um, I I guess like when I first saw this question, I think I was thinking sort of like what you were talking about just now Kai, like where you think of this kind of like bottom up approach, like where you say like, okay, you have this cell, this microbiome, it you know, whatever, it's excretes something, we can measure that, that gives us a biomarker.""], [372, ""And I think, I mean that's what like the basic science mind thinks about.""]]","[[374, ""You like break something down and then try to understand it.""], [375, ""Now, as a clinician, I think and some of the other um people, I'm sorry, I can't see your names right away, but um we're just talking about, you know, talking from the sort of top like top down.""]]"
2021_04_23_MND_S5,new_idea,439,0.9989425058010966,"My other comment is is I hear a lot about metabolites, but what about other molecules?",438.0,"Maybe you could just add on the volatile biomarkers like whether we could use those clinically, like is there a future for their use clinically?","[[437, ""Um my laboratory uh uses mass spectrometry to understand neurodegeneration um with a primary focus on uh measuring proteins and lipids and we do um some mass spectrometry imaging.""], [438, ""Maybe you could just add on the volatile biomarkers like whether we could use those clinically, like is there a future for their use clinically?""]]","[[440, ""Right.""], [441, ""So I asked this.""]]"
2021_04_23_MND_S5,reinforcement,72,0.0085957050323486,If you want to just um take a minute we're reflecting on using microbial biomarkers and how they could be applied to disease and so if you just want to write down a few thoughts in the next minute or so and then we'll get started into the discussion.,71.0,If you want to just um take a minute we're reflecting on using microbial biomarkers and how they could be applied to disease and so if you just want to write down a few thoughts in the next minute or so and then we'll get started into the discussion.,"[[70, ""I'm sorry.""], [71, ""If you want to just um take a minute we're reflecting on using microbial biomarkers and how they could be applied to disease and so if you just want to write down a few thoughts in the next minute or so and then we'll get started into the discussion.""]]","[[73, ""Lots of great ideas and I hope this will stimulate um some more discussions today in the smaller group sessions.""], [74, ""No, I think I think we'll get I think it was a mistake.""]]"
2021_04_23_MND_S5,reinforcement,9,0.0181048512458801,I I don't know.,8.0,I don't know.,"[[7, ""Um and uh cardiovascular health is even a suppressant.""], [8, ""I don't know.""]]","[[10, ""I don't know how my own work would tie into this.""], [11, ""Um, I guess the way I see this is um, I think that I'm interested in is inputs versus outputs.""]]"
2021_04_23_MND_S5,reinforcement,385,0.0287505388259887,Like I think it's like a it's like a signature that you can look at.,380.0,"But anyways, so you take this top down approach and to me a biomarker is not necessarily one thing, it's a collection of things that's almost like a fingerprint, you know, like the biomarker is a signature that's not that's not one thing you do a lab test for.","[[383, ""Like that to me is the real power of a of a biomarker, which as I said, I don't think is like we're not going to get like one blood test.""], [384, ""If we had that, we would already have it, you know what I mean?""]]","[[386, ""So to me, my question is, is there something we can do?""], [387, ""So so let's say you have a a child or an embryo becomes an infant and their bio their microbiome alters the way their development works such that it becomes dysfunctional.""]]"
2021_04_23_MND_S2,new_idea,0,1.0,But then you have a set of outputs that are the ones that you're actually looking at as your biomarkers that will potentially impact something else in the organism.,,,[],"[[1, ""So that's the way I see this and I am really focused on how do human beings um in general response to environmental contaminants.""], [2, ""Hi.""]]"
2021_04_23_MND_S2,new_idea,486,0.9991338941617868,"My other comment is is I hear a lot about metabolites, but what about other molecules?",484.0,Um I'm at the University of Illinois in Chicago.,"[[484, ""Um I'm at the University of Illinois in Chicago.""], [485, ""Um my laboratory uh uses mass spectrometry to understand neurodegeneration um with a primary focus on uh measuring proteins and lipids and we do um some mass spectrometry imaging.""]]","[[487, ""So I asked this because um uh I actually work on a genetic neurodegenerative disease.""], [488, ""So in my case, I know exactly what causes the disease, right?""]]"
2021_04_23_MND_S2,new_idea,95,0.9990971935912968,"If others want to jump on and add a few more words, that's fine too.",90.0,May.,"[[93, ""Um Stephanie.""], [94, ""Um, I think you hit a lot of the the main points.""]]","[[96, ""Um.""], [97, ""We don't see the slides yet, but that could just be a lag.""]]"
2021_04_23_MND_S2,reinforcement,265,0.0056962370872497,It seems like somehow our food changed our brain.,262.0,It seems like somehow our food changed our brain.,"[[263, ""But then other times maybe the brain is changing with changing the response of the microbiome.""], [264, ""But I think there there might be two different scenarios for certain neurological disease what Elizabeth uh just told the story.""]]","[[266, ""But then other times maybe the brain is changing with changing the response of the microbiome.""], [267, ""Depends on.""]]"
2021_04_23_MND_S2,reinforcement,57,0.0061680078506469,I think this actually looks good.,55.0,I think this actually looks good.,"[[55, ""I think this actually looks good.""], [56, ""We don't have to, you know, report out everything that we discussed.""]]","[[58, ""We don't have to, you know, report out everything that we discussed.""], [59, ""Um, I think you hit a lot of the the main points.""]]"
2021_04_23_MND_S2,reinforcement,266,0.0068925023078918,But then other times maybe the brain is changing with changing the response of the microbiome.,263.0,But then other times maybe the brain is changing with changing the response of the microbiome.,"[[264, ""But I think there there might be two different scenarios for certain neurological disease what Elizabeth uh just told the story.""], [265, ""It seems like somehow our food changed our brain.""]]","[[267, ""Depends on.""], [268, ""Yeah, good question.""]]"
2021_05_20_ABI_S5,new_idea,332,0.9990604287595488,Then from there I moved to biophotonics and imaging during my postdoctoral work.,328.0,"Yes, hi.","[[330, ""Uh my original training is applied optics and optical physics.""], [331, ""Uh was developing components in optical fiber gratings and inverse problems.""]]","[[333, ""We worked on near infrared optical imaging, some X-ray imaging and in my lab currently we are looking at techniques where we can enhance the contrast in soft tissue at depth without having intrinsic contrast if possible, but we also look at contrast enhanced imaging.""], [334, ""Uh some of the work is in looking at maximum information from every detected photon using single photon counting detectors and using it for phase contrast X-ray imaging, understanding how phase variations in X-ray can generate additional contrast without contrast agents and how do you then model this light propagation and and retrieve the information back to get additional information which you can otherwise not get for example in current mammography and other.""]]"
2021_05_20_ABI_S5,new_idea,167,0.9990158654982224,"And of course, we're also interested in the other wearable stretchable imaging systems.",164.0,So one side is to apply the formable structure of sensors on body for the long term and continuous monitoring.,"[[165, ""And the other side is to implant the dissolvable sensors inside the body for the transient operation so that the device can safely dissolve inside without the need for the second surgical operation.""], [166, ""And my interest with respect to the imaging is on the stretchable photoacoustic imaging where we shine light into the brain and try to capture that infrared light signal through the acoustics signature and to have that long-term monitoring against functional MRI and F needs all these optical method but really apply for the free moving human bodies.""]]","[[168, ""That's me to you all.""], [169, ""And next I will pass that on to Mini.""]]"
2021_05_20_ABI_S5,new_idea,478,0.9989738158183172,"But uh but again, by doing so you lose spatial resolution.",477.0,It's probably on the order of millimeter to centimeter.,"[[476, ""So that has substantially uh deeper penetration.""], [477, ""It's probably on the order of millimeter to centimeter.""]]","[[479, ""There's always a trade off between spatial resolution and the penetration.""], [480, ""So so that type of Raman spatially offset Raman has the highest penetration depths of maybe centimeter, but the the spatial resolution is relatively poor.""]]"
2021_05_20_ABI_S5,reinforcement,154,0.0054698586463928,So the nano material is the most boring possible nano material.,151.0,So the nano material is the most boring possible nano material.,"[[152, ""It has no special properties other than yes, it is small and hydrophobic.""], [153, ""So what we do is we make uh polymeric nanoparticles that have small molecule indicators and sensor components and recognition groups and reporters inside the organic phase of the nanoparticle itself.""]]","[[155, ""It has no special properties other than yes, it is small and hydrophobic.""], [156, ""And then""]]"
2021_05_20_ABI_S5,reinforcement,49,0.0055100917816162,But I think the other ideas are the biology you know the biological questions which I don't have much biology background so I can't say too well but yes.,48.0,But I think the other ideas are the biology you know the biological questions which I don't have much biology background so I can't say too well but yes.,"[[47, ""It's not like a KV like X-rays.""], [48, ""But I think the other ideas are the biology you know the biological questions which I don't have much biology background so I can't say too well but yes.""]]","[[50, ""And I have to check their papers if they have done any biomedical imaging but basically they are NDT non destructive uh they look at rocks, they look at battery, they uh you know and very high resolution too.""], [51, ""So in some are definitely in the microscopic region.""]]"
2021_05_20_ABI_S5,reinforcement,120,0.0058591961860656,"That is not portable, but we have a portable neutron generator here again of those kinds of energies.",119.0,"That is not portable, but we have a portable neutron generator here again of those kinds of energies.","[[118, ""So but that has a tracer as you know radiation radio tracers and um so I don't know if that's so relevant for the label free.""], [119, ""That is not portable, but we have a portable neutron generator here again of those kinds of energies.""]]","[[121, ""Over here there is a portable one and it's not interferometry yet and I don't think we need interferometry because they have been imaging roots for a while now, you know.""], [122, ""Uh and uh so um only thing is that you need a like a we are having access we have a nuclear neutron generator in LSU.""]]"
2021_06_11_SLU_S13,new_idea,0,1.0,"And I guess kind of coming at it from the opposite direction from Chris's point, thinking about the origins aspect of it, the other paper that came to mind during this discussion that I just pasted here and I'll also put on the slack is a paper from Ron Breaker's lab where they were looking for uh ribozyme uh hammerhead ribozyme in different domains of life and they found um a hammerhead ribozyme from uh some halophilic archaea that um it actually only worked um in high salt.",,,[],"[[1, ""Go ahead.""], [2, ""Go ahead.""]]"
2021_06_11_SLU_S13,new_idea,364,0.9993612056714484,"Maggie, I'll also tell you that your audio is much better with your video off.",361.0,"Um, so I see one being relevant to origins of life and building more complex molecules and the range of possible reactions that are polymerizing and otherwise.","[[362, ""But what about the the synergistic scope of process and reaction that is life and how the limits play out similarly or differently as you imagine it holistically, comprehensively.""], [363, ""Is that clear?""]]","[[365, ""So you don't you don't need to worry about it.""], [366, ""No, we're five.""]]"
2021_06_11_SLU_S13,new_idea,45,0.999092536745593,And it's also giving our instruments total trying to find anything.,42.0,"And I guess for me as a a chemist, particularly an organic chemist, anytime that the environment becomes to the point where you could not get stable organic chemistry at all, that's like, okay, uh I don't see how we could have carbon based life in that environment necessarily.","[[43, ""Um but that's a very broad definition, so perhaps someone else should chime in.""], [44, ""And and that peak is going to change.""]]","[[46, ""So that's one of those where we're not finding anything, but we're not entirely sure that that's because there's nothing there or if the the salt matrix itself is just throwing off all of our our tools of it.""], [47, ""And so that polarity index uh that I train undergraduates on so much is so important for how your organic reaction is going to go.""]]"
2021_06_11_SLU_S13,reinforcement,296,0.0525725483894348,Um and just an interloper.,294.0,"Hi, sorry, interloper here.","[[294, ""Hi, sorry, interloper here.""], [295, ""Uh I'm I'm uh from the that from Cfar, the Canadian Institute for Advanced Research.""]]","[[297, ""Um I run our Cfar Azrieli Global Scholars program.""], [298, ""So thanks for letting me sit in.""]]"
2021_06_11_SLU_S13,reinforcement,140,0.0588595271110534,It's just something to think about.,137.0,"Um, I don't really want to go down the route of of the advanced astrobiology is just a a comment to provoke a little bit of thought.","[[138, ""Um, but but I think that at least everything I'm hearing at the moment is assuming that we're talking about endogenically derived uh microbial organisms, the simplest possible uh for forms of life or or or their uh very basic uh descendants.""], [139, ""Um and I think that's that's fair.""]]","[[141, ""We're we're looking at a very narrow spectrum of complexity.""], [142, ""Please farewell.""]]"
2021_06_11_SLU_S13,reinforcement,221,0.0602892637252807,"Yeah, so um",220.0,"Um, and so it in that case that's not really an outlier, but it could be that kind of these rocky planets with rocky cores but that created like a percent or so of nebular hydrogen helium that these are found around 50% of stars and may be the most common outcome from planet formation.","[[219, ""Like those have been proposed, but we don't yet really know.""], [220, ""Um, and so it in that case that's not really an outlier, but it could be that kind of these rocky planets with rocky cores but that created like a percent or so of nebular hydrogen helium that these are found around 50% of stars and may be the most common outcome from planet formation.""]]","[[222, ""Yeah, so um, sorry, my dog's barking.""], [223, ""Um, I think we're still mapping out kind of what are the range of potential outcomes from planet formation.""]]"
2021_04_22_MND_S1,new_idea,0,1.0,"I think they are all important, no?",,,[],"[[1, ""It could be in vitro or in vivo, like in mouse model.""], [2, ""So whatever that design is, then we have to have some path to be able to at least that is um one of one of the things that we discussed is in real time monitor level of those small molecules or those biomarkers in real time without the need to kill them or uh slice the tissue or things like that which is really totally different.""]]"
2021_04_22_MND_S1,new_idea,294,0.999210651498288,I like Flavio's idea though.,290.0,I'm more of a clinical translational person.,"[[292, ""And so I'm doing some studies on the microbiome but also wanted to include metabolomics as well.""], [293, ""So I'm interested in understanding a bit more about the metabolites that are being produced by said microbiome.""]]","[[295, ""I mean that's probably as black and white as you would assume micro base.""], [296, ""I think you're right and in at least in humans the heterogeneity of the substrate makes it extremely difficult to interpret the data and so having a more homogeneous substrate or a small sample with longitudinal samples would be um a better and could you introduce some sort of perturbation in the system?""]]"
2021_04_22_MND_S1,new_idea,469,0.998982077697292,But there are so many other things.,467.0,"Yeah, there are definitely established pipelines for example to annotate certain fatty fatty acid producing genes, right?","[[467, ""Yeah, there are definitely established pipelines for example to annotate certain fatty fatty acid producing genes, right?""], [468, ""That has think it's it's well well known.""]]","[[470, ""I'm I'm thinking about like more global level uh prediction.""], [471, ""I know there are several group uh working on this area too.""]]"
2021_04_22_MND_S1,reinforcement,136,0.0084515213966369,"Um, well, I have one project in my lab that we're in collaboration with people that do aptamer based sensors, um using an aptamer based sensor to detect neuropeptide Y.",132.0,"Um, well, I have one project in my lab that we're in collaboration with people that do aptamer based sensors, um using an aptamer based sensor to detect neuropeptide Y.","[[134, ""I always start with health but I just I find that it's difficult for me to understand the disease if I don't understand how it changed.""], [135, ""Um, so we we always approach it by looking at how does how do things work in a healthy state and then translate that. but that's just our approach.""]]","[[137, ""Um, so it's basically an electrochemical sensor that has an aptamer on it uh specific for neuropeptide Y.""], [138, ""You mean like methods to detect neuropeptides?""]]"
2021_04_22_MND_S1,reinforcement,110,0.0101340413093566,"There is communication, there is.",109.0,There is definitely communication.,"[[108, ""That's one of the big big issues, right?""], [109, ""There is definitely communication.""]]","[[111, ""Yeah, they do, right?""], [112, ""The norepinephrin, dopamine, serotonin, glutamate, what else?""]]"
2021_04_22_MND_S1,reinforcement,147,0.0180305242538452,So the first one's about identifying um microbial or metabolomic species.,146.0,"Um, but one of the first ones is how can we effectively identify novel microbial or metabolomic species that drive gut brain communication.","[[145, ""And again, this is completely open, so if we decide that we're not super interested in these questions or there's other things that come up, we can take the discussion in a different direction.""], [146, ""Um, but one of the first ones is how can we effectively identify novel microbial or metabolomic species that drive gut brain communication.""]]","[[148, ""The second question is does the gut microbiota metabolize modify neuroendocrine signals to induce disregulation.""], [149, ""Uh, and the third question is can we specifically influence the secretome of different microbiota in a manner that impacts disease onset or progression.""]]"
2021_05_21_ABI_S6,new_idea,0,1.0,"Hi, my lab actually develops um nanoparticle based contrast agents.",,,[],"[[1, ""Um essentially we have a quantum dot chemistry lab apply focus on applications in bioimaging and biosensing.""], [2, ""So we do a lot of fret based sensing work as well as uh colocalization of color based sensing in vitro.""]]"
2021_05_21_ABI_S6,new_idea,553,0.9990441324189304,"And in fact, we also use photoactivatable uh agents as well where we make cleave off some tail on the molecule to make it, let's say selectively activate a single synapse.",550.0,Uh logic gates was another I don't know if we want to add in logic gates and kind of multifunction together.,"[[551, ""Uh, we do living animals.""], [552, ""We do brain a lot of work that we do actually is in the brain slice, which has a kind of a combination of partially preserved circuit, but considerable access including for small molecule dye.""]]","[[554, ""I think there's significant opportunity for kind of any sort of sensing that neurons do.""], [555, ""And of course, neurons sense a very broad variety of, you know, fast neurotransmitters and also different kinds of neuromodulators.""]]"
2021_05_21_ABI_S6,new_idea,263,0.9989825116936116,I myself work more on um chemical entities that are like activatable fluorescent probes.,259.0,"I mean, I think the the sort of the drive of the talking points on the slide are sort of related more towards like the pushing new boundaries and new directions for generating contrast.","[[261, ""So uh does anyone want to open up with some thoughts?""], [262, ""I mean, it sounds like there's a lot of people working in, you know, nanoparticle related stuff.""]]","[[264, ""So it's interesting to hear about what's going on with um nanoparticles because they they have incredible promise.""], [265, ""It's just that quantum dots and other things have had issues going into, you know, in vivo systems.""]]"
2021_05_21_ABI_S6,reinforcement,19,0.0346683859825134,That's all right.,14.0,Okay.,"[[17, ""That you know, that we would that would enhance our understanding of physiology and or pathophysiology may be clinically translatable, but um, you know, it it sounds like even the the straightforward probes uh have such a hurdle to to clinical translation that focusing on what we can learn preclinically so that we can demonstrate those contrast agents to lay the groundwork for pushing them towards clinical translation seems like the most interesting thing to me.""], [18, ""Sorry.""]]","[[20, ""Please continue.""], [21, ""Uh I think one of the things that I uh heard yesterday that was really exciting to me was the um idea of combining aspects of the contrast agents in order to use uh genetically encoded elements to make sure that they're local to the cells that you're interested in.""]]"
2021_05_21_ABI_S6,reinforcement,454,0.0386818647384643,Uh any other volunteers?,452.0,"So after all the discussions, do we have any other volunteers to to present this?","[[452, ""So after all the discussions, do we have any other volunteers to to present this?""], [453, ""Uh clearly um you know, I think uh the topic is a little bit out of my expertise uh and I'm I'm happy to do it but I I we heard a lot of others discussing very actively and you may be able to convey it better than me.""]]","[[455, ""Your last chance.""], [456, ""You can take it right now.""]]"
2021_05_21_ABI_S6,reinforcement,24,0.0572399497032165,"But um, this one one of the things",21.0,Uh I think one of the things that I uh heard yesterday that was really exciting to me was the um idea of combining aspects of the contrast agents in order to use uh genetically encoded elements to make sure that they're local to the cells that you're interested in.,"[[22, ""And of course, you know, in that context we're talking about pre clinical applications which uh you know, seems obvious, although it also occurs to me with the MRNA vaccines, does that not mean that we could make luciferase in people in theory if that were ever something that somebody wanted.""], [23, ""I, you know, I don't I don't know, but um, you know, ethically or clinically.""]]","[[25, ""Um""], [26, ""Yeah, I would say for any modality, getting molecular information out, um getting metabolic information out, getting um uh localization of various molecules, um molecular activity, the the in vivo biochemistry that we don't really have access to just yet for things I find interesting.""]]"
2021_06_10_SLU_S1,new_idea,0,1.0,"And group 1.5, if you can get your materials into slide 28, that would be appreciated.",,,[],"[[1, ""Once I start sharing, it will not update any further.""], [2, ""Coming.""]]"
2021_06_10_SLU_S1,new_idea,25,0.9989859281340614,Um and of course that impacts primary productivity which complex ecosystems need in order to just to to grow.,20.0,Um and Noah mentioned how there's how there's possibility for so lower levels of phosphorus uh in early earth.,"[[23, ""Uh work on fairly similar things to Simon.""], [24, ""Uh do do a lot of work uh basically combining inferences from the fossil record uh from geochemistry and from physiology to understand how environmental changes on earth have affected animal evolution.""]]","[[26, ""Uh and we've really kind of ignored a lot of the a lot of the basically everything aside from oxygen that organisms need.""], [27, ""Uh and so that's that's an area that I think uh we could be moving in as well.""]]"
2021_06_10_SLU_S1,new_idea,132,0.9989812232088298,I do a lot of isotope work on carbon and sulfur.,127.0,"Yeah, hi.","[[130, ""Um, I'm a biogeochemist.""], [131, ""I'm sort of a lab scientist.""]]","[[133, ""Uh, and I guess my big questions are a lot of sort of how do you preserve organic matter and why?""], [134, ""And what molecular and sort of geochemical contextual information can we get from it?""]]"
2021_06_10_SLU_S1,reinforcement,157,0.011798083782196,"Great, thank you.",156.0,"Great, thank you.","[[155, ""Great, thank you Richard.""], [156, ""Great, thank you.""]]","[[158, ""Great, thank you.""], [159, ""Great, thank you.""]]"
2021_06_10_SLU_S1,reinforcement,158,0.011798083782196,"Great, thank you.",156.0,"Great, thank you.","[[156, ""Great, thank you.""], [157, ""Great, thank you.""]]","[[159, ""Great, thank you.""], [160, ""Great, thanks.""]]"
2021_06_10_SLU_S1,reinforcement,159,0.011798083782196,"Great, thank you.",156.0,"Great, thank you.","[[157, ""Great, thank you.""], [158, ""Great, thank you.""]]","[[160, ""Great, thanks.""], [161, ""Hi, welcome.""]]"
2021_05_21_ABI_S11,new_idea,0,1.0,Do they have to be or can they be fluorescent probes that work and,,,[],"[[1, ""Failures?""], [2, ""I have a question about it kind of ties into something we were talking about in our last breakout session, so not most of you weren't there, but um, we were talking about how fluorescence is very, very specific to certain molecules, a single molecule and how some of the other really cool imaging techniques that have are have a lot of use are not as specific.""]]"
2021_05_21_ABI_S11,new_idea,199,0.9989112035837024,"Um particularly when you get these fret pair systems that report back all sorts of activities and the the redder they go, the more they're going to enable this.",194.0,What integrative techniques allow wide field screening of tissue to identify region of interest which can be subsequently imaged at very high magnifications perhaps super resolution.,"[[197, ""Uh Barbara, you're there.""], [198, ""Um maybe Carolyn bring you in as we've sort of been focusing a little bit here on pure fluorescence, but photoacoustic is uh.""]]","[[200, ""Um so the more the more colors you can see and the redder the colors you are, this is going to help or are we pretty happy with the genetic reporters that you've got now?""], [201, ""I mean.""]]"
2021_05_21_ABI_S11,new_idea,440,0.9988749463809654,I would also Barbara love to talk to you more about that.,437.0,"Uh, it doesn't tell you very much about, you know, not nothing about some threshold events, which is you know, everything about how neurons compute is about sub threshold very interesting biophysics and integration across the, you know, unique and neuron type specific uh dendritic trees that they used to collect information with.","[[438, ""Um and so yeah, genetic continued development of genetic probes is really important and the visible spectrum is is pretty full currently because a lot of people are also combining sensors and effector uh proteins such as the different kinds of opsins.""], [439, ""And so uh kind of engineering of uh careful engineering of stoke shift uh is is now kind of important because you really actually want to think of multiplex combinations of sensor effector pairs or multiple sensor pairs or triplets uh in order to design really compelling experiments.""]]","[[441, ""We do some micro LED based wireless uh tech for sensing and control.""], [442, ""Uh so I would I would love to learn more about you with.""]]"
2021_05_21_ABI_S11,reinforcement,85,0.0055322647094726,Now nobody's going to volunteer.,84.0,Now nobody's going to volunteer.,"[[83, ""It's probably the people we've occupied.""], [84, ""Now nobody's going to volunteer.""]]","[[86, ""Oh, I'm really delighted.""], [87, ""One thing that's also interesting.""]]"
2021_05_21_ABI_S11,reinforcement,81,0.0059003829956054,I can hear you.,80.0,I can hear you.,"[[79, ""Um and then we also do LC and GC mass spec.""], [80, ""I can hear you.""]]","[[82, ""It's""], [83, ""It's probably the people we've occupied.""]]"
2021_05_21_ABI_S11,reinforcement,410,0.0059003829956054,I can hear you.,409.0,I can hear you.,"[[408, ""Uh so uh we are very much troubled by deep tissue imaging because uh we're we're blessed with this micro resolution but we can rarely go deeper than millimeter uh depth.""], [409, ""I can hear you.""]]","[[411, ""So what my lab does, uh we want to tackle this issue and also a lot of other like imaging speed or contrast issue from three aspects.""], [412, ""The first aspect is uh um multiphoton imaging.""]]"
2021_04_23_MND_S13,new_idea,0,1.0,"Hi, I'm Alexandra.",,,[],"[[1, ""I'm with the Paul G.""], [2, ""Allen Frontiers Group.""]]"
2021_04_23_MND_S13,new_idea,146,0.9990044654114172,"And um, some recent work in the lab has also been um looking at sex differences in uh model of autism.",142.0,I'm at Furman University in the biology department and the neuroscience program.,"[[144, ""Um, we look at the microbiome changes, but um my my area is more in the brain and we look at neuroinflammation.""], [145, ""Uh, we focus on astrocytes and microglia.""]]","[[147, ""Um, I just wanted to go, I sorry, I don't want to interrupt like a response to your question, but I was also thinking about what Tom was saying.""], [148, ""I think it connects with what you were just saying too and this is so outside of my area, something I want to listen and get information because I have a lot to learn here, but um in terms of crossing the blood brain barrier, that might not be a major like it's certainly a question, but we don't know if there's um small molecules that are traveling that need to get past the blood brain barrier or if for example, we're talking about serotonin activation that's happening in the gut that could then um stimulate the vagus nerve and that would then send a signal to the brain and then you know, we might not have to get past the blood brain barrier based on who knows if it's a neurotransmitter like dopamine or serotonin produced in the gut.""]]"
2021_04_23_MND_S13,new_idea,30,0.9989992056507616,I think I see it on maybe I'm looking at the wrong spot though.,29.0,And so it would be um interesting to think about ways to be able to better measure speciation in vivo.,"[[28, ""I know you can like get time on these, but um it's really complicated.""], [29, ""And so it would be um interesting to think about ways to be able to better measure speciation in vivo.""]]","[[31, ""I see 3.1 key points.""], [32, ""Is that the right spot?""]]"
2021_04_23_MND_S13,reinforcement,175,0.0062169432640075,Just trying to get my notes from here onto um our actual slide here.,172.0,Just trying to get my notes from here onto um our actual slide here.,"[[173, ""Sure.""], [174, ""Uh I'm trying to put them onto the sorry, I'm just trying to find the right button here.""]]","[[176, ""So so far what I've got is I heard a lot about sort of known knowns or known unknowns versus unknown unknowns.""], [177, ""Let's get that together.""]]"
2021_04_23_MND_S13,reinforcement,295,0.0062971711158752,I I I just want to make sure you you had an opportunity.,293.0,I I I just want to make sure you you had an opportunity.,"[[293, ""I I I just want to make sure you you had an opportunity.""], [294, ""So let us know, raise your hand.""]]","[[296, ""So let us know, raise your hand.""], [297, ""Maybe maybe maybe you can think about how do we measure these in for precision medicine actually in humans.""]]"
2021_04_23_MND_S13,reinforcement,296,0.0069344043731689,"So let us know, raise your hand.",294.0,"So let us know, raise your hand.","[[294, ""So let us know, raise your hand.""], [295, ""I I I just want to make sure you you had an opportunity.""]]","[[297, ""Maybe maybe maybe you can think about how do we measure these in for precision medicine actually in humans.""], [298, ""So that's one contribution that maybe.""]]"
2021_06_11_SLU_S2,new_idea,0,1.0,Am I making any sense?,,,[],"[[1, ""And um I'm pretty sure that we have that sort of data from uh Maggie and Morgan.""], [2, ""I don't know if you guys looked directly at amino acids, but maybe that's in the literature.""]]"
2021_06_11_SLU_S2,new_idea,17,0.9989243615418671,Uh we've also got a cell counter.,15.0,"Um, so uh I'm technically an analytical chemist.","[[15, ""Um, so uh I'm technically an analytical chemist.""], [16, ""Um, about half my group is doing instrument development to um look for organic molecules in extreme environments.""]]","[[18, ""Um, but these are extreme environments on earth and um with potential application to uh extraterrestrial systems like the icy worlds.""], [19, ""I have a I have a question kind of related to this.""]]"
2021_06_11_SLU_S2,new_idea,296,0.9987874728394672,I'm a geobiologist at Northwestern.,293.0,"But principally, I'm here as a former uh director at RCSA, um, and very um interested in in in the Silog programs and and how they're developing.","[[294, ""So I'm going to be listening in and um I'll just put in a plug for I was really intrigued by the the notion of looking at energy and entropy and, you know, kind of global signatures of of um of the way life uh changes the uh entropic character of environments.""], [295, ""Hi, Maggie Osburn.""]]","[[297, ""I'm I'm a rising associate professor.""], [298, ""I um study isotope organic signatures of life.""]]"
2021_06_11_SLU_S2,reinforcement,178,0.0058934688568115,"Yeah, the in the radio the signal's going to be just just just way too tiny.",173.0,"Um, yeah, the in the radio the signal's going to be just just just way too tiny.","[[176, ""It's good.""], [177, ""Yeah, the challenge is just that if the if those planets form like form by a completely different mechanism, um, or you know, have resided their entire history is in a completely different radiation environment, for example, um, that how useful is that context and that you have to think that through carefully.""]]","[[179, ""Yeah.""], [180, ""Yeah.""]]"
2021_06_11_SLU_S2,reinforcement,507,0.0063968300819396,"I mean also Andro certainly has a a background in sort of astromaterials but it's it's it's less from the um uh sort of astrophysical observation side and more from the, you know, the the chemist meteoritic chemistry and that kind of thing.",505.0,"I mean also Andro certainly has a a background in sort of astromaterials but it's it's it's less from the um uh sort of astrophysical observation side and more from the you know, the the chemist meteoritic chemistry and that kind of thing.","[[505, ""I mean also Andro certainly has a a background in sort of astromaterials but it's it's it's less from the um uh sort of astrophysical observation side and more from the you know, the the chemist meteoritic chemistry and that kind of thing.""], [506, ""Um, I don't know that we do.""]]","[[508, ""Um, I think there's a an interesting corollary to what you said Morgan about this this notion that there's a whole lot of this one thing or a whole lot of these few things.""], [509, ""And it goes back to this discussion of pathways that that Andrew and a few other people have brought up earlier on is that one of the characteristics I think of life is that um, it down selects from a very large set of possibilities and settles on pathways that give you specific things, right?""]]"
2021_06_11_SLU_S2,reinforcement,506,0.0065381526947021,"Um, I don't know that we do.",504.0,"Um, I don't know that we do.","[[504, ""Um, I don't know that we do.""], [505, ""I mean also Andro certainly has a a background in sort of astromaterials but it's it's it's less from the um uh sort of astrophysical observation side and more from the you know, the the chemist meteoritic chemistry and that kind of thing.""]]","[[507, ""I mean also Andro certainly has a a background in sort of astromaterials but it's it's it's less from the um uh sort of astrophysical observation side and more from the, you know, the the chemist meteoritic chemistry and that kind of thing.""], [508, ""Um, I think there's a an interesting corollary to what you said Morgan about this this notion that there's a whole lot of this one thing or a whole lot of these few things.""]]"
2021_10_01_MZT_S3,new_idea,0,1.0,"Also if you give them like uh total control over the data, right?",,,[],"[[1, ""Uh, they will be more willing to implement it.""], [2, ""Uh, like if let's say.""]]"
2021_10_01_MZT_S3,new_idea,172,0.9991442034370266,"Most of what I've done so far has been individual, you know, manpower samples, but we do have some high throughput systems we're standing up right now that are going to improve that quite a bit.",168.0,I don't know.,"[[170, ""So you're getting a pretty significant deposition of virus when when they're salivating.""], [171, ""I mean, it depends on the number of samples we've got.""]]","[[173, ""You know, I think that kind of to your earlier point, there is an opportunity here, you know, if we're from again, a vector of standpoint, I know that doesn't apply to everybody, but if we're if we're collecting mosquitoes, if we have a trap that also has one of these color changing devices in it, you still have all of those mosquitoes in that trap.""], [174, ""They can feed on that card and and indicate whether or not they're depositing viruses, and then you've still got the individuals if you want to take them back, double check, test those mosquitoes and find out, you know, which species were positive, was it a false positive and there are ways to kind of double check those outcomes as well.""]]"
2021_10_01_MZT_S3,new_idea,382,0.9990952762309462,"On top of that, it takes a month to get any kind of result back when you have the vet send, you know, the the rural vet send to the um testing facility.",381.0,It becomes a social cultural issue.,"[[380, ""So it doesn't become necessarily a scientific problem, right?""], [381, ""It becomes a social cultural issue.""]]","[[383, ""Um, you know what, I I think one one way you do that is um you know, it's not so much about introducing the the technology to fit our needs, but perhaps understanding what are those cultural barriers and then developing technology that would be amenable to use in those situations because even if you have something that's working, if nobody's willing to implement it and certainly going into these areas, um is that going to really do any good to you?""], [384, ""I guess is what I'm trying to say.""]]"
2021_10_01_MZT_S3,reinforcement,486,0.0281709432601928,"Thank you, Dr.",484.0,"Thank you, Dr.","[[484, ""Thank you, Dr.""], [485, ""Hepp.""]]","[[487, ""Rubenstein.""], [488, ""Thank you, Dr.""]]"
2021_10_01_MZT_S3,reinforcement,488,0.0281710624694824,"Thank you, Dr.",484.0,"Thank you, Dr.","[[486, ""Thank you, Dr.""], [487, ""Rubenstein.""]]","[[489, ""Yanik.""], [490, ""Thank you.""]]"
2021_10_01_MZT_S3,reinforcement,328,0.0518769025802612,So talking about using um color changing technology to to possibly monitor uh pathogens in in the wild.,327.0,"Um so, you know, possibly using sensor technology, um, you know, for like a vector born disease, if a mosquito deposit deposits virus on this color changing card and the card changes color, then we know that there was virus deposited there, we know there's virus in the environment.","[[326, ""Um and one of the big ones that we talked about kind of at length was um using chemical signals to sense pathogens in the environment passively.""], [327, ""Um so, you know, possibly using sensor technology, um, you know, for like a vector born disease, if a mosquito deposit deposits virus on this color changing card and the card changes color, then we know that there was virus deposited there, we know there's virus in the environment.""]]","[[329, ""Um and and it also came up talking about nanoparticle sensors, um where we've got antibodies on these nanoparticle sensors that will change color upon detection of antigens and and you can use that in diverse systems, it's not just vector born diseases, but also in situations where you've got um more directly transmitted pathogens as well in an animal, um animal to animal contact environment.""], [330, ""Um realistically a big challenge is coming out with simple tools that minimize personnel requirements.""]]"
