conference,session,source_row_index,sent_index_in_row,sentence,dialogue_act,global_session,speaker,timestamp,global_start_sec,global_end_sec,clip_number,sent_start_sec_est,sent_end_sec_est,global_start_sec_y,global_end_sec_y,session_core,sent_time_sec,annotations,global_timestamp_sec,_utter_row,_sent_idx
2021_05_21_ABI_S10,2021_05_21_ABI_S10,,,"But in in discovery where you you're pushing the knowledge, there there is no there is no not everybody will do the same experiment and produce the same data to make it to make it available, right?",,2021_05_21_ABI_S10_ABI,Arnold Hayer,,,,,998.0,1011.0997442455243,,,ABI,1004.5498721227622,"{'expand on existing idea': 'Arnold is expanding on the discussion about standardization and data sharing, highlighting that in discovery-based research, experiments and data production are not standardized because researchers are constantly evolving their technology and moving on to new experiments, which contributes to data heterogeneity.', 'provide supporting evidence': 'Arnold supports his point about the lack of standardization in discovery research by explaining that researchers move on to new experiments and evolve technology, leading to heterogeneous data.'}",998.0,0,0
2021_05_21_ABI_S10,2021_05_21_ABI_S10,,,"Because if once the experiment is done and it's accepted, you you move on to the next thing and then you you you evolve the the technology further and that will create a very heterogeneous type.",,2021_05_21_ABI_S10_ABI,Arnold Hayer,,,,,1011.0997442455243,1024.0,,,ABI,1017.5498721227622,"{'expand on existing idea': 'Arnold is expanding on the discussion about standardization and data sharing, highlighting that in discovery-based research, experiments and data production are not standardized because researchers are constantly evolving their technology and moving on to new experiments, which contributes to data heterogeneity.', 'provide supporting evidence': 'Arnold supports his point about the lack of standardization in discovery research by explaining that researchers move on to new experiments and evolve technology, leading to heterogeneous data.'}",998.0,1,0
2021_05_21_ABI_S10,2021_05_21_ABI_S10,,,Dylan Burnett was there.,,2021_05_21_ABI_S10_ABI,Arnold Hayer,,,,,835.0,837.0,,,ABI,836.0,"{'acknowledge contribution': {'Explanation': ""Arnold acknowledges that Dylan Burnett was present in the group, which is a form of recognizing someone's participation without necessarily agreeing or disagreeing with their contributions.""}}",1833.0,2,0
2021_05_21_ABI_S10,2021_05_21_ABI_S10,,,"Hi everyone, some of you know me already.",,2021_05_21_ABI_S10_ABI,Arnold Hayer,,,,,933.0000000000001,935.6056074766356,,,ABI,934.3028037383178,"[{'explain or define term or concept': ""The speaker explains their lab's focus on cell biology, imaging, and the relationship between signaling dynamics and cell shape changes, providing context for their research.""}, {'present new idea': 'The speaker introduces the idea of bridging different domains using different modes of microscopy to address the scale issue of molecular organelles, cells, and super cellular structures.'}, {'express frustration': 'The speaker expresses frustration with the bottleneck of quantitative imaging in their lab, specifically regarding cell edge and cell tracking, indicating a need for better and faster analysis methods.'}]",1931.0,3,0
2021_05_21_ABI_S10,2021_05_21_ABI_S10,,,So I'm my name is Arnold Hayer.,,2021_05_21_ABI_S10_ABI,Arnold Hayer,,,,,935.6056074766356,937.5757009345795,,,ABI,936.5906542056075,"[{'explain or define term or concept': ""The speaker explains their lab's focus on cell biology, imaging, and the relationship between signaling dynamics and cell shape changes, providing context for their research.""}, {'present new idea': 'The speaker introduces the idea of bridging different domains using different modes of microscopy to address the scale issue of molecular organelles, cells, and super cellular structures.'}, {'express frustration': 'The speaker expresses frustration with the bottleneck of quantitative imaging in their lab, specifically regarding cell edge and cell tracking, indicating a need for better and faster analysis methods.'}]",1931.0,4,0
2021_05_21_ABI_S10,2021_05_21_ABI_S10,,,I'm an assistant professor at McGill University in the Department of Biology.,,2021_05_21_ABI_S10_ABI,Arnold Hayer,,,,,937.5757009345793,942.4691588785047,,,ABI,940.022429906542,"[{'explain or define term or concept': ""The speaker explains their lab's focus on cell biology, imaging, and the relationship between signaling dynamics and cell shape changes, providing context for their research.""}, {'present new idea': 'The speaker introduces the idea of bridging different domains using different modes of microscopy to address the scale issue of molecular organelles, cells, and super cellular structures.'}, {'express frustration': 'The speaker expresses frustration with the bottleneck of quantitative imaging in their lab, specifically regarding cell edge and cell tracking, indicating a need for better and faster analysis methods.'}]",1931.0,5,0
2021_05_21_ABI_S10,2021_05_21_ABI_S10,,,I've been there for about three years now.,,2021_05_21_ABI_S10_ABI,Arnold Hayer,,,,,942.4691588785046,945.1383177570093,,,ABI,943.8037383177569,"[{'explain or define term or concept': ""The speaker explains their lab's focus on cell biology, imaging, and the relationship between signaling dynamics and cell shape changes, providing context for their research.""}, {'present new idea': 'The speaker introduces the idea of bridging different domains using different modes of microscopy to address the scale issue of molecular organelles, cells, and super cellular structures.'}, {'express frustration': 'The speaker expresses frustration with the bottleneck of quantitative imaging in their lab, specifically regarding cell edge and cell tracking, indicating a need for better and faster analysis methods.'}]",1931.0,6,0
2021_05_21_ABI_S10,2021_05_21_ABI_S10,,,And my lab is a cell biology lab.,,2021_05_21_ABI_S10_ABI,Arnold Hayer,,,,,945.1383177570093,947.2355140186916,,,ABI,946.1869158878504,"[{'explain or define term or concept': ""The speaker explains their lab's focus on cell biology, imaging, and the relationship between signaling dynamics and cell shape changes, providing context for their research.""}, {'present new idea': 'The speaker introduces the idea of bridging different domains using different modes of microscopy to address the scale issue of molecular organelles, cells, and super cellular structures.'}, {'express frustration': 'The speaker expresses frustration with the bottleneck of quantitative imaging in their lab, specifically regarding cell edge and cell tracking, indicating a need for better and faster analysis methods.'}]",1931.0,7,0
2021_05_21_ABI_S10,2021_05_21_ABI_S10,,,We do a lot of imaging and uh we ask the questions of how local signaling dynamics result in cell shape changes during cell migration.,,2021_05_21_ABI_S10_ABI,Arnold Hayer,,,,,947.2355140186914,955.7514018691588,,,ABI,951.4934579439251,"[{'explain or define term or concept': ""The speaker explains their lab's focus on cell biology, imaging, and the relationship between signaling dynamics and cell shape changes, providing context for their research.""}, {'present new idea': 'The speaker introduces the idea of bridging different domains using different modes of microscopy to address the scale issue of molecular organelles, cells, and super cellular structures.'}, {'express frustration': 'The speaker expresses frustration with the bottleneck of quantitative imaging in their lab, specifically regarding cell edge and cell tracking, indicating a need for better and faster analysis methods.'}]",1931.0,8,0
2021_05_21_ABI_S10,2021_05_21_ABI_S10,,,We do that in individually migrating cells and in collectively migrating cells.,,2021_05_21_ABI_S10_ABI,Arnold Hayer,,,,,955.7514018691589,960.7719626168224,,,ABI,958.2616822429907,"[{'explain or define term or concept': ""The speaker explains their lab's focus on cell biology, imaging, and the relationship between signaling dynamics and cell shape changes, providing context for their research.""}, {'present new idea': 'The speaker introduces the idea of bridging different domains using different modes of microscopy to address the scale issue of molecular organelles, cells, and super cellular structures.'}, {'express frustration': 'The speaker expresses frustration with the bottleneck of quantitative imaging in their lab, specifically regarding cell edge and cell tracking, indicating a need for better and faster analysis methods.'}]",1931.0,9,0
2021_05_21_ABI_S10,2021_05_21_ABI_S10,,,So there's this scale issue of of molecular organelles and cells and super cellular structures where we try to to bridge those different domains by using different modes of microscopy.,,2021_05_21_ABI_S10_ABI,Arnold Hayer,,,,,960.7719626168224,972.4654205607477,,,ABI,966.618691588785,"[{'explain or define term or concept': ""The speaker explains their lab's focus on cell biology, imaging, and the relationship between signaling dynamics and cell shape changes, providing context for their research.""}, {'present new idea': 'The speaker introduces the idea of bridging different domains using different modes of microscopy to address the scale issue of molecular organelles, cells, and super cellular structures.'}, {'express frustration': 'The speaker expresses frustration with the bottleneck of quantitative imaging in their lab, specifically regarding cell edge and cell tracking, indicating a need for better and faster analysis methods.'}]",1931.0,10,0
2021_05_21_ABI_S10,2021_05_21_ABI_S10,,,So my lab relies a lot of on on on live cell imaging and I think uh for us it's a bottleneck to to do quantitative uh imaging.,,2021_05_21_ABI_S10_ABI,Arnold Hayer,,,,,972.4654205607477,980.4728971962617,,,ABI,976.4691588785047,"[{'explain or define term or concept': ""The speaker explains their lab's focus on cell biology, imaging, and the relationship between signaling dynamics and cell shape changes, providing context for their research.""}, {'present new idea': 'The speaker introduces the idea of bridging different domains using different modes of microscopy to address the scale issue of molecular organelles, cells, and super cellular structures.'}, {'express frustration': 'The speaker expresses frustration with the bottleneck of quantitative imaging in their lab, specifically regarding cell edge and cell tracking, indicating a need for better and faster analysis methods.'}]",1931.0,11,0
2021_05_21_ABI_S10,2021_05_21_ABI_S10,,,"We do like cell edge tracking, cell tracking but but we would like to have better ways and faster ways of developing um analysis modalities that suit our questions and it's they're always changing so so one needs to adapt these um algorithms quickly and that's something that I'm hoping to to discuss more uh in this group.",,2021_05_21_ABI_S10_ABI,Arnold Hayer,,,,,980.4728971962618,1001.0,,,ABI,990.7364485981309,"[{'explain or define term or concept': ""The speaker explains their lab's focus on cell biology, imaging, and the relationship between signaling dynamics and cell shape changes, providing context for their research.""}, {'present new idea': 'The speaker introduces the idea of bridging different domains using different modes of microscopy to address the scale issue of molecular organelles, cells, and super cellular structures.'}, {'express frustration': 'The speaker expresses frustration with the bottleneck of quantitative imaging in their lab, specifically regarding cell edge and cell tracking, indicating a need for better and faster analysis methods.'}]",1931.0,12,0
2021_05_21_ABI_S10,2021_05_21_ABI_S10,,,"Maybe maybe I can say contrasting to to qualitative imaging where you just look at morphology, shapes and you know, describe them in in in a in a non non numerical form, quantitative imaging would would be to to convert features or intensities into into numbers so that you can make them make those observations or the you what you detect comparable between experiments between cells and conditions.",,2021_05_21_ABI_S10_ABI,Arnold Hayer,,,,,740.0,769.0,,,ABI,754.5,"{'explain or define term or concept': 'Arnold is explaining quantitative imaging by contrasting it with qualitative imaging, describing how quantitative imaging converts features or intensities into numbers for comparison between experiments.', 'expand on existing idea': 'Arnold is expanding on the definition of quantitative imaging that was previously requested by Maryellen.'}",2671.0,13,0
2021_05_21_ABI_S10,2021_05_21_ABI_S10,,,One one caveat here is that the technology and the methods are evolving very quickly and and constantly.,,2021_05_21_ABI_S10_ABI,Arnold Hayer,,,,,614.0000000000001,620.2650602409639,,,ABI,617.132530120482,"[{'provide supporting evidence': 'Arnold explains why standardizing data is difficult, providing evidence that technology and methods are rapidly evolving, with new cameras and cell lines constantly emerging, which supports the idea that standardization is challenging.'}]",3285.0,14,0
2021_05_21_ABI_S10,2021_05_21_ABI_S10,,,"So you might you might uh you know, there might not be a standard because everything is changing.",,2021_05_21_ABI_S10_ABI,Arnold Hayer,,,,,620.265060240964,626.1084337349398,,,ABI,623.1867469879519,"[{'provide supporting evidence': 'Arnold explains why standardizing data is difficult, providing evidence that technology and methods are rapidly evolving, with new cameras and cell lines constantly emerging, which supports the idea that standardization is challenging.'}]",3285.0,15,0
2021_05_21_ABI_S10,2021_05_21_ABI_S10,,,Every two years there's a new camera that is gives you a better resolution that is slightly this and and you people use different cell lines.,,2021_05_21_ABI_S10_ABI,Arnold Hayer,,,,,626.1084337349398,634.6024096385543,,,ABI,630.355421686747,"[{'provide supporting evidence': 'Arnold explains why standardizing data is difficult, providing evidence that technology and methods are rapidly evolving, with new cameras and cell lines constantly emerging, which supports the idea that standardization is challenging.'}]",3285.0,16,0
2021_05_21_ABI_S10,2021_05_21_ABI_S10,,,So so I can see a lot of potential but also a lot of problems of of implementing um a standardized uh data repository.,,2021_05_21_ABI_S10_ABI,Arnold Hayer,,,,,634.6024096385541,641.710843373494,,,ABI,638.156626506024,"[{'provide supporting evidence': 'Arnold explains why standardizing data is difficult, providing evidence that technology and methods are rapidly evolving, with new cameras and cell lines constantly emerging, which supports the idea that standardization is challenging.'}]",3285.0,17,0
2021_05_21_ABI_S10,2021_05_21_ABI_S10,,,But it's definitely something I feel could could have a lot of value.,,2021_05_21_ABI_S10_ABI,Arnold Hayer,,,,,641.710843373494,645.8674698795181,,,ABI,643.789156626506,"[{'provide supporting evidence': 'Arnold explains why standardizing data is difficult, providing evidence that technology and methods are rapidly evolving, with new cameras and cell lines constantly emerging, which supports the idea that standardization is challenging.'}]",3285.0,18,0
2021_05_21_ABI_S10,2021_05_21_ABI_S10,,,It's just um a lot of challenges to implementing it.,,2021_05_21_ABI_S10_ABI,Arnold Hayer,,,,,645.867469879518,649.0,,,ABI,647.433734939759,"[{'provide supporting evidence': 'Arnold explains why standardizing data is difficult, providing evidence that technology and methods are rapidly evolving, with new cameras and cell lines constantly emerging, which supports the idea that standardization is challenging.'}]",3285.0,19,0
2021_05_21_ABI_S10,2021_05_21_ABI_S10,,,"There's one name in there who is not actually in our group, Dylan Burnett from UWM.",,2021_05_21_ABI_S10_ABI,Arnold Hayer,,,,,820.0,826.0,,,ABI,823.0,"[{'acknowledge contribution': 'Arnold is pointing out that someone listed in the document is not part of the group, acknowledging their presence in the document but not necessarily agreeing with or expanding on their contributions.'}]",3491.0,20,0
2021_05_21_ABI_S10,2021_05_21_ABI_S10,,,There's some name in the in the list on the slide that wasn't actually in our group.,,2021_05_21_ABI_S10_ABI,Arnold Hayer,,,,,828.0,831.8620689655172,,,ABI,829.9310344827586,"{'acknowledge contribution': {'Explanation': 'Arnold is pointing out a factual error regarding the list of participants, acknowledging that someone who is listed was not actually present in the group.'}}",3499.0,21,0
2021_05_21_ABI_S10,2021_05_21_ABI_S10,,,So.,,2021_05_21_ABI_S10_ABI,Arnold Hayer,,,,,831.8620689655172,832.0,,,ABI,831.9310344827586,"{'acknowledge contribution': {'Explanation': 'Arnold is pointing out a factual error regarding the list of participants, acknowledging that someone who is listed was not actually present in the group.'}}",3499.0,22,0
2021_05_21_ABI_S10,2021_05_21_ABI_S10,,,"Well, thanks for a great discussion.",,2021_05_21_ABI_S10_ABI,Arnold Hayer,,,,,869.0,871.0,,,ABI,870.0,{'acknowledge contribution': 'Arnold is acknowledging the value of the discussion that took place.'},3540.0,23,0
2021_05_21_ABI_S10,2021_05_21_ABI_S10,,,"Yeah, I mean I was I was thinking about the the quantity lack of standardization and and it's it's also in the nature of of discovery, you know, medical imaging that that you do standardized procedures and and standardized type of imaging.",,2021_05_21_ABI_S10_ABI,Arnold Hayer,,,,,967.0,990.0,,,ABI,978.5,"{'expand on existing idea': 'Arnold is expanding on the previously discussed issue of quantity and lack of standardization of data, relating it to the nature of discovery and standardized procedures in medical imaging.'}",3638.0,24,0
2021_05_21_ABI_S10,2021_05_21_ABI_S10,,,"And I'd say like, you know, from the methods perspective, this isn't um, you know, this isn't crazy or even like that far out of the norm given like what machine learning methods can uh what machine learning methods can do now.",,2021_05_21_ABI_S10_ABI,David Van Valen,,,,,663.0,675.0,,,ABI,669.0,"{'provide supporting evidence': 'David is providing supporting evidence by stating that the machine learning methods he is suggesting are not unusual or far from the norm, implying that they are feasible and grounded in current capabilities.'}",4301.0,25,0
2021_05_21_ABI_S10,2021_05_21_ABI_S10,,,But it's not a matter of like not being able to like collect enough data.,,2021_05_21_ABI_S10_ABI,David Van Valen,,,,,937.0,941.0,,,ABI,939.0,"{'reject idea': 'David rejects the idea that the amount of data is a limiting factor, which Maryellen brought up in the previous utterance.'}",4575.0,26,0
2021_05_21_ABI_S10,2021_05_21_ABI_S10,,,It's just getting in the right format.,,2021_05_21_ABI_S10_ABI,David Van Valen,,,,,941.0,942.0,,,ABI,941.5,"{'express agreement': ""David agrees with Maryellen's point that wrangling the data into the right format is a significant pain point, building on the previous discussion about the challenges of using algorithmic approaches due to data formatting issues.""}",4579.0,27,0
2021_05_21_ABI_S10,2021_05_21_ABI_S10,,,"No, that's appropriate.",,2021_05_21_ABI_S10_ABI,David Van Valen,,,,,842.9999999999999,844.6853448275862,,,ABI,843.842672413793,"[{'expand on existing idea': 'David is expanding on the idea of latent space that Sapun brought up, adding details about a paper that describes a framework for integrating different modalities.'}, {'provide supporting evidence': 'David mentions a paper that describes a framework for integrating an arbitrary number of different modalities, providing evidence to support the feasibility of the latent space idea.'}]",5422.0,28,0
2021_05_21_ABI_S10,2021_05_21_ABI_S10,,,"Yeah, so the paper describes a framework for integrating arbitrary number or arbitrary number of different modalities.",,2021_05_21_ABI_S10_ABI,David Van Valen,,,,,844.6853448275863,853.3318965517242,,,ABI,849.0086206896552,"[{'expand on existing idea': 'David is expanding on the idea of latent space that Sapun brought up, adding details about a paper that describes a framework for integrating different modalities.'}, {'provide supporting evidence': 'David mentions a paper that describes a framework for integrating an arbitrary number of different modalities, providing evidence to support the feasibility of the latent space idea.'}]",5422.0,29,0
2021_05_21_ABI_S10,2021_05_21_ABI_S10,,,"Um, and they demonstrate that on imaging and sequencing data.",,2021_05_21_ABI_S10_ABI,David Van Valen,,,,,853.3318965517241,857.801724137931,,,ABI,855.5668103448276,"[{'expand on existing idea': 'David is expanding on the idea of latent space that Sapun brought up, adding details about a paper that describes a framework for integrating different modalities.'}, {'provide supporting evidence': 'David mentions a paper that describes a framework for integrating an arbitrary number of different modalities, providing evidence to support the feasibility of the latent space idea.'}]",5422.0,30,0
2021_05_21_ABI_S10,2021_05_21_ABI_S10,,,"Um, it works like fairly well.",,2021_05_21_ABI_S10_ABI,David Van Valen,,,,,857.8017241379309,860.0,,,ABI,858.9008620689655,"[{'expand on existing idea': 'David is expanding on the idea of latent space that Sapun brought up, adding details about a paper that describes a framework for integrating different modalities.'}, {'provide supporting evidence': 'David mentions a paper that describes a framework for integrating an arbitrary number of different modalities, providing evidence to support the feasibility of the latent space idea.'}]",5422.0,31,0
2021_05_21_ABI_S10,2021_05_21_ABI_S10,,,Oh sorry.,,2021_05_21_ABI_S10_ABI,David Van Valen,,,,,767.0,767.699481865285,,,ABI,767.3497409326425,"{'explain or define term or concept': 'David explains his specialization and the goal of his research, which is to lower the marginal cost of data annotation for imaging data.'}",6189.0,32,0
2021_05_21_ABI_S10,2021_05_21_ABI_S10,,,I'm David Van Valen.,,2021_05_21_ABI_S10_ABI,David Van Valen,,,,,767.699481865285,769.2538860103627,,,ABI,768.4766839378239,"{'explain or define term or concept': 'David explains his specialization and the goal of his research, which is to lower the marginal cost of data annotation for imaging data.'}",6189.0,33,0
2021_05_21_ABI_S10,2021_05_21_ABI_S10,,,Uh I'm assistant professor at Caltech um biology biological engineering um specialization deep learning and particular uh data annotation.,,2021_05_21_ABI_S10_ABI,David Van Valen,,,,,769.2538860103627,779.979274611399,,,ABI,774.6165803108809,"{'explain or define term or concept': 'David explains his specialization and the goal of his research, which is to lower the marginal cost of data annotation for imaging data.'}",6189.0,34,0
2021_05_21_ABI_S10,2021_05_21_ABI_S10,,,"Um so I think the uh one sentence version of the world I'm trying to make is one where if you had imaging data and you want to get annotated, the marginal cost of annotation would be so low it's it would almost be free.",,2021_05_21_ABI_S10_ABI,David Van Valen,,,,,779.979274611399,797.0,,,ABI,788.4896373056995,"{'explain or define term or concept': 'David explains his specialization and the goal of his research, which is to lower the marginal cost of data annotation for imaging data.'}",6189.0,35,0
2021_05_21_ABI_S10,2021_05_21_ABI_S10,,,"Oh, uh so okay, so question one, how can I get the most information?",,2021_05_21_ABI_S10_ABI,David Van Valen,,,,,760.0,765.0,,,ABI,762.5,"{'ask clarifying question': 'David is asking a question to get more information, which is a clarifying question.'}",6949.0,36,0
2021_05_21_ABI_S10,2021_05_21_ABI_S10,,,Okay.,,2021_05_21_ABI_S10_ABI,David Van Valen,,,,,718.0,718.3550863723608,,,ABI,718.1775431861804,"{'expand on existing idea': 'David expands on his idea of using vector embeddings for image analysis by stating that metadata is important for generating these embeddings, especially when integrating data from different modalities, building upon his previous explanation of how image matching can be optimized.', 'provide supporting evidence': 'David provides supporting evidence for the importance of metadata by explaining that the methods he knows require enough metadata to ensure that data sets from different modalities come from the same sample, strengthening his argument for the necessity of metadata in generating useful embeddings.'}",7667.0,37,0
2021_05_21_ABI_S10,2021_05_21_ABI_S10,,,So I see no good reason why said metadata can't be made available.,,2021_05_21_ABI_S10_ABI,David Van Valen,,,,,718.3550863723608,723.042226487524,,,ABI,720.6986564299424,"{'expand on existing idea': 'David expands on his idea of using vector embeddings for image analysis by stating that metadata is important for generating these embeddings, especially when integrating data from different modalities, building upon his previous explanation of how image matching can be optimized.', 'provide supporting evidence': 'David provides supporting evidence for the importance of metadata by explaining that the methods he knows require enough metadata to ensure that data sets from different modalities come from the same sample, strengthening his argument for the necessity of metadata in generating useful embeddings.'}",7667.0,38,0
2021_05_21_ABI_S10,2021_05_21_ABI_S10,,,"Uh the methods that I'm aware of do require enough metadata so that, you know, let's say like you're trying to make an embedding from, you know, three different modalities, you know, imaging, um, you know, RNA uh RNA sequencing and attack sequencing.",,2021_05_21_ABI_S10_ABI,David Van Valen,,,,,723.0422264875241,740.7965451055662,,,ABI,731.9193857965452,"{'expand on existing idea': 'David expands on his idea of using vector embeddings for image analysis by stating that metadata is important for generating these embeddings, especially when integrating data from different modalities, building upon his previous explanation of how image matching can be optimized.', 'provide supporting evidence': 'David provides supporting evidence for the importance of metadata by explaining that the methods he knows require enough metadata to ensure that data sets from different modalities come from the same sample, strengthening his argument for the necessity of metadata in generating useful embeddings.'}",7667.0,39,0
2021_05_21_ABI_S10,2021_05_21_ABI_S10,,,"You need to have enough metadata to know that these data sets came from like the same sample, right?",,2021_05_21_ABI_S10_ABI,David Van Valen,,,,,740.7965451055661,747.898272552783,,,ABI,744.3474088291746,"{'expand on existing idea': 'David expands on his idea of using vector embeddings for image analysis by stating that metadata is important for generating these embeddings, especially when integrating data from different modalities, building upon his previous explanation of how image matching can be optimized.', 'provide supporting evidence': 'David provides supporting evidence for the importance of metadata by explaining that the methods he knows require enough metadata to ensure that data sets from different modalities come from the same sample, strengthening his argument for the necessity of metadata in generating useful embeddings.'}",7667.0,40,0
2021_05_21_ABI_S10,2021_05_21_ABI_S10,,,"Um, and without that, then, you know, you just don't get to like you just don't um get to play ball.",,2021_05_21_ABI_S10_ABI,David Van Valen,,,,,747.898272552783,755.0,,,ABI,751.4491362763915,"{'expand on existing idea': 'David expands on his idea of using vector embeddings for image analysis by stating that metadata is important for generating these embeddings, especially when integrating data from different modalities, building upon his previous explanation of how image matching can be optimized.', 'provide supporting evidence': 'David provides supporting evidence for the importance of metadata by explaining that the methods he knows require enough metadata to ensure that data sets from different modalities come from the same sample, strengthening his argument for the necessity of metadata in generating useful embeddings.'}",7667.0,41,0
2021_05_21_ABI_S10,2021_05_21_ABI_S10,,,So it doesn't take too much data.,,2021_05_21_ABI_S10_ABI,David Van Valen,,,,,917.0,921.0,,,ABI,919.0,"{'reject idea': 'David rejects the idea that it takes too much data, which Maryellen suggested to push the limits of data handling.'}",7866.0,42,0
2021_05_21_ABI_S10,2021_05_21_ABI_S10,,,"Uh but encouraging practices that make the data itself like more machine learnable, right?",,2021_05_21_ABI_S10_ABI,David Van Valen,,,,,777.0,781.2352941176471,,,ABI,779.1176470588235,"{'expand on existing idea': 'David is expanding on the idea of using machine learning methods to generate vector embeddings by suggesting practices that make data more machine learnable, such as including appropriate metadata with the dataset.', 'propose decision': 'David proposes encouraging practices that make data more machine learnable by packaging metadata with the dataset, so that computational methods can be developed without worrying about metadata issues.'}",8643.0,43,0
2021_05_21_ABI_S10,2021_05_21_ABI_S10,,,"So that these issues of, you know, well, do I have the appropriate metadata, you know, do I know what microscope it came from?",,2021_05_21_ABI_S10_ABI,David Van Valen,,,,,781.235294117647,787.1647058823529,,,ABI,784.1999999999999,"{'expand on existing idea': 'David is expanding on the idea of using machine learning methods to generate vector embeddings by suggesting practices that make data more machine learnable, such as including appropriate metadata with the dataset.', 'propose decision': 'David proposes encouraging practices that make data more machine learnable by packaging metadata with the dataset, so that computational methods can be developed without worrying about metadata issues.'}",8643.0,44,0
2021_05_21_ABI_S10,2021_05_21_ABI_S10,,,Do I know the appropriate resolution? dot dot dot dot.,,2021_05_21_ABI_S10_ABI,David Van Valen,,,,,787.164705882353,789.7058823529412,,,ABI,788.4352941176471,"{'expand on existing idea': 'David is expanding on the idea of using machine learning methods to generate vector embeddings by suggesting practices that make data more machine learnable, such as including appropriate metadata with the dataset.', 'propose decision': 'David proposes encouraging practices that make data more machine learnable by packaging metadata with the dataset, so that computational methods can be developed without worrying about metadata issues.'}",8643.0,45,0
2021_05_21_ABI_S10,2021_05_21_ABI_S10,,,"You know, were these things are just, you know, packaged with the data set.",,2021_05_21_ABI_S10_ABI,David Van Valen,,,,,789.7058823529412,793.2352941176471,,,ABI,791.4705882352941,"{'expand on existing idea': 'David is expanding on the idea of using machine learning methods to generate vector embeddings by suggesting practices that make data more machine learnable, such as including appropriate metadata with the dataset.', 'propose decision': 'David proposes encouraging practices that make data more machine learnable by packaging metadata with the dataset, so that computational methods can be developed without worrying about metadata issues.'}",8643.0,46,0
2021_05_21_ABI_S10,2021_05_21_ABI_S10,,,"So, you know, if you're developing these computational methods either internally or externally, you don't have to worry about that that much because it's just there.",,2021_05_21_ABI_S10_ABI,David Van Valen,,,,,793.2352941176471,801.0,,,ABI,797.1176470588235,"{'expand on existing idea': 'David is expanding on the idea of using machine learning methods to generate vector embeddings by suggesting practices that make data more machine learnable, such as including appropriate metadata with the dataset.', 'propose decision': 'David proposes encouraging practices that make data more machine learnable by packaging metadata with the dataset, so that computational methods can be developed without worrying about metadata issues.'}",8643.0,47,0
2021_05_21_ABI_S10,2021_05_21_ABI_S10,,,Uh imaging done in such a way that the images can be converted into some numerical um format where the numbers actually have meaning.,,2021_05_21_ABI_S10_ABI,David Van Valen,,,,,705.0,716.1930693069307,,,ABI,710.5965346534654,"{'explain or define term or concept': ""David is explaining the definition of quantitative imaging in response to Maryellen's question.""}",9348.0,48,0
2021_05_21_ABI_S10,2021_05_21_ABI_S10,,,Um that's probably probably closest I could I could I could give you.,,2021_05_21_ABI_S10_ABI,David Van Valen,,,,,716.1930693069307,722.0,,,ABI,719.0965346534654,"{'explain or define term or concept': ""David is explaining the definition of quantitative imaging in response to Maryellen's question.""}",9348.0,49,0
2021_05_21_ABI_S10,2021_05_21_ABI_S10,,,Uh what so what do you mean by?,,2021_05_21_ABI_S10_ABI,David Van Valen,,,,,702.9999999999999,704.7464788732394,,,ABI,703.8732394366197,"{'ask clarifying question': ""Matt Lovett-Barron asked if embeddings can be generated without metadata, and David is asking for clarification on what Matt means by 'without metadata' to better understand the question.""}",10051.0,50,0
2021_05_21_ABI_S10,2021_05_21_ABI_S10,,,So what do you mean by without metadata?,,2021_05_21_ABI_S10_ABI,David Van Valen,,,,,704.7464788732395,707.0,,,ABI,705.8732394366198,"{'ask clarifying question': ""Matt Lovett-Barron asked if embeddings can be generated without metadata, and David is asking for clarification on what Matt means by 'without metadata' to better understand the question.""}",10051.0,51,0
2021_05_21_ABI_S10,2021_05_21_ABI_S10,,,"Um and it seems like it's a, you know, the bare minimum that one would need for, you know, some notion of reproducibility.",,2021_05_21_ABI_S10_ABI,David Van Valen,,,,,800.9999999999999,809.9153846153846,,,ABI,805.4576923076922,"{'expand on existing idea': 'David is expanding on the idea of metadata, adding that it is the bare minimum needed for reproducibility, building on the previous discussion about the importance of metadata for image analysis and comparison.', 'provide supporting evidence': 'David supports his argument about the importance of metadata by stating that it is the bare minimum for reproducibility, providing a reason to strengthen his point.', 'present new idea': 'David presents the idea that sharing data without sufficient metadata is a community problem, introducing a new perspective on the challenges of data sharing.'}",10149.0,52,0
2021_05_21_ABI_S10,2021_05_21_ABI_S10,,,"Uh, you know, I like that's usually enough metadata.",,2021_05_21_ABI_S10_ABI,David Van Valen,,,,,809.9153846153847,813.7153846153847,,,ABI,811.8153846153847,"{'expand on existing idea': 'David is expanding on the idea of metadata, adding that it is the bare minimum needed for reproducibility, building on the previous discussion about the importance of metadata for image analysis and comparison.', 'provide supporting evidence': 'David supports his argument about the importance of metadata by stating that it is the bare minimum for reproducibility, providing a reason to strengthen his point.', 'present new idea': 'David presents the idea that sharing data without sufficient metadata is a community problem, introducing a new perspective on the challenges of data sharing.'}",10149.0,53,0
2021_05_21_ABI_S10,2021_05_21_ABI_S10,,,"Um, but right now, you know, even sharing data without that is a um community problem.",,2021_05_21_ABI_S10_ABI,David Van Valen,,,,,813.7153846153847,820.0,,,ABI,816.8576923076923,"{'expand on existing idea': 'David is expanding on the idea of metadata, adding that it is the bare minimum needed for reproducibility, building on the previous discussion about the importance of metadata for image analysis and comparison.', 'provide supporting evidence': 'David supports his argument about the importance of metadata by stating that it is the bare minimum for reproducibility, providing a reason to strengthen his point.', 'present new idea': 'David presents the idea that sharing data without sufficient metadata is a community problem, introducing a new perspective on the challenges of data sharing.'}",10149.0,54,0
2021_05_21_ABI_S10,2021_05_21_ABI_S10,,,Um and so how do we actually get there?,,2021_05_21_ABI_S10_ABI,David Van Valen,,,,,10946.0,10946.0,,,ABI,10946.0,"{'ask clarifying question': 'David is asking a question about how to achieve the goal of making data annotation almost free, which he mentioned in the previous turn.'}",10946.0,55,0
2021_05_21_ABI_S10,2021_05_21_ABI_S10,,,Um for every every project that we've done internally or have been working with uh external collaborators that is like the most significant um pain point.,,2021_05_21_ABI_S10_ABI,David Van Valen,,,,,889.9999999999999,898.0148698884758,,,ABI,894.0074349442378,"{'provide supporting evidence': ""The speaker supports their claim about the most significant pain point in projects by stating that the folks who've been willing to engage in that effort have been the most successful, providing anecdotal evidence based on their experience.""}",11039.0,56,0
2021_05_21_ABI_S10,2021_05_21_ABI_S10,,,And the folks who've been willing to engage in that effort have been the ones who've been like the most successful.,,2021_05_21_ABI_S10_ABI,David Van Valen,,,,,898.0148698884759,904.0,,,ABI,901.007434944238,"{'provide supporting evidence': ""The speaker supports their claim about the most significant pain point in projects by stating that the folks who've been willing to engage in that effort have been the most successful, providing anecdotal evidence based on their experience.""}",11039.0,57,0
2021_05_21_ABI_S10,2021_05_21_ABI_S10,,,"Um has to um yeah, so I guess my my my I guess my larger point is that from like the algorithmic perspective, I'm not saying like there aren't improvements to be made, um, but these are at least to my in my view like very addressable problems.",,2021_05_21_ABI_S10_ABI,David Van Valen,,,,,865.0,879.0,,,ABI,872.0,"{'express agreement': ""David expresses agreement with Maryellen's point about the importance of search metric performance, acknowledging that improvements can be made from an algorithmic perspective."", 'expand on existing idea': 'David expands on the discussion about the performance of search metrics and algorithms, stating that the algorithmic problems are addressable.'}",11904.0,58,0
2021_05_21_ABI_S10,2021_05_21_ABI_S10,,,"Um, you know, the contract the contrastive learning uh methods are very powerful for generating useful embeddings.",,2021_05_21_ABI_S10_ABI,David Van Valen,,,,,675.0,682.953488372093,,,ABI,678.9767441860465,"{'provide supporting evidence': 'The speaker mentions contrastive learning methods as powerful for generating useful embeddings and names a researcher, Carolyn Uhler, who is actively working on methods for building shared embeddings, providing evidence to support the idea of using machine learning methods to generate vector embeddings for images.', 'expand on existing idea': 'This utterance expands on the idea of generating machine learning methods that take images and produce a vector embedding, which was introduced in the previous turn by the same speaker.'}",12579.0,59,0
2021_05_21_ABI_S10,2021_05_21_ABI_S10,,,"And I know of at least one uh researcher Carolyn Uhler um uh who comes to mind who's like actively working on methods for, you know, building like these sort of shared embeddings.",,2021_05_21_ABI_S10_ABI,David Van Valen,,,,,682.9534883720931,695.4418604651163,,,ABI,689.1976744186047,"{'provide supporting evidence': 'The speaker mentions contrastive learning methods as powerful for generating useful embeddings and names a researcher, Carolyn Uhler, who is actively working on methods for building shared embeddings, providing evidence to support the idea of using machine learning methods to generate vector embeddings for images.', 'expand on existing idea': 'This utterance expands on the idea of generating machine learning methods that take images and produce a vector embedding, which was introduced in the previous turn by the same speaker.'}",12579.0,60,0
2021_05_21_ABI_S10,2021_05_21_ABI_S10,,,Um yeah.,,2021_05_21_ABI_S10_ABI,David Van Valen,,,,,695.4418604651162,696.0,,,ABI,695.7209302325581,"{'provide supporting evidence': 'The speaker mentions contrastive learning methods as powerful for generating useful embeddings and names a researcher, Carolyn Uhler, who is actively working on methods for building shared embeddings, providing evidence to support the idea of using machine learning methods to generate vector embeddings for images.', 'expand on existing idea': 'This utterance expands on the idea of generating machine learning methods that take images and produce a vector embedding, which was introduced in the previous turn by the same speaker.'}",12579.0,61,0
2021_05_21_ABI_S10,2021_05_21_ABI_S10,,,"Yeah, from the algorithm side.",,2021_05_21_ABI_S10_ABI,David Van Valen,,,,,881.0,882.3775510204082,,,ABI,881.6887755102041,"{'expand on existing idea': ""David is expanding on the previous discussion about algorithm performance and data search, suggesting that the main challenge is wrangling the data into a usable format, building upon Matt's earlier point about data standardization.""}",12785.0,62,0
2021_05_21_ABI_S10,2021_05_21_ABI_S10,,,It's more like what like uh what basically what Matt was like alluding to is like wrangling the data to a format where you actually can start to use these approaches.,,2021_05_21_ABI_S10_ABI,David Van Valen,,,,,882.3775510204082,890.0,,,ABI,886.1887755102041,"{'expand on existing idea': ""David is expanding on the previous discussion about algorithm performance and data search, suggesting that the main challenge is wrangling the data into a usable format, building upon Matt's earlier point about data standardization.""}",12785.0,63,0
2021_05_21_ABI_S10,2021_05_21_ABI_S10,,,"Yeah, if I could add a thought that was um sparked by what Vivian had to say, which is uh people don't really understand like the full value of reference data sets.",,2021_05_21_ABI_S10_ABI,David Van Valen,,,,,917.0000000000001,935.1526717557252,,,ABI,926.0763358778627,"[{'expand on existing idea': ""David is building on Vivian's point about validation and the need for unbiased interpretation by highlighting the importance of reference datasets for benchmarking algorithms and assessing their actual advancement.""}, {'provide supporting evidence': ""David supports his point about the value of reference datasets by mentioning his team's experience in creating a reference dataset for cell and nuclear segmentation in human tissues.""}]",12821.0,64,0
2021_05_21_ABI_S10,2021_05_21_ABI_S10,,,"Um so when you're generating algorithms, you have no way of knowing what's an actual advance um and what isn't without a reference data set to benchmark things on.",,2021_05_21_ABI_S10_ABI,David Van Valen,,,,,935.1526717557252,953.1946564885496,,,ABI,944.1736641221374,"[{'expand on existing idea': ""David is building on Vivian's point about validation and the need for unbiased interpretation by highlighting the importance of reference datasets for benchmarking algorithms and assessing their actual advancement.""}, {'provide supporting evidence': ""David supports his point about the value of reference datasets by mentioning his team's experience in creating a reference dataset for cell and nuclear segmentation in human tissues.""}]",12821.0,65,0
2021_05_21_ABI_S10,2021_05_21_ABI_S10,,,"Um, you know, we just experienced this uh in the last like couple in the last like year or so.",,2021_05_21_ABI_S10_ABI,David Van Valen,,,,,953.1946564885496,963.5992366412214,,,ABI,958.3969465648855,"[{'expand on existing idea': ""David is building on Vivian's point about validation and the need for unbiased interpretation by highlighting the importance of reference datasets for benchmarking algorithms and assessing their actual advancement.""}, {'provide supporting evidence': ""David supports his point about the value of reference datasets by mentioning his team's experience in creating a reference dataset for cell and nuclear segmentation in human tissues.""}]",12821.0,66,0
2021_05_21_ABI_S10,2021_05_21_ABI_S10,,,Um we've put together a reference data set for doing whole cell and nuclear segmentation human tissues.,,2021_05_21_ABI_S10_ABI,David Van Valen,,,,,963.5992366412213,975.0,,,ABI,969.2996183206106,"[{'expand on existing idea': ""David is building on Vivian's point about validation and the need for unbiased interpretation by highlighting the importance of reference datasets for benchmarking algorithms and assessing their actual advancement.""}, {'provide supporting evidence': ""David supports his point about the value of reference datasets by mentioning his team's experience in creating a reference dataset for cell and nuclear segmentation in human tissues.""}]",12821.0,67,0
2021_05_21_ABI_S10,2021_05_21_ABI_S10,,,"Yeah, if I could if I could add.",,2021_05_21_ABI_S10_ABI,David Van Valen,,,,,914.0,917.0,,,ABI,915.5,"{'encourage particpatioin': 'David is encouraging participation by signaling that he wants to add to the discussion, which is relevant as the group is discussing quantitative imaging.'}",13735.0,68,0
2021_05_21_ABI_S10,2021_05_21_ABI_S10,,,"Yeah, that's true.",,2021_05_21_ABI_S10_ABI,David Van Valen,,,,,845.0,845.96,,,ABI,845.48,"{'provide supporting evidence': ""The speaker is providing supporting evidence by mentioning Google's image searching algorithm for cancer cases, which strengthens the discussion about image analysis and searching capabilities."", 'expand on existing idea': ""The speaker is expanding on the idea of image searching and analysis by providing a real-world example of Google's algorithm for cancer cases, building upon the previous discussion about searchable and archivable records.""}",14580.0,69,0
2021_05_21_ABI_S10,2021_05_21_ABI_S10,,,"I know like Google put together like a um an image searching algorithm for like cancer cases, right?",,2021_05_21_ABI_S10_ABI,David Van Valen,,,,,845.96,851.2933333333333,,,ABI,848.6266666666667,"{'provide supporting evidence': ""The speaker is providing supporting evidence by mentioning Google's image searching algorithm for cancer cases, which strengthens the discussion about image analysis and searching capabilities."", 'expand on existing idea': ""The speaker is expanding on the idea of image searching and analysis by providing a real-world example of Google's algorithm for cancer cases, building upon the previous discussion about searchable and archivable records.""}",14580.0,70,0
2021_05_21_ABI_S10,2021_05_21_ABI_S10,,,"If you have if you had a case where a patch of the image, you know, show me cases that are similar to this.",,2021_05_21_ABI_S10_ABI,David Van Valen,,,,,851.2933333333333,857.0,,,ABI,854.1466666666666,"{'provide supporting evidence': ""The speaker is providing supporting evidence by mentioning Google's image searching algorithm for cancer cases, which strengthens the discussion about image analysis and searching capabilities."", 'expand on existing idea': ""The speaker is expanding on the idea of image searching and analysis by providing a real-world example of Google's algorithm for cancer cases, building upon the previous discussion about searchable and archivable records.""}",14580.0,71,0
2021_05_21_ABI_S10,2021_05_21_ABI_S10,,,Yeah.,,2021_05_21_ABI_S10_ABI,David Van Valen,,,,,688.0,693.0,,,ABI,690.5,"{'express agreement': 'David agrees with Maryellen, who was asking for a one-liner to describe the problem of sharing data.'}",15268.0,72,0
2021_05_21_ABI_S10,2021_05_21_ABI_S10,,,Yeah.,,2021_05_21_ABI_S10_ABI,David Van Valen,,,,,762.0,764.0,,,ABI,763.0,"{'express agreement': ""David agrees with Matt's question about embeddings and metadata.""}",15342.0,73,0
2021_05_21_ABI_S10,2021_05_21_ABI_S10,,,Yeah.,,2021_05_21_ABI_S10_ABI,David Van Valen,,,,,863.0,865.0,,,ABI,864.0,"{'express agreement': ""David agrees with Maryellen's point about the importance of search metric performance in image searching algorithms for cancer cases, which she brought up in the previous turn.""}",15443.0,74,0
2021_05_21_ABI_S10,2021_05_21_ABI_S10,,,Yeah.,,2021_05_21_ABI_S10_ABI,David Van Valen,,,,,955.0,956.0,,,ABI,955.5,"{'express agreement': ""David agrees with Maryellen's previous statement about the challenges of data wrangling, which is a form of agreement.""}",15535.0,75,0
2021_05_21_ABI_S10,2021_05_21_ABI_S10,,,Yeah.,,2021_05_21_ABI_S10_ABI,David Van Valen,,,,,15705.0,15705.0,,,ABI,15705.0,{'express agreement': 'David agrees with the previous statement made by Gokul about hypothesis testing and generation using images.'},15705.0,76,0
2021_05_21_ABI_S10,2021_05_21_ABI_S10,,,"You know, I I think you know, things that like the things that interest me um is getting uh the practices um of folks who collect data, myself being one.",,2021_05_21_ABI_S10_ABI,David Van Valen,,,,,763.9999999999999,774.6127167630058,,,ABI,769.3063583815028,"{'None': ""This utterance does not fit into any of the defined codes as it is a general statement about the speaker's interests.""}",16469.0,77,0
2021_05_21_ABI_S10,2021_05_21_ABI_S10,,,I'm I'm one of them.,,2021_05_21_ABI_S10_ABI,David Van Valen,,,,,774.6127167630059,776.0,,,ABI,775.306358381503,"{'None': ""This utterance does not fit into any of the defined codes as it is a general statement about the speaker's interests.""}",16469.0,78,0
2021_05_21_ABI_S10,2021_05_21_ABI_S10,,,"because you don't have the information, which is that these are all essentially the same thing, you know, is lost.",,2021_05_21_ABI_S10_ABI,David Van Valen,,,,,755.0,761.0,,,ABI,758.0,"{'expand on existing idea': 'David is expanding on his idea of using vector embeddings for images, explaining that metadata is necessary to ensure the data sets being compared are from the same sample, building upon the previous discussion about image matching and shared embedding spaces.'}",17224.0,79,0
2021_05_21_ABI_S10,2021_05_21_ABI_S10,,,"this would do would um would be um generating machine learning methods that, you know, taken images and produce a vector embedding.",,2021_05_21_ABI_S10_ABI,David Van Valen,,,,,614.0,625.4217081850534,,,ABI,619.7108540925267,"[{'present new idea': 'David introduces the idea of using machine learning methods to generate vector embeddings from images, where similar images are close in a lower-dimensional embedding space, which is a novel concept not previously mentioned in the discussion.', 'expand on existing idea': 'David expands on the idea of image matching by suggesting that images can be optimized to stitch together data sets collected at different times or with different modalities by mapping things to a shared embedding space, building upon the previous discussion about getting the most information out of images.', 'explain or define term or concept': 'David explains the concept of vector embedding, stating that images are considered similar if they are close in a lower-dimensional embedding space, clarifying the terminology for the group.'}]",17838.0,80,0
2021_05_21_ABI_S10,2021_05_21_ABI_S10,,,Um and so images would be quote unquote similar if they're close in this um in this lower dimensional um embedding space.,,2021_05_21_ABI_S10_ABI,David Van Valen,,,,,625.4217081850533,635.9715302491103,,,ABI,630.6966192170818,"[{'present new idea': 'David introduces the idea of using machine learning methods to generate vector embeddings from images, where similar images are close in a lower-dimensional embedding space, which is a novel concept not previously mentioned in the discussion.', 'expand on existing idea': 'David expands on the idea of image matching by suggesting that images can be optimized to stitch together data sets collected at different times or with different modalities by mapping things to a shared embedding space, building upon the previous discussion about getting the most information out of images.', 'explain or define term or concept': 'David explains the concept of vector embedding, stating that images are considered similar if they are close in a lower-dimensional embedding space, clarifying the terminology for the group.'}]",17838.0,81,0
2021_05_21_ABI_S10,2021_05_21_ABI_S10,,,And that's what ties into the last um part which is how can image matching be optimized to stitch together data sets collected at different times or with different modalities.,,2021_05_21_ABI_S10_ABI,David Van Valen,,,,,635.9715302491103,651.229537366548,,,ABI,643.6005338078292,"[{'present new idea': 'David introduces the idea of using machine learning methods to generate vector embeddings from images, where similar images are close in a lower-dimensional embedding space, which is a novel concept not previously mentioned in the discussion.', 'expand on existing idea': 'David expands on the idea of image matching by suggesting that images can be optimized to stitch together data sets collected at different times or with different modalities by mapping things to a shared embedding space, building upon the previous discussion about getting the most information out of images.', 'explain or define term or concept': 'David explains the concept of vector embedding, stating that images are considered similar if they are close in a lower-dimensional embedding space, clarifying the terminology for the group.'}]",17838.0,82,0
2021_05_21_ABI_S10,2021_05_21_ABI_S10,,,"Um and I think the embedding worldview that would be, you know, you'd want to have a way of mapping things to a shared embedding space.",,2021_05_21_ABI_S10_ABI,David Van Valen,,,,,651.2295373665481,663.0,,,ABI,657.1147686832741,"[{'present new idea': 'David introduces the idea of using machine learning methods to generate vector embeddings from images, where similar images are close in a lower-dimensional embedding space, which is a novel concept not previously mentioned in the discussion.', 'expand on existing idea': 'David expands on the idea of image matching by suggesting that images can be optimized to stitch together data sets collected at different times or with different modalities by mapping things to a shared embedding space, building upon the previous discussion about getting the most information out of images.', 'explain or define term or concept': 'David explains the concept of vector embedding, stating that images are considered similar if they are close in a lower-dimensional embedding space, clarifying the terminology for the group.'}]",17838.0,83,0
2021_05_21_ABI_S10,2021_05_21_ABI_S10,,,"Hi, I'm Fanny Chapin from the University of Kentucky.",,2021_05_21_ABI_S10_ABI,Fanny Chapelin,,,,,1002.9999999999999,1008.7297297297297,,,ABI,1005.8648648648648,"{'explain or define term or concept': 'The speaker explains their work with magnetic resonance imaging, iron oxide nanoparticles, and fluorine imaging.', 'present new idea': 'The speaker introduces the idea of developing methods to correlate signal changes in iron oxide imaging with the number of cells in the area, which is a current limitation.', 'express enthusiasm': 'The speaker expresses interest in developing methods to correlate signal changes with cell numbers, indicating enthusiasm for the topic.'}",18227.0,84,0
2021_05_21_ABI_S10,2021_05_21_ABI_S10,,,I primarily work with magnetic resonance imaging to uh visualize inflammation and uh response to a cancer response to therapy uh using either iron oxide nanoparticles or fluorine imaging.,,2021_05_21_ABI_S10_ABI,Fanny Chapelin,,,,,1008.7297297297298,1028.945945945946,,,ABI,1018.8378378378379,"{'explain or define term or concept': 'The speaker explains their work with magnetic resonance imaging, iron oxide nanoparticles, and fluorine imaging.', 'present new idea': 'The speaker introduces the idea of developing methods to correlate signal changes in iron oxide imaging with the number of cells in the area, which is a current limitation.', 'express enthusiasm': 'The speaker expresses interest in developing methods to correlate signal changes with cell numbers, indicating enthusiasm for the topic.'}",18227.0,85,0
2021_05_21_ABI_S10,2021_05_21_ABI_S10,,,"And one of the limitations specific specifically in iron oxides is you do see a signal change on your image that is quantitative, but you cannot really correlate it to the number of cells that have influxed in the area.",,2021_05_21_ABI_S10_ABI,Fanny Chapelin,,,,,1028.9459459459458,1052.6216216216217,,,ABI,1040.7837837837837,"{'explain or define term or concept': 'The speaker explains their work with magnetic resonance imaging, iron oxide nanoparticles, and fluorine imaging.', 'present new idea': 'The speaker introduces the idea of developing methods to correlate signal changes in iron oxide imaging with the number of cells in the area, which is a current limitation.', 'express enthusiasm': 'The speaker expresses interest in developing methods to correlate signal changes with cell numbers, indicating enthusiasm for the topic.'}",18227.0,86,0
2021_05_21_ABI_S10,2021_05_21_ABI_S10,,,So I would be interested in uh developing things like this.,,2021_05_21_ABI_S10_ABI,Fanny Chapelin,,,,,1052.6216216216217,1059.0,,,ABI,1055.8108108108108,"{'explain or define term or concept': 'The speaker explains their work with magnetic resonance imaging, iron oxide nanoparticles, and fluorine imaging.', 'present new idea': 'The speaker introduces the idea of developing methods to correlate signal changes in iron oxide imaging with the number of cells in the area, which is a current limitation.', 'express enthusiasm': 'The speaker expresses interest in developing methods to correlate signal changes with cell numbers, indicating enthusiasm for the topic.'}",18227.0,87,0
2021_05_21_ABI_S10,2021_05_21_ABI_S10,,,I I,,2021_05_21_ABI_S10_ABI,Fanny Chapelin,,,,,19005.0,19005.0,,,ABI,19005.0,{'None': 'The utterance is incomplete and does not express a complete thought or idea.'},19005.0,88,0
2021_05_21_ABI_S10,2021_05_21_ABI_S10,,,I think there are two main features.,,2021_05_21_ABI_S10_ABI,Fanny Chapelin,,,,,707.0,710.1304347826087,,,ABI,708.5652173913044,"{'expand on existing idea': 'Fanny is summarizing the discussion by highlighting two main features: the amount of data and the lack of uniformity, which builds on the previous discussion about challenges in quantitative imaging.'}",19712.0,89,0
2021_05_21_ABI_S10,2021_05_21_ABI_S10,,,One was like in a sense the amount of data to process and to interpret and the second was the lack of uniformity in the data.,,2021_05_21_ABI_S10_ABI,Fanny Chapelin,,,,,710.1304347826087,721.0,,,ABI,715.5652173913044,"{'expand on existing idea': 'Fanny is summarizing the discussion by highlighting two main features: the amount of data and the lack of uniformity, which builds on the previous discussion about challenges in quantitative imaging.'}",19712.0,90,0
2021_05_21_ABI_S10,2021_05_21_ABI_S10,,,I think you have it in your document uh the algorithm and metric performance uh like development of robust algorithms and metrics.,,2021_05_21_ABI_S10_ABI,Fanny Chapelin,,,,,796.0,811.0,,,ABI,803.5,"{'acknowledge contribution': {'Code Name': 'acknowledge contribution', 'Explanation': 'The speaker acknowledges that the point about algorithm and metric performance is already present in the document, recognizing a prior contribution.'}}",19801.0,91,0
2021_05_21_ABI_S10,2021_05_21_ABI_S10,,,I'll do it.,,2021_05_21_ABI_S10_ABI,Fanny Chapelin,,,,,750.0,751.0,,,ABI,750.5,"{'assign task': ""Fanny Chapelin is volunteering to add Matt Lovett-Barron's name to the document, as he is having trouble editing it himself.""}",20551.0,92,0
2021_05_21_ABI_S10,2021_05_21_ABI_S10,,,Is that something completely crazy?,,2021_05_21_ABI_S10_ABI,Fanny Chapelin,,,,,1085.0,1086.0,,,ABI,1085.5,"{'ask clarifying question': 'Fanny is asking if her idea of reformatting every image onto a fixed scale is completely crazy, seeking validation or feedback on her suggestion.'}",20886.0,93,0
2021_05_21_ABI_S10,2021_05_21_ABI_S10,,,"So I think they have the same group uh in uh room six, they have the same topic and he's in next.",,2021_05_21_ABI_S10_ABI,Fanny Chapelin,,,,,838.0,844.0,,,ABI,841.0,"{'acknowledge contribution': {'Explanation': 'Fanny acknowledges that another group has the same topic and that Dylan Burnett is in the next room, recognizing their presence and relevance to the discussion.'}}",21724.0,94,0
2021_05_21_ABI_S10,2021_05_21_ABI_S10,,,Sure.,,2021_05_21_ABI_S10_ABI,Fanny Chapelin,,,,,1043.0,1043.4038461538462,,,ABI,1043.201923076923,"[{'present new idea': ""Fanny introduces the idea of reformatting all images onto a fixed intensity scale (0-255) to enable comparison across different datasets, which hasn't been explicitly suggested before in this specific way.""}, {'expand on existing idea': ""Fanny's idea builds upon the previous discussion about normalizing data across different institutions and scanners, suggesting a specific method for achieving this normalization by reformatting images onto a fixed intensity scale.""}]",21929.0,95,0
2021_05_21_ABI_S10,2021_05_21_ABI_S10,,,Thanks.,,2021_05_21_ABI_S10_ABI,Fanny Chapelin,,,,,1043.4038461538462,1043.9692307692308,,,ABI,1043.6865384615385,"[{'present new idea': ""Fanny introduces the idea of reformatting all images onto a fixed intensity scale (0-255) to enable comparison across different datasets, which hasn't been explicitly suggested before in this specific way.""}, {'expand on existing idea': ""Fanny's idea builds upon the previous discussion about normalizing data across different institutions and scanners, suggesting a specific method for achieving this normalization by reformatting images onto a fixed intensity scale.""}]",21929.0,96,0
2021_05_21_ABI_S10,2021_05_21_ABI_S10,,,Um it's a bit of a sort of crazy idea but um and I'm not really a specialist in computers and algorithms at all.,,2021_05_21_ABI_S10_ABI,Fanny Chapelin,,,,,1043.969230769231,1053.0153846153846,,,ABI,1048.4923076923078,"[{'present new idea': ""Fanny introduces the idea of reformatting all images onto a fixed intensity scale (0-255) to enable comparison across different datasets, which hasn't been explicitly suggested before in this specific way.""}, {'expand on existing idea': ""Fanny's idea builds upon the previous discussion about normalizing data across different institutions and scanners, suggesting a specific method for achieving this normalization by reformatting images onto a fixed intensity scale.""}]",21929.0,97,0
2021_05_21_ABI_S10,2021_05_21_ABI_S10,,,"But I'm just picturing when sometimes we analyze data on just image J and they have those, you know, window levels where you can go from zero to 255 and intensity.",,2021_05_21_ABI_S10_ABI,Fanny Chapelin,,,,,1053.0153846153848,1066.1807692307693,,,ABI,1059.598076923077,"[{'present new idea': ""Fanny introduces the idea of reformatting all images onto a fixed intensity scale (0-255) to enable comparison across different datasets, which hasn't been explicitly suggested before in this specific way.""}, {'expand on existing idea': ""Fanny's idea builds upon the previous discussion about normalizing data across different institutions and scanners, suggesting a specific method for achieving this normalization by reformatting images onto a fixed intensity scale.""}]",21929.0,98,0
2021_05_21_ABI_S10,2021_05_21_ABI_S10,,,"I'm wondering if on the computational side, it's possible to maybe sort of develop something where you can reformat every single image acquired worldwide onto this fixed scale somehow so that we could really compare one to the other.",,2021_05_21_ABI_S10_ABI,Fanny Chapelin,,,,,1066.1807692307693,1085.0,,,ABI,1075.5903846153847,"[{'present new idea': ""Fanny introduces the idea of reformatting all images onto a fixed intensity scale (0-255) to enable comparison across different datasets, which hasn't been explicitly suggested before in this specific way.""}, {'expand on existing idea': ""Fanny's idea builds upon the previous discussion about normalizing data across different institutions and scanners, suggesting a specific method for achieving this normalization by reformatting images onto a fixed intensity scale.""}]",21929.0,99,0
2021_05_21_ABI_S10,2021_05_21_ABI_S10,,,Thank you.,,2021_05_21_ABI_S10_ABI,Fanny Chapelin,,,,,22800.0,22800.0,,,ABI,22800.0,{'express agreement': 'Fanny is expressing agreement with the preceding discussion and thanking the group.'},22800.0,100,0
2021_05_21_ABI_S10,2021_05_21_ABI_S10,,,"Well, um yeah, I guess as I was mentioning, um a lot of the traditional MR is about difference and contrast and it's so small contrast, less contrast, but it's not there it's not quantitative enough.",,2021_05_21_ABI_S10_ABI,Fanny Chapelin,,,,,1015.0,1031.2012288786482,,,ABI,1023.1006144393241,"{'expand on existing idea': 'Fanny expands on the definition of quantitative imaging, building on previous discussion by stating that traditional MR imaging relies on differences in contrast but lacks sufficient quantification, needing a baseline measurement that varies between patients.', 'present new idea': 'Fanny presents the idea of normalizing MR measurements or finding a standard range, similar to blood tests, to improve quantification in the field, which has not been explicitly mentioned before.', 'provide supporting evidence': 'Fanny provides supporting evidence for the need for better MR quantification by drawing an analogy to blood tests and their established normal ranges, suggesting a similar approach could be valuable for MR imaging.'}",22944.0,101,0
2021_05_21_ABI_S10,2021_05_21_ABI_S10,,,"Uh, you always need a a baseline measurement and and unfortunately the baseline measurement tends to be different uh from patient to patient uh even.",,2021_05_21_ABI_S10_ABI,Fanny Chapelin,,,,,1031.2012288786484,1043.331797235023,,,ABI,1037.2665130568357,"{'expand on existing idea': 'Fanny expands on the definition of quantitative imaging, building on previous discussion by stating that traditional MR imaging relies on differences in contrast but lacks sufficient quantification, needing a baseline measurement that varies between patients.', 'present new idea': 'Fanny presents the idea of normalizing MR measurements or finding a standard range, similar to blood tests, to improve quantification in the field, which has not been explicitly mentioned before.', 'provide supporting evidence': 'Fanny provides supporting evidence for the need for better MR quantification by drawing an analogy to blood tests and their established normal ranges, suggesting a similar approach could be valuable for MR imaging.'}",22944.0,102,0
2021_05_21_ABI_S10,2021_05_21_ABI_S10,,,"And normalizing that or um having, yeah, finding ways to to normalize that um or or find the right range of it like a blood test, you know, we always say the normal range falls into this uh this amount.",,2021_05_21_ABI_S10_ABI,Fanny Chapelin,,,,,1043.3317972350233,1059.7772657450078,,,ABI,1051.5545314900155,"{'expand on existing idea': 'Fanny expands on the definition of quantitative imaging, building on previous discussion by stating that traditional MR imaging relies on differences in contrast but lacks sufficient quantification, needing a baseline measurement that varies between patients.', 'present new idea': 'Fanny presents the idea of normalizing MR measurements or finding a standard range, similar to blood tests, to improve quantification in the field, which has not been explicitly mentioned before.', 'provide supporting evidence': 'Fanny provides supporting evidence for the need for better MR quantification by drawing an analogy to blood tests and their established normal ranges, suggesting a similar approach could be valuable for MR imaging.'}",22944.0,103,0
2021_05_21_ABI_S10,2021_05_21_ABI_S10,,,"Um, I think would be valuable in the field and for any application really, but for MR quantification.",,2021_05_21_ABI_S10_ABI,Fanny Chapelin,,,,,1059.7772657450078,1068.0,,,ABI,1063.8886328725039,"{'expand on existing idea': 'Fanny expands on the definition of quantitative imaging, building on previous discussion by stating that traditional MR imaging relies on differences in contrast but lacks sufficient quantification, needing a baseline measurement that varies between patients.', 'present new idea': 'Fanny presents the idea of normalizing MR measurements or finding a standard range, similar to blood tests, to improve quantification in the field, which has not been explicitly mentioned before.', 'provide supporting evidence': 'Fanny provides supporting evidence for the need for better MR quantification by drawing an analogy to blood tests and their established normal ranges, suggesting a similar approach could be valuable for MR imaging.'}",22944.0,104,0
2021_05_21_ABI_S10,2021_05_21_ABI_S10,,,"Yeah, I'm going to say I was going to say beyond and that's where I said in uh earlier in the number of cells.",,2021_05_21_ABI_S10_ABI,Fanny Chapelin,,,,,784.9999999999999,792.8420038535645,,,ABI,788.9210019267822,"{'expand on existing idea': 'Fanny expands on the definition of quantitative imaging, building on previous contributions by David and Arnold, adding the importance of interpreting the numerical values in a meaningful way.', 'explain or define term or concept': 'Fanny explains the concept of quantitative imaging by highlighting the importance of having a point of reference to interpret the numerical values obtained from imaging, especially in clinical settings.'}",23729.0,105,0
2021_05_21_ABI_S10,2021_05_21_ABI_S10,,,"Beyond having an estimate of it's lower or higher contrast or signal or things like that, being able to to know what this higher or lower means because if you don't have a point of reference to begin with, what is higher lower, especially if you're thinking of translating your signal to the clinic, you may not have that baseline.",,2021_05_21_ABI_S10_ABI,Fanny Chapelin,,,,,792.8420038535645,816.4393063583815,,,ABI,804.640655105973,"{'expand on existing idea': 'Fanny expands on the definition of quantitative imaging, building on previous contributions by David and Arnold, adding the importance of interpreting the numerical values in a meaningful way.', 'explain or define term or concept': 'Fanny explains the concept of quantitative imaging by highlighting the importance of having a point of reference to interpret the numerical values obtained from imaging, especially in clinical settings.'}",23729.0,106,0
2021_05_21_ABI_S10,2021_05_21_ABI_S10,,,"Uh, so to me quantitative is also being able to interpret a number on its own.",,2021_05_21_ABI_S10_ABI,Fanny Chapelin,,,,,816.4393063583816,822.0,,,ABI,819.2196531791908,"{'expand on existing idea': 'Fanny expands on the definition of quantitative imaging, building on previous contributions by David and Arnold, adding the importance of interpreting the numerical values in a meaningful way.', 'explain or define term or concept': 'Fanny explains the concept of quantitative imaging by highlighting the importance of having a point of reference to interpret the numerical values obtained from imaging, especially in clinical settings.'}",23729.0,107,0
2021_05_21_ABI_S10,2021_05_21_ABI_S10,,,related to uh Matt would it help you if we uh typed our names in this way?,,2021_05_21_ABI_S10_ABI,Fanny Chapelin,,,,,716.0,721.0,,,ABI,718.5,{'encourage particpatioin': 'Fanny is encouraging Matt to participate by asking if a certain action (typing names in a specific way) would be helpful to him.'},24445.0,108,0
2021_05_21_ABI_S10,2021_05_21_ABI_S10,,,Can't get that part of reading too many student papers out of my head.,,2021_05_21_ABI_S10_ABI,Maryellen Giger,,,,,658.9999999999999,663.7894736842105,,,ABI,661.3947368421052,"[{'express humor': 'This utterance expresses humor by Maryellen Giger, who jokes about her habit of correcting grammar, stemming from reading student papers, and then clarifies that she is not implying the current participants are students.'}]",25104.0,109,0
2021_05_21_ABI_S10,2021_05_21_ABI_S10,,,Even though I do it with myself and colleagues.,,2021_05_21_ABI_S10_ABI,Maryellen Giger,,,,,663.7894736842105,667.0052631578948,,,ABI,665.3973684210526,"[{'express humor': 'This utterance expresses humor by Maryellen Giger, who jokes about her habit of correcting grammar, stemming from reading student papers, and then clarifies that she is not implying the current participants are students.'}]",25104.0,110,0
2021_05_21_ABI_S10,2021_05_21_ABI_S10,,,"I know you guys aren't students, don't get me wrong.",,2021_05_21_ABI_S10_ABI,Maryellen Giger,,,,,667.0052631578947,670.5631578947368,,,ABI,668.7842105263157,"[{'express humor': 'This utterance expresses humor by Maryellen Giger, who jokes about her habit of correcting grammar, stemming from reading student papers, and then clarifies that she is not implying the current participants are students.'}]",25104.0,111,0
2021_05_21_ABI_S10,2021_05_21_ABI_S10,,,You know what I mean.,,2021_05_21_ABI_S10_ABI,Maryellen Giger,,,,,670.5631578947368,672.0,,,ABI,671.2815789473684,"[{'express humor': 'This utterance expresses humor by Maryellen Giger, who jokes about her habit of correcting grammar, stemming from reading student papers, and then clarifies that she is not implying the current participants are students.'}]",25104.0,112,0
2021_05_21_ABI_S10,2021_05_21_ABI_S10,,,I appreciate in the definition of quantitative imaging that you guys use the word is related to.,,2021_05_21_ABI_S10_ABI,Maryellen Giger,,,,,768.0000000000001,774.8830188679245,,,ABI,771.4415094339623,"[{'express agreement': 'Maryellen expresses appreciation for the use of ""is related to"" in the definition of quantitative imaging, indicating agreement with the group\'s choice of words.'}, {'expand on existing idea': 'Maryellen expands on the definition of quantitative imaging by providing examples of features like texture that may not be directly measurable but are related to biomedical phenomena, building on the previous discussion about the definition of quantitative imaging.'}]",25213.0,113,0
2021_05_21_ABI_S10,2021_05_21_ABI_S10,,,"Because I've been up, you know, some people say if you extract out size, you can go in and measure exactly size, but if you extract out something like the texture that you're that's in there, 2D or 3D texture, uh it's not a quantitative imaging because you can't really go measure it, but you can measure it somewhere down the line and that it maybe differentiates between high risk and low risk breast cancer, um, screening patients.",,2021_05_21_ABI_S10_ABI,Maryellen Giger,,,,,774.8830188679244,806.0,,,ABI,790.4415094339622,"[{'express agreement': 'Maryellen expresses appreciation for the use of ""is related to"" in the definition of quantitative imaging, indicating agreement with the group\'s choice of words.'}, {'expand on existing idea': 'Maryellen expands on the definition of quantitative imaging by providing examples of features like texture that may not be directly measurable but are related to biomedical phenomena, building on the previous discussion about the definition of quantitative imaging.'}]",25213.0,114,0
2021_05_21_ABI_S10,2021_05_21_ABI_S10,,,It's very interesting when they do double.,,2021_05_21_ABI_S10_ABI,Maryellen Giger,,,,,854.0,856.0,,,ABI,855.0,"{'express enthusiasm': 'Maryellen expresses excitement about the fact that the topic of quantitative imaging is being discussed in two separate groups, indicating her interest in the topic.'}",25299.0,115,0
2021_05_21_ABI_S10,2021_05_21_ABI_S10,,,"Just did a grammar change, sorry.",,2021_05_21_ABI_S10_ABI,Maryellen Giger,,,,,653.0,655.0,,,ABI,654.0,"{'express humor': 'This utterance expresses humor as Maryellen apologizes for a grammar change, likely in the shared document, in a lighthearted way.'}",25952.0,116,0
2021_05_21_ABI_S10,2021_05_21_ABI_S10,,,"Right, make sure you're in group 3.2 because they put quantitative imaging twice.",,2021_05_21_ABI_S10_ABI,Maryellen Giger,,,,,845.0,849.1186440677966,,,ABI,847.0593220338983,"[{'express humor': 'Maryellen makes a lighthearted comment about the other group discussing the same topic, expressing a bit of amusement and curiosity about their conclusions.'}]",26144.0,117,0
2021_05_21_ABI_S10,2021_05_21_ABI_S10,,,I wonder what they will come up with.,,2021_05_21_ABI_S10_ABI,Maryellen Giger,,,,,849.1186440677966,851.0,,,ABI,850.0593220338983,"[{'express humor': 'Maryellen makes a lighthearted comment about the other group discussing the same topic, expressing a bit of amusement and curiosity about their conclusions.'}]",26144.0,118,0
2021_05_21_ABI_S10,2021_05_21_ABI_S10,,,"So to I I'm always one that prefers the broader definition, but that's one of the main reasons I asked that in the beginning.",,2021_05_21_ABI_S10_ABI,Maryellen Giger,,,,,807.0,815.0,,,ABI,811.0,"{'explain or define term or concept': 'Maryellen is explaining her preference for a broader definition of quantitative imaging, which relates to the earlier discussion about the definition of quantitative imaging.', 'acknowledge contribution': 'Maryellen acknowledges the prior discussion and the different perspectives on the definition of quantitative imaging.'}",26951.0,119,0
2021_05_21_ABI_S10,2021_05_21_ABI_S10,,,Team effort.,,2021_05_21_ABI_S10_ABI,Maryellen Giger,,,,,727.0,727.75,,,ABI,727.375,"{'express agreement': 'The speaker explicitly agrees with the idea of a team effort, confirming the collaborative nature of the discussion.'}",27678.0,120,0
2021_05_21_ABI_S10,2021_05_21_ABI_S10,,,Yes.,,2021_05_21_ABI_S10_ABI,Maryellen Giger,,,,,727.75,728.0,,,ABI,727.875,"{'express agreement': 'The speaker explicitly agrees with the idea of a team effort, confirming the collaborative nature of the discussion.'}",27678.0,121,0
2021_05_21_ABI_S10,2021_05_21_ABI_S10,,,"Uh, is it QIAN?",,2021_05_21_ABI_S10_ABI,Maryellen Giger,,,,,832.0,833.0344827586207,,,ABI,832.5172413793103,"[{'explain or define term or concept': ""Maryellen is clarifying the spelling of a name, specifically 'QIAN', and then identifying who that refers to, which is Vivian.""}]",27783.0,122,0
2021_05_21_ABI_S10,2021_05_21_ABI_S10,,,That's Vivian.,,2021_05_21_ABI_S10_ABI,Maryellen Giger,,,,,833.0344827586207,834.0,,,ABI,833.5172413793103,"[{'explain or define term or concept': ""Maryellen is clarifying the spelling of a name, specifically 'QIAN', and then identifying who that refers to, which is Vivian.""}]",27783.0,123,0
2021_05_21_ABI_S10,2021_05_21_ABI_S10,,,"Um, I think this is exciting because you clarify some items, but you also have some good parts that could lead to, you know, a very necessary proposal.",,2021_05_21_ABI_S10_ABI,Maryellen Giger,,,,,673.0,686.379746835443,,,ABI,679.6898734177215,"[{'express enthusiasm': 'The speaker expresses excitement about the discussion and its potential to lead to a proposal, indicating enthusiasm for the progress made.'}]",28456.0,124,0
2021_05_21_ABI_S10,2021_05_21_ABI_S10,,,"So, um,",,2021_05_21_ABI_S10_ABI,Maryellen Giger,,,,,686.379746835443,687.0,,,ABI,686.6898734177215,"[{'express enthusiasm': 'The speaker expresses excitement about the discussion and its potential to lead to a proposal, indicating enthusiasm for the progress made.'}]",28456.0,125,0
2021_05_21_ABI_S10,2021_05_21_ABI_S10,,,"Um, anyone else that hasn't had a chance to talk?",,2021_05_21_ABI_S10_ABI,Maryellen Giger,,,,,696.0,699.7333333333333,,,ABI,697.8666666666667,"[{'encourage particpatioin': ""Maryellen is explicitly inviting anyone who hasn't spoken yet to contribute to the discussion, encouraging participation from all members.""}]",28479.0,126,0
2021_05_21_ABI_S10,2021_05_21_ABI_S10,,,I tried to make sure everyone did.,,2021_05_21_ABI_S10_ABI,Maryellen Giger,,,,,699.7333333333332,702.3238095238095,,,ABI,701.0285714285714,"[{'encourage particpatioin': ""Maryellen is explicitly inviting anyone who hasn't spoken yet to contribute to the discussion, encouraging participation from all members.""}]",28479.0,127,0
2021_05_21_ABI_S10,2021_05_21_ABI_S10,,,We have a few minutes.,,2021_05_21_ABI_S10_ABI,Maryellen Giger,,,,,702.3238095238096,704.0,,,ABI,703.1619047619048,"[{'encourage particpatioin': ""Maryellen is explicitly inviting anyone who hasn't spoken yet to contribute to the discussion, encouraging participation from all members.""}]",28479.0,128,0
2021_05_21_ABI_S10,2021_05_21_ABI_S10,,,We're going to close in 58 seconds.,,2021_05_21_ABI_S10_ABI,Maryellen Giger,,,,,858.0000000000001,860.7391304347826,,,ABI,859.3695652173914,"[{'acknowledge contribution': 'Maryellen thanks the group for their participation, acknowledging their contributions to the discussion.'}]",28641.0,129,0
2021_05_21_ABI_S10,2021_05_21_ABI_S10,,,So I thank you.,,2021_05_21_ABI_S10_ABI,Maryellen Giger,,,,,860.7391304347826,861.9130434782609,,,ABI,861.3260869565217,"[{'acknowledge contribution': 'Maryellen thanks the group for their participation, acknowledging their contributions to the discussion.'}]",28641.0,130,0
2021_05_21_ABI_S10,2021_05_21_ABI_S10,,,I've enjoyed working with you all.,,2021_05_21_ABI_S10_ABI,Maryellen Giger,,,,,861.9130434782609,864.5739130434782,,,ABI,863.2434782608696,"[{'acknowledge contribution': 'Maryellen thanks the group for their participation, acknowledging their contributions to the discussion.'}]",28641.0,131,0
2021_05_21_ABI_S10,2021_05_21_ABI_S10,,,You guys know have a good time.,,2021_05_21_ABI_S10_ABI,Maryellen Giger,,,,,864.5739130434783,867.0,,,ABI,865.7869565217392,"[{'acknowledge contribution': 'Maryellen thanks the group for their participation, acknowledging their contributions to the discussion.'}]",28641.0,132,0
2021_05_21_ABI_S10,2021_05_21_ABI_S10,,,What's the name?,,2021_05_21_ABI_S10_ABI,Maryellen Giger,,,,,826.0,827.0,,,ABI,826.5,"[{'ask clarifying question': 'Maryellen is asking for clarification on the name of someone who is not in the group, as mentioned by Arnold in the previous utterance.'}]",29467.0,133,0
2021_05_21_ABI_S10,2021_05_21_ABI_S10,,,conversation.,,2021_05_21_ABI_S10_ABI,Maryellen Giger,,,,,613.9999999999999,614.876404494382,,,ABI,614.4382022471909,"{'assign task': 'The speaker is directing the conversation and implicitly assigning the task of continuing the discussion to the team.', 'encourage particpatioin': 'The speaker is encouraging the team to move forward with the conversation, implicitly inviting participation.', 'express frustration': 'The speaker expresses frustration with the limited time available for the meeting.'}",30081.0,134,0
2021_05_21_ABI_S10,2021_05_21_ABI_S10,,,"Please continue ahead and we just because we have limited time, we're going to get moving.",,2021_05_21_ABI_S10_ABI,Maryellen Giger,,,,,614.8764044943819,620.943820224719,,,ABI,617.9101123595505,"{'assign task': 'The speaker is directing the conversation and implicitly assigning the task of continuing the discussion to the team.', 'encourage particpatioin': 'The speaker is encouraging the team to move forward with the conversation, implicitly inviting participation.', 'express frustration': 'The speaker expresses frustration with the limited time available for the meeting.'}",30081.0,135,0
2021_05_21_ABI_S10,2021_05_21_ABI_S10,,,"Um, I we're going to do introductions, but I like to use a first minute for",,2021_05_21_ABI_S10_ABI,Maryellen Giger,,,,,620.943820224719,626.0,,,ABI,623.4719101123595,"{'assign task': 'The speaker is directing the conversation and implicitly assigning the task of continuing the discussion to the team.', 'encourage particpatioin': 'The speaker is encouraging the team to move forward with the conversation, implicitly inviting participation.', 'express frustration': 'The speaker expresses frustration with the limited time available for the meeting.'}",30081.0,136,0
2021_05_21_ABI_S10,2021_05_21_ABI_S10,,,And I anyone else?,,2021_05_21_ABI_S10_ABI,Maryellen Giger UChicago,,,,,855.0,855.9557522123894,,,ABI,855.4778761061947,"{'encourage particpatioin': 'Maryellen encourages Matt Lew to participate in the discussion by saying she cut him off earlier and now wants to hear his thoughts on quantitative imaging, which is a continuation of the discussion about definitions of quantitative imaging.'}",30322.0,137,0
2021_05_21_ABI_S10,2021_05_21_ABI_S10,,,"I know Matt Lew, you were going to say some I cut you off to go to the other Matt.",,2021_05_21_ABI_S10_ABI,Maryellen Giger UChicago,,,,,855.9557522123893,860.3097345132743,,,ABI,858.1327433628318,"{'encourage particpatioin': 'Maryellen encourages Matt Lew to participate in the discussion by saying she cut him off earlier and now wants to hear his thoughts on quantitative imaging, which is a continuation of the discussion about definitions of quantitative imaging.'}",30322.0,138,0
2021_05_21_ABI_S10,2021_05_21_ABI_S10,,,I'll let you.,,2021_05_21_ABI_S10_ABI,Maryellen Giger UChicago,,,,,860.3097345132744,861.0,,,ABI,860.6548672566372,"{'encourage particpatioin': 'Maryellen encourages Matt Lew to participate in the discussion by saying she cut him off earlier and now wants to hear his thoughts on quantitative imaging, which is a continuation of the discussion about definitions of quantitative imaging.'}",30322.0,139,0
2021_05_21_ABI_S10,2021_05_21_ABI_S10,,,And Matt uh Lovett.,,2021_05_21_ABI_S10_ABI,Maryellen Giger UChicago,,,,,839.0,841.0,,,ABI,840.0,"{'encourage particpatioin': 'Maryellen is inviting Matt Lovett-Barron to introduce himself, continuing the round of introductions.'}",31161.0,140,0
2021_05_21_ABI_S10,2021_05_21_ABI_S10,,,And and I think where I think there's a lot of um potential here of things we can go.,,2021_05_21_ABI_S10_ABI,Maryellen Giger UChicago,,,,,905.0000000000001,909.1129032258065,,,ABI,907.0564516129033,"{'encourage particpatioin': ""Maryellen encourages the group to push the boundaries of what's possible, even if it seems like it would require too much data, building on the discussion about quantitative imaging and data wrangling."", 'express enthusiasm': 'Maryellen expresses enthusiasm about the potential directions the discussion can take, following a conversation about the challenges and possibilities of quantitative imaging and data analysis.'}",31227.0,141,0
2021_05_21_ABI_S10,2021_05_21_ABI_S10,,,"So I want you to push it, you know, even if you're saying oh it's going to take too much data, we can't do anything.",,2021_05_21_ABI_S10_ABI,Maryellen Giger UChicago,,,,,909.1129032258066,914.7258064516129,,,ABI,911.9193548387098,"{'encourage particpatioin': ""Maryellen encourages the group to push the boundaries of what's possible, even if it seems like it would require too much data, building on the discussion about quantitative imaging and data wrangling."", 'express enthusiasm': 'Maryellen expresses enthusiasm about the potential directions the discussion can take, following a conversation about the challenges and possibilities of quantitative imaging and data analysis.'}",31227.0,142,0
2021_05_21_ABI_S10,2021_05_21_ABI_S10,,,Assume you can handle all the data you can get.,,2021_05_21_ABI_S10_ABI,Maryellen Giger UChicago,,,,,914.7258064516129,917.0,,,ABI,915.8629032258065,"{'encourage particpatioin': ""Maryellen encourages the group to push the boundaries of what's possible, even if it seems like it would require too much data, building on the discussion about quantitative imaging and data wrangling."", 'express enthusiasm': 'Maryellen expresses enthusiasm about the potential directions the discussion can take, following a conversation about the challenges and possibilities of quantitative imaging and data analysis.'}",31227.0,143,0
2021_05_21_ABI_S10,2021_05_21_ABI_S10,,,And so I've always run into those two um camps and I think it's useful to to see those two camps as we go forward.,,2021_05_21_ABI_S10_ABI,Maryellen Giger UChicago,,,,,975.9999999999999,982.9324324324324,,,ABI,979.4662162162161,"{'explain or define term or concept': 'Maryellen is explaining the two different perspectives or ""camps"" she has encountered regarding quantitative imaging, one focused on AI modeling and the other on measurable biomedical situations.', 'propose decision': 'Maryellen proposes that it will be useful for the group to consider these two perspectives as they proceed with their discussion.'}",31298.0,144,0
2021_05_21_ABI_S10,2021_05_21_ABI_S10,,,I'm going to be quiet in a second.,,2021_05_21_ABI_S10_ABI,Maryellen Giger UChicago,,,,,982.9324324324325,985.0,,,ABI,983.9662162162163,"{'explain or define term or concept': 'Maryellen is explaining the two different perspectives or ""camps"" she has encountered regarding quantitative imaging, one focused on AI modeling and the other on measurable biomedical situations.', 'propose decision': 'Maryellen proposes that it will be useful for the group to consider these two perspectives as they proceed with their discussion.'}",31298.0,145,0
2021_05_21_ABI_S10,2021_05_21_ABI_S10,,,And then Matt Lou.,,2021_05_21_ABI_S10_ABI,Maryellen Giger UChicago,,,,,1152.0,1153.0,,,ABI,1152.5,"[{'encourage particpatioin': 'Maryellen is calling on Matt Lou to speak, encouraging him to participate in the discussion.'}]",31474.0,146,0
2021_05_21_ABI_S10,2021_05_21_ABI_S10,,,"And then what's next, folks?",,2021_05_21_ABI_S10_ABI,Maryellen Giger UChicago,,,,,773.0,775.24,,,ABI,774.12,"[{'encourage particpatioin': 'Maryellen is encouraging the group to participate and share their thoughts on the next steps, building on the previous discussion about quantitative imaging and data standardization.'}, {'propose decision': 'Maryellen is proposing that the group move forward with scientific proposals, assuming the data standardization issue is resolved.'}]",32247.0,147,0
2021_05_21_ABI_S10,2021_05_21_ABI_S10,,,Looking at those three bullets at the top.,,2021_05_21_ABI_S10_ABI,Maryellen Giger UChicago,,,,,775.2400000000001,778.6,,,ABI,776.9200000000001,"[{'encourage particpatioin': 'Maryellen is encouraging the group to participate and share their thoughts on the next steps, building on the previous discussion about quantitative imaging and data standardization.'}, {'propose decision': 'Maryellen is proposing that the group move forward with scientific proposals, assuming the data standardization issue is resolved.'}]",32247.0,148,0
2021_05_21_ABI_S10,2021_05_21_ABI_S10,,,"Now, given you know what you're doing and given this second major issue is not a problem, can you do that other stuff?",,2021_05_21_ABI_S10_ABI,Maryellen Giger UChicago,,,,,778.5999999999999,788.04,,,ABI,783.3199999999999,"[{'encourage particpatioin': 'Maryellen is encouraging the group to participate and share their thoughts on the next steps, building on the previous discussion about quantitative imaging and data standardization.'}, {'propose decision': 'Maryellen is proposing that the group move forward with scientific proposals, assuming the data standardization issue is resolved.'}]",32247.0,149,0
2021_05_21_ABI_S10,2021_05_21_ABI_S10,,,What do you guys?,,2021_05_21_ABI_S10_ABI,Maryellen Giger UChicago,,,,,788.0400000000001,789.4,,,ABI,788.72,"[{'encourage particpatioin': 'Maryellen is encouraging the group to participate and share their thoughts on the next steps, building on the previous discussion about quantitative imaging and data standardization.'}, {'propose decision': 'Maryellen is proposing that the group move forward with scientific proposals, assuming the data standardization issue is resolved.'}]",32247.0,150,0
2021_05_21_ABI_S10,2021_05_21_ABI_S10,,,"That's where the science, that's where the proposal thinking comes in.",,2021_05_21_ABI_S10_ABI,Maryellen Giger UChicago,,,,,789.4000000000001,795.0,,,ABI,792.2,"[{'encourage particpatioin': 'Maryellen is encouraging the group to participate and share their thoughts on the next steps, building on the previous discussion about quantitative imaging and data standardization.'}, {'propose decision': 'Maryellen is proposing that the group move forward with scientific proposals, assuming the data standardization issue is resolved.'}]",32247.0,151,0
2021_05_21_ABI_S10,2021_05_21_ABI_S10,,,And what about the performance of these you you could have a really with system um and you can do searching on it.,,2021_05_21_ABI_S10_ABI,Maryellen Giger UChicago,,,,,821.0,827.0,,,ABI,824.0,"{'expand on existing idea': 'Maryellen is expanding on the discussion of searchable and archivable records by asking about the performance of these systems, building on the previous discussion about algorithm scoring and its potential for creating such records.'}",32295.0,152,0
2021_05_21_ABI_S10,2021_05_21_ABI_S10,,,"Anyone tell me what quantitative imaging is and Matt Lew is oh, before we go Matt, so what in the other two groups.",,2021_05_21_ABI_S10_ABI,Maryellen Giger UChicago,,,,,657.0,664.0,,,ABI,660.5,"{'ask clarifying question': 'Maryellen is asking for a definition of quantitative imaging, indicating she wants clarification on the term.', 'encourage particpatioin': 'Maryellen is inviting someone to provide a definition of quantitative imaging, encouraging participation from the group.'}",32952.0,153,0
2021_05_21_ABI_S10,2021_05_21_ABI_S10,,,Anyone.,,2021_05_21_ABI_S10_ABI,Maryellen Giger UChicago,,,,,33352.0,33352.0,,,ABI,33352.0,{'encourage particpatioin': 'Maryellen is encouraging anyone to participate in the discussion.'},33352.0,154,0
2021_05_21_ABI_S10,2021_05_21_ABI_S10,,,Arnold does have his hand up.,,2021_05_21_ABI_S10_ABI,Maryellen Giger UChicago,,,,,1151.0,1152.0,,,ABI,1151.5,"{'acknowledge contribution': ""Maryellen acknowledges Arnold's desire to speak by noting that he has his hand up, recognizing his intention to contribute to the discussion.""}",33446.0,155,0
2021_05_21_ABI_S10,2021_05_21_ABI_S10,,,Because I've I've run into multiple kinds throughout my lifetime.,,2021_05_21_ABI_S10_ABI,Maryellen Giger UChicago,,,,,653.0,657.0,,,ABI,655.0,"{'explain or define term or concept': 'Maryellen is asking for definitions of quantitative imaging, implying she wants to explain the different kinds she has encountered.'}",34099.0,156,0
2021_05_21_ABI_S10,2021_05_21_ABI_S10,,,Because actually I'm I'm actually in your ballpark.,,2021_05_21_ABI_S10_ABI,Maryellen Giger UChicago,,,,,730.0000000000001,733.5664335664336,,,ABI,731.7832167832169,"{'acknowledge contribution': {'Explanation': ""Maryellen acknowledges David's definition of quantitative imaging by saying she is in his 'ballpark', recognizing his input.""}, 'encourage particpatioin': {'Explanation': 'Maryellen then invites Arnold to contribute his definition of quantitative imaging by asking him directly.'}}",34176.0,157,0
2021_05_21_ABI_S10,2021_05_21_ABI_S10,,,I'm an AI person.,,2021_05_21_ABI_S10_ABI,Maryellen Giger UChicago,,,,,733.5664335664337,734.7552447552448,,,ABI,734.1608391608393,"{'acknowledge contribution': {'Explanation': ""Maryellen acknowledges David's definition of quantitative imaging by saying she is in his 'ballpark', recognizing his input.""}, 'encourage particpatioin': {'Explanation': 'Maryellen then invites Arnold to contribute his definition of quantitative imaging by asking him directly.'}}",34176.0,158,0
2021_05_21_ABI_S10,2021_05_21_ABI_S10,,,"So now I want someone who is um Arnold, what's quantitative imaging to you?",,2021_05_21_ABI_S10_ABI,Maryellen Giger UChicago,,,,,734.7552447552448,740.0,,,ABI,737.3776223776224,"{'acknowledge contribution': {'Explanation': ""Maryellen acknowledges David's definition of quantitative imaging by saying she is in his 'ballpark', recognizing his input.""}, 'encourage particpatioin': {'Explanation': 'Maryellen then invites Arnold to contribute his definition of quantitative imaging by asking him directly.'}}",34176.0,159,0
2021_05_21_ABI_S10,2021_05_21_ABI_S10,,,But now we need a recorder.,,2021_05_21_ABI_S10_ABI,Maryellen Giger UChicago,,,,,1089.0,1090.0,,,ABI,1089.5,{'assign task': 'Maryellen assigns the task of being a recorder to someone in the group.'},34535.0,160,0
2021_05_21_ABI_S10,2021_05_21_ABI_S10,,,But then I have colleagues who say the number you have out can't be measured.,,2021_05_21_ABI_S10_ABI,Maryellen Giger UChicago,,,,,944.9999999999999,950.6833333333333,,,ABI,947.8416666666666,"{'provide supporting evidence': ""Maryellen mentions that her colleagues say the number from AI can't be measured, supporting the need for measurable outputs relative to a biomedical situation, which was brought up by someone earlier in the discussion."", 'expand on existing idea': 'Maryellen expands on the definition of quantitative imaging by providing an example of how it relates to biomedical situations like the likelihood of cancer, building on the previous discussion about the meaning of quantitative imaging.', 'explain or define term or concept': 'Maryellen explains the concept of measurable outputs in quantitative imaging by relating it to biomedical situations and mentioning the K trans value, clarifying the requirements for quantitative imaging outputs.'}",35480.0,161,0
2021_05_21_ABI_S10,2021_05_21_ABI_S10,,,So I'm glad someone brought that up.,,2021_05_21_ABI_S10_ABI,Maryellen Giger UChicago,,,,,950.6833333333334,953.3404761904762,,,ABI,952.0119047619048,"{'provide supporting evidence': ""Maryellen mentions that her colleagues say the number from AI can't be measured, supporting the need for measurable outputs relative to a biomedical situation, which was brought up by someone earlier in the discussion."", 'expand on existing idea': 'Maryellen expands on the definition of quantitative imaging by providing an example of how it relates to biomedical situations like the likelihood of cancer, building on the previous discussion about the meaning of quantitative imaging.', 'explain or define term or concept': 'Maryellen explains the concept of measurable outputs in quantitative imaging by relating it to biomedical situations and mentioning the K trans value, clarifying the requirements for quantitative imaging outputs.'}",35480.0,162,0
2021_05_21_ABI_S10,2021_05_21_ABI_S10,,,"It has to be measurable relative to some biomedical situation, you know, I relate it maybe to the likelihood of cancer or not.",,2021_05_21_ABI_S10_ABI,Maryellen Giger UChicago,,,,,953.3404761904762,962.6404761904762,,,ABI,957.9904761904762,"{'provide supporting evidence': ""Maryellen mentions that her colleagues say the number from AI can't be measured, supporting the need for measurable outputs relative to a biomedical situation, which was brought up by someone earlier in the discussion."", 'expand on existing idea': 'Maryellen expands on the definition of quantitative imaging by providing an example of how it relates to biomedical situations like the likelihood of cancer, building on the previous discussion about the meaning of quantitative imaging.', 'explain or define term or concept': 'Maryellen explains the concept of measurable outputs in quantitative imaging by relating it to biomedical situations and mentioning the K trans value, clarifying the requirements for quantitative imaging outputs.'}",35480.0,163,0
2021_05_21_ABI_S10,2021_05_21_ABI_S10,,,"So then we have the people who come up and say, well no, it has to be where you are measuring based on the known physiology and the acquisition something like the the K trans value.",,2021_05_21_ABI_S10_ABI,Maryellen Giger UChicago,,,,,962.6404761904762,976.0,,,ABI,969.3202380952381,"{'provide supporting evidence': ""Maryellen mentions that her colleagues say the number from AI can't be measured, supporting the need for measurable outputs relative to a biomedical situation, which was brought up by someone earlier in the discussion."", 'expand on existing idea': 'Maryellen expands on the definition of quantitative imaging by providing an example of how it relates to biomedical situations like the likelihood of cancer, building on the previous discussion about the meaning of quantitative imaging.', 'explain or define term or concept': 'Maryellen explains the concept of measurable outputs in quantitative imaging by relating it to biomedical situations and mentioning the K trans value, clarifying the requirements for quantitative imaging outputs.'}",35480.0,164,0
2021_05_21_ABI_S10,2021_05_21_ABI_S10,,,"But um, I don't know.",,2021_05_21_ABI_S10_ABI,Maryellen Giger UChicago,,,,,1148.0,1149.0,,,ABI,1148.5,"{'express uncertainty': ""Maryellen expresses uncertainty with 'I don't know', indicating a lack of a definitive answer or opinion on the topic being discussed.""}",35683.0,165,0
2021_05_21_ABI_S10,2021_05_21_ABI_S10,,,"David, you're in my upper left.",,2021_05_21_ABI_S10_ABI,Maryellen Giger UChicago,,,,,36442.0,36442.0,,,ABI,36442.0,"{'assign task': ""Maryellen is directing David's attention to himself, which is a subtle way of assigning him the task of introducing himself next.""}",36442.0,166,0
2021_05_21_ABI_S10,2021_05_21_ABI_S10,,,Go.,,2021_05_21_ABI_S10_ABI,Maryellen Giger UChicago,,,,,1057.0,1058.0,,,ABI,1057.5,{'encourage particpatioin': 'Maryellen is explicitly encouraging someone to speak up and contribute to the discussion.'},36740.0,167,0
2021_05_21_ABI_S10,2021_05_21_ABI_S10,,,Goku.,,2021_05_21_ABI_S10_ABI,Maryellen Giger UChicago,,,,,36741.0,36741.0,,,ABI,36741.0,"[{'encourage particpatioin': 'Maryellen is explicitly inviting Goku to speak, continuing the round of introductions and prompting him to contribute to the discussion.'}]",36741.0,168,0
2021_05_21_ABI_S10,2021_05_21_ABI_S10,,,"Good and now Vivian, you're at the other end.",,2021_05_21_ABI_S10_ABI,Maryellen Giger UChicago,,,,,1098.0,1100.0,,,ABI,1099.0,"{'encourage particpatioin': 'Maryellen is explicitly inviting Vivian to contribute to the discussion, as she is moving around the group to gather different perspectives.'}",36781.0,169,0
2021_05_21_ABI_S10,2021_05_21_ABI_S10,,,Good.,,2021_05_21_ABI_S10_ABI,Maryellen Giger UChicago,,,,,36835.0,36835.0,,,ABI,36835.0,"{'express agreement': ""Maryellen acknowledges the previous speaker's point, indicating agreement with the discussion.""}",36835.0,170,0
2021_05_21_ABI_S10,2021_05_21_ABI_S10,,,"Great and and Goku, I want to make sure I I recognize these hands now.",,2021_05_21_ABI_S10_ABI,Maryellen Giger UChicago,,,,,748.0,752.0,,,ABI,750.0,"{'acknowledge contribution': {'Explanation': 'Maryellen acknowledges that Goku has been waiting to speak, recognizing his contribution to the discussion.'}}",37583.0,171,0
2021_05_21_ABI_S10,2021_05_21_ABI_S10,,,Great.,,2021_05_21_ABI_S10_ABI,Maryellen Giger UChicago,,,,,1059.0,1059.75,,,ABI,1059.375,"{'acknowledge contribution': ""The speaker acknowledges the previous speaker's introduction, signaling a transition to the next person.""}",37894.0,172,0
2021_05_21_ABI_S10,2021_05_21_ABI_S10,,,Um,,2021_05_21_ABI_S10_ABI,Maryellen Giger UChicago,,,,,1059.75,1060.0,,,ABI,1059.875,"{'acknowledge contribution': ""The speaker acknowledges the previous speaker's introduction, signaling a transition to the next person.""}",37894.0,173,0
2021_05_21_ABI_S10,2021_05_21_ABI_S10,,,Great.,,2021_05_21_ABI_S10_ABI,Maryellen Giger UChicago,,,,,915.0,915.125,,,ABI,915.0625,"{'assign task': 'Maryellen assigns the task of writing down the definition of quantitative imaging to the recorder, Matt Lew.'}",38809.0,174,0
2021_05_21_ABI_S10,2021_05_21_ABI_S10,,,You can have the recorder write that down.,,2021_05_21_ABI_S10_ABI,Maryellen Giger UChicago,,,,,915.125,916.0,,,ABI,915.5625,"{'assign task': 'Maryellen assigns the task of writing down the definition of quantitative imaging to the recorder, Matt Lew.'}",38809.0,175,0
2021_05_21_ABI_S10,2021_05_21_ABI_S10,,,How's your quantitative imaging and where do you think that is?,,2021_05_21_ABI_S10_ABI,Maryellen Giger UChicago,,,,,1104.0,1108.0,,,ABI,1106.0,"[{'encourage particpatioin': 'Maryellen is directly asking Vivian to share her perspective on quantitative imaging at the molecular level, encouraging her to contribute to the discussion.'}]",38998.0,176,0
2021_05_21_ABI_S10,2021_05_21_ABI_S10,,,I,,2021_05_21_ABI_S10_ABI,Maryellen Giger UChicago,,,,,39776.0,39776.0,,,ABI,39776.0,"{'encourage particpatioin': 'Maryellen is about to encourage someone to participate by saying ""I"", indicating she is about to call on someone.'}",39776.0,177,0
2021_05_21_ABI_S10,2021_05_21_ABI_S10,,,"I just want to point out um from these comments being um made, I think that's great that the research groups are putting those data sets out there.",,2021_05_21_ABI_S10_ABI,Maryellen Giger UChicago,,,,,990.0,998.0,,,ABI,994.0,"{'acknowledge contribution': {'Explanation': 'Maryellen acknowledges the contributions of the research groups by pointing out that it is great that they are putting those datasets out there, recognizing their effort in making data available.'}}",39988.0,178,0
2021_05_21_ABI_S10,2021_05_21_ABI_S10,,,I mean I think that would be really that's I think that's slightly different than getting good data bookkeeping.,,2021_05_21_ABI_S10_ABI,Maryellen Giger UChicago,,,,,863.9999999999999,874.1818181818181,,,ABI,869.090909090909,"[{'expand on existing idea': ""Maryellen is building on the idea of a latent space, which David introduced earlier, by saying it's different from but requires good data bookkeeping.""}]",40852.0,179,0
2021_05_21_ABI_S10,2021_05_21_ABI_S10,,,"I mean, I think it's a requirement for that to be able to do that, but I think that it's the next step of that.",,2021_05_21_ABI_S10_ABI,Maryellen Giger UChicago,,,,,874.1818181818182,884.2727272727273,,,ABI,879.2272727272727,"[{'expand on existing idea': ""Maryellen is building on the idea of a latent space, which David introduced earlier, by saying it's different from but requires good data bookkeeping.""}]",40852.0,180,0
2021_05_21_ABI_S10,2021_05_21_ABI_S10,,,So one is you're doing good bookkeeping and then the next would be you put it into the latent space and and use it somehow appropriately the way that they they they've at least demonstrated is plausible in that paper.,,2021_05_21_ABI_S10_ABI,Maryellen Giger UChicago,,,,,884.2727272727273,904.0,,,ABI,894.1363636363636,"[{'expand on existing idea': ""Maryellen is building on the idea of a latent space, which David introduced earlier, by saying it's different from but requires good data bookkeeping.""}]",40852.0,181,0
2021_05_21_ABI_S10,2021_05_21_ABI_S10,,,"I mean you don't have to, it's your they're they're your your your report back.",,2021_05_21_ABI_S10_ABI,Maryellen Giger UChicago,,,,,693.0,697.5702479338843,,,ABI,695.2851239669421,"[{'encourage particpatioin': 'Maryellen encourages the group to finalize the discussion points so they can move on to the scientific aspects, inviting Fanny to speak.'}]",41545.0,182,0
2021_05_21_ABI_S10,2021_05_21_ABI_S10,,,I just want to get so you guys can get to some of the science that's being brought up in these bullets.,,2021_05_21_ABI_S10_ABI,Maryellen Giger UChicago,,,,,697.5702479338844,703.5289256198347,,,ABI,700.5495867768595,"[{'encourage particpatioin': 'Maryellen encourages the group to finalize the discussion points so they can move on to the scientific aspects, inviting Fanny to speak.'}]",41545.0,183,0
2021_05_21_ABI_S10,2021_05_21_ABI_S10,,,"So I think if we finalize that, you'll get there.",,2021_05_21_ABI_S10_ABI,Maryellen Giger UChicago,,,,,703.5289256198347,706.3636363636364,,,ABI,704.9462809917355,"[{'encourage particpatioin': 'Maryellen encourages the group to finalize the discussion points so they can move on to the scientific aspects, inviting Fanny to speak.'}]",41545.0,184,0
2021_05_21_ABI_S10,2021_05_21_ABI_S10,,,"Yes, Fanny.",,2021_05_21_ABI_S10_ABI,Maryellen Giger UChicago,,,,,706.3636363636363,707.0,,,ABI,706.6818181818181,"[{'encourage particpatioin': 'Maryellen encourages the group to finalize the discussion points so they can move on to the scientific aspects, inviting Fanny to speak.'}]",41545.0,185,0
2021_05_21_ABI_S10,2021_05_21_ABI_S10,,,"I've been a recorder, you can't do it again.",,2021_05_21_ABI_S10_ABI,Maryellen Giger UChicago,,,,,614.0000000000001,617.4736842105264,,,ABI,615.7368421052632,"[{'encourage particpatioin': ""Maryellen is asking for a volunteer to be the recorder, encouraging someone who hasn't done it before to participate.""}]",42159.0,186,0
2021_05_21_ABI_S10,2021_05_21_ABI_S10,,,So if you are there any volunteers of someone who has not done it yet.,,2021_05_21_ABI_S10_ABI,Maryellen Giger UChicago,,,,,617.4736842105262,623.0,,,ABI,620.2368421052631,"[{'encourage particpatioin': ""Maryellen is asking for a volunteer to be the recorder, encouraging someone who hasn't done it before to participate.""}]",42159.0,187,0
2021_05_21_ABI_S10,2021_05_21_ABI_S10,,,"In AI, we try to model that, I'll put that in quotes, using um knowledge of some input image that we choose wisely, we don't just put any old image in.",,2021_05_21_ABI_S10_ABI,Maryellen Giger UChicago,,,,,934.0,945.0,,,ABI,939.5,"{'explain or define term or concept': ""Maryellen explains that in AI, they try to 'model' something using knowledge of a wisely chosen input image, clarifying their approach in the context of AI and medical imaging."", 'expand on existing idea': 'Maryellen expands on the discussion of quantitative imaging by describing how AI is used to model the uptake of a contrast agent, building upon the previous discussion of quantitative imaging definitions.'}",42479.0,188,0
2021_05_21_ABI_S10,2021_05_21_ABI_S10,,,Is that good?,,2021_05_21_ABI_S10_ABI,Maryellen Giger UChicago,,,,,43165.0,43165.0,,,ABI,43165.0,{'ask clarifying question': 'Maryellen is asking if her suggestion of splitting the screen between the Google Doc and the video feed is a good solution for the participants.'},43165.0,189,0
2021_05_21_ABI_S10,2021_05_21_ABI_S10,,,Let's start the discussion.,,2021_05_21_ABI_S10_ABI,Maryellen Giger UChicago,,,,,1056.0,1057.0,,,ABI,1056.5,"{'propose decision': 'Maryellen proposes to start the discussion, moving the meeting forward after the introductions and definition of quantitative imaging.'}",43535.0,190,0
2021_05_21_ABI_S10,2021_05_21_ABI_S10,,,Lot of things to keep in mind.,,2021_05_21_ABI_S10_ABI,Maryellen Giger UChicago,,,,,907.0,908.081081081081,,,ABI,907.5405405405405,"{'acknowledge contribution': {'Explanation': 'Maryellen acknowledges the points made during the discussion, recognizing the contributions of the participants.'}, 'encourage particpatioin': {'Explanation': 'Maryellen is encouraging Matt Lovett-Barron to summarize the discussion.'}, 'express enthusiasm': {'Explanation': 'Maryellen expresses her enthusiasm that the cellular folks are recognizing the value of a standard format.'}}",44442.0,191,0
2021_05_21_ABI_S10,2021_05_21_ABI_S10,,,"Um, Matt, Love it, Barron, can you pull this all to what do we um, I you know, I I think I'm really glad the cellular folks are recognizing that it would be great if you had a standard format.",,2021_05_21_ABI_S10_ABI,Maryellen Giger UChicago,,,,,908.081081081081,915.0,,,ABI,911.5405405405405,"{'acknowledge contribution': {'Explanation': 'Maryellen acknowledges the points made during the discussion, recognizing the contributions of the participants.'}, 'encourage particpatioin': {'Explanation': 'Maryellen is encouraging Matt Lovett-Barron to summarize the discussion.'}, 'express enthusiasm': {'Explanation': 'Maryellen expresses her enthusiasm that the cellular folks are recognizing the value of a standard format.'}}",44442.0,192,0
2021_05_21_ABI_S10,2021_05_21_ABI_S10,,,"Matt LEW, Lou.",,2021_05_21_ABI_S10_ABI,Maryellen Giger UChicago,,,,,805.0,806.0,,,ABI,805.5,{'assign task': 'Maryellen is assigning the task of introducing himself to Matt Lou.'},45247.0,193,0
2021_05_21_ABI_S10,2021_05_21_ABI_S10,,,"Now that we kind of all agree, disagree on what quantitative imaging is.",,2021_05_21_ABI_S10_ABI,Maryellen Giger UChicago,,,,,1011.0,1015.0,,,ABI,1013.0,"{'express humor': 'Maryellen uses a self-deprecating tone by saying they ""agree, disagree"" on the definition of quantitative imaging, which is humorous given the preceding discussion where multiple definitions were offered.'}",45453.0,194,0
2021_05_21_ABI_S10,2021_05_21_ABI_S10,,,Now that we.,,2021_05_21_ABI_S10_ABI,Maryellen Giger UChicago,,,,,1010.0,1011.0,,,ABI,1010.5,"{'None': 'This utterance is incomplete and does not express a complete thought or idea, so no code applies.'}",46463.0,195,0
2021_05_21_ABI_S10,2021_05_21_ABI_S10,,,"Oh no, just say you're",,2021_05_21_ABI_S10_ABI,Maryellen Giger UChicago,,,,,765.0,767.0,,,ABI,766.0,"{'assign task': 'Maryellen is about to ask David to introduce himself, assigning him the task of speaking next.'}",47228.0,196,0
2021_05_21_ABI_S10,2021_05_21_ABI_S10,,,Oh oh two Matts and you're right next to each other too.,,2021_05_21_ABI_S10_ABI,Maryellen Giger UChicago,,,,,801.0,805.0,,,ABI,803.0,"{'express humor': 'Maryellen makes a lighthearted observation about having two Matts sitting next to each other, which is intended to be humorous.'}",47264.0,197,0
2021_05_21_ABI_S10,2021_05_21_ABI_S10,,,"Oh, we have two hands up.",,2021_05_21_ABI_S10_ABI,Maryellen Giger UChicago,,,,,1148.9999999999998,1150.4285714285713,,,ABI,1149.7142857142856,"[{'acknowledge contribution': 'Maryellen acknowledges that two people have their hands raised, indicating they want to contribute to the discussion.'}]",47612.0,198,0
2021_05_21_ABI_S10,2021_05_21_ABI_S10,,,I'm sorry.,,2021_05_21_ABI_S10_ABI,Maryellen Giger UChicago,,,,,1150.4285714285716,1151.0,,,ABI,1150.7142857142858,"[{'acknowledge contribution': 'Maryellen acknowledges that two people have their hands raised, indicating they want to contribute to the discussion.'}]",47612.0,199,0
2021_05_21_ABI_S10,2021_05_21_ABI_S10,,,"Okay, David and then Fanny.",,2021_05_21_ABI_S10_ABI,Maryellen Giger UChicago,,,,,48529.0,48529.0,,,ABI,48529.0,"[{'encourage particpatioin': 'Maryellen is indicating the order in which David and Fanny will speak, encouraging them to participate in the discussion.'}]",48529.0,200,0
2021_05_21_ABI_S10,2021_05_21_ABI_S10,,,"Okay, I'm going to push on that.",,2021_05_21_ABI_S10_ABI,Maryellen Giger UChicago,,,,,723.0000000000001,726.4594594594595,,,ABI,724.7297297297298,"{'expand on existing idea': ""Maryellen is going to elaborate further on David's definition of quantitative imaging, building upon his initial explanation.""}",49252.0,201,0
2021_05_21_ABI_S10,2021_05_21_ABI_S10,,,Yeah.,,2021_05_21_ABI_S10_ABI,Maryellen Giger UChicago,,,,,726.4594594594594,727.0,,,ABI,726.7297297297297,"{'expand on existing idea': ""Maryellen is going to elaborate further on David's definition of quantitative imaging, building upon his initial explanation.""}",49252.0,202,0
2021_05_21_ABI_S10,2021_05_21_ABI_S10,,,"Okay, about 10 more seconds.",,2021_05_21_ABI_S10_ABI,Maryellen Giger UChicago,,,,,697.0,699.0,,,ABI,698.0,{'None': 'No code applies to this utterance.'},49949.0,203,0
2021_05_21_ABI_S10,2021_05_21_ABI_S10,,,"Okay, and Matt?",,2021_05_21_ABI_S10_ABI,Maryellen Giger UChicago,,,,,798.0,799.0,,,ABI,798.5,"{'encourage particpatioin': 'Maryellen is inviting Matt to introduce himself, continuing the round of introductions.'}",50050.0,204,0
2021_05_21_ABI_S10,2021_05_21_ABI_S10,,,"Okay, so I'm going to go to Fanny.",,2021_05_21_ABI_S10_ABI,Maryellen Giger UChicago,,,,,989.0,990.0,,,ABI,989.5,"[{'assign task': 'Maryellen is assigning the turn to speak to Fanny, continuing the round of introductions or comments.'}]",50241.0,205,0
2021_05_21_ABI_S10,2021_05_21_ABI_S10,,,"Okay, thank you.",,2021_05_21_ABI_S10_ABI,Maryellen Giger UChicago,,,,,930.0,930.695652173913,,,ABI,930.3478260869565,"{'acknowledge contribution': ""Maryellen acknowledges Gokul's introduction before moving on to the next person, Arnold.""}",51171.0,206,0
2021_05_21_ABI_S10,2021_05_21_ABI_S10,,,Arnold.,,2021_05_21_ABI_S10_ABI,Maryellen Giger UChicago,,,,,930.695652173913,931.0,,,ABI,930.8478260869565,"{'acknowledge contribution': ""Maryellen acknowledges Gokul's introduction before moving on to the next person, Arnold.""}",51171.0,207,0
2021_05_21_ABI_S10,2021_05_21_ABI_S10,,,"Okay, um",,2021_05_21_ABI_S10_ABI,Maryellen Giger UChicago,,,,,1097.0,1098.0,,,ABI,1097.5,[{'None': 'No code applies to this utterance.'}],51338.0,208,0
2021_05_21_ABI_S10,2021_05_21_ABI_S10,,,Okay.,,2021_05_21_ABI_S10_ABI,Maryellen Giger UChicago,,,,,854.0,855.0,,,ABI,854.5,"{'acknowledge contribution': ""Maryellen acknowledges the previous speaker's contribution to the discussion about quantitative imaging, signaling that she has heard and understood the point being made.""}",52192.0,209,0
2021_05_21_ABI_S10,2021_05_21_ABI_S10,,,Okay.,,2021_05_21_ABI_S10_ABI,Maryellen Giger UChicago,,,,,690.9999999999999,691.448275862069,,,ABI,691.2241379310344,"{'ask clarifying question': 'Maryellen asks for the definition of quantitative imaging, seeking clarification on the term.', 'encourage particpatioin': 'Maryellen asks David what the definition of quantitative imaging reminds him of, inviting him to contribute to the discussion.'}",52883.0,210,0
2021_05_21_ABI_S10,2021_05_21_ABI_S10,,,"And while Matt's doing that, maybe um we could um go back to what's the definition of quantitative imaging?",,2021_05_21_ABI_S10_ABI,Maryellen Giger UChicago,,,,,691.4482758620691,701.0413793103448,,,ABI,696.244827586207,"{'ask clarifying question': 'Maryellen asks for the definition of quantitative imaging, seeking clarification on the term.', 'encourage particpatioin': 'Maryellen asks David what the definition of quantitative imaging reminds him of, inviting him to contribute to the discussion.'}",52883.0,211,0
2021_05_21_ABI_S10,2021_05_21_ABI_S10,,,"What does that remind you, David?",,2021_05_21_ABI_S10_ABI,Maryellen Giger UChicago,,,,,701.0413793103448,704.0,,,ABI,702.5206896551724,"{'ask clarifying question': 'Maryellen asks for the definition of quantitative imaging, seeking clarification on the term.', 'encourage particpatioin': 'Maryellen asks David what the definition of quantitative imaging reminds him of, inviting him to contribute to the discussion.'}",52883.0,212,0
2021_05_21_ABI_S10,2021_05_21_ABI_S10,,,Okay.,,2021_05_21_ABI_S10_ABI,Maryellen Giger UChicago,,,,,821.9999999999999,822.4,,,ABI,822.1999999999999,"{'encourage particpatioin': 'Maryellen is asking if anyone else wants to contribute to the discussion about the definition of quantitative imaging, encouraging participation from the group.'}",53014.0,213,0
2021_05_21_ABI_S10,2021_05_21_ABI_S10,,,Good.,,2021_05_21_ABI_S10_ABI,Maryellen Giger UChicago,,,,,822.3999999999999,822.8,,,ABI,822.5999999999999,"{'encourage particpatioin': 'Maryellen is asking if anyone else wants to contribute to the discussion about the definition of quantitative imaging, encouraging participation from the group.'}",53014.0,214,0
2021_05_21_ABI_S10,2021_05_21_ABI_S10,,,Um others who wants to add to this list?,,2021_05_21_ABI_S10_ABI,Maryellen Giger UChicago,,,,,822.8,826.0,,,ABI,824.4,"{'encourage particpatioin': 'Maryellen is asking if anyone else wants to contribute to the discussion about the definition of quantitative imaging, encouraging participation from the group.'}",53014.0,215,0
2021_05_21_ABI_S10,2021_05_21_ABI_S10,,,Okay.,,2021_05_21_ABI_S10_ABI,Maryellen Giger UChicago,,,,,719.0,719.4773269689738,,,ABI,719.2386634844869,"{'propose decision': {'Explanation': 'The speaker proposes to start off with introductions, suggesting a concrete action for the group to take.'}, 'explain or define term or concept': {'Explanation': 'The speaker introduces herself and her background, explaining her role and expertise in AI and medical imaging.'}}",53733.0,216,0
2021_05_21_ABI_S10,2021_05_21_ABI_S10,,,So maybe um we'll start off with introductions.,,2021_05_21_ABI_S10_ABI,Maryellen Giger UChicago,,,,,719.4773269689737,723.9642004773269,,,ABI,721.7207637231503,"{'propose decision': {'Explanation': 'The speaker proposes to start off with introductions, suggesting a concrete action for the group to take.'}, 'explain or define term or concept': {'Explanation': 'The speaker introduces herself and her background, explaining her role and expertise in AI and medical imaging.'}}",53733.0,217,0
2021_05_21_ABI_S10,2021_05_21_ABI_S10,,,Um we some of us have met already.,,2021_05_21_ABI_S10_ABI,Maryellen Giger UChicago,,,,,723.9642004773269,727.2100238663485,,,ABI,725.5871121718377,"{'propose decision': {'Explanation': 'The speaker proposes to start off with introductions, suggesting a concrete action for the group to take.'}, 'explain or define term or concept': {'Explanation': 'The speaker introduces herself and her background, explaining her role and expertise in AI and medical imaging.'}}",53733.0,218,0
2021_05_21_ABI_S10,2021_05_21_ABI_S10,,,"I'm Mary Ellen Giger, I'm a professor of radiology and medical physics at the University of Chicago.",,2021_05_21_ABI_S10_ABI,Maryellen Giger UChicago,,,,,727.2100238663484,736.7565632458234,,,ABI,731.9832935560859,"{'propose decision': {'Explanation': 'The speaker proposes to start off with introductions, suggesting a concrete action for the group to take.'}, 'explain or define term or concept': {'Explanation': 'The speaker introduces herself and her background, explaining her role and expertise in AI and medical imaging.'}}",53733.0,219,0
2021_05_21_ABI_S10,2021_05_21_ABI_S10,,,I've been doing AI for multiple decades.,,2021_05_21_ABI_S10_ABI,Maryellen Giger UChicago,,,,,736.7565632458234,740.5751789976134,,,ABI,738.6658711217184,"{'propose decision': {'Explanation': 'The speaker proposes to start off with introductions, suggesting a concrete action for the group to take.'}, 'explain or define term or concept': {'Explanation': 'The speaker introduces herself and her background, explaining her role and expertise in AI and medical imaging.'}}",53733.0,220,0
2021_05_21_ABI_S10,2021_05_21_ABI_S10,,,Um and I work mainly with medical images to come up with new diagnostics as well as AI for microscopy to help expedite discovery by letting the computer find the cells instead of a human doing.,,2021_05_21_ABI_S10_ABI,Maryellen Giger UChicago,,,,,740.5751789976134,759.0,,,ABI,749.7875894988067,"{'propose decision': {'Explanation': 'The speaker proposes to start off with introductions, suggesting a concrete action for the group to take.'}, 'explain or define term or concept': {'Explanation': 'The speaker introduces herself and her background, explaining her role and expertise in AI and medical imaging.'}}",53733.0,221,0
2021_05_21_ABI_S10,2021_05_21_ABI_S10,,,Okay.,,2021_05_21_ABI_S10_ABI,Maryellen Giger UChicago,,,,,769.9999999999999,770.2573529411765,,,ABI,770.1286764705882,"{'encourage particpatioin': 'Maryellen is encouraging others to contribute their definitions of quantitative imaging, building on the previous discussion with David and Arnold.', 'present new idea': ""Maryellen is introducing the idea of hearing different perspectives on the definition of quantitative imaging, which hasn't been explicitly stated as a goal yet.""}",53784.0,222,0
2021_05_21_ABI_S10,2021_05_21_ABI_S10,,,Um anyone else want to say something different?,,2021_05_21_ABI_S10_ABI,Maryellen Giger UChicago,,,,,770.2573529411765,772.6764705882352,,,ABI,771.4669117647059,"{'encourage particpatioin': 'Maryellen is encouraging others to contribute their definitions of quantitative imaging, building on the previous discussion with David and Arnold.', 'present new idea': ""Maryellen is introducing the idea of hearing different perspectives on the definition of quantitative imaging, which hasn't been explicitly stated as a goal yet.""}",53784.0,223,0
2021_05_21_ABI_S10,2021_05_21_ABI_S10,,,"Because if not, I'm going to go to Matt Lew who's who and and who's does functional.",,2021_05_21_ABI_S10_ABI,Maryellen Giger UChicago,,,,,772.6764705882354,777.0,,,ABI,774.8382352941177,"{'encourage particpatioin': 'Maryellen is encouraging others to contribute their definitions of quantitative imaging, building on the previous discussion with David and Arnold.', 'present new idea': ""Maryellen is introducing the idea of hearing different perspectives on the definition of quantitative imaging, which hasn't been explicitly stated as a goal yet.""}",53784.0,224,0
2021_05_21_ABI_S10,2021_05_21_ABI_S10,,,"Right, I'm going to agree with you and I'm going to go to Matt Lew, but I wanted to say that even in medical imaging, even though it's standardized.",,2021_05_21_ABI_S10_ABI,Maryellen Giger UChicago,,,,,990.0,998.0,,,ABI,994.0,"[{'express agreement': ""Maryellen explicitly agrees with Arnold's point about the challenges of standardization in the context of discovery, building on the previous discussion about data standardization and its difficulties.""}, {'encourage particpatioin': ""Maryellen is transitioning the conversation to Matt Lew, inviting him to contribute to the discussion after acknowledging Arnold's point.""}]",54004.0,225,0
2021_05_21_ABI_S10,2021_05_21_ABI_S10,,,Right.,,2021_05_21_ABI_S10_ABI,Maryellen Giger UChicago,,,,,835.0,835.4545454545455,,,ABI,835.2272727272727,"{'acknowledge contribution': {'Explanation': ""Maryellen acknowledges Matt Lou's written contribution by referring to it.""}, 'encourage particpatioin': {'Explanation': 'Maryellen encourages Vivian to comment on the topic, building on the previous discussion about normalization and multiple stages.'}}",54839.0,226,0
2021_05_21_ABI_S10,2021_05_21_ABI_S10,,,And for and for what um uh Matt Lou wrote down here would need also uh the normalization and um actually across multiple stages.,,2021_05_21_ABI_S10_ABI,Maryellen Giger UChicago,,,,,835.4545454545454,845.1515151515151,,,ABI,840.3030303030303,"{'acknowledge contribution': {'Explanation': ""Maryellen acknowledges Matt Lou's written contribution by referring to it.""}, 'encourage particpatioin': {'Explanation': 'Maryellen encourages Vivian to comment on the topic, building on the previous discussion about normalization and multiple stages.'}}",54839.0,227,0
2021_05_21_ABI_S10,2021_05_21_ABI_S10,,,"So Vivian, you had your hand up?",,2021_05_21_ABI_S10_ABI,Maryellen Giger UChicago,,,,,845.1515151515151,847.5757575757576,,,ABI,846.3636363636364,"{'acknowledge contribution': {'Explanation': ""Maryellen acknowledges Matt Lou's written contribution by referring to it.""}, 'encourage particpatioin': {'Explanation': 'Maryellen encourages Vivian to comment on the topic, building on the previous discussion about normalization and multiple stages.'}}",54839.0,228,0
2021_05_21_ABI_S10,2021_05_21_ABI_S10,,,Did you want to comment on that?,,2021_05_21_ABI_S10_ABI,Maryellen Giger UChicago,,,,,847.5757575757575,850.0,,,ABI,848.7878787878788,"{'acknowledge contribution': {'Explanation': ""Maryellen acknowledges Matt Lou's written contribution by referring to it.""}, 'encourage particpatioin': {'Explanation': 'Maryellen encourages Vivian to comment on the topic, building on the previous discussion about normalization and multiple stages.'}}",54839.0,229,0
2021_05_21_ABI_S10,2021_05_21_ABI_S10,,,Say scoring what is your definition of scoring again?,,2021_05_21_ABI_S10_ABI,Maryellen Giger UChicago,,,,,1140.0,1143.0,,,ABI,1141.5,"{'ask clarifying question': 'Maryellen asks Vivian to define ""scoring"" to ensure a shared understanding, following Vivian\'s question about the purpose of algorithm scoring.'}",55144.0,230,0
2021_05_21_ABI_S10,2021_05_21_ABI_S10,,,So let's.,,2021_05_21_ABI_S10_ABI,Maryellen Giger UChicago,,,,,56200.0,56200.0,,,ABI,56200.0,"{'propose decision': 'The phrase ""So let\'s"" suggests that Maryellen is about to propose a decision or action for the group to take, likely related to the discussion of quantitative imaging and the bullet points mentioned earlier.'}",56200.0,231,0
2021_05_21_ABI_S10,2021_05_21_ABI_S10,,,"So once we hear from um San Pun, I'm gonna and I think I've heard from everyone else, we should let this go to try to um satisfy these three bullets, which it seems like we've we've looked at them differently because of our different fields, which makes sense.",,2021_05_21_ABI_S10_ABI,Maryellen Giger UChicago,,,,,740.0,766.0,,,ABI,753.0,"{'propose decision': 'Maryellen proposes to move on to the next speaker and then address the three bullet points, suggesting a concrete choice for the group.', 'resolve conflict': 'Maryellen acknowledges that the group has different perspectives on the three bullets due to their different fields, but suggests moving forward to satisfy them, mediating between these different viewpoints to reach a consensus.', 'assign task': 'Maryellen implicitly assigns the task of addressing the three bullets to the group as a whole by suggesting they move on to satisfy them.'}",56940.0,232,0
2021_05_21_ABI_S10,2021_05_21_ABI_S10,,,"So one of your three bullets will be definition of quantitative imaging, at least have people agree um, because we went through I think I don't know, uh some uh quantitative a numeric value that is related to.",,2021_05_21_ABI_S10_ABI,Maryellen Giger UChicago,,,,,1198.0,1214.0,,,ABI,1206.0,"{'propose decision': 'Maryellen is proposing that one of the discussion points should be defining quantitative imaging, building on the earlier discussion where different definitions were presented.', 'assign task': 'Maryellen is assigning the task of defining quantitative imaging to the group, as part of the three discussion points.'}",57398.0,233,0
2021_05_21_ABI_S10,2021_05_21_ABI_S10,,,So quantity comma lack of standardization and lack of reference data.,,2021_05_21_ABI_S10_ABI,Maryellen Giger UChicago,,,,,745.0000000000001,751.3594470046083,,,ABI,748.1797235023042,"{'acknowledge contribution': {'Explanation': 'Maryellen acknowledges the points made by the group regarding the quantity, lack of standardization, and lack of reference data, recognizing their collective input.'}, 'express humor': {'Explanation': 'Maryellen makes a lighthearted comment about it taking her over 20 years to consolidate multiple things, adding that she gets a lot of practice, which is a form of self-deprecating humor.'}}",58143.0,234,0
2021_05_21_ABI_S10,2021_05_21_ABI_S10,,,Yeah.,,2021_05_21_ABI_S10_ABI,Maryellen Giger UChicago,,,,,751.3594470046082,751.8202764976959,,,ABI,751.5898617511521,"{'acknowledge contribution': {'Explanation': 'Maryellen acknowledges the points made by the group regarding the quantity, lack of standardization, and lack of reference data, recognizing their collective input.'}, 'express humor': {'Explanation': 'Maryellen makes a lighthearted comment about it taking her over 20 years to consolidate multiple things, adding that she gets a lot of practice, which is a form of self-deprecating humor.'}}",58143.0,235,0
2021_05_21_ABI_S10,2021_05_21_ABI_S10,,,We got everything covered.,,2021_05_21_ABI_S10_ABI,Maryellen Giger UChicago,,,,,751.8202764976959,754.2165898617511,,,ABI,753.0184331797235,"{'acknowledge contribution': {'Explanation': 'Maryellen acknowledges the points made by the group regarding the quantity, lack of standardization, and lack of reference data, recognizing their collective input.'}, 'express humor': {'Explanation': 'Maryellen makes a lighthearted comment about it taking her over 20 years to consolidate multiple things, adding that she gets a lot of practice, which is a form of self-deprecating humor.'}}",58143.0,236,0
2021_05_21_ABI_S10,2021_05_21_ABI_S10,,,It took me uh over 20 years to get to this point where I can consolidate multiple things but I get a lot of practice.,,2021_05_21_ABI_S10_ABI,Maryellen Giger UChicago,,,,,754.2165898617511,765.0,,,ABI,759.6082949308756,"{'acknowledge contribution': {'Explanation': 'Maryellen acknowledges the points made by the group regarding the quantity, lack of standardization, and lack of reference data, recognizing their collective input.'}, 'express humor': {'Explanation': 'Maryellen makes a lighthearted comment about it taking her over 20 years to consolidate multiple things, adding that she gets a lot of practice, which is a form of self-deprecating humor.'}}",58143.0,237,0
2021_05_21_ABI_S10,2021_05_21_ABI_S10,,,So so you need that at at a lower resolution to guide you to the specific areas?,,2021_05_21_ABI_S10_ABI,Maryellen Giger UChicago,,,,,634.0,641.0,,,ABI,637.5,"{'ask clarifying question': ""Maryellen is asking Vivian to confirm if she needs lower resolution images to guide her to specific areas in the cloud data set, following Vivian's explanation of the challenge of not knowing which spots are related to each other.""}",58777.0,238,0
2021_05_21_ABI_S10,2021_05_21_ABI_S10,,,So that you can manipulate it.,,2021_05_21_ABI_S10_ABI,Maryellen Giger UChicago,,,,,921.0,924.0,,,ABI,922.5,"{'encourage particpatioin': ""Maryellen is encouraging the team to push the boundaries of what's possible, even if it seems difficult, building on the previous discussion about data manipulation and potential limitations.""}",59064.0,239,0
2021_05_21_ABI_S10,2021_05_21_ABI_S10,,,So the search metric as well so the the performance of the search metric and the search algorithm.,,2021_05_21_ABI_S10_ABI,Maryellen Giger UChicago,,,,,857.0,863.0,,,ABI,860.0,"{'expand on existing idea': 'This utterance builds upon the previous discussion about image searching algorithms for cancer cases, adding the importance of the search metric and algorithm performance to the discussion.'}",59921.0,240,0
2021_05_21_ABI_S10,2021_05_21_ABI_S10,,,"So the um, yeah, the quantity and lack of standardization of data is a major roadblock.",,2021_05_21_ABI_S10_ABI,Maryellen Giger UChicago,,,,,722.0000000000001,732.2755905511812,,,ABI,727.1377952755906,"{'acknowledge contribution': {'Explanation': ""Maryellen acknowledges Fanny's point about the quantity and lack of standardization of data being a major roadblock, recognizing her input in the discussion.""}}",60643.0,241,0
2021_05_21_ABI_S10,2021_05_21_ABI_S10,,,It's kind of like your second big point.,,2021_05_21_ABI_S10_ABI,Maryellen Giger UChicago,,,,,732.275590551181,737.0,,,ABI,734.6377952755905,"{'acknowledge contribution': {'Explanation': ""Maryellen acknowledges Fanny's point about the quantity and lack of standardization of data being a major roadblock, recognizing her input in the discussion.""}}",60643.0,242,0
2021_05_21_ABI_S10,2021_05_21_ABI_S10,,,So um good.,,2021_05_21_ABI_S10_ABI,Maryellen Giger UChicago,,,,,956.0000000000001,957.425925925926,,,ABI,956.712962962963,"{'encourage particpatioin': 'Maryellen invites Vivian to contribute to the discussion, asking about her perspective on quantitative imaging at the molecular level, after hearing from others.'}",60877.0,243,0
2021_05_21_ABI_S10,2021_05_21_ABI_S10,,,"And now Vivian, you're at the other end.",,2021_05_21_ABI_S10_ABI,Maryellen Giger UChicago,,,,,957.4259259259259,962.6111111111111,,,ABI,960.0185185185185,"{'encourage particpatioin': 'Maryellen invites Vivian to contribute to the discussion, asking about her perspective on quantitative imaging at the molecular level, after hearing from others.'}",60877.0,244,0
2021_05_21_ABI_S10,2021_05_21_ABI_S10,,,You are looking at the mole the molecular level.,,2021_05_21_ABI_S10_ABI,Maryellen Giger UChicago,,,,,962.6111111111112,968.8333333333334,,,ABI,965.7222222222223,"{'encourage particpatioin': 'Maryellen invites Vivian to contribute to the discussion, asking about her perspective on quantitative imaging at the molecular level, after hearing from others.'}",60877.0,245,0
2021_05_21_ABI_S10,2021_05_21_ABI_S10,,,How's your quantitative imaging and where do you think that is?,,2021_05_21_ABI_S10_ABI,Maryellen Giger UChicago,,,,,968.8333333333333,977.0,,,ABI,972.9166666666666,"{'encourage particpatioin': 'Maryellen invites Vivian to contribute to the discussion, asking about her perspective on quantitative imaging at the molecular level, after hearing from others.'}",60877.0,246,0
2021_05_21_ABI_S10,2021_05_21_ABI_S10,,,So with that.,,2021_05_21_ABI_S10_ABI,Maryellen Giger UChicago,,,,,1009.0,1010.0,,,ABI,1009.5,"{'None': 'This utterance does not fit any of the codes in the codebook, as it is a transitional phrase.'}",60930.0,247,0
2021_05_21_ABI_S10,2021_05_21_ABI_S10,,,So.,,2021_05_21_ABI_S10_ABI,Maryellen Giger UChicago,,,,,61046.0,61046.0,,,ABI,61046.0,{'None': 'This utterance does not contain any content that can be coded.'},61046.0,248,0
2021_05_21_ABI_S10,2021_05_21_ABI_S10,,,So?,,2021_05_21_ABI_S10_ABI,Maryellen Giger UChicago,,,,,61812.0,61812.0,,,ABI,61812.0,"[{'encourage particpatioin': 'Maryellen is encouraging participation by ending her turn and inviting others to speak, following a series of turns by other participants.'}]",61812.0,249,0
2021_05_21_ABI_S10,2021_05_21_ABI_S10,,,Thank you and Fanny.,,2021_05_21_ABI_S10_ABI,Maryellen Giger UChicago,,,,,1001.0,1002.0,,,ABI,1001.5,"{'acknowledge contribution': ""Maryellen acknowledges the previous speaker's introduction before moving on to the next person, Fanny.""}",62047.0,250,0
2021_05_21_ABI_S10,2021_05_21_ABI_S10,,,Thank you and Goku?,,2021_05_21_ABI_S10_ABI,Maryellen Giger UChicago,,,,,889.0,890.0,,,ABI,889.5,"{'encourage particpatioin': 'Maryellen is inviting Goku to introduce themself, continuing the round of introductions.'}",62936.0,251,0
2021_05_21_ABI_S10,2021_05_21_ABI_S10,,,"Thank you, Matt Lew.",,2021_05_21_ABI_S10_ABI,Maryellen Giger UChicago,,,,,626.0,627.3100436681223,,,ABI,626.6550218340611,"[{'acknowledge contribution': ""Maryellen acknowledges Matt Lew's contribution of volunteering to be the recorder.""}, {'express humor': 'Maryellen makes a joke about the two Matts having the same first initial to express humor.'}]",63562.0,252,0
2021_05_21_ABI_S10,2021_05_21_ABI_S10,,,"Just I didn't want the other Matt thinking, what?",,2021_05_21_ABI_S10_ABI,Maryellen Giger UChicago,,,,,627.3100436681221,630.5196506550218,,,ABI,628.914847161572,"[{'acknowledge contribution': ""Maryellen acknowledges Matt Lew's contribution of volunteering to be the recorder.""}, {'express humor': 'Maryellen makes a joke about the two Matts having the same first initial to express humor.'}]",63562.0,253,0
2021_05_21_ABI_S10,2021_05_21_ABI_S10,,,"Okay, we have two Matts.",,2021_05_21_ABI_S10_ABI,Maryellen Giger UChicago,,,,,630.5196506550218,632.0917030567686,,,ABI,631.3056768558952,"[{'acknowledge contribution': ""Maryellen acknowledges Matt Lew's contribution of volunteering to be the recorder.""}, {'express humor': 'Maryellen makes a joke about the two Matts having the same first initial to express humor.'}]",63562.0,254,0
2021_05_21_ABI_S10,2021_05_21_ABI_S10,,,"All right, good.",,2021_05_21_ABI_S10_ABI,Maryellen Giger UChicago,,,,,632.0917030567687,633.1397379912664,,,ABI,632.6157205240175,"[{'acknowledge contribution': ""Maryellen acknowledges Matt Lew's contribution of volunteering to be the recorder.""}, {'express humor': 'Maryellen makes a joke about the two Matts having the same first initial to express humor.'}]",63562.0,255,0
2021_05_21_ABI_S10,2021_05_21_ABI_S10,,,"Um, and I'm going to I I can't even say Matt L.",,2021_05_21_ABI_S10_ABI,Maryellen Giger UChicago,,,,,633.1397379912663,636.2183406113537,,,ABI,634.67903930131,"[{'acknowledge contribution': ""Maryellen acknowledges Matt Lew's contribution of volunteering to be the recorder.""}, {'express humor': 'Maryellen makes a joke about the two Matts having the same first initial to express humor.'}]",63562.0,256,0
2021_05_21_ABI_S10,2021_05_21_ABI_S10,,,You're both Matt L's.,,2021_05_21_ABI_S10_ABI,Maryellen Giger UChicago,,,,,636.2183406113537,637.5938864628821,,,ABI,636.9061135371179,"[{'acknowledge contribution': ""Maryellen acknowledges Matt Lew's contribution of volunteering to be the recorder.""}, {'express humor': 'Maryellen makes a joke about the two Matts having the same first initial to express humor.'}]",63562.0,257,0
2021_05_21_ABI_S10,2021_05_21_ABI_S10,,,"Okay, we got Matt Lew and Matt Lovett Barron.",,2021_05_21_ABI_S10_ABI,Maryellen Giger UChicago,,,,,637.5938864628821,640.5414847161572,,,ABI,639.0676855895197,"[{'acknowledge contribution': ""Maryellen acknowledges Matt Lew's contribution of volunteering to be the recorder.""}, {'express humor': 'Maryellen makes a joke about the two Matts having the same first initial to express humor.'}]",63562.0,258,0
2021_05_21_ABI_S10,2021_05_21_ABI_S10,,,Got it.,,2021_05_21_ABI_S10_ABI,Maryellen Giger UChicago,,,,,640.5414847161571,641.0,,,ABI,640.7707423580786,"[{'acknowledge contribution': ""Maryellen acknowledges Matt Lew's contribution of volunteering to be the recorder.""}, {'express humor': 'Maryellen makes a joke about the two Matts having the same first initial to express humor.'}]",63562.0,259,0
2021_05_21_ABI_S10,2021_05_21_ABI_S10,,,That is correct in some fields.,,2021_05_21_ABI_S10_ABI,Maryellen Giger UChicago,,,,,942.0,943.9375,,,ABI,942.96875,"{'provide supporting evidence': 'Maryellen states that data collection is a major problem in the medical imaging field for cultural reasons, not technical ones, supporting her previous point about data wrangling being a significant pain point.', 'expand on existing idea': 'This utterance expands on the previous discussion about data wrangling and the challenges associated with it, particularly in the context of medical imaging.'}",63878.0,260,0
2021_05_21_ABI_S10,2021_05_21_ABI_S10,,,"In other fields, collection of data, there's actually sometimes uh it's in in in the medical imaging field, that's a major problem for culture reason, not for technical reasons.",,2021_05_21_ABI_S10_ABI,Maryellen Giger UChicago,,,,,943.9375,955.0,,,ABI,949.46875,"{'provide supporting evidence': 'Maryellen states that data collection is a major problem in the medical imaging field for cultural reasons, not technical ones, supporting her previous point about data wrangling being a significant pain point.', 'expand on existing idea': 'This utterance expands on the previous discussion about data wrangling and the challenges associated with it, particularly in the context of medical imaging.'}",63878.0,261,0
2021_05_21_ABI_S10,2021_05_21_ABI_S10,,,The recorder opened up a Google Doc.,,2021_05_21_ABI_S10_ABI,Maryellen Giger UChicago,,,,,664.0,666.0487804878048,,,ABI,665.0243902439024,"[{'assign task': 'Maryellen is assigning the task of putting the Google Drive link in the chat to someone, likely the recorder, so everyone can access the document.'}, {'explain or define term or concept': ""Maryellen is explaining why she prefers the recorder not to share their screen, because it bunches up the participants' video feeds, and she is suggesting an alternative way to view the Google Doc and the participants simultaneously.""}]",64542.0,262,0
2021_05_21_ABI_S10,2021_05_21_ABI_S10,,,And so half my screen are you guys because I like to actually see you and that's why I don't really like the recorder sharing their screen because then you're all bunched up.,,2021_05_21_ABI_S10_ABI,Maryellen Giger UChicago,,,,,666.0487804878048,675.9512195121952,,,ABI,671.0,"[{'assign task': 'Maryellen is assigning the task of putting the Google Drive link in the chat to someone, likely the recorder, so everyone can access the document.'}, {'explain or define term or concept': ""Maryellen is explaining why she prefers the recorder not to share their screen, because it bunches up the participants' video feeds, and she is suggesting an alternative way to view the Google Doc and the participants simultaneously.""}]",64542.0,263,0
2021_05_21_ABI_S10,2021_05_21_ABI_S10,,,"But then if you put the link of the Google Drive in the chat and we click on it, we've got the Google Drive on one side and our Hollywood squares on the other.",,2021_05_21_ABI_S10_ABI,Maryellen Giger UChicago,,,,,675.9512195121952,685.0,,,ABI,680.4756097560976,"[{'assign task': 'Maryellen is assigning the task of putting the Google Drive link in the chat to someone, likely the recorder, so everyone can access the document.'}, {'explain or define term or concept': ""Maryellen is explaining why she prefers the recorder not to share their screen, because it bunches up the participants' video feeds, and she is suggesting an alternative way to view the Google Doc and the participants simultaneously.""}]",64542.0,264,0
2021_05_21_ABI_S10,2021_05_21_ABI_S10,,,There's always improvements.,,2021_05_21_ABI_S10_ABI,Maryellen Giger UChicago,,,,,879.0,881.0,,,ABI,880.0,"{'expand on existing idea': 'This utterance builds upon the previous discussion about the algorithmic perspective and improvements to be made in image searching algorithms for cancer cases, suggesting that there is always room for further advancements.'}",64757.0,265,0
2021_05_21_ABI_S10,2021_05_21_ABI_S10,,,"Uh Vivian who just joined, we're jotting down our own ideas during this first minute.",,2021_05_21_ABI_S10_ABI,Maryellen Giger UChicago,,,,,643.0,649.0,,,ABI,646.0,"{'explain or define term or concept': 'The speaker is explaining to Vivian, who just joined, what the team is currently doing, which is jotting down their own ideas.', 'assign task': 'The speaker is assigning the task of jotting down ideas to Vivian, who just joined the meeting.'}",65400.0,266,0
2021_05_21_ABI_S10,2021_05_21_ABI_S10,,,"Uh, and looking at the bullets for um it it you know, how can we get the most information out of an image?",,2021_05_21_ABI_S10_ABI,Maryellen Giger UChicago,,,,,1021.0000000000001,1032.9292604501609,,,ABI,1026.9646302250806,"{'present new idea': 'The speaker introduces the idea of using algorithm scoring, based on physiology, to provide searchable and archivable records, which is a novel concept in the context of the discussion.', 'explain or define term or concept': 'The speaker explains that algorithm scoring is like the output from machine learning AI or some other algorithmic model, clarifying the term for the group.', 'ask clarifying question': 'The speaker asks if algorithm scoring based on physiology can provide searchable and archivable records, seeking to explore the potential of this approach.'}",65778.0,267,0
2021_05_21_ABI_S10,2021_05_21_ABI_S10,,,"Can algorithm scoring, which to me is like um uh output from machine learning AI or some other model algorithmic model uh based more on the physiology uh can that provide searchable and archivable records.",,2021_05_21_ABI_S10_ABI,Maryellen Giger UChicago,,,,,1032.9292604501607,1056.0,,,ABI,1044.4646302250803,"{'present new idea': 'The speaker introduces the idea of using algorithm scoring, based on physiology, to provide searchable and archivable records, which is a novel concept in the context of the discussion.', 'explain or define term or concept': 'The speaker explains that algorithm scoring is like the output from machine learning AI or some other algorithmic model, clarifying the term for the group.', 'ask clarifying question': 'The speaker asks if algorithm scoring based on physiology can provide searchable and archivable records, seeking to explore the potential of this approach.'}",65778.0,268,0
2021_05_21_ABI_S10,2021_05_21_ABI_S10,,,Uh.,,2021_05_21_ABI_S10_ABI,Maryellen Giger UChicago,,,,,65882.0,65882.0,,,ABI,65882.0,[{'None': 'No code applies to this utterance.'}],65882.0,269,0
2021_05_21_ABI_S10,2021_05_21_ABI_S10,,,Uh.,,2021_05_21_ABI_S10_ABI,Maryellen Giger UChicago,,,,,65906.0,65906.0,,,ABI,65906.0,[{'None': 'No code applies to this utterance.'}],65906.0,270,0
2021_05_21_ABI_S10,2021_05_21_ABI_S10,,,Um and I am in one way.,,2021_05_21_ABI_S10_ABI,Maryellen Giger UChicago,,,,,998.0,1001.0,,,ABI,999.5,"{'acknowledge contribution': 'Maryellen acknowledges the contributions of research groups who are putting out data sets, recognizing their input in the discussion.'}",66904.0,271,0
2021_05_21_ABI_S10,2021_05_21_ABI_S10,,,"Um, but I think the performance has to be at a high enough level that you're search you're, you know, say you're searching on a particular characteristic of cancer and if you get it wrong and all of a sudden your cancer cases are now being thrown in a a bunch of non cancer areas.",,2021_05_21_ABI_S10_ABI,Maryellen Giger UChicago,,,,,827.9999999999999,844.4137931034483,,,ABI,836.2068965517241,"{'provide supporting evidence': 'The utterance provides a logical reasoning to strengthen the idea that the performance of a search system needs to be high enough, because if the search is wrong, cancer cases could be misclassified, which is a problem.', 'offer constructive criticism': 'The utterance critiques the performance of a search system, suggesting that it needs to be at a high enough level to avoid misclassifying cancer cases, which is a critique with the intent to improve the system.'}",67732.0,272,0
2021_05_21_ABI_S10,2021_05_21_ABI_S10,,,So I think,,2021_05_21_ABI_S10_ABI,Maryellen Giger UChicago,,,,,844.4137931034484,845.0,,,ABI,844.7068965517242,"{'provide supporting evidence': 'The utterance provides a logical reasoning to strengthen the idea that the performance of a search system needs to be high enough, because if the search is wrong, cancer cases could be misclassified, which is a problem.', 'offer constructive criticism': 'The utterance critiques the performance of a search system, suggesting that it needs to be at a high enough level to avoid misclassifying cancer cases, which is a critique with the intent to improve the system.'}",67732.0,273,0
2021_05_21_ABI_S10,2021_05_21_ABI_S10,,,"Um, but uh it has to be um measurable and to me, I think both types are useful and in fact you can merge them.",,2021_05_21_ABI_S10_ABI,Maryellen Giger UChicago,,,,,985.0,998.0693069306931,,,ABI,991.5346534653465,"{'expand on existing idea': 'Maryellen expands on the discussion about the definition of quantitative imaging by stating that measurability is important and that both types of quantitative imaging (AI-based and physiology-based) are useful and can be merged, depending on the task.', 'present new idea': 'Maryellen presents the idea that the two camps of quantitative imaging can be merged depending on the task, which is a novel concept in the context of the discussion.'}",67889.0,274,0
2021_05_21_ABI_S10,2021_05_21_ABI_S10,,,It all depends on your task.,,2021_05_21_ABI_S10_ABI,Maryellen Giger UChicago,,,,,998.0693069306931,1001.3960396039604,,,ABI,999.7326732673267,"{'expand on existing idea': 'Maryellen expands on the discussion about the definition of quantitative imaging by stating that measurability is important and that both types of quantitative imaging (AI-based and physiology-based) are useful and can be merged, depending on the task.', 'present new idea': 'Maryellen presents the idea that the two camps of quantitative imaging can be merged depending on the task, which is a novel concept in the context of the discussion.'}",67889.0,275,0
2021_05_21_ABI_S10,2021_05_21_ABI_S10,,,"The clinical task, biological task, what do you want your to do.",,2021_05_21_ABI_S10_ABI,Maryellen Giger UChicago,,,,,1001.3960396039604,1009.0,,,ABI,1005.1980198019802,"{'expand on existing idea': 'Maryellen expands on the discussion about the definition of quantitative imaging by stating that measurability is important and that both types of quantitative imaging (AI-based and physiology-based) are useful and can be merged, depending on the task.', 'present new idea': 'Maryellen presents the idea that the two camps of quantitative imaging can be merged depending on the task, which is a novel concept in the context of the discussion.'}",67889.0,276,0
2021_05_21_ABI_S10,2021_05_21_ABI_S10,,,"Um, now we can go forward, I think.",,2021_05_21_ABI_S10_ABI,Maryellen Giger UChicago,,,,,1015.0,1017.258064516129,,,ABI,1016.1290322580645,"{'confirm decision': 'Maryellen is confirming the decision to move forward with the discussion, now that they have established a shared understanding of quantitative imaging, building upon the previous discussion about its definition.'}",67919.0,277,0
2021_05_21_ABI_S10,2021_05_21_ABI_S10,,,I think that was important.,,2021_05_21_ABI_S10_ABI,Maryellen Giger UChicago,,,,,1017.258064516129,1019.0,,,ABI,1018.1290322580645,"{'confirm decision': 'Maryellen is confirming the decision to move forward with the discussion, now that they have established a shared understanding of quantitative imaging, building upon the previous discussion about its definition.'}",67919.0,278,0
2021_05_21_ABI_S10,2021_05_21_ABI_S10,,,"Um, okay, that's good.",,2021_05_21_ABI_S10_ABI,Maryellen Giger UChicago,,,,,641.9999999999999,643.4152046783626,,,ABI,642.7076023391812,"{'assign task': 'Maryellen assigns the task of leading the discussion to the other participants.', 'ask clarifying question': 'Maryellen asks the participants to define quantitative imaging, seeking clarification on the term.'}",68561.0,279,0
2021_05_21_ABI_S10,2021_05_21_ABI_S10,,,"And I'm going to have you guys take over this this discussion, but I have one question first.",,2021_05_21_ABI_S10_ABI,Maryellen Giger UChicago,,,,,643.4152046783626,649.3976608187135,,,ABI,646.406432748538,"{'assign task': 'Maryellen assigns the task of leading the discussion to the other participants.', 'ask clarifying question': 'Maryellen asks the participants to define quantitative imaging, seeking clarification on the term.'}",68561.0,280,0
2021_05_21_ABI_S10,2021_05_21_ABI_S10,,,I need to hear your definitions of quantitative imaging.,,2021_05_21_ABI_S10_ABI,Maryellen Giger UChicago,,,,,649.3976608187133,653.0,,,ABI,651.1988304093567,"{'assign task': 'Maryellen assigns the task of leading the discussion to the other participants.', 'ask clarifying question': 'Maryellen asks the participants to define quantitative imaging, seeking clarification on the term.'}",68561.0,281,0
2021_05_21_ABI_S10,2021_05_21_ABI_S10,,,"Um, so the reason I asked this question, so I I do a lot of AI mainly at medical images.",,2021_05_21_ABI_S10_ABI,Maryellen Giger UChicago,,,,,916.0,923.3674418604651,,,ABI,919.6837209302325,"{'explain or define term or concept': 'Maryellen explains the context of her question by stating that she works with AI on medical images, setting the stage for her example of dynamic contrast enhanced MRI.', 'provide supporting evidence': 'Maryellen provides an example of dynamic contrast enhanced MRI to support her question about the definition of quantitative imaging.'}",68835.0,282,0
2021_05_21_ABI_S10,2021_05_21_ABI_S10,,,"And if we take for example, uh not um like dynamic contrast enhance MRI.",,2021_05_21_ABI_S10_ABI,Maryellen Giger UChicago,,,,,923.3674418604652,929.3953488372093,,,ABI,926.3813953488373,"{'explain or define term or concept': 'Maryellen explains the context of her question by stating that she works with AI on medical images, setting the stage for her example of dynamic contrast enhanced MRI.', 'provide supporting evidence': 'Maryellen provides an example of dynamic contrast enhanced MRI to support her question about the definition of quantitative imaging.'}",68835.0,283,0
2021_05_21_ABI_S10,2021_05_21_ABI_S10,,,So we're looking at say the uptake of a contrast agent.,,2021_05_21_ABI_S10_ABI,Maryellen Giger UChicago,,,,,929.3953488372092,934.0,,,ABI,931.6976744186046,"{'explain or define term or concept': 'Maryellen explains the context of her question by stating that she works with AI on medical images, setting the stage for her example of dynamic contrast enhanced MRI.', 'provide supporting evidence': 'Maryellen provides an example of dynamic contrast enhanced MRI to support her question about the definition of quantitative imaging.'}",68835.0,284,0
2021_05_21_ABI_S10,2021_05_21_ABI_S10,,,Um.,,2021_05_21_ABI_S10_ABI,Maryellen Giger UChicago,,,,,68976.0,68976.0,,,ABI,68976.0,{'None': 'No code applies to this utterance.'},68976.0,285,0
2021_05_21_ABI_S10,2021_05_21_ABI_S10,,,We have a history of that.,,2021_05_21_ABI_S10_ABI,Maryellen Giger UChicago,,,,,936.0,937.0,,,ABI,936.5,"{'provide supporting evidence': ""Maryellen is referring to the group's history of dealing with large amounts of data, which supports the idea that they can handle more data in the future.""}",69912.0,286,0
2021_05_21_ABI_S10,2021_05_21_ABI_S10,,,"Well if you have a lot of ideas you're writing, I don't want to lose those.",,2021_05_21_ABI_S10_ABI,Maryellen Giger UChicago,,,,,709.0,717.0,,,ABI,713.0,"{'encourage particpatioin': ""Maryellen is encouraging the team members to write down their ideas so they don't lose them, which is a way to ensure everyone contributes."", 'express enthusiasm': 'Maryellen expresses enthusiasm by showing that she values the ideas that the team members are writing down.'}",70621.0,287,0
2021_05_21_ABI_S10,2021_05_21_ABI_S10,,,"Well,",,2021_05_21_ABI_S10_ABI,Maryellen Giger UChicago,,,,,70854.0,70854.0,,,ABI,70854.0,[{'None': 'No code applies to this utterance.'}],70854.0,288,0
2021_05_21_ABI_S10,2021_05_21_ABI_S10,,,"Well, I I I don't think it's crazy.",,2021_05_21_ABI_S10_ABI,Maryellen Giger UChicago,,,,,1087.0,1090.5057471264367,,,ABI,1088.7528735632184,"[{'reject idea': ""Maryellen expresses that while Fanny's idea isn't crazy, it's difficult because imaging aspects might be lost when conforming to a fixed scale, thus rejecting the idea.""}, {'provide supporting evidence': 'Maryellen supports her rejection by providing the example of dynamic contrast enhanced MRI where timing differences can cause big changes in the data, thus providing evidence against the idea.'}]",70999.0,289,0
2021_05_21_ABI_S10,2021_05_21_ABI_S10,,,I think it's very um uh difficult because um you might lose imaging aspects um in making making them um conform to that.,,2021_05_21_ABI_S10_ABI,Maryellen Giger UChicago,,,,,1090.5057471264365,1102.5254515599343,,,ABI,1096.5155993431854,"[{'reject idea': ""Maryellen expresses that while Fanny's idea isn't crazy, it's difficult because imaging aspects might be lost when conforming to a fixed scale, thus rejecting the idea.""}, {'provide supporting evidence': 'Maryellen supports her rejection by providing the example of dynamic contrast enhanced MRI where timing differences can cause big changes in the data, thus providing evidence against the idea.'}]",70999.0,290,0
2021_05_21_ABI_S10,2021_05_21_ABI_S10,,,"I I know even going having everything um going into say a deep net, they often require certain matrix size and bit.",,2021_05_21_ABI_S10_ABI,Maryellen Giger UChicago,,,,,1102.5254515599345,1114.0443349753696,,,ABI,1108.284893267652,"[{'reject idea': ""Maryellen expresses that while Fanny's idea isn't crazy, it's difficult because imaging aspects might be lost when conforming to a fixed scale, thus rejecting the idea.""}, {'provide supporting evidence': 'Maryellen supports her rejection by providing the example of dynamic contrast enhanced MRI where timing differences can cause big changes in the data, thus providing evidence against the idea.'}]",70999.0,291,0
2021_05_21_ABI_S10,2021_05_21_ABI_S10,,,You lose it or not?,,2021_05_21_ABI_S10_ABI,Maryellen Giger UChicago,,,,,1114.0443349753696,1115.9474548440066,,,ABI,1114.995894909688,"[{'reject idea': ""Maryellen expresses that while Fanny's idea isn't crazy, it's difficult because imaging aspects might be lost when conforming to a fixed scale, thus rejecting the idea.""}, {'provide supporting evidence': 'Maryellen supports her rejection by providing the example of dynamic contrast enhanced MRI where timing differences can cause big changes in the data, thus providing evidence against the idea.'}]",70999.0,292,0
2021_05_21_ABI_S10,2021_05_21_ABI_S10,,,"Well, maybe if you have enough cases, it might be okay, but um um sometimes the formats can be exactly the same, but small things like uh timing could um change the acquisition such as in dynamic contrast enhanced MRI.",,2021_05_21_ABI_S10_ABI,Maryellen Giger UChicago,,,,,1115.9474548440066,1137.7832512315272,,,ABI,1126.865353037767,"[{'reject idea': ""Maryellen expresses that while Fanny's idea isn't crazy, it's difficult because imaging aspects might be lost when conforming to a fixed scale, thus rejecting the idea.""}, {'provide supporting evidence': 'Maryellen supports her rejection by providing the example of dynamic contrast enhanced MRI where timing differences can cause big changes in the data, thus providing evidence against the idea.'}]",70999.0,293,0
2021_05_21_ABI_S10,2021_05_21_ABI_S10,,,"You know, one country was at 92nd intervals and another one's 60 and cause big 10 changes in the data.",,2021_05_21_ABI_S10_ABI,Maryellen Giger UChicago,,,,,1137.7832512315272,1148.0,,,ABI,1142.8916256157636,"[{'reject idea': ""Maryellen expresses that while Fanny's idea isn't crazy, it's difficult because imaging aspects might be lost when conforming to a fixed scale, thus rejecting the idea.""}, {'provide supporting evidence': 'Maryellen supports her rejection by providing the example of dynamic contrast enhanced MRI where timing differences can cause big changes in the data, thus providing evidence against the idea.'}]",70999.0,294,0
2021_05_21_ABI_S10,2021_05_21_ABI_S10,,,"Well, right, the one liner that describes that problem.",,2021_05_21_ABI_S10_ABI,Maryellen Giger UChicago,,,,,663.0,667.6610169491526,,,ABI,665.3305084745763,"{'encourage particpatioin': 'Maryellen is asking David for his opinion on how to word the problem of data sharing and context, encouraging him to contribute to the discussion.'}",71662.0,295,0
2021_05_21_ABI_S10,2021_05_21_ABI_S10,,,"Well, all you seem to bring it up so you I thought, you know, you want to tell the greater group that this is a problem.",,2021_05_21_ABI_S10_ABI,Maryellen Giger UChicago,,,,,667.6610169491524,677.8305084745763,,,ABI,672.7457627118644,"{'encourage particpatioin': 'Maryellen is asking David for his opinion on how to word the problem of data sharing and context, encouraging him to contribute to the discussion.'}",71662.0,296,0
2021_05_21_ABI_S10,2021_05_21_ABI_S10,,,"They all know it, but maybe if it's in a bullet point someone will react to it and get it done.",,2021_05_21_ABI_S10_ABI,Maryellen Giger UChicago,,,,,677.8305084745764,685.8813559322034,,,ABI,681.8559322033899,"{'encourage particpatioin': 'Maryellen is asking David for his opinion on how to word the problem of data sharing and context, encouraging him to contribute to the discussion.'}",71662.0,297,0
2021_05_21_ABI_S10,2021_05_21_ABI_S10,,,"What do you think, David?",,2021_05_21_ABI_S10_ABI,Maryellen Giger UChicago,,,,,685.8813559322034,688.0,,,ABI,686.9406779661017,"{'encourage particpatioin': 'Maryellen is asking David for his opinion on how to word the problem of data sharing and context, encouraging him to contribute to the discussion.'}",71662.0,298,0
2021_05_21_ABI_S10,2021_05_21_ABI_S10,,,"Well, some things don't take too much but some take a lot, but that's that shouldn't be that shouldn't limit you from saying I want to do that.",,2021_05_21_ABI_S10_ABI,Maryellen Giger UChicago,,,,,924.0000000000001,932.0943396226415,,,ABI,928.0471698113208,"{'encourage particpatioin': 'Maryellen encourages the team to not be limited by data constraints and to freely express their ideas, building on the previous discussion about data wrangling and algorithmic improvements.', 'express enthusiasm': 'Maryellen expresses enthusiasm by encouraging the team to pursue their ideas even if they seem data-intensive, conveying optimism about handling more data.'}",71923.0,299,0
2021_05_21_ABI_S10,2021_05_21_ABI_S10,,,That's what I'm getting at because we can always deal with more data.,,2021_05_21_ABI_S10_ABI,Maryellen Giger UChicago,,,,,932.0943396226414,936.0,,,ABI,934.0471698113207,"{'encourage particpatioin': 'Maryellen encourages the team to not be limited by data constraints and to freely express their ideas, building on the previous discussion about data wrangling and algorithmic improvements.', 'express enthusiasm': 'Maryellen expresses enthusiasm by encouraging the team to pursue their ideas even if they seem data-intensive, conveying optimism about handling more data.'}",71923.0,300,0
2021_05_21_ABI_S10,2021_05_21_ABI_S10,,,"Well, that's where you're asking how can we get the most information out of an image or set of image if you're not quite sure where to go within that image.",,2021_05_21_ABI_S10_ABI,Maryellen Giger UChicago,,,,,703.0,714.063829787234,,,ABI,708.531914893617,"{'explain or define term or concept': 'Maryellen is explaining the problem Vivian is trying to solve, which involves getting the most information out of an image when the specific area of interest is unknown, requiring a lower resolution direction to guide the analysis.', 'expand on existing idea': ""Maryellen is building on Vivian's previous statements about the challenges of analyzing clustered data in high-resolution images, adding the idea of using lower resolution images to guide the analysis.""}",72626.0,301,0
2021_05_21_ABI_S10,2021_05_21_ABI_S10,,,So you need some kind of lower resolution direction to the right spot on your high resolution to get the most information out.,,2021_05_21_ABI_S10_ABI,Maryellen Giger UChicago,,,,,714.063829787234,723.0,,,ABI,718.531914893617,"{'explain or define term or concept': 'Maryellen is explaining the problem Vivian is trying to solve, which involves getting the most information out of an image when the specific area of interest is unknown, requiring a lower resolution direction to guide the analysis.', 'expand on existing idea': ""Maryellen is building on Vivian's previous statements about the challenges of analyzing clustered data in high-resolution images, adding the idea of using lower resolution images to guide the analysis.""}",72626.0,302,0
2021_05_21_ABI_S10,2021_05_21_ABI_S10,,,"Yeah, and maybe in your communities, I don't know what your where your society is at.",,2021_05_21_ABI_S10_ABI,Maryellen Giger UChicago,,,,,1117.0,1127.09375,,,ABI,1122.046875,"[{'encourage particpatioin': 'Maryellen is encouraging participation by directing the conversation back to Matt Lou, inviting him to contribute his thoughts after others have spoken.'}]",73040.0,303,0
2021_05_21_ABI_S10,2021_05_21_ABI_S10,,,If you have the societies come that cover get together.,,2021_05_21_ABI_S10_ABI,Maryellen Giger UChicago,,,,,1127.09375,1133.625,,,ABI,1130.359375,"[{'encourage particpatioin': 'Maryellen is encouraging participation by directing the conversation back to Matt Lou, inviting him to contribute his thoughts after others have spoken.'}]",73040.0,304,0
2021_05_21_ABI_S10,2021_05_21_ABI_S10,,,"So at that level, then that you can tell the other researchers, the manufacturers, that's how it went.",,2021_05_21_ABI_S10_ABI,Maryellen Giger UChicago,,,,,1133.6249999999998,1145.7375,,,ABI,1139.6812499999999,"[{'encourage particpatioin': 'Maryellen is encouraging participation by directing the conversation back to Matt Lou, inviting him to contribute his thoughts after others have spoken.'}]",73040.0,305,0
2021_05_21_ABI_S10,2021_05_21_ABI_S10,,,"So if I if I go back to you, Matt Lou, how your main um, I know you're typing.",,2021_05_21_ABI_S10_ABI,Maryellen Giger UChicago,,,,,1145.7375000000002,1155.0,,,ABI,1150.36875,"[{'encourage particpatioin': 'Maryellen is encouraging participation by directing the conversation back to Matt Lou, inviting him to contribute his thoughts after others have spoken.'}]",73040.0,306,0
2021_05_21_ABI_S10,2021_05_21_ABI_S10,,,"Yeah, that's a good point and that would kind that goes under what basically bullet number one where",,2021_05_21_ABI_S10_ABI,Maryellen Giger UChicago,,,,,1068.0,1075.0,,,ABI,1071.5,"{'acknowledge contribution': ""Maryellen acknowledges Fanny's point about the need for baseline measurements in MR quantification, indicating that it's a valuable contribution to the discussion.""}",74108.0,307,0
2021_05_21_ABI_S10,2021_05_21_ABI_S10,,,Yeah.,,2021_05_21_ABI_S10_ABI,Maryellen Giger UChicago,,,,,75164.0,75164.0,,,ABI,75164.0,"[{'Yeah': 'This utterance expresses agreement with the previous statement, though the specific point of agreement is unclear without more context.'}]",75164.0,308,0
2021_05_21_ABI_S10,2021_05_21_ABI_S10,,,Yeah.,,2021_05_21_ABI_S10_ABI,Maryellen Giger UChicago,,,,,1025.0,1025.4761904761904,,,ABI,1025.2380952380952,"[{'express agreement': ""Maryellen explicitly agrees with Arnold's point about the challenges of standardization in discovery-based research, before transitioning to Matt Lew.""}, {'expand on existing idea': 'Maryellen expands on the idea of discovery, stating that even in standardized medical imaging, machine learning AI is used to extract characteristics of cancer, building upon the previous discussion about standardization and discovery.'}]",76189.0,309,0
2021_05_21_ABI_S10,2021_05_21_ABI_S10,,,"And I'm going to agree with you and I'm going to go to Matt Lew, but I wanted to say that even in medical imaging, even though it's standardized, discovery is done because with machine learning AI, we extract out characteristics of say the cancer.",,2021_05_21_ABI_S10_ABI,Maryellen Giger UChicago,,,,,1025.4761904761904,1049.0,,,ABI,1037.2380952380952,"[{'express agreement': ""Maryellen explicitly agrees with Arnold's point about the challenges of standardization in discovery-based research, before transitioning to Matt Lew.""}, {'expand on existing idea': 'Maryellen expands on the idea of discovery, stating that even in standardized medical imaging, machine learning AI is used to extract characteristics of cancer, building upon the previous discussion about standardization and discovery.'}]",76189.0,310,0
2021_05_21_ABI_S10,2021_05_21_ABI_S10,,,"Yes, we're coming up with a lot of good problems.",,2021_05_21_ABI_S10_ABI,Maryellen Giger UChicago,,,,,650.0,652.1538461538462,,,ABI,651.0769230769231,"[{'express enthusiasm': 'The phrase ""we\'re coming up with a lot of good problems. We\'re going to get to solutions real soon"" expresses optimism and encouragement about the progress of the discussion.', 'encourage particpatioin': 'Maryellen Giger is inviting Matt Lew to speak after he finishes typing, encouraging him to participate in the discussion.'}]",76839.0,311,0
2021_05_21_ABI_S10,2021_05_21_ABI_S10,,,We're going to get to solutions real soon.,,2021_05_21_ABI_S10_ABI,Maryellen Giger UChicago,,,,,652.1538461538462,654.0,,,ABI,653.0769230769231,"[{'express enthusiasm': 'The phrase ""we\'re coming up with a lot of good problems. We\'re going to get to solutions real soon"" expresses optimism and encouragement about the progress of the discussion.', 'encourage particpatioin': 'Maryellen Giger is inviting Matt Lew to speak after he finishes typing, encouraging him to participate in the discussion.'}]",76839.0,312,0
2021_05_21_ABI_S10,2021_05_21_ABI_S10,,,"But Matt Lew, you could take you can breathe after you type your last sentence and tell us.",,2021_05_21_ABI_S10_ABI,Maryellen Giger UChicago,,,,,654.0,658.0,,,ABI,656.0,"[{'express enthusiasm': 'The phrase ""we\'re coming up with a lot of good problems. We\'re going to get to solutions real soon"" expresses optimism and encouragement about the progress of the discussion.', 'encourage particpatioin': 'Maryellen Giger is inviting Matt Lew to speak after he finishes typing, encouraging him to participate in the discussion.'}]",76839.0,313,0
2021_05_21_ABI_S10,2021_05_21_ABI_S10,,,You are looking at the molecular level.,,2021_05_21_ABI_S10_ABI,Maryellen Giger UChicago,,,,,1100.0,1104.0,,,ABI,1102.0,{'encourage particpatioin': 'Maryellen Giger is inviting Vivian to contribute to the discussion by directing the conversation towards her area of expertise.'},77289.0,314,0
2021_05_21_ABI_S10,2021_05_21_ABI_S10,,,"again, we've got a a really nice um broad imaging group here of we have folks at the human, folks at the cellular level, some looking at functions at those different levels, some in um more of um AI and others are in hardware.",,2021_05_21_ABI_S10_ABI,Maryellen Giger UChicago,,,,,1060.0000000000002,1073.0818363273454,,,ABI,1066.5409181636728,"{'express enthusiasm': 'Maryellen expresses enthusiasm for the diverse imaging group, indicating optimism for the upcoming conversation.', 'acknowledge contribution': 'Maryellen acknowledges the presence of people working at different levels (human, cellular), in AI, and in hardware, recognizing their contributions to the group.', 'encourage particpatioin': 'Maryellen encourages Vivian and Fanny, who recently joined, to jot down their thoughts, inviting them to participate in the brainstorming activity.'}",78349.0,315,0
2021_05_21_ABI_S10,2021_05_21_ABI_S10,,,So I'm looking forward to a great conversation.,,2021_05_21_ABI_S10_ABI,Maryellen Giger UChicago,,,,,1073.0818363273456,1075.802395209581,,,ABI,1074.4421157684633,"{'express enthusiasm': 'Maryellen expresses enthusiasm for the diverse imaging group, indicating optimism for the upcoming conversation.', 'acknowledge contribution': 'Maryellen acknowledges the presence of people working at different levels (human, cellular), in AI, and in hardware, recognizing their contributions to the group.', 'encourage particpatioin': 'Maryellen encourages Vivian and Fanny, who recently joined, to jot down their thoughts, inviting them to participate in the brainstorming activity.'}",78349.0,316,0
2021_05_21_ABI_S10,2021_05_21_ABI_S10,,,"Before we get going, we need a uh and for those who just joined, I think it was Vivian and Fanny, we did spend the first minute kind of thinking at those bullet points and jotting down on our own thoughts if you want to do that.",,2021_05_21_ABI_S10_ABI,Maryellen Giger UChicago,,,,,1075.802395209581,1089.0,,,ABI,1082.4011976047905,"{'express enthusiasm': 'Maryellen expresses enthusiasm for the diverse imaging group, indicating optimism for the upcoming conversation.', 'acknowledge contribution': 'Maryellen acknowledges the presence of people working at different levels (human, cellular), in AI, and in hardware, recognizing their contributions to the group.', 'encourage particpatioin': 'Maryellen encourages Vivian and Fanny, who recently joined, to jot down their thoughts, inviting them to participate in the brainstorming activity.'}",78349.0,317,0
2021_05_21_ABI_S10,2021_05_21_ABI_S10,,,"and answers it takes care of all three bullets that were passed to us, right?",,2021_05_21_ABI_S10_ABI,Maryellen Giger UChicago,,,,,946.0,951.0,,,ABI,948.5,"{'confirm decision': {'Explanation': 'Maryellen is confirming that the latent space idea addresses the three discussion points (bullets) that were assigned to the group, indicating agreement and finalization of this direction.'}}",79295.0,318,0
2021_05_21_ABI_S10,2021_05_21_ABI_S10,,,"bullet points under quantitative imaging, right?",,2021_05_21_ABI_S10_ABI,Maryellen Giger UChicago,,,,,614.0000000000001,616.8235294117648,,,ABI,615.4117647058824,"[{'assign task': 'The speaker is assigning the task of jotting down thoughts under quantitative imaging to the team members.'}, {'propose decision': 'The speaker proposes to take a minute to jot down thoughts and then do introductions.'}]",79909.0,319,0
2021_05_21_ABI_S10,2021_05_21_ABI_S10,,,"Kind of jot down in case you you know, your thoughts and let's just take a minute and then we're going to do intros, okay?",,2021_05_21_ABI_S10_ABI,Maryellen Giger UChicago,,,,,616.8235294117646,624.0,,,ABI,620.4117647058823,"[{'assign task': 'The speaker is assigning the task of jotting down thoughts under quantitative imaging to the team members.'}, {'propose decision': 'The speaker proposes to take a minute to jot down thoughts and then do introductions.'}]",79909.0,320,0
2021_05_21_ABI_S10,2021_05_21_ABI_S10,,,medical imaging is extremely organized because people use DICOM and we can get images from around the world and there's some it's part of it is very but people don't share as well.,,2021_05_21_ABI_S10_ABI,Maryellen Giger UChicago,,,,,1000.9999999999999,1013.1008403361344,,,ABI,1007.0504201680671,"[{'provide supporting evidence': 'The speaker supports the idea that medical imaging is organized by stating that people use DICOM and can get images from around the world.'}, {'present new idea': 'The speaker introduces the idea of combining the medical imaging field with the microscopy field to improve data sharing and standardization.'}, {'acknowledge contribution': ""The speaker acknowledges Fanny's patience in waiting to speak.""}]",80296.0,321,0
2021_05_21_ABI_S10,2021_05_21_ABI_S10,,,"It seems here with the microscopy folks that are it seems that um you have data sets and you're trying to share them but the format from one institution, not even, you know, even if you go before the staining before the scanning, you've got the actual just good old fashioned file format isn't unified.",,2021_05_21_ABI_S10_ABI,Maryellen Giger UChicago,,,,,1013.1008403361345,1033.4033613445379,,,ABI,1023.2521008403362,"[{'provide supporting evidence': 'The speaker supports the idea that medical imaging is organized by stating that people use DICOM and can get images from around the world.'}, {'present new idea': 'The speaker introduces the idea of combining the medical imaging field with the microscopy field to improve data sharing and standardization.'}, {'acknowledge contribution': ""The speaker acknowledges Fanny's patience in waiting to speak.""}]",80296.0,322,0
2021_05_21_ABI_S10,2021_05_21_ABI_S10,,,So it's like we got to take these two fields and put them together.,,2021_05_21_ABI_S10_ABI,Maryellen Giger UChicago,,,,,1033.4033613445376,1037.90756302521,,,ABI,1035.6554621848738,"[{'provide supporting evidence': 'The speaker supports the idea that medical imaging is organized by stating that people use DICOM and can get images from around the world.'}, {'present new idea': 'The speaker introduces the idea of combining the medical imaging field with the microscopy field to improve data sharing and standardization.'}, {'acknowledge contribution': ""The speaker acknowledges Fanny's patience in waiting to speak.""}]",80296.0,323,0
2021_05_21_ABI_S10,2021_05_21_ABI_S10,,,"But Fanny, you've been wait waiting patiently.",,2021_05_21_ABI_S10_ABI,Maryellen Giger UChicago,,,,,1037.90756302521,1041.0,,,ABI,1039.453781512605,"[{'provide supporting evidence': 'The speaker supports the idea that medical imaging is organized by stating that people use DICOM and can get images from around the world.'}, {'present new idea': 'The speaker introduces the idea of combining the medical imaging field with the microscopy field to improve data sharing and standardization.'}, {'acknowledge contribution': ""The speaker acknowledges Fanny's patience in waiting to speak.""}]",80296.0,324,0
2021_05_21_ABI_S10,2021_05_21_ABI_S10,,,"some biomedical phenomena or something, would that cover everybody in one line?",,2021_05_21_ABI_S10_ABI,Maryellen Giger UChicago,,,,,613.9999999999999,622.7336683417085,,,ABI,618.3668341708542,"{'ask clarifying question': {'Explanation': ""Maryellen asks if the definition of quantitative imaging covers everyone's perspective in one line, seeking confirmation and agreement on the definition.""}, 'propose decision': {'Explanation': 'Maryellen proposes to summarize the definition of quantitative imaging in one line and asks how to word the second bullet point, suggesting a concrete choice for the group to make.'}, 'assign task': {'Explanation': 'Maryellen assigns the task of defining quantitative imaging and wording the second bullet point to the group.'}, 'encourage particpatioin': {'Explanation': 'Maryellen encourages participation by asking ""how do you want to word that folks?"".'}}",80910.0,325,0
2021_05_21_ABI_S10,2021_05_21_ABI_S10,,,"So we have 15 minutes, we got the warning.",,2021_05_21_ABI_S10_ABI,Maryellen Giger UChicago,,,,,622.7336683417086,627.3768844221106,,,ABI,625.0552763819096,"{'ask clarifying question': {'Explanation': ""Maryellen asks if the definition of quantitative imaging covers everyone's perspective in one line, seeking confirmation and agreement on the definition.""}, 'propose decision': {'Explanation': 'Maryellen proposes to summarize the definition of quantitative imaging in one line and asks how to word the second bullet point, suggesting a concrete choice for the group to make.'}, 'assign task': {'Explanation': 'Maryellen assigns the task of defining quantitative imaging and wording the second bullet point to the group.'}, 'encourage particpatioin': {'Explanation': 'Maryellen encourages participation by asking ""how do you want to word that folks?"".'}}",80910.0,326,0
2021_05_21_ABI_S10,2021_05_21_ABI_S10,,,"Um, I so do you have yeah.",,2021_05_21_ABI_S10_ABI,Maryellen Giger UChicago,,,,,627.3768844221106,630.251256281407,,,ABI,628.8140703517588,"{'ask clarifying question': {'Explanation': ""Maryellen asks if the definition of quantitative imaging covers everyone's perspective in one line, seeking confirmation and agreement on the definition.""}, 'propose decision': {'Explanation': 'Maryellen proposes to summarize the definition of quantitative imaging in one line and asks how to word the second bullet point, suggesting a concrete choice for the group to make.'}, 'assign task': {'Explanation': 'Maryellen assigns the task of defining quantitative imaging and wording the second bullet point to the group.'}, 'encourage particpatioin': {'Explanation': 'Maryellen encourages participation by asking ""how do you want to word that folks?"".'}}",80910.0,327,0
2021_05_21_ABI_S10,2021_05_21_ABI_S10,,,"So, um, right.",,2021_05_21_ABI_S10_ABI,Maryellen Giger UChicago,,,,,630.251256281407,631.7989949748744,,,ABI,631.0251256281407,"{'ask clarifying question': {'Explanation': ""Maryellen asks if the definition of quantitative imaging covers everyone's perspective in one line, seeking confirmation and agreement on the definition.""}, 'propose decision': {'Explanation': 'Maryellen proposes to summarize the definition of quantitative imaging in one line and asks how to word the second bullet point, suggesting a concrete choice for the group to make.'}, 'assign task': {'Explanation': 'Maryellen assigns the task of defining quantitative imaging and wording the second bullet point to the group.'}, 'encourage particpatioin': {'Explanation': 'Maryellen encourages participation by asking ""how do you want to word that folks?"".'}}",80910.0,328,0
2021_05_21_ABI_S10,2021_05_21_ABI_S10,,,So that's kind of the first bullet that Matt Lew just wrote.,,2021_05_21_ABI_S10_ABI,Maryellen Giger UChicago,,,,,631.7989949748743,638.4321608040201,,,ABI,635.1155778894472,"{'ask clarifying question': {'Explanation': ""Maryellen asks if the definition of quantitative imaging covers everyone's perspective in one line, seeking confirmation and agreement on the definition.""}, 'propose decision': {'Explanation': 'Maryellen proposes to summarize the definition of quantitative imaging in one line and asks how to word the second bullet point, suggesting a concrete choice for the group to make.'}, 'assign task': {'Explanation': 'Maryellen assigns the task of defining quantitative imaging and wording the second bullet point to the group.'}, 'encourage particpatioin': {'Explanation': 'Maryellen encourages participation by asking ""how do you want to word that folks?"".'}}",80910.0,329,0
2021_05_21_ABI_S10,2021_05_21_ABI_S10,,,"The second one was this situation which is not that fun scientifically but is a necessary evil to get and share data, which was how do you?",,2021_05_21_ABI_S10_ABI,Maryellen Giger UChicago,,,,,638.4321608040202,653.7989949748744,,,ABI,646.1155778894473,"{'ask clarifying question': {'Explanation': ""Maryellen asks if the definition of quantitative imaging covers everyone's perspective in one line, seeking confirmation and agreement on the definition.""}, 'propose decision': {'Explanation': 'Maryellen proposes to summarize the definition of quantitative imaging in one line and asks how to word the second bullet point, suggesting a concrete choice for the group to make.'}, 'assign task': {'Explanation': 'Maryellen assigns the task of defining quantitative imaging and wording the second bullet point to the group.'}, 'encourage particpatioin': {'Explanation': 'Maryellen encourages participation by asking ""how do you want to word that folks?"".'}}",80910.0,330,0
2021_05_21_ABI_S10,2021_05_21_ABI_S10,,,So how do you want to word that folks?,,2021_05_21_ABI_S10_ABI,Maryellen Giger UChicago,,,,,653.7989949748744,658.0,,,ABI,655.8994974874372,"{'ask clarifying question': {'Explanation': ""Maryellen asks if the definition of quantitative imaging covers everyone's perspective in one line, seeking confirmation and agreement on the definition.""}, 'propose decision': {'Explanation': 'Maryellen proposes to summarize the definition of quantitative imaging in one line and asks how to word the second bullet point, suggesting a concrete choice for the group to make.'}, 'assign task': {'Explanation': 'Maryellen assigns the task of defining quantitative imaging and wording the second bullet point to the group.'}, 'encourage particpatioin': {'Explanation': 'Maryellen encourages participation by asking ""how do you want to word that folks?"".'}}",80910.0,331,0
2021_05_21_ABI_S10,2021_05_21_ABI_S10,,,uh and people have talked about how it varies from institution to institution.,,2021_05_21_ABI_S10_ABI,Maryellen Giger UChicago,,,,,1075.0,1079.9595375722542,,,ABI,1077.4797687861271,"[{'explain or define term or concept': ""Maryellen explains that 'harmonize' is a term sometimes used to handle data from different institutions, scanners, and populations, clarifying the concept of data normalization in the context of quantitative imaging.""}, {'expand on existing idea': ""Maryellen expands on Fanny's point about the need for normalization in MR imaging by mentioning that the issue of data variation exists across institutions, scanners, and populations, which is relevant to the discussion of quantitative imaging.""}]",81371.0,332,0
2021_05_21_ABI_S10,2021_05_21_ABI_S10,,,"So how are you how are you going to normalize your data or harmonize is sometimes a term used um uh to handle, you know, data from different institutions, different scanners, different populations.",,2021_05_21_ABI_S10_ABI,Maryellen Giger UChicago,,,,,1079.959537572254,1092.4855491329479,,,ABI,1086.222543352601,"[{'explain or define term or concept': ""Maryellen explains that 'harmonize' is a term sometimes used to handle data from different institutions, scanners, and populations, clarifying the concept of data normalization in the context of quantitative imaging.""}, {'expand on existing idea': ""Maryellen expands on Fanny's point about the need for normalization in MR imaging by mentioning that the issue of data variation exists across institutions, scanners, and populations, which is relevant to the discussion of quantitative imaging.""}]",81371.0,333,0
2021_05_21_ABI_S10,2021_05_21_ABI_S10,,,We collect data from around the world and we we see this um in our lab.,,2021_05_21_ABI_S10_ABI,Maryellen Giger UChicago,,,,,1092.485549132948,1097.0,,,ABI,1094.742774566474,"[{'explain or define term or concept': ""Maryellen explains that 'harmonize' is a term sometimes used to handle data from different institutions, scanners, and populations, clarifying the concept of data normalization in the context of quantitative imaging.""}, {'expand on existing idea': ""Maryellen expands on Fanny's point about the need for normalization in MR imaging by mentioning that the issue of data variation exists across institutions, scanners, and populations, which is relevant to the discussion of quantitative imaging.""}]",81371.0,334,0
2021_05_21_ABI_S10,2021_05_21_ABI_S10,,,"Good thing we're going first, I guess.",,2021_05_21_ABI_S10_ABI,Matt Lew,,,,,856.0,857.0,,,ABI,856.5,"{'express humor': ""Matt Lew makes a lighthearted comment about their group presenting first, implying it's advantageous, which expresses humor.""}",82227.0,335,0
2021_05_21_ABI_S10,2021_05_21_ABI_S10,,,Matt Lou please.,,2021_05_21_ABI_S10_ABI,Matt Lew,,,,,807.0000000000001,808.1662870159454,,,ABI,807.5831435079727,"{'explain or define term or concept': ""The speaker explains that his lab works on single molecule spectroscopy and aims to engineer fluorescence microscopes to reveal protein confirmations and enzyme activity, clarifying the lab's focus."", 'expand on existing idea': 'The speaker expands on the capabilities of fluorescence microscopes, adding that they can provide information about protein confirmations and enzyme activity, building on the general understanding of what microscopes do.'}",83034.0,336,0
2021_05_21_ABI_S10,2021_05_21_ABI_S10,,,"Okay, thanks.",,2021_05_21_ABI_S10_ABI,Matt Lew,,,,,808.1662870159454,809.1138952164009,,,ABI,808.6400911161732,"{'explain or define term or concept': ""The speaker explains that his lab works on single molecule spectroscopy and aims to engineer fluorescence microscopes to reveal protein confirmations and enzyme activity, clarifying the lab's focus."", 'expand on existing idea': 'The speaker expands on the capabilities of fluorescence microscopes, adding that they can provide information about protein confirmations and enzyme activity, building on the general understanding of what microscopes do.'}",83034.0,337,0
2021_05_21_ABI_S10,2021_05_21_ABI_S10,,,Uh hi I'm Matt Lou.,,2021_05_21_ABI_S10_ABI,Matt Lew,,,,,809.113895216401,810.498861047836,,,ABI,809.8063781321185,"{'explain or define term or concept': ""The speaker explains that his lab works on single molecule spectroscopy and aims to engineer fluorescence microscopes to reveal protein confirmations and enzyme activity, clarifying the lab's focus."", 'expand on existing idea': 'The speaker expands on the capabilities of fluorescence microscopes, adding that they can provide information about protein confirmations and enzyme activity, building on the general understanding of what microscopes do.'}",83034.0,338,0
2021_05_21_ABI_S10,2021_05_21_ABI_S10,,,I'm at Wash U in St.,,2021_05_21_ABI_S10_ABI,Matt Lew,,,,,810.498861047836,811.9567198177676,,,ABI,811.2277904328018,"{'explain or define term or concept': ""The speaker explains that his lab works on single molecule spectroscopy and aims to engineer fluorescence microscopes to reveal protein confirmations and enzyme activity, clarifying the lab's focus."", 'expand on existing idea': 'The speaker expands on the capabilities of fluorescence microscopes, adding that they can provide information about protein confirmations and enzyme activity, building on the general understanding of what microscopes do.'}",83034.0,339,0
2021_05_21_ABI_S10,2021_05_21_ABI_S10,,,Louis.,,2021_05_21_ABI_S10_ABI,Matt Lew,,,,,811.9567198177676,812.3940774487471,,,ABI,812.1753986332574,"{'explain or define term or concept': ""The speaker explains that his lab works on single molecule spectroscopy and aims to engineer fluorescence microscopes to reveal protein confirmations and enzyme activity, clarifying the lab's focus."", 'expand on existing idea': 'The speaker expands on the capabilities of fluorescence microscopes, adding that they can provide information about protein confirmations and enzyme activity, building on the general understanding of what microscopes do.'}",83034.0,340,0
2021_05_21_ABI_S10,2021_05_21_ABI_S10,,,I've been here for six years.,,2021_05_21_ABI_S10_ABI,Matt Lew,,,,,812.3940774487472,814.507972665148,,,ABI,813.4510250569476,"{'explain or define term or concept': ""The speaker explains that his lab works on single molecule spectroscopy and aims to engineer fluorescence microscopes to reveal protein confirmations and enzyme activity, clarifying the lab's focus."", 'expand on existing idea': 'The speaker expands on the capabilities of fluorescence microscopes, adding that they can provide information about protein confirmations and enzyme activity, building on the general understanding of what microscopes do.'}",83034.0,341,0
2021_05_21_ABI_S10,2021_05_21_ABI_S10,,,"Um I work my uh lab works on single molecule spectroscopy and one of the things that we'd like to do is engineer fluorescence microscopes to not just give you just morphology or concentrations of things but tell you something about the function of what's happening, protein confirmations, activity of of of uh enzymes, things like this.",,2021_05_21_ABI_S10_ABI,Matt Lew,,,,,814.5079726651481,839.0,,,ABI,826.7539863325741,"{'explain or define term or concept': ""The speaker explains that his lab works on single molecule spectroscopy and aims to engineer fluorescence microscopes to reveal protein confirmations and enzyme activity, clarifying the lab's focus."", 'expand on existing idea': 'The speaker expands on the capabilities of fluorescence microscopes, adding that they can provide information about protein confirmations and enzyme activity, building on the general understanding of what microscopes do.'}",83034.0,342,0
2021_05_21_ABI_S10,2021_05_21_ABI_S10,,,No worries.,,2021_05_21_ABI_S10_ABI,Matt Lew,,,,,861.0000000000001,861.8215767634855,,,ABI,861.4107883817428,"{'expand on existing idea': ""Matt Lew builds on the previous Matt's point about quantitative imaging, adding that it should describe the fundamental science and be comparable."", 'explain or define term or concept': 'Matt Lew explains that quantitative imaging should quantify underlying biological phenomena to become a testable hypothesis.', 'provide supporting evidence': 'Matt Lew provides examples of biological phenomena like molecular processes, signaling, and phoslation that can be quantified through imaging.'}",83088.0,343,0
2021_05_21_ABI_S10,2021_05_21_ABI_S10,,,"Um, so one aspect of quantitation that I uh think about is um there is probably some underlying biological phenomenon or process, maybe it's molecular, maybe it's signaling, maybe it's, you know, phoslation or what have you.",,2021_05_21_ABI_S10_ABI,Matt Lew,,,,,861.8215767634855,878.551867219917,,,ABI,870.1867219917012,"{'expand on existing idea': ""Matt Lew builds on the previous Matt's point about quantitative imaging, adding that it should describe the fundamental science and be comparable."", 'explain or define term or concept': 'Matt Lew explains that quantitative imaging should quantify underlying biological phenomena to become a testable hypothesis.', 'provide supporting evidence': 'Matt Lew provides examples of biological phenomena like molecular processes, signaling, and phoslation that can be quantified through imaging.'}",83088.0,344,0
2021_05_21_ABI_S10,2021_05_21_ABI_S10,,,"Um, that can be quantified uh so that it can become a testable hypothesis and that, you know, ultimately our images are just a uh our data is just a way to actually get at the underlying phenomenon and and how it is changing over time or what have you.",,2021_05_21_ABI_S10_ABI,Matt Lew,,,,,878.5518672199171,897.3734439834025,,,ABI,887.9626556016598,"{'expand on existing idea': ""Matt Lew builds on the previous Matt's point about quantitative imaging, adding that it should describe the fundamental science and be comparable."", 'explain or define term or concept': 'Matt Lew explains that quantitative imaging should quantify underlying biological phenomena to become a testable hypothesis.', 'provide supporting evidence': 'Matt Lew provides examples of biological phenomena like molecular processes, signaling, and phoslation that can be quantified through imaging.'}",83088.0,345,0
2021_05_21_ABI_S10,2021_05_21_ABI_S10,,,So I would I would say uh it it kind of builds off of of of the other Matt's point that we we need to to take our data to describe the fundamental science that we're trying to understand and and then um be able to compare in that space.,,2021_05_21_ABI_S10_ABI,Matt Lew,,,,,897.3734439834025,915.0,,,ABI,906.1867219917012,"{'expand on existing idea': ""Matt Lew builds on the previous Matt's point about quantitative imaging, adding that it should describe the fundamental science and be comparable."", 'explain or define term or concept': 'Matt Lew explains that quantitative imaging should quantify underlying biological phenomena to become a testable hypothesis.', 'provide supporting evidence': 'Matt Lew provides examples of biological phenomena like molecular processes, signaling, and phoslation that can be quantified through imaging.'}",83088.0,346,0
2021_05_21_ABI_S10,2021_05_21_ABI_S10,,,"Oh, that would be wonderful.",,2021_05_21_ABI_S10_ABI,Matt Lew,,,,,722.0,723.75,,,ABI,722.875,"{'express agreement': ""Matt Lew expresses agreement with Fanny's suggestion to type their names in a specific way, indicating he approves of the idea.""}",83810.0,347,0
2021_05_21_ABI_S10,2021_05_21_ABI_S10,,,Yes.,,2021_05_21_ABI_S10_ABI,Matt Lew,,,,,723.75,724.0,,,ABI,723.875,"{'express agreement': ""Matt Lew expresses agreement with Fanny's suggestion to type their names in a specific way, indicating he approves of the idea.""}",83810.0,348,0
2021_05_21_ABI_S10,2021_05_21_ABI_S10,,,Thank you very much.,,2021_05_21_ABI_S10_ABI,Matt Lew,,,,,83955.0,83955.0,,,ABI,83955.0,"{'acknowledge contribution': ""Matt Lew is acknowledging Maryellen Giger's closing remarks and facilitation of the discussion.""}",83955.0,349,0
2021_05_21_ABI_S10,2021_05_21_ABI_S10,,,Thank you.,,2021_05_21_ABI_S10_ABI,Matt Lew,,,,,84794.0,84794.0,,,ABI,84794.0,{'acknowledge contribution': 'Matt Lew is acknowledging Maryellen Giger for letting him introduce himself.'},84794.0,350,0
2021_05_21_ABI_S10,2021_05_21_ABI_S10,,,Thank you.,,2021_05_21_ABI_S10_ABI,Matt Lew,,,,,656.0,656.7692307692307,,,ABI,656.3846153846154,"{'acknowledge contribution': ""Matt Lew acknowledges Maryellen's grammar correction, showing appreciation for her input.""}",85450.0,351,0
2021_05_21_ABI_S10,2021_05_21_ABI_S10,,,I appreciate it.,,2021_05_21_ABI_S10_ABI,Matt Lew,,,,,656.7692307692307,658.0,,,ABI,657.3846153846154,"{'acknowledge contribution': ""Matt Lew acknowledges Maryellen's grammar correction, showing appreciation for her input.""}",85450.0,352,0
2021_05_21_ABI_S10,2021_05_21_ABI_S10,,,Thanks.,,2021_05_21_ABI_S10_ABI,Matt Lew,,,,,659.0,659.4519442406456,,,ABI,659.2259721203228,"[{'expand on existing idea': ""Matt Lew builds on David's idea of latent space embeddings as a potential solution for harmonizing data, suggesting that instruments map to data collected from a common biological or chemical space.""}, {'present new idea': 'Matt Lew proposes exploring the possibilities of learning what this common space might be to make comparisons easier on a routine basis, which is a novel suggestion for harmonizing data.'}]",85453.0,353,0
2021_05_21_ABI_S10,2021_05_21_ABI_S10,,,"Um, so I wanted to maybe propose something to uh to to sort of um come off of of David's um points from earlier as a as a possible solution, but I don't know how to solve it.",,2021_05_21_ABI_S10_ABI,Matt Lew,,,,,659.4519442406456,670.6859867938372,,,ABI,665.0689655172414,"[{'expand on existing idea': ""Matt Lew builds on David's idea of latent space embeddings as a potential solution for harmonizing data, suggesting that instruments map to data collected from a common biological or chemical space.""}, {'present new idea': 'Matt Lew proposes exploring the possibilities of learning what this common space might be to make comparisons easier on a routine basis, which is a novel suggestion for harmonizing data.'}]",85453.0,354,0
2021_05_21_ABI_S10,2021_05_21_ABI_S10,,,"So, you know, um, we typically try to harmonize data sets in the measurement space because that's quantitative.",,2021_05_21_ABI_S10_ABI,Matt Lew,,,,,670.6859867938372,677.852531181218,,,ABI,674.2692589875276,"[{'expand on existing idea': ""Matt Lew builds on David's idea of latent space embeddings as a potential solution for harmonizing data, suggesting that instruments map to data collected from a common biological or chemical space.""}, {'present new idea': 'Matt Lew proposes exploring the possibilities of learning what this common space might be to make comparisons easier on a routine basis, which is a novel suggestion for harmonizing data.'}]",85453.0,355,0
2021_05_21_ABI_S10,2021_05_21_ABI_S10,,,"Uh, we kind of know how to think about photons or how to think about um uh, you know, magnetic fields or spins or you know, the things that that our instruments are designed to measure.",,2021_05_21_ABI_S10_ABI,Matt Lew,,,,,677.8525311812178,689.7967718268525,,,ABI,683.8246515040352,"[{'expand on existing idea': ""Matt Lew builds on David's idea of latent space embeddings as a potential solution for harmonizing data, suggesting that instruments map to data collected from a common biological or chemical space.""}, {'present new idea': 'Matt Lew proposes exploring the possibilities of learning what this common space might be to make comparisons easier on a routine basis, which is a novel suggestion for harmonizing data.'}]",85453.0,356,0
2021_05_21_ABI_S10,2021_05_21_ABI_S10,,,"Uh, but this this concept of a latent space or a low dimensional embedding that David talked about is kind of um interesting because honestly we're all imaging some some biological or chemical phenomena that that exists in some other space than the measurements that we've made.",,2021_05_21_ABI_S10_ABI,Matt Lew,,,,,689.7967718268525,707.7454145267792,,,ABI,698.7710931768158,"[{'expand on existing idea': ""Matt Lew builds on David's idea of latent space embeddings as a potential solution for harmonizing data, suggesting that instruments map to data collected from a common biological or chemical space.""}, {'present new idea': 'Matt Lew proposes exploring the possibilities of learning what this common space might be to make comparisons easier on a routine basis, which is a novel suggestion for harmonizing data.'}]",85453.0,357,0
2021_05_21_ABI_S10,2021_05_21_ABI_S10,,,"If you could figure out how to do this mapping, then you've got actually, you know, an object, a unique object that exists uh in its own space.",,2021_05_21_ABI_S10_ABI,Matt Lew,,,,,707.7454145267793,716.97798972854,,,ABI,712.3617021276597,"[{'expand on existing idea': ""Matt Lew builds on David's idea of latent space embeddings as a potential solution for harmonizing data, suggesting that instruments map to data collected from a common biological or chemical space.""}, {'present new idea': 'Matt Lew proposes exploring the possibilities of learning what this common space might be to make comparisons easier on a routine basis, which is a novel suggestion for harmonizing data.'}]",85453.0,358,0
2021_05_21_ABI_S10,2021_05_21_ABI_S10,,,"It's defined by its chemical properties, it's it's it's it's biological state or what have you.",,2021_05_21_ABI_S10_ABI,Matt Lew,,,,,716.97798972854,723.1115187087307,,,ABI,720.0447542186354,"[{'expand on existing idea': ""Matt Lew builds on David's idea of latent space embeddings as a potential solution for harmonizing data, suggesting that instruments map to data collected from a common biological or chemical space.""}, {'present new idea': 'Matt Lew proposes exploring the possibilities of learning what this common space might be to make comparisons easier on a routine basis, which is a novel suggestion for harmonizing data.'}]",85453.0,359,0
2021_05_21_ABI_S10,2021_05_21_ABI_S10,,,And then the instrument is simply a mapping to to the to the data that you collect.,,2021_05_21_ABI_S10_ABI,Matt Lew,,,,,723.1115187087307,728.470286133529,,,ABI,725.7909024211299,"[{'expand on existing idea': ""Matt Lew builds on David's idea of latent space embeddings as a potential solution for harmonizing data, suggesting that instruments map to data collected from a common biological or chemical space.""}, {'present new idea': 'Matt Lew proposes exploring the possibilities of learning what this common space might be to make comparisons easier on a routine basis, which is a novel suggestion for harmonizing data.'}]",85453.0,360,0
2021_05_21_ABI_S10,2021_05_21_ABI_S10,,,"And I'm just wondering um you know, what what possibilities are there for us to start learning what this common space might be or expressions of it so that we can um start uh, you know, making these things these comparisons more easy to to do on a routine basis.",,2021_05_21_ABI_S10_ABI,Matt Lew,,,,,728.4702861335289,745.3859134262656,,,ABI,736.9280997798973,"[{'expand on existing idea': ""Matt Lew builds on David's idea of latent space embeddings as a potential solution for harmonizing data, suggesting that instruments map to data collected from a common biological or chemical space.""}, {'present new idea': 'Matt Lew proposes exploring the possibilities of learning what this common space might be to make comparisons easier on a routine basis, which is a novel suggestion for harmonizing data.'}]",85453.0,361,0
2021_05_21_ABI_S10,2021_05_21_ABI_S10,,,"Um, so just just an idea.",,2021_05_21_ABI_S10_ABI,Matt Lew,,,,,745.3859134262657,747.0,,,ABI,746.1929567131328,"[{'expand on existing idea': ""Matt Lew builds on David's idea of latent space embeddings as a potential solution for harmonizing data, suggesting that instruments map to data collected from a common biological or chemical space.""}, {'present new idea': 'Matt Lew proposes exploring the possibilities of learning what this common space might be to make comparisons easier on a routine basis, which is a novel suggestion for harmonizing data.'}]",85453.0,362,0
2021_05_21_ABI_S10,2021_05_21_ABI_S10,,,"Uh, I'm happy to do it.",,2021_05_21_ABI_S10_ABI,Matt Lew,,,,,624.0,626.0,,,ABI,625.0,"{'express agreement': 'Matt Lew agrees to be the recorder, which was requested by Maryellen in the prior turn.'}",86077.0,363,0
2021_05_21_ABI_S10,2021_05_21_ABI_S10,,,We'll work on it.,,2021_05_21_ABI_S10_ABI,Matt Lew,,,,,86369.0,86369.0,,,ABI,86369.0,{'assign task': 'Matt Lew acknowledges the task assigned by Maryellen to record the definitions of quantitative imaging and confirms that he will work on it.'},86369.0,364,0
2021_05_21_ABI_S10,2021_05_21_ABI_S10,,,"Yeah, I agree.",,2021_05_21_ABI_S10_ABI,Matt Lew,,,,,643.0000000000001,644.0370370370371,,,ABI,643.5185185185186,"{'express agreement': 'Matt Lew explicitly agrees with the previous statement, indicating alignment with the ideas being discussed.', 'express enthusiasm': 'Matt Lew expresses enthusiasm with the statement ""That\'s great"", showing excitement and encouragement for the ideas being discussed.'}",87012.0,365,0
2021_05_21_ABI_S10,2021_05_21_ABI_S10,,,That's great.,,2021_05_21_ABI_S10_ABI,Matt Lew,,,,,644.037037037037,645.0,,,ABI,644.5185185185185,"{'express agreement': 'Matt Lew explicitly agrees with the previous statement, indicating alignment with the ideas being discussed.', 'express enthusiasm': 'Matt Lew expresses enthusiasm with the statement ""That\'s great"", showing excitement and encouragement for the ideas being discussed.'}",87012.0,366,0
2021_05_21_ABI_S10,2021_05_21_ABI_S10,,,"Yeah, I um actually just wanted to to to expand on Arnold's point.",,2021_05_21_ABI_S10_ABI,Matt Lew,,,,,1053.0,1059.7729257641922,,,ABI,1056.386462882096,"[{'expand on existing idea': ""Matt Lew is building upon Arnold's point about the challenges of standardization in discovery-based research, adding that the latent space reflects the experiments used to train the algorithm.""}]",87422.0,367,0
2021_05_21_ABI_S10,2021_05_21_ABI_S10,,,"Um, I guess when we map to this latent space is kind of reflective of all the experiments that you threw at the algorithm for it to learn and and and learn the mapping there.",,2021_05_21_ABI_S10_ABI,Matt Lew,,,,,1059.7729257641922,1077.6288209606987,,,ABI,1068.7008733624455,"[{'expand on existing idea': ""Matt Lew is building upon Arnold's point about the challenges of standardization in discovery-based research, adding that the latent space reflects the experiments used to train the algorithm.""}]",87422.0,368,0
2021_05_21_ABI_S10,2021_05_21_ABI_S10,,,"And if you're maybe there's some biological phenomenon that someone hasn't figured out the right sort of imaging conditions or probe or combination of temporal, I don't know, stimuli, right?",,2021_05_21_ABI_S10_ABI,Matt Lew,,,,,1077.6288209606987,1097.1266375545852,,,ABI,1087.377729257642,"[{'expand on existing idea': ""Matt Lew is building upon Arnold's point about the challenges of standardization in discovery-based research, adding that the latent space reflects the experiments used to train the algorithm.""}]",87422.0,369,0
2021_05_21_ABI_S10,2021_05_21_ABI_S10,,,To to to produce the result.,,2021_05_21_ABI_S10_ABI,Matt Lew,,,,,1097.1266375545852,1100.0,,,ABI,1098.5633187772926,"[{'expand on existing idea': ""Matt Lew is building upon Arnold's point about the challenges of standardization in discovery-based research, adding that the latent space reflects the experiments used to train the algorithm.""}]",87422.0,370,0
2021_05_21_ABI_S10,2021_05_21_ABI_S10,,,"Yeah, I'll try that right now.",,2021_05_21_ABI_S10_ABI,Matt Lew,,,,,687.0,688.304347826087,,,ABI,687.6521739130435,"{'assign task': ""Matt Lew volunteers to create a document and share the link in the chat, which is a task assigned to him by the group's need for a recorder."", 'confirm decision': ""Matt Lew confirms the decision to create a document and share the link in the chat by saying 'Yeah, I'll try that right now.'""}",88109.0,371,0
2021_05_21_ABI_S10,2021_05_21_ABI_S10,,,So let me create a doc and then I'll put the link in the chat.,,2021_05_21_ABI_S10_ABI,Matt Lew,,,,,688.304347826087,691.0,,,ABI,689.6521739130435,"{'assign task': ""Matt Lew volunteers to create a document and share the link in the chat, which is a task assigned to him by the group's need for a recorder."", 'confirm decision': ""Matt Lew confirms the decision to create a document and share the link in the chat by saying 'Yeah, I'll try that right now.'""}",88109.0,372,0
2021_05_21_ABI_S10,2021_05_21_ABI_S10,,,Can I can I ask is that the that is kinds of embeddings can be generated without metadata?,,2021_05_21_ABI_S10_ABI,Matt Lovett-Barron,,,,,697.0,702.0,,,ABI,699.5,"{'ask clarifying question': 'Matt Lovett-Barron asks a question to clarify whether the embeddings David Van Valen mentioned can be generated without metadata, seeking further explanation on the topic.'}",88119.0,373,0
2021_05_21_ABI_S10,2021_05_21_ABI_S10,,,I agree with that and I I'd say that one thing that um I think about with quantitative imaging is something that would be uh able to take something that has meaning in one experiment and be able to actually compare it to something in another experiment.,,2021_05_21_ABI_S10_ABI,Matt Lovett-Barron,,,,,826.0,843.6658354114713,,,ABI,834.8329177057357,"{'express agreement': ""Matt Lovett-Barron explicitly agrees with Fanny's definition of quantitative imaging."", 'expand on existing idea': 'Matt Lovett-Barron builds on the definition of quantitative imaging by adding the idea that the numbers obtained should be comparable across different experiments, implying a level of standardization and interpretability.'}",88248.0,374,0
2021_05_21_ABI_S10,2021_05_21_ABI_S10,,,"So not only that there are numbers, but that those numbers um are are regular enough that we know how to interpret them with respect to one another.",,2021_05_21_ABI_S10_ABI,Matt Lovett-Barron,,,,,843.6658354114713,854.0,,,ABI,848.8329177057357,"{'express agreement': ""Matt Lovett-Barron explicitly agrees with Fanny's definition of quantitative imaging."", 'expand on existing idea': 'Matt Lovett-Barron builds on the definition of quantitative imaging by adding the idea that the numbers obtained should be comparable across different experiments, implying a level of standardization and interpretability.'}",88248.0,375,0
2021_05_21_ABI_S10,2021_05_21_ABI_S10,,,I agree with this too because it I mean it allows for a few things.,,2021_05_21_ABI_S10_ABI,Matt Lovett-Barron,,,,,905.0,910.5947046843178,,,ABI,907.7973523421589,"{'express agreement': {'Explanation': 'Matt Lovett-Barron explicitly agrees with the idea of using a latent space, which was previously introduced by David Van Valen.'}, 'expand on existing idea': {'Explanation': 'Matt expands on the idea of using a latent space by explaining that it allows for organization of data in a more abstract space, which is useful when there is disagreement on labels and can help identify connections between data sets that might not be apparent otherwise.'}}",88327.0,376,0
2021_05_21_ABI_S10,2021_05_21_ABI_S10,,,"One is that if we all can't agree on labels, then at least having it in a more uh being able to organize our data in a more abstract uh space might be easy in the absence of us all sharing the same words we want to use to describe things.",,2021_05_21_ABI_S10_ABI,Matt Lovett-Barron,,,,,910.5947046843178,930.4684317718941,,,ABI,920.5315682281059,"{'express agreement': {'Explanation': 'Matt Lovett-Barron explicitly agrees with the idea of using a latent space, which was previously introduced by David Van Valen.'}, 'expand on existing idea': {'Explanation': 'Matt expands on the idea of using a latent space by explaining that it allows for organization of data in a more abstract space, which is useful when there is disagreement on labels and can help identify connections between data sets that might not be apparent otherwise.'}}",88327.0,377,0
2021_05_21_ABI_S10,2021_05_21_ABI_S10,,,"It also might help us see neighboring uh you know, ideas or or data sets that we wouldn't have realized had we decided to call them by, you know, whatever subjective names we decided on.",,2021_05_21_ABI_S10_ABI,Matt Lovett-Barron,,,,,930.4684317718941,946.0,,,ABI,938.234215885947,"{'express agreement': {'Explanation': 'Matt Lovett-Barron explicitly agrees with the idea of using a latent space, which was previously introduced by David Van Valen.'}, 'expand on existing idea': {'Explanation': 'Matt expands on the idea of using a latent space by explaining that it allows for organization of data in a more abstract space, which is useful when there is disagreement on labels and can help identify connections between data sets that might not be apparent otherwise.'}}",88327.0,378,0
2021_05_21_ABI_S10,2021_05_21_ABI_S10,,,If you can do this.,,2021_05_21_ABI_S10_ABI,Matt Lovett-Barron,,,,,88373.0,88373.0,,,ABI,88373.0,"{'express enthusiasm': 'Matt Lovett-Barron expresses enthusiasm for the latent space idea, building on the discussion about data standardization and integration, indicating his excitement about the potential of this approach.'}",88373.0,379,0
2021_05_21_ABI_S10,2021_05_21_ABI_S10,,,Mhm.,,2021_05_21_ABI_S10_ABI,Matt Lovett-Barron,,,,,904.0,905.0,,,ABI,904.5,"{'express agreement': ""Matt Lovett-Barron expresses agreement with David Van Valen's point about the pain point being wrangling the data into a usable format.""}",89277.0,380,0
2021_05_21_ABI_S10,2021_05_21_ABI_S10,,,"Okay, thank you, Fanny.",,2021_05_21_ABI_S10_ABI,Matt Lovett-Barron,,,,,751.0,752.0,,,ABI,751.5,"{'acknowledge contribution': {'Explanation': ""Matt Lovett-Barron acknowledges Fanny's contribution of adding his name to the document.""}}",90028.0,381,0
2021_05_21_ABI_S10,2021_05_21_ABI_S10,,,"Sorry, I still for some reason can't edit it online if someone wouldn't mind throwing my name on there.",,2021_05_21_ABI_S10_ABI,Matt Lovett-Barron,,,,,744.0000000000001,748.5575221238938,,,ABI,746.278761061947,"[{'assign task': 'Matt Lovett-Barron is asking someone to add his name to the document because he is having technical difficulties editing it himself, thus assigning a task to another person.'}]",90772.0,382,0
2021_05_21_ABI_S10,2021_05_21_ABI_S10,,,Thank you.,,2021_05_21_ABI_S10_ABI,Matt Lovett-Barron,,,,,748.5575221238937,749.0,,,ABI,748.7787610619469,"[{'assign task': 'Matt Lovett-Barron is asking someone to add his name to the document because he is having technical difficulties editing it himself, thus assigning a task to another person.'}]",90772.0,383,0
2021_05_21_ABI_S10,2021_05_21_ABI_S10,,,Thank you.,,2021_05_21_ABI_S10_ABI,Matt Lovett-Barron,,,,,90900.0,90900.0,,,ABI,90900.0,"{'acknowledge contribution': ""Matt Lovett-Barron is acknowledging Maryellen Giger's contribution to the discussion.""}",90900.0,384,0
2021_05_21_ABI_S10,2021_05_21_ABI_S10,,,"Uh like without additional documentation about how the image yeah, I mean, I suppose without maybe without detailed metadata beyond just knowing what what um how big the pixels are, what type of microscope you got it from that type of thing.",,2021_05_21_ABI_S10_ABI,Matt Lovett-Barron,,,,,707.0,718.0,,,ABI,712.5,"{'ask clarifying question': ""Matt Lovett-Barron is asking David Van Valen to clarify what he means by 'without metadata' in the context of generating embeddings, specifically inquiring if embeddings can be generated without detailed documentation about the image, beyond basic information like pixel size and microscope type, after David proposed generating machine learning methods that produce a vector embedding.""}",91607.0,385,0
2021_05_21_ABI_S10,2021_05_21_ABI_S10,,,Uh thanks yeah I'm,,2021_05_21_ABI_S10_ABI,Matt Lovett-Barron,,,,,800.0,801.0,,,ABI,800.5,"{'acknowledge contribution': 'The utterance ""Uh thanks"" acknowledges Maryellen Giger for inviting him to speak.'}",91700.0,386,0
2021_05_21_ABI_S10,2021_05_21_ABI_S10,,,"Uh yeah, I'm Matt Love Baron.",,2021_05_21_ABI_S10_ABI,Matt Lovett-Barron,,,,,842.0,843.6910669975186,,,ABI,842.8455334987593,"{'explain or define term or concept': 'Matt Lovett-Barron explains his research focus on neuroscience, aiming to understand the brain and neuron functions across multiple levels, including activity, connections, and biochemical activities.', 'expand on existing idea': 'Matt Lovett-Barron builds on the ideas discussed in the previous session about linking different types of datasets and extracting more information from images.', 'express enthusiasm': 'Matt Lovett-Barron expresses excitement about learning how to optimize the process of collecting and analyzing large datasets.'}",91742.0,387,0
2021_05_21_ABI_S10,2021_05_21_ABI_S10,,,I'm I'm an assistant professor at UC San Diego.,,2021_05_21_ABI_S10_ABI,Matt Lovett-Barron,,,,,843.6910669975185,846.4317617866005,,,ABI,845.0614143920595,"{'explain or define term or concept': 'Matt Lovett-Barron explains his research focus on neuroscience, aiming to understand the brain and neuron functions across multiple levels, including activity, connections, and biochemical activities.', 'expand on existing idea': 'Matt Lovett-Barron builds on the ideas discussed in the previous session about linking different types of datasets and extracting more information from images.', 'express enthusiasm': 'Matt Lovett-Barron expresses excitement about learning how to optimize the process of collecting and analyzing large datasets.'}",91742.0,388,0
2021_05_21_ABI_S10,2021_05_21_ABI_S10,,,I've been here almost a year uh and we're really focused on on neuroscience on trying to understand the brain and to understand how neurons work by looking across multiple levels from their activity to how they connect to each other to um what are the biochemical activities within the cell.,,2021_05_21_ABI_S10_ABI,Matt Lovett-Barron,,,,,846.4317617866005,863.4007444168734,,,ABI,854.916253101737,"{'explain or define term or concept': 'Matt Lovett-Barron explains his research focus on neuroscience, aiming to understand the brain and neuron functions across multiple levels, including activity, connections, and biochemical activities.', 'expand on existing idea': 'Matt Lovett-Barron builds on the ideas discussed in the previous session about linking different types of datasets and extracting more information from images.', 'express enthusiasm': 'Matt Lovett-Barron expresses excitement about learning how to optimize the process of collecting and analyzing large datasets.'}",91742.0,389,0
2021_05_21_ABI_S10,2021_05_21_ABI_S10,,,And so I'm interested in a lot of these ideas that are coming up here as to how to yeah link together all sorts of different types of data sets and this was touched upon in the previous session as well.,,2021_05_21_ABI_S10_ABI,Matt Lovett-Barron,,,,,863.4007444168734,875.1799007444168,,,ABI,869.2903225806451,"{'explain or define term or concept': 'Matt Lovett-Barron explains his research focus on neuroscience, aiming to understand the brain and neuron functions across multiple levels, including activity, connections, and biochemical activities.', 'expand on existing idea': 'Matt Lovett-Barron builds on the ideas discussed in the previous session about linking different types of datasets and extracting more information from images.', 'express enthusiasm': 'Matt Lovett-Barron expresses excitement about learning how to optimize the process of collecting and analyzing large datasets.'}",91742.0,390,0
2021_05_21_ABI_S10,2021_05_21_ABI_S10,,,Um but also how to get more information out of our our images and and set of images and I'm really interested in learning how to optimize this um as we start to collect these really huge data sets.,,2021_05_21_ABI_S10_ABI,Matt Lovett-Barron,,,,,875.179900744417,886.6674937965261,,,ABI,880.9236972704715,"{'explain or define term or concept': 'Matt Lovett-Barron explains his research focus on neuroscience, aiming to understand the brain and neuron functions across multiple levels, including activity, connections, and biochemical activities.', 'expand on existing idea': 'Matt Lovett-Barron builds on the ideas discussed in the previous session about linking different types of datasets and extracting more information from images.', 'express enthusiasm': 'Matt Lovett-Barron expresses excitement about learning how to optimize the process of collecting and analyzing large datasets.'}",91742.0,391,0
2021_05_21_ABI_S10,2021_05_21_ABI_S10,,,So I'm excited to learn more about that.,,2021_05_21_ABI_S10_ABI,Matt Lovett-Barron,,,,,886.6674937965261,889.0,,,ABI,887.833746898263,"{'explain or define term or concept': 'Matt Lovett-Barron explains his research focus on neuroscience, aiming to understand the brain and neuron functions across multiple levels, including activity, connections, and biochemical activities.', 'expand on existing idea': 'Matt Lovett-Barron builds on the ideas discussed in the previous session about linking different types of datasets and extracting more information from images.', 'express enthusiasm': 'Matt Lovett-Barron expresses excitement about learning how to optimize the process of collecting and analyzing large datasets.'}",91742.0,392,0
2021_05_21_ABI_S10,2021_05_21_ABI_S10,,,"Uh, yeah, I I I like the idea that David brought up earlier of having some sort of latent embedding space that you can put them in.",,2021_05_21_ABI_S10_ABI,Matt Lovett-Barron,,,,,999.0000000000001,1007.5434782608696,,,ABI,1003.2717391304349,"[{'express agreement': ""Matt expresses agreement with David's idea of using a latent embedding space to harmonize data, building on the discussion about quantitative imaging and data normalization.""}, {'expand on existing idea': 'Matt expands on the idea of a latent embedding space by discussing the challenges of data sharing in neuroscience and the resistance to adopting common data formats, drawing a parallel to the DICOM standard in medical imaging.'}]",91899.0,393,0
2021_05_21_ABI_S10,2021_05_21_ABI_S10,,,"Um, you know, something that's has tried to take off in in neuroscience or at least the world of neuroscience I'm in where people are recording neural activity from animals or humans and and it's oftentimes really hard to get that data.",,2021_05_21_ABI_S10_ABI,Matt Lovett-Barron,,,,,1007.5434782608696,1022.9347826086956,,,ABI,1015.2391304347826,"[{'express agreement': ""Matt expresses agreement with David's idea of using a latent embedding space to harmonize data, building on the discussion about quantitative imaging and data normalization.""}, {'expand on existing idea': 'Matt expands on the idea of a latent embedding space by discussing the challenges of data sharing in neuroscience and the resistance to adopting common data formats, drawing a parallel to the DICOM standard in medical imaging.'}]",91899.0,394,0
2021_05_21_ABI_S10,2021_05_21_ABI_S10,,,"It's very, you know, challenging and so people want to be able to share and have lots of people use and there's sort of a transition now to try and have things in a common data format and have it open that people can share, but I think there is largely a resistance for this to be widely adopted because as it requires a lot of work from every individual lab because it isn't built in uh by the the corporations that produce various microscopes or electrode arrays and and so forth.",,2021_05_21_ABI_S10_ABI,Matt Lovett-Barron,,,,,1022.9347826086956,1054.3695652173913,,,ABI,1038.6521739130435,"[{'express agreement': ""Matt expresses agreement with David's idea of using a latent embedding space to harmonize data, building on the discussion about quantitative imaging and data normalization.""}, {'expand on existing idea': 'Matt expands on the idea of a latent embedding space by discussing the challenges of data sharing in neuroscience and the resistance to adopting common data formats, drawing a parallel to the DICOM standard in medical imaging.'}]",91899.0,395,0
2021_05_21_ABI_S10,2021_05_21_ABI_S10,,,So there's not a lot of uh it's not a lot of motivation for people to end up doing this.,,2021_05_21_ABI_S10_ABI,Matt Lovett-Barron,,,,,1054.3695652173915,1060.108695652174,,,ABI,1057.2391304347827,"[{'express agreement': ""Matt expresses agreement with David's idea of using a latent embedding space to harmonize data, building on the discussion about quantitative imaging and data normalization.""}, {'expand on existing idea': 'Matt expands on the idea of a latent embedding space by discussing the challenges of data sharing in neuroscience and the resistance to adopting common data formats, drawing a parallel to the DICOM standard in medical imaging.'}]",91899.0,396,0
2021_05_21_ABI_S10,2021_05_21_ABI_S10,,,And it really is a lot of work from an individual scientist to take their data set and make it easy for others to use.,,2021_05_21_ABI_S10_ABI,Matt Lovett-Barron,,,,,1060.108695652174,1067.804347826087,,,ABI,1063.9565217391305,"[{'express agreement': ""Matt expresses agreement with David's idea of using a latent embedding space to harmonize data, building on the discussion about quantitative imaging and data normalization.""}, {'expand on existing idea': 'Matt expands on the idea of a latent embedding space by discussing the challenges of data sharing in neuroscience and the resistance to adopting common data formats, drawing a parallel to the DICOM standard in medical imaging.'}]",91899.0,397,0
2021_05_21_ABI_S10,2021_05_21_ABI_S10,,,"And so I I think I I like the idea of having what David brought up and that you, you know, if you have the basic metadata that you need and maybe take some responsible notes as you're collecting data that you can at least put it into a common embedding space uh so that you can try and uh interpret what data can connect to what.",,2021_05_21_ABI_S10_ABI,Matt Lovett-Barron,,,,,1067.804347826087,1089.2608695652175,,,ABI,1078.5326086956522,"[{'express agreement': ""Matt expresses agreement with David's idea of using a latent embedding space to harmonize data, building on the discussion about quantitative imaging and data normalization.""}, {'expand on existing idea': 'Matt expands on the idea of a latent embedding space by discussing the challenges of data sharing in neuroscience and the resistance to adopting common data formats, drawing a parallel to the DICOM standard in medical imaging.'}]",91899.0,398,0
2021_05_21_ABI_S10,2021_05_21_ABI_S10,,,"Uh, I don't know if that's the solution for my particular field or what, but I've noticed this has been an issue, like more of a sociological issue of of people not all getting on board and maybe the DICOM uh situation where you effectively have the hardware manufacturers, the corporate overlords agreeing to have common formats kind of forces everyone into that world and and maybe that's a a good way to go.",,2021_05_21_ABI_S10_ABI,Matt Lovett-Barron,,,,,1089.2608695652175,1116.0,,,ABI,1102.6304347826087,"[{'express agreement': ""Matt expresses agreement with David's idea of using a latent embedding space to harmonize data, building on the discussion about quantitative imaging and data normalization.""}, {'expand on existing idea': 'Matt expands on the idea of a latent embedding space by discussing the challenges of data sharing in neuroscience and the resistance to adopting common data formats, drawing a parallel to the DICOM standard in medical imaging.'}]",91899.0,399,0
2021_05_21_ABI_S10,2021_05_21_ABI_S10,,,Yeah.,,2021_05_21_ABI_S10_ABI,Matt Lovett-Barron,,,,,761.0,761.5,,,ABI,761.25,"[{'express agreement': ""Matt Lovett-Barron expresses agreement with David Van Valen's explanation regarding the need for metadata in generating embeddings, confirming his understanding and acceptance of the point.""}]",92660.0,400,0
2021_05_21_ABI_S10,2021_05_21_ABI_S10,,,Okay.,,2021_05_21_ABI_S10_ABI,Matt Lovett-Barron,,,,,761.5,762.0,,,ABI,761.75,"[{'express agreement': ""Matt Lovett-Barron expresses agreement with David Van Valen's explanation regarding the need for metadata in generating embeddings, confirming his understanding and acceptance of the point.""}]",92660.0,401,0
2021_05_21_ABI_S10,2021_05_21_ABI_S10,,,My understanding is uh the scoring can help us screening some information is that right?,,2021_05_21_ABI_S10_ABI,Qian Liu,,,,,1119.0,1125.139534883721,,,ABI,1122.0697674418604,"{'ask clarifying question': ""Vivian is asking for clarification on the purpose of the 'scoring' mentioned in the second question, specifically if it's meant for screening information, and if this understanding aligns with everyone else's or if there's a different definition in the AI world, following a discussion about quantitative imaging and its challenges.""}",93018.0,402,0
2021_05_21_ABI_S10,2021_05_21_ABI_S10,,,Is that uh like based on I mean our application.,,2021_05_21_ABI_S10_ABI,Qian Liu,,,,,1125.1395348837207,1128.4883720930231,,,ABI,1126.813953488372,"{'ask clarifying question': ""Vivian is asking for clarification on the purpose of the 'scoring' mentioned in the second question, specifically if it's meant for screening information, and if this understanding aligns with everyone else's or if there's a different definition in the AI world, following a discussion about quantitative imaging and its challenges.""}",93018.0,403,0
2021_05_21_ABI_S10,2021_05_21_ABI_S10,,,Is that uh everybody thinks or there is a different definition in the AI world?,,2021_05_21_ABI_S10_ABI,Qian Liu,,,,,1128.4883720930234,1134.0,,,ABI,1131.2441860465117,"{'ask clarifying question': ""Vivian is asking for clarification on the purpose of the 'scoring' mentioned in the second question, specifically if it's meant for screening information, and if this understanding aligns with everyone else's or if there's a different definition in the AI world, following a discussion about quantitative imaging and its challenges.""}",93018.0,404,0
2021_05_21_ABI_S10,2021_05_21_ABI_S10,,,So I want to make sure the uh the purpose of the scoring.,,2021_05_21_ABI_S10_ABI,Qian Liu,,,,,1143.0,1150.0,,,ABI,1146.5,"{'ask clarifying question': 'Vivian is asking for clarification on the purpose of ""scoring"" in the context of the discussion, specifically in relation to algorithm scoring mentioned in the second question.'}",93042.0,405,0
2021_05_21_ABI_S10,2021_05_21_ABI_S10,,,"So what I think the so the challenge here is in a in a cloud data set, we don't know uh we don't know which spot which dots are related to each other.",,2021_05_21_ABI_S10_ABI,Qian Liu,,,,,614.0000000000001,628.7783251231527,,,ABI,621.3891625615764,"{'present new idea': 'Vivian introduces the challenge of not knowing which spots or dots are related to each other in a cloud dataset, which is a novel problem presented to the group.', 'explain or define term or concept': 'Vivian explains the challenge of working with cloud datasets where the relationships between data points (spots/dots) are unknown, highlighting the need for algorithms to section or group them.', 'ask clarifying question': ""Although phrased as a statement, Vivian's utterance implicitly raises the question of how to address the challenge of identifying relationships between data points in cloud datasets, seeking potential solutions or approaches from the group.""}",93656.0,406,0
2021_05_21_ABI_S10,2021_05_21_ABI_S10,,,So we don't have an algorithm to really section them.,,2021_05_21_ABI_S10_ABI,Qian Liu,,,,,628.7783251231526,634.0,,,ABI,631.3891625615763,"{'present new idea': 'Vivian introduces the challenge of not knowing which spots or dots are related to each other in a cloud dataset, which is a novel problem presented to the group.', 'explain or define term or concept': 'Vivian explains the challenge of working with cloud datasets where the relationships between data points (spots/dots) are unknown, highlighting the need for algorithms to section or group them.', 'ask clarifying question': ""Although phrased as a statement, Vivian's utterance implicitly raises the question of how to address the challenge of identifying relationships between data points in cloud datasets, seeking potential solutions or approaches from the group.""}",93656.0,407,0
2021_05_21_ABI_S10,2021_05_21_ABI_S10,,,Sort of.,,2021_05_21_ABI_S10_ABI,Qian Liu,,,,,641.0000000000001,641.6787204450626,,,ABI,641.3393602225314,"[{'expand on existing idea': 'Vivian is expanding on her previous question about algorithm scoring by explaining the challenges in analyzing cloud data sets where the relationships between data points are unknown, building on the discussion about quantitative imaging and data normalization.'}, {'present new idea': 'Vivian presents the idea that prior knowledge (lower resolution imaging, biology, protein interactions) is needed to guide the analysis of cloud data sets, which is a novel concept in the context of the discussion.'}, {'express frustration': 'Vivian expresses frustration about the difficulty of using computers to identify protein clusters and interactions in images, which is easy for the human eye, showing her dissatisfaction with the current computational methods.'}]",93683.0,408,0
2021_05_21_ABI_S10,2021_05_21_ABI_S10,,,"So we have have we have to have some previous experience, either it's a lower resolution imaging or either you know the biology.",,2021_05_21_ABI_S10_ABI,Qian Liu,,,,,641.6787204450627,652.538247566064,,,ABI,647.1084840055634,"[{'expand on existing idea': 'Vivian is expanding on her previous question about algorithm scoring by explaining the challenges in analyzing cloud data sets where the relationships between data points are unknown, building on the discussion about quantitative imaging and data normalization.'}, {'present new idea': 'Vivian presents the idea that prior knowledge (lower resolution imaging, biology, protein interactions) is needed to guide the analysis of cloud data sets, which is a novel concept in the context of the discussion.'}, {'express frustration': 'Vivian expresses frustration about the difficulty of using computers to identify protein clusters and interactions in images, which is easy for the human eye, showing her dissatisfaction with the current computational methods.'}]",93683.0,409,0
2021_05_21_ABI_S10,2021_05_21_ABI_S10,,,Either you know that these two proteins somehow interacted.,,2021_05_21_ABI_S10_ABI,Qian Liu,,,,,652.5382475660639,657.5438108484005,,,ABI,655.0410292072322,"[{'expand on existing idea': 'Vivian is expanding on her previous question about algorithm scoring by explaining the challenges in analyzing cloud data sets where the relationships between data points are unknown, building on the discussion about quantitative imaging and data normalization.'}, {'present new idea': 'Vivian presents the idea that prior knowledge (lower resolution imaging, biology, protein interactions) is needed to guide the analysis of cloud data sets, which is a novel concept in the context of the discussion.'}, {'express frustration': 'Vivian expresses frustration about the difficulty of using computers to identify protein clusters and interactions in images, which is easy for the human eye, showing her dissatisfaction with the current computational methods.'}]",93683.0,410,0
2021_05_21_ABI_S10,2021_05_21_ABI_S10,,,So we don't we can't directly see it only by looking at those uh dots on the imaging or or the um so so that that brings me to another challenge.,,2021_05_21_ABI_S10_ABI,Qian Liu,,,,,657.5438108484005,669.8456189151599,,,ABI,663.6947148817802,"[{'expand on existing idea': 'Vivian is expanding on her previous question about algorithm scoring by explaining the challenges in analyzing cloud data sets where the relationships between data points are unknown, building on the discussion about quantitative imaging and data normalization.'}, {'present new idea': 'Vivian presents the idea that prior knowledge (lower resolution imaging, biology, protein interactions) is needed to guide the analysis of cloud data sets, which is a novel concept in the context of the discussion.'}, {'express frustration': 'Vivian expresses frustration about the difficulty of using computers to identify protein clusters and interactions in images, which is easy for the human eye, showing her dissatisfaction with the current computational methods.'}]",93683.0,411,0
2021_05_21_ABI_S10,2021_05_21_ABI_S10,,,"We have so many dots, we can't like with human eye, it is very easy to tell these two are clustering together. like these two species of proteins are related.",,2021_05_21_ABI_S10_ABI,Qian Liu,,,,,669.8456189151599,683.250347705146,,,ABI,676.547983310153,"[{'expand on existing idea': 'Vivian is expanding on her previous question about algorithm scoring by explaining the challenges in analyzing cloud data sets where the relationships between data points are unknown, building on the discussion about quantitative imaging and data normalization.'}, {'present new idea': 'Vivian presents the idea that prior knowledge (lower resolution imaging, biology, protein interactions) is needed to guide the analysis of cloud data sets, which is a novel concept in the context of the discussion.'}, {'express frustration': 'Vivian expresses frustration about the difficulty of using computers to identify protein clusters and interactions in images, which is easy for the human eye, showing her dissatisfaction with the current computational methods.'}]",93683.0,412,0
2021_05_21_ABI_S10,2021_05_21_ABI_S10,,,"But with the computer, when I wanted to generate uh get more data from it, like see uh how close they are, like how um how how and the the uh how much they interact.",,2021_05_21_ABI_S10_ABI,Qian Liu,,,,,683.2503477051462,697.248956884562,,,ABI,690.2496522948541,"[{'expand on existing idea': 'Vivian is expanding on her previous question about algorithm scoring by explaining the challenges in analyzing cloud data sets where the relationships between data points are unknown, building on the discussion about quantitative imaging and data normalization.'}, {'present new idea': 'Vivian presents the idea that prior knowledge (lower resolution imaging, biology, protein interactions) is needed to guide the analysis of cloud data sets, which is a novel concept in the context of the discussion.'}, {'express frustration': 'Vivian expresses frustration about the difficulty of using computers to identify protein clusters and interactions in images, which is easy for the human eye, showing her dissatisfaction with the current computational methods.'}]",93683.0,413,0
2021_05_21_ABI_S10,2021_05_21_ABI_S10,,,It's very difficult to have the computer do that for me.,,2021_05_21_ABI_S10_ABI,Qian Liu,,,,,697.248956884562,702.0,,,ABI,699.624478442281,"[{'expand on existing idea': 'Vivian is expanding on her previous question about algorithm scoring by explaining the challenges in analyzing cloud data sets where the relationships between data points are unknown, building on the discussion about quantitative imaging and data normalization.'}, {'present new idea': 'Vivian presents the idea that prior knowledge (lower resolution imaging, biology, protein interactions) is needed to guide the analysis of cloud data sets, which is a novel concept in the context of the discussion.'}, {'express frustration': 'Vivian expresses frustration about the difficulty of using computers to identify protein clusters and interactions in images, which is easy for the human eye, showing her dissatisfaction with the current computational methods.'}]",93683.0,414,0
2021_05_21_ABI_S10,2021_05_21_ABI_S10,,,"Yeah, yeah.",,2021_05_21_ABI_S10_ABI,Qian Liu,,,,,909.0,909.75,,,ABI,909.375,"{'express agreement': ""Vivian is agreeing with Gokul's suggestion of the word 'unbiased' to describe the type of interpretation they are seeking from AI, building on the discussion about validation and the need for algorithms to provide interpretations without previous judgment.""}",93951.0,415,0
2021_05_21_ABI_S10,2021_05_21_ABI_S10,,,Unbiased unbiased interpretation.,,2021_05_21_ABI_S10_ABI,Qian Liu,,,,,909.75,912.0,,,ABI,910.875,"{'express agreement': ""Vivian is agreeing with Gokul's suggestion of the word 'unbiased' to describe the type of interpretation they are seeking from AI, building on the discussion about validation and the need for algorithms to provide interpretations without previous judgment.""}",93951.0,416,0
2021_05_21_ABI_S10,2021_05_21_ABI_S10,,,"Yes, I want to I want to ask one question.",,2021_05_21_ABI_S10_ABI,Qian Liu,,,,,1109.0,1111.5,,,ABI,1110.25,"{'ask clarifying question': 'Vivian is asking for clarification on the purpose of the algorithm scoring mentioned in the second question, which was brought up by Maryellen in the previous turn.'}",94151.0,417,0
2021_05_21_ABI_S10,2021_05_21_ABI_S10,,,"Uh, so in the second question, there was algorithm that make scoring.",,2021_05_21_ABI_S10_ABI,Qian Liu,,,,,1111.5000000000002,1115.607142857143,,,ABI,1113.5535714285716,"{'ask clarifying question': 'Vivian is asking for clarification on the purpose of the algorithm scoring mentioned in the second question, which was brought up by Maryellen in the previous turn.'}",94151.0,418,0
2021_05_21_ABI_S10,2021_05_21_ABI_S10,,,So I want to make sure the uh the purpose of the scoring.,,2021_05_21_ABI_S10_ABI,Qian Liu,,,,,1115.6071428571427,1119.0,,,ABI,1117.3035714285713,"{'ask clarifying question': 'Vivian is asking for clarification on the purpose of the algorithm scoring mentioned in the second question, which was brought up by Maryellen in the previous turn.'}",94151.0,419,0
2021_05_21_ABI_S10,2021_05_21_ABI_S10,,,"Yes, it's kind of mask first and then you like focus on this spot.",,2021_05_21_ABI_S10_ABI,Qian Liu,,,,,724.0000000000001,729.3877551020408,,,ABI,726.6938775510205,"{'expand on existing idea': 'Vivian is expanding on her previous explanation of the challenges she faces with analyzing molecular-level images, building on the idea of needing a lower resolution guide to focus on specific areas within the high-resolution image.', 'explain or define term or concept': 'Vivian is explaining the concept of using a ""mask"" to first identify a region of interest before focusing on the details within that region, clarifying her approach to image analysis.', 'express frustration': 'Vivian expresses frustration about the difficulty of getting a computer to identify protein clusters and interactions in images, which is easy for the human eye.'}",94875.0,420,0
2021_05_21_ABI_S10,2021_05_21_ABI_S10,,,But like the the the the the details and then you'll look uh you look for more information.,,2021_05_21_ABI_S10_ABI,Qian Liu,,,,,729.387755102041,736.8163265306123,,,ABI,733.1020408163266,"{'expand on existing idea': 'Vivian is expanding on her previous explanation of the challenges she faces with analyzing molecular-level images, building on the idea of needing a lower resolution guide to focus on specific areas within the high-resolution image.', 'explain or define term or concept': 'Vivian is explaining the concept of using a ""mask"" to first identify a region of interest before focusing on the details within that region, clarifying her approach to image analysis.', 'express frustration': 'Vivian expresses frustration about the difficulty of getting a computer to identify protein clusters and interactions in images, which is easy for the human eye.'}",94875.0,421,0
2021_05_21_ABI_S10,2021_05_21_ABI_S10,,,So that was that was the big challenge.,,2021_05_21_ABI_S10_ABI,Qian Liu,,,,,736.8163265306123,740.0,,,ABI,738.4081632653061,"{'expand on existing idea': 'Vivian is expanding on her previous explanation of the challenges she faces with analyzing molecular-level images, building on the idea of needing a lower resolution guide to focus on specific areas within the high-resolution image.', 'explain or define term or concept': 'Vivian is explaining the concept of using a ""mask"" to first identify a region of interest before focusing on the details within that region, clarifying her approach to image analysis.', 'express frustration': 'Vivian expresses frustration about the difficulty of getting a computer to identify protein clusters and interactions in images, which is easy for the human eye.'}",94875.0,422,0
2021_05_21_ABI_S10,2021_05_21_ABI_S10,,,Yes.,,2021_05_21_ABI_S10_ABI,Qian Liu,,,,,850.9999999999999,851.368253968254,,,ABI,851.1841269841269,"[{'express frustration': 'The speaker expresses frustration about the difficulty of validating their algorithm results and comparing them to others, highlighting a challenge in their work.'}, {'present new idea': 'The speaker presents the idea of using AI or computation to analyze images without prior human judgment or bias, aiming for more unbiased results.'}]",95002.0,423,0
2021_05_21_ABI_S10,2021_05_21_ABI_S10,,,Um so that that's also another challenge I have.,,2021_05_21_ABI_S10_ABI,Qian Liu,,,,,851.368253968254,855.7873015873016,,,ABI,853.5777777777778,"[{'express frustration': 'The speaker expresses frustration about the difficulty of validating their algorithm results and comparing them to others, highlighting a challenge in their work.'}, {'present new idea': 'The speaker presents the idea of using AI or computation to analyze images without prior human judgment or bias, aiming for more unbiased results.'}]",95002.0,424,0
2021_05_21_ABI_S10,2021_05_21_ABI_S10,,,"One is validation, like I got I got my algorithm.",,2021_05_21_ABI_S10_ABI,Qian Liu,,,,,855.7873015873015,860.2984126984127,,,ABI,858.0428571428571,"[{'express frustration': 'The speaker expresses frustration about the difficulty of validating their algorithm results and comparing them to others, highlighting a challenge in their work.'}, {'present new idea': 'The speaker presents the idea of using AI or computation to analyze images without prior human judgment or bias, aiming for more unbiased results.'}]",95002.0,425,0
2021_05_21_ABI_S10,2021_05_21_ABI_S10,,,I analyze my data and I got this result and I can't compare it to other people.,,2021_05_21_ABI_S10_ABI,Qian Liu,,,,,860.2984126984128,867.5714285714286,,,ABI,863.9349206349207,"[{'express frustration': 'The speaker expresses frustration about the difficulty of validating their algorithm results and comparing them to others, highlighting a challenge in their work.'}, {'present new idea': 'The speaker presents the idea of using AI or computation to analyze images without prior human judgment or bias, aiming for more unbiased results.'}]",95002.0,426,0
2021_05_21_ABI_S10,2021_05_21_ABI_S10,,,"And also because right now, um for a lot of the images like processing uh at least uh my collaborator and me, we're still kind of using human eyes and or or like previous experience to guide the development of algorithm.",,2021_05_21_ABI_S10_ABI,Qian Liu,,,,,867.5714285714287,887.8253968253969,,,ABI,877.6984126984128,"[{'express frustration': 'The speaker expresses frustration about the difficulty of validating their algorithm results and comparing them to others, highlighting a challenge in their work.'}, {'present new idea': 'The speaker presents the idea of using AI or computation to analyze images without prior human judgment or bias, aiming for more unbiased results.'}]",95002.0,427,0
2021_05_21_ABI_S10,2021_05_21_ABI_S10,,,But the previous experience may be not true.,,2021_05_21_ABI_S10_ABI,Qian Liu,,,,,887.8253968253969,891.8761904761905,,,ABI,889.8507936507937,"[{'express frustration': 'The speaker expresses frustration about the difficulty of validating their algorithm results and comparing them to others, highlighting a challenge in their work.'}, {'present new idea': 'The speaker presents the idea of using AI or computation to analyze images without prior human judgment or bias, aiming for more unbiased results.'}]",95002.0,428,0
2021_05_21_ABI_S10,2021_05_21_ABI_S10,,,Uh so that's why we ask for AI or computation to do that without without any uh what is it?,,2021_05_21_ABI_S10_ABI,Qian Liu,,,,,891.8761904761905,900.2539682539682,,,ABI,896.0650793650793,"[{'express frustration': 'The speaker expresses frustration about the difficulty of validating their algorithm results and comparing them to others, highlighting a challenge in their work.'}, {'present new idea': 'The speaker presents the idea of using AI or computation to analyze images without prior human judgment or bias, aiming for more unbiased results.'}]",95002.0,429,0
2021_05_21_ABI_S10,2021_05_21_ABI_S10,,,Um judgment.,,2021_05_21_ABI_S10_ABI,Qian Liu,,,,,900.2539682539682,901.3587301587302,,,ABI,900.8063492063492,"[{'express frustration': 'The speaker expresses frustration about the difficulty of validating their algorithm results and comparing them to others, highlighting a challenge in their work.'}, {'present new idea': 'The speaker presents the idea of using AI or computation to analyze images without prior human judgment or bias, aiming for more unbiased results.'}]",95002.0,430,0
2021_05_21_ABI_S10,2021_05_21_ABI_S10,,,"So without previous judgment, that way we get more um uh we get we get uh unbiased.",,2021_05_21_ABI_S10_ABI,Qian Liu,,,,,901.3587301587302,909.0,,,ABI,905.1793650793651,"[{'express frustration': 'The speaker expresses frustration about the difficulty of validating their algorithm results and comparing them to others, highlighting a challenge in their work.'}, {'present new idea': 'The speaker presents the idea of using AI or computation to analyze images without prior human judgment or bias, aiming for more unbiased results.'}]",95002.0,431,0
2021_05_21_ABI_S10,2021_05_21_ABI_S10,,,what about uh the uh like we do not have uh a standard for verification.,,2021_05_21_ABI_S10_ABI,Qian Liu,,,,,737.0,745.0,,,ABI,741.0,"{'present new idea': 'Vivian is presenting the idea that there is a lack of a standard for verification, which has not been explicitly mentioned before in this specific way.'}",95739.0,432,0
2021_05_21_ABI_S10,2021_05_21_ABI_S10,,,"But I think the at least for where I come from, I mean, I think the the major bottlenecks are I think very much what what Dave said, which is data sharing and being able to like if I get some data and then one of you get some data and somebody else gets some data and we did the exact same sample, do we get the same answer?",,2021_05_21_ABI_S10_ABI,Sapun Parekh,,,,,769.0000000000001,787.3711340206186,,,ABI,778.1855670103093,"[{'provide supporting evidence': ""Sapun supports his claim about bottlenecks in quantitative imaging by describing a scenario where different researchers analyzing the same sample may not arrive at the same answer, highlighting the lack of standardization and data sharing issues, which aligns with David's earlier point about data practices.""}, {'express frustration': 'Sapun expresses frustration with the current state of quantitative imaging, stating that the lack of standardization and data sharing is a ""pretty big bottleneck"" and that the answer to whether different researchers get the same result from the same sample is ""a resounding no for 90% of the cases"", which he finds ""kind of sad.""'}]",95771.0,433,0
2021_05_21_ABI_S10,2021_05_21_ABI_S10,,,And I think that's a pretty big bottleneck for quantitative imaging because I got to be honest and I think the answer is a resounding no for 90% of the cases.,,2021_05_21_ABI_S10_ABI,Sapun Parekh,,,,,787.3711340206186,796.3298969072165,,,ABI,791.8505154639175,"[{'provide supporting evidence': ""Sapun supports his claim about bottlenecks in quantitative imaging by describing a scenario where different researchers analyzing the same sample may not arrive at the same answer, highlighting the lack of standardization and data sharing issues, which aligns with David's earlier point about data practices.""}, {'express frustration': 'Sapun expresses frustration with the current state of quantitative imaging, stating that the lack of standardization and data sharing is a ""pretty big bottleneck"" and that the answer to whether different researchers get the same result from the same sample is ""a resounding no for 90% of the cases"", which he finds ""kind of sad.""'}]",95771.0,434,0
2021_05_21_ABI_S10,2021_05_21_ABI_S10,,,"And I think that that's kind of sad, but like that's that's the truth, right?",,2021_05_21_ABI_S10_ABI,Sapun Parekh,,,,,796.3298969072164,800.6958762886597,,,ABI,798.5128865979381,"[{'provide supporting evidence': ""Sapun supports his claim about bottlenecks in quantitative imaging by describing a scenario where different researchers analyzing the same sample may not arrive at the same answer, highlighting the lack of standardization and data sharing issues, which aligns with David's earlier point about data practices.""}, {'express frustration': 'Sapun expresses frustration with the current state of quantitative imaging, stating that the lack of standardization and data sharing is a ""pretty big bottleneck"" and that the answer to whether different researchers get the same result from the same sample is ""a resounding no for 90% of the cases"", which he finds ""kind of sad.""'}]",95771.0,435,0
2021_05_21_ABI_S10,2021_05_21_ABI_S10,,,Like somebody has a little special trick there or a little trick there that they process it with and it's not always available.,,2021_05_21_ABI_S10_ABI,Sapun Parekh,,,,,800.6958762886597,807.8969072164948,,,ABI,804.2963917525773,"[{'provide supporting evidence': ""Sapun supports his claim about bottlenecks in quantitative imaging by describing a scenario where different researchers analyzing the same sample may not arrive at the same answer, highlighting the lack of standardization and data sharing issues, which aligns with David's earlier point about data practices.""}, {'express frustration': 'Sapun expresses frustration with the current state of quantitative imaging, stating that the lack of standardization and data sharing is a ""pretty big bottleneck"" and that the answer to whether different researchers get the same result from the same sample is ""a resounding no for 90% of the cases"", which he finds ""kind of sad.""'}]",95771.0,436,0
2021_05_21_ABI_S10,2021_05_21_ABI_S10,,,And I find that that that limits a lot of progress because it doesn't allow us to really standardize things across different institutions or instruments or setups and so I've seen some databases go up that try to provide that information.,,2021_05_21_ABI_S10_ABI,Sapun Parekh,,,,,807.8969072164949,821.3917525773196,,,ABI,814.6443298969073,"[{'provide supporting evidence': ""Sapun supports his claim about bottlenecks in quantitative imaging by describing a scenario where different researchers analyzing the same sample may not arrive at the same answer, highlighting the lack of standardization and data sharing issues, which aligns with David's earlier point about data practices.""}, {'express frustration': 'Sapun expresses frustration with the current state of quantitative imaging, stating that the lack of standardization and data sharing is a ""pretty big bottleneck"" and that the answer to whether different researchers get the same result from the same sample is ""a resounding no for 90% of the cases"", which he finds ""kind of sad.""'}]",95771.0,437,0
2021_05_21_ABI_S10,2021_05_21_ABI_S10,,,"I've participated in some of them as well to just give away everything, all the metadata, all the code, everything you have to try to make it transferable, but I I don't know to me that's the bottleneck to doing really quantitative imaging.",,2021_05_21_ABI_S10_ABI,Sapun Parekh,,,,,821.3917525773195,835.0,,,ABI,828.1958762886597,"[{'provide supporting evidence': ""Sapun supports his claim about bottlenecks in quantitative imaging by describing a scenario where different researchers analyzing the same sample may not arrive at the same answer, highlighting the lack of standardization and data sharing issues, which aligns with David's earlier point about data practices.""}, {'express frustration': 'Sapun expresses frustration with the current state of quantitative imaging, stating that the lack of standardization and data sharing is a ""pretty big bottleneck"" and that the answer to whether different researchers get the same result from the same sample is ""a resounding no for 90% of the cases"", which he finds ""kind of sad.""'}]",95771.0,438,0
2021_05_21_ABI_S10,2021_05_21_ABI_S10,,,Context?,,2021_05_21_ABI_S10_ABI,Sapun Parekh,,,,,658.0,658.9302325581396,,,ABI,658.4651162790698,"{'explain or define term or concept': ""Sapun is defining the term 'context' in relation to the discussion about quantitative imaging and data sharing, which is relevant to the previous discussion about standardizing data across different institutions.""}",96429.0,439,0
2021_05_21_ABI_S10,2021_05_21_ABI_S10,,,Just the context in which the image,,2021_05_21_ABI_S10_ABI,Sapun Parekh,,,,,658.9302325581396,663.0,,,ABI,660.9651162790698,"{'explain or define term or concept': ""Sapun is defining the term 'context' in relation to the discussion about quantitative imaging and data sharing, which is relevant to the previous discussion about standardizing data across different institutions.""}",96429.0,440,0
2021_05_21_ABI_S10,2021_05_21_ABI_S10,,,I guess I got to say I'm pretty intrigued by this idea of the latent space.,,2021_05_21_ABI_S10_ABI,Sapun Parekh,,,,,813.0000000000001,817.0129151291513,,,ABI,815.0064575645757,"[{'express enthusiasm': 'Sapun expresses his intrigue with the idea of a latent space, showing enthusiasm for the concept that Matt Lew proposed earlier.', 'ask clarifying question': 'Sapun asks Dave to summarize the paper and clarify how many different modalities are being put into the latent space, seeking a better understanding of the concept.'}]",96584.0,441,0
2021_05_21_ABI_S10,2021_05_21_ABI_S10,,,"I haven't read the paper that Dave uh put up there, but I I don't know.",,2021_05_21_ABI_S10_ABI,Sapun Parekh,,,,,817.0129151291512,820.8118081180812,,,ABI,818.9123616236162,"[{'express enthusiasm': 'Sapun expresses his intrigue with the idea of a latent space, showing enthusiasm for the concept that Matt Lew proposed earlier.', 'ask clarifying question': 'Sapun asks Dave to summarize the paper and clarify how many different modalities are being put into the latent space, seeking a better understanding of the concept.'}]",96584.0,442,0
2021_05_21_ABI_S10,2021_05_21_ABI_S10,,,"I mean, maybe you can just summarize Dave because I I haven't read it.",,2021_05_21_ABI_S10_ABI,Sapun Parekh,,,,,820.8118081180811,824.5571955719557,,,ABI,822.6845018450184,"[{'express enthusiasm': 'Sapun expresses his intrigue with the idea of a latent space, showing enthusiasm for the concept that Matt Lew proposed earlier.', 'ask clarifying question': 'Sapun asks Dave to summarize the paper and clarify how many different modalities are being put into the latent space, seeking a better understanding of the concept.'}]",96584.0,443,0
2021_05_21_ABI_S10,2021_05_21_ABI_S10,,,It sounds like you have.,,2021_05_21_ABI_S10_ABI,Sapun Parekh,,,,,824.5571955719558,825.8413284132841,,,ABI,825.19926199262,"[{'express enthusiasm': 'Sapun expresses his intrigue with the idea of a latent space, showing enthusiasm for the concept that Matt Lew proposed earlier.', 'ask clarifying question': 'Sapun asks Dave to summarize the paper and clarify how many different modalities are being put into the latent space, seeking a better understanding of the concept.'}]",96584.0,444,0
2021_05_21_ABI_S10,2021_05_21_ABI_S10,,,So how many different modalities are we putting?,,2021_05_21_ABI_S10_ABI,Sapun Parekh,,,,,825.8413284132841,828.409594095941,,,ABI,827.1254612546126,"[{'express enthusiasm': 'Sapun expresses his intrigue with the idea of a latent space, showing enthusiasm for the concept that Matt Lew proposed earlier.', 'ask clarifying question': 'Sapun asks Dave to summarize the paper and clarify how many different modalities are being put into the latent space, seeking a better understanding of the concept.'}]",96584.0,445,0
2021_05_21_ABI_S10,2021_05_21_ABI_S10,,,"I mean, are we talking about so when I think of a latent space, I think of some sort of reduction amount of materials that still conveys the let's call it the main idea or the main message from what that data set was and they're all in one smaller space.",,2021_05_21_ABI_S10_ABI,Sapun Parekh,,,,,828.409594095941,842.0,,,ABI,835.2047970479705,"[{'express enthusiasm': 'Sapun expresses his intrigue with the idea of a latent space, showing enthusiasm for the concept that Matt Lew proposed earlier.', 'ask clarifying question': 'Sapun asks Dave to summarize the paper and clarify how many different modalities are being put into the latent space, seeking a better understanding of the concept.'}]",96584.0,446,0
2021_05_21_ABI_S10,2021_05_21_ABI_S10,,,"I kind of feel like well, I I guess I feel like maybe a good thing to tell everybody from the reporter is what the definition that we come up with for quantitative imaging actually is.",,2021_05_21_ABI_S10_ABI,Sapun Parekh,,,,,1180.0,1191.8037735849057,,,ABI,1185.9018867924528,"{'propose decision': {'Explanation': 'Sapun suggests that the group should clarify the definition of quantitative imaging to ensure everyone is on the same page, building on the earlier discussion about its definition.'}}",96951.0,447,0
2021_05_21_ABI_S10,2021_05_21_ABI_S10,,,And how broad or narrow that might be because maybe they also see it differently.,,2021_05_21_ABI_S10_ABI,Sapun Parekh,,,,,1191.8037735849057,1197.0,,,ABI,1194.4018867924528,"{'propose decision': {'Explanation': 'Sapun suggests that the group should clarify the definition of quantitative imaging to ensure everyone is on the same page, building on the earlier discussion about its definition.'}}",96951.0,448,0
2021_05_21_ABI_S10,2021_05_21_ABI_S10,,,"I think yeah, I think we're discussing those two questions.",,2021_05_21_ABI_S10_ABI,Sapun Parekh,,,,,766.0,769.0,,,ABI,767.5,"[{'acknowledge contribution': 'The speaker acknowledges the discussion, recognizing the contributions of others without necessarily agreeing or expanding on their points.'}]",97717.0,449,0
2021_05_21_ABI_S10,2021_05_21_ABI_S10,,,"I would have I that's a that's a fair point, but I I guess I feel like in the combination in the latent space, you produce also new opportunities that you would have never recognized and you of course can, you know, some sort of uh subsume some of those that might have been fortuitous where you can try them along.",,2021_05_21_ABI_S10_ABI,Sapun Parekh,,,,,1100.0,1130.1875,,,ABI,1115.09375,"{'expand on existing idea': 'Sapun builds on the idea of using a latent space for data integration, adding that it can create new opportunities and allow for the inclusion of fortuitous findings, which expands on the previous discussion about latent space and data standardization.', 'express agreement': 'Sapun agrees with the previous point made, acknowledging it as a fair point before expanding on the idea of latent space.'}",98051.0,450,0
2021_05_21_ABI_S10,2021_05_21_ABI_S10,,,"But nobody's saying you couldn't acquire the data in your own lab in whatever that latent space or real space, you know, real instrument, the home build that you do.",,2021_05_21_ABI_S10_ABI,Sapun Parekh,,,,,1130.1875,1146.0,,,ABI,1138.09375,"{'expand on existing idea': 'Sapun builds on the idea of using a latent space for data integration, adding that it can create new opportunities and allow for the inclusion of fortuitous findings, which expands on the previous discussion about latent space and data standardization.', 'express agreement': 'Sapun agrees with the previous point made, acknowledging it as a fair point before expanding on the idea of latent space.'}",98051.0,451,0
2021_05_21_ABI_S10,2021_05_21_ABI_S10,,,Okay.,,2021_05_21_ABI_S10_ABI,Sapun Parekh,,,,,860.0,864.0,,,ABI,862.0,"[{'acknowledge contribution': ""Sapun is acknowledging David's explanation of the latent space concept, but not necessarily agreeing or expanding on it.""}]",98911.0,452,0
2021_05_21_ABI_S10,2021_05_21_ABI_S10,,,Thank you.,,2021_05_21_ABI_S10_ABI,Sapun Parekh,,,,,873.0,874.0,,,ABI,873.5,"{'Matt Lew: Thank you very much. ': {'10': 'express agreement', 'Explanation': ""Matt Lew is expressing agreement with Maryellen Giger's closing remarks and thanking the group for the discussion.""}}",98924.0,453,0
2021_05_21_ABI_S10,2021_05_21_ABI_S10,,,"Yeah, we put out a data set very similar to that in the last year doing exactly that segmenting nuclei and and cells for people who want to develop algorithms because we are not good at that to actually try to do that.",,2021_05_21_ABI_S10_ABI,Sapun Parekh,,,,,975.0,988.0,,,ABI,981.5,"{'provide supporting evidence': 'Sapun mentions that they released a dataset for segmenting nuclei and cells, similar to what David mentioned, to help others develop algorithms, providing a concrete example of a resource available to the community.', 'acknowledge contribution': ""Sapun's statement acknowledges David's previous point about the value of reference datasets by mentioning their own similar contribution.""}",99026.0,454,0
2021_05_21_ABI_S10,2021_05_21_ABI_S10,,,"annotative algorithms, having something that's reproducible to compare against.",,2021_05_21_ABI_S10_ABI,Sapun Parekh,,,,,614.0,618.3090909090909,,,ABI,616.1545454545454,"[{'expand on existing idea': 'Building on the discussion about data standardization and sharing, the speaker expands on the idea of reference datasets, suggesting they are crucial for comparing and validating algorithms, which was brought up by Vivian and David.'}, {'provide supporting evidence': 'The speaker supports the idea of reference datasets by stating that they provide a ground truth for comparison, allowing researchers to determine if an algorithm is truly an improvement or just specific to their microscope.'}]",99640.0,455,0
2021_05_21_ABI_S10,2021_05_21_ABI_S10,,,"So this reference data set idea, a ground truth for which you know you actually made something better, or you just made something that was cool for your microscope.",,2021_05_21_ABI_S10_ABI,Sapun Parekh,,,,,618.3090909090909,627.2545454545455,,,ABI,622.7818181818182,"[{'expand on existing idea': 'Building on the discussion about data standardization and sharing, the speaker expands on the idea of reference datasets, suggesting they are crucial for comparing and validating algorithms, which was brought up by Vivian and David.'}, {'provide supporting evidence': 'The speaker supports the idea of reference datasets by stating that they provide a ground truth for comparison, allowing researchers to determine if an algorithm is truly an improvement or just specific to their microscope.'}]",99640.0,456,0
2021_05_21_ABI_S10,2021_05_21_ABI_S10,,,"Either one is fine, right?",,2021_05_21_ABI_S10_ABI,Sapun Parekh,,,,,627.2545454545453,628.6727272727272,,,ABI,627.9636363636363,"[{'expand on existing idea': 'Building on the discussion about data standardization and sharing, the speaker expands on the idea of reference datasets, suggesting they are crucial for comparing and validating algorithms, which was brought up by Vivian and David.'}, {'provide supporting evidence': 'The speaker supports the idea of reference datasets by stating that they provide a ground truth for comparison, allowing researchers to determine if an algorithm is truly an improvement or just specific to their microscope.'}]",99640.0,457,0
2021_05_21_ABI_S10,2021_05_21_ABI_S10,,,But I think it changes the perception of those of us outside.,,2021_05_21_ABI_S10_ABI,Sapun Parekh,,,,,628.6727272727273,632.0,,,ABI,630.3363636363637,"[{'expand on existing idea': 'Building on the discussion about data standardization and sharing, the speaker expands on the idea of reference datasets, suggesting they are crucial for comparing and validating algorithms, which was brought up by Vivian and David.'}, {'provide supporting evidence': 'The speaker supports the idea of reference datasets by stating that they provide a ground truth for comparison, allowing researchers to determine if an algorithm is truly an improvement or just specific to their microscope.'}]",99640.0,458,0
2021_05_21_ABI_S10,2021_05_21_ABI_S10,,,Um yeah.,,2021_05_21_ABI_S10_ABI,Srigokul Upadhyayula,,,,,929.0,930.0,,,ABI,929.5,{'None': 'This utterance does not contain any content that can be mapped to the codebook.'},99955.0,459,0
2021_05_21_ABI_S10,2021_05_21_ABI_S10,,,Um.,,2021_05_21_ABI_S10_ABI,Srigokul Upadhyayula,,,,,100151.0,100151.0,,,ABI,100151.0,{'None': 'This utterance does not contain any content that can be coded.'},100151.0,460,0
2021_05_21_ABI_S10,2021_05_21_ABI_S10,,,Unbiased.,,2021_05_21_ABI_S10_ABI,Srigokul Upadhyayula,,,,,101060.0,101060.0,,,ABI,101060.0,"{'express agreement': 'Gokul says ""Unbiased"", agreeing with Vivian\'s statement about the need for AI to provide unbiased analysis.'}",101060.0,461,0
2021_05_21_ABI_S10,2021_05_21_ABI_S10,,,"Yeah, I think for the first question at least, um, it really depends on whether we are hypothesis testing or we're hypothesis generating using the information or using the images that that we've collected.",,2021_05_21_ABI_S10_ABI,Srigokul Upadhyayula,,,,,1058.0000000000002,1085.47,,,ABI,1071.7350000000001,"[{'present new idea': 'Gokul introduces the idea that the approach to getting information from images depends on whether the goal is hypothesis testing or hypothesis generation, which is a novel consideration in the context of the discussion so far.'}, {'expand on existing idea': 'Gokul expands on the idea of hypothesis generation, adding that it is more likely to lead to new discoveries but requires large quantities of data, building on the previous discussion about quantitative imaging and its applications.'}]",101209.0,462,0
2021_05_21_ABI_S10,2021_05_21_ABI_S10,,,"Um, of course the the latter, oh sorry, the the former of hypothesis generating um is most likely when we are likely to to um make new discoveries because that's something that we haven't seen.",,2021_05_21_ABI_S10_ABI,Srigokul Upadhyayula,,,,,1085.47,1111.332,,,ABI,1098.401,"[{'present new idea': 'Gokul introduces the idea that the approach to getting information from images depends on whether the goal is hypothesis testing or hypothesis generation, which is a novel consideration in the context of the discussion so far.'}, {'expand on existing idea': 'Gokul expands on the idea of hypothesis generation, adding that it is more likely to lead to new discoveries but requires large quantities of data, building on the previous discussion about quantitative imaging and its applications.'}]",101209.0,463,0
2021_05_21_ABI_S10,2021_05_21_ABI_S10,,,"Um, but to do so requires um again, quantities of data where you're looking for needles in a haystack.",,2021_05_21_ABI_S10_ABI,Srigokul Upadhyayula,,,,,1111.3319999999999,1125.0,,,ABI,1118.166,"[{'present new idea': 'Gokul introduces the idea that the approach to getting information from images depends on whether the goal is hypothesis testing or hypothesis generation, which is a novel consideration in the context of the discussion so far.'}, {'expand on existing idea': 'Gokul expands on the idea of hypothesis generation, adding that it is more likely to lead to new discoveries but requires large quantities of data, building on the previous discussion about quantitative imaging and its applications.'}]",101209.0,464,0
2021_05_21_ABI_S10,2021_05_21_ABI_S10,,,"Yeah, thanks.",,2021_05_21_ABI_S10_ABI,Srigokul Upadhyayula,,,,,753.0,753.6842105263158,,,ABI,753.3421052631579,"[{'provide supporting evidence': 'Gokul explains that the diversity in cells at cellular and subcellular scales, along with differences in probes and expression levels, makes it difficult to achieve quantitative imaging across different labs, supporting the idea that standardization is challenging.'}, {'expand on existing idea': ""Gokul expands on the discussion about data formats by explaining why it's difficult to share data and conform to a single format, citing the varying requirements of different labs, such as the need for parallel reads and writes for large volumetric datasets.""}]",101962.0,465,0
2021_05_21_ABI_S10,2021_05_21_ABI_S10,,,"Um, one one big elephant in the room is that or or rather the reasons why I feel like, you know, we still have these problems and we haven't been able to solve them given that the EM field has been able to do that, the medical imaging community has been able to do that is when we're looking at cells at either the cellular scale or the subcellular scale, the diversity um is is vast.",,2021_05_21_ABI_S10_ABI,Srigokul Upadhyayula,,,,,753.684210526316,773.8947368421053,,,ABI,763.7894736842106,"[{'provide supporting evidence': 'Gokul explains that the diversity in cells at cellular and subcellular scales, along with differences in probes and expression levels, makes it difficult to achieve quantitative imaging across different labs, supporting the idea that standardization is challenging.'}, {'expand on existing idea': ""Gokul expands on the discussion about data formats by explaining why it's difficult to share data and conform to a single format, citing the varying requirements of different labs, such as the need for parallel reads and writes for large volumetric datasets.""}]",101962.0,466,0
2021_05_21_ABI_S10,2021_05_21_ABI_S10,,,"Um, both in the context of the probes that you're using to to measure the responses like fluorescent proteins or or the conjugations of dyes, um, the expression levels can be different.",,2021_05_21_ABI_S10_ABI,Srigokul Upadhyayula,,,,,773.8947368421053,783.6315789473684,,,ABI,778.7631578947369,"[{'provide supporting evidence': 'Gokul explains that the diversity in cells at cellular and subcellular scales, along with differences in probes and expression levels, makes it difficult to achieve quantitative imaging across different labs, supporting the idea that standardization is challenging.'}, {'expand on existing idea': ""Gokul expands on the discussion about data formats by explaining why it's difficult to share data and conform to a single format, citing the varying requirements of different labs, such as the need for parallel reads and writes for large volumetric datasets.""}]",101962.0,467,0
2021_05_21_ABI_S10,2021_05_21_ABI_S10,,,"Um, so so that makes it difficult to make it quantitative because you can take an image of mitochondria, uh, protein expression in one lab and try to draw the same conclusions than a different lab, it makes no sense, right?",,2021_05_21_ABI_S10_ABI,Srigokul Upadhyayula,,,,,783.6315789473684,795.3684210526316,,,ABI,789.5,"[{'provide supporting evidence': 'Gokul explains that the diversity in cells at cellular and subcellular scales, along with differences in probes and expression levels, makes it difficult to achieve quantitative imaging across different labs, supporting the idea that standardization is challenging.'}, {'expand on existing idea': ""Gokul expands on the discussion about data formats by explaining why it's difficult to share data and conform to a single format, citing the varying requirements of different labs, such as the need for parallel reads and writes for large volumetric datasets.""}]",101962.0,468,0
2021_05_21_ABI_S10,2021_05_21_ABI_S10,,,Because context is lacking.,,2021_05_21_ABI_S10_ABI,Srigokul Upadhyayula,,,,,795.3684210526316,796.7894736842105,,,ABI,796.078947368421,"[{'provide supporting evidence': 'Gokul explains that the diversity in cells at cellular and subcellular scales, along with differences in probes and expression levels, makes it difficult to achieve quantitative imaging across different labs, supporting the idea that standardization is challenging.'}, {'expand on existing idea': ""Gokul expands on the discussion about data formats by explaining why it's difficult to share data and conform to a single format, citing the varying requirements of different labs, such as the need for parallel reads and writes for large volumetric datasets.""}]",101962.0,469,0
2021_05_21_ABI_S10,2021_05_21_ABI_S10,,,"Um, the other thing the other comment related to um to the the data formats, like why is it so difficult for us to share data?",,2021_05_21_ABI_S10_ABI,Srigokul Upadhyayula,,,,,796.7894736842106,803.421052631579,,,ABI,800.1052631578948,"[{'provide supporting evidence': 'Gokul explains that the diversity in cells at cellular and subcellular scales, along with differences in probes and expression levels, makes it difficult to achieve quantitative imaging across different labs, supporting the idea that standardization is challenging.'}, {'expand on existing idea': ""Gokul expands on the discussion about data formats by explaining why it's difficult to share data and conform to a single format, citing the varying requirements of different labs, such as the need for parallel reads and writes for large volumetric datasets.""}]",101962.0,470,0
2021_05_21_ABI_S10,2021_05_21_ABI_S10,,,"Um, obviously the the context is is the eluding part, but more the data formats are also kind of the the issue.",,2021_05_21_ABI_S10_ABI,Srigokul Upadhyayula,,,,,803.421052631579,809.2631578947369,,,ABI,806.3421052631579,"[{'provide supporting evidence': 'Gokul explains that the diversity in cells at cellular and subcellular scales, along with differences in probes and expression levels, makes it difficult to achieve quantitative imaging across different labs, supporting the idea that standardization is challenging.'}, {'expand on existing idea': ""Gokul expands on the discussion about data formats by explaining why it's difficult to share data and conform to a single format, citing the varying requirements of different labs, such as the need for parallel reads and writes for large volumetric datasets.""}]",101962.0,471,0
2021_05_21_ABI_S10,2021_05_21_ABI_S10,,,"At the moment, um, I I again, I've been thinking about this problem for a while, right?",,2021_05_21_ABI_S10_ABI,Srigokul Upadhyayula,,,,,809.2631578947369,813.8421052631579,,,ABI,811.5526315789474,"[{'provide supporting evidence': 'Gokul explains that the diversity in cells at cellular and subcellular scales, along with differences in probes and expression levels, makes it difficult to achieve quantitative imaging across different labs, supporting the idea that standardization is challenging.'}, {'expand on existing idea': ""Gokul expands on the discussion about data formats by explaining why it's difficult to share data and conform to a single format, citing the varying requirements of different labs, such as the need for parallel reads and writes for large volumetric datasets.""}]",101962.0,472,0
2021_05_21_ABI_S10,2021_05_21_ABI_S10,,,"Because the types of data sets that we kind of uh generate are usually, you know, a lot more problematic to transmit to other folks, even though we put them in Google buckets and things like that, they're like usually like a two terabyte limit in terms of like transfer per day or something like that.",,2021_05_21_ABI_S10_ABI,Srigokul Upadhyayula,,,,,813.8421052631579,829.6842105263158,,,ABI,821.7631578947369,"[{'provide supporting evidence': 'Gokul explains that the diversity in cells at cellular and subcellular scales, along with differences in probes and expression levels, makes it difficult to achieve quantitative imaging across different labs, supporting the idea that standardization is challenging.'}, {'expand on existing idea': ""Gokul expands on the discussion about data formats by explaining why it's difficult to share data and conform to a single format, citing the varying requirements of different labs, such as the need for parallel reads and writes for large volumetric datasets.""}]",101962.0,473,0
2021_05_21_ABI_S10,2021_05_21_ABI_S10,,,"Uh, but more importantly like the the format, like why is it that we have not all conformed to a given format.",,2021_05_21_ABI_S10_ABI,Srigokul Upadhyayula,,,,,829.6842105263157,835.4736842105264,,,ABI,832.578947368421,"[{'provide supporting evidence': 'Gokul explains that the diversity in cells at cellular and subcellular scales, along with differences in probes and expression levels, makes it difficult to achieve quantitative imaging across different labs, supporting the idea that standardization is challenging.'}, {'expand on existing idea': ""Gokul expands on the discussion about data formats by explaining why it's difficult to share data and conform to a single format, citing the varying requirements of different labs, such as the need for parallel reads and writes for large volumetric datasets.""}]",101962.0,474,0
2021_05_21_ABI_S10,2021_05_21_ABI_S10,,,"Um, and the reason is we have all different requirements because the imaging um that one lab does uh could be in two dimensions, even if dynamics is just, you know, basically like a few megabytes to maybe a couple gigabytes.",,2021_05_21_ABI_S10_ABI,Srigokul Upadhyayula,,,,,835.4736842105262,847.2631578947369,,,ABI,841.3684210526316,"[{'provide supporting evidence': 'Gokul explains that the diversity in cells at cellular and subcellular scales, along with differences in probes and expression levels, makes it difficult to achieve quantitative imaging across different labs, supporting the idea that standardization is challenging.'}, {'expand on existing idea': ""Gokul expands on the discussion about data formats by explaining why it's difficult to share data and conform to a single format, citing the varying requirements of different labs, such as the need for parallel reads and writes for large volumetric datasets.""}]",101962.0,475,0
2021_05_21_ABI_S10,2021_05_21_ABI_S10,,,"Um, if you're doing volumetric imaging that kind of explodes and if you're doing, you know, volumetric time series that kind of, you know, blows up even more.",,2021_05_21_ABI_S10_ABI,Srigokul Upadhyayula,,,,,847.2631578947369,855.578947368421,,,ABI,851.421052631579,"[{'provide supporting evidence': 'Gokul explains that the diversity in cells at cellular and subcellular scales, along with differences in probes and expression levels, makes it difficult to achieve quantitative imaging across different labs, supporting the idea that standardization is challenging.'}, {'expand on existing idea': ""Gokul expands on the discussion about data formats by explaining why it's difficult to share data and conform to a single format, citing the varying requirements of different labs, such as the need for parallel reads and writes for large volumetric datasets.""}]",101962.0,476,0
2021_05_21_ABI_S10,2021_05_21_ABI_S10,,,"Now, for us, the main requirement has always been the ability to do parallel reads and parallel writes on some of these um computations to be able to kind of really kind of scale it with the computational resources one has, right?",,2021_05_21_ABI_S10_ABI,Srigokul Upadhyayula,,,,,855.578947368421,867.6842105263158,,,ABI,861.6315789473684,"[{'provide supporting evidence': 'Gokul explains that the diversity in cells at cellular and subcellular scales, along with differences in probes and expression levels, makes it difficult to achieve quantitative imaging across different labs, supporting the idea that standardization is challenging.'}, {'expand on existing idea': ""Gokul expands on the discussion about data formats by explaining why it's difficult to share data and conform to a single format, citing the varying requirements of different labs, such as the need for parallel reads and writes for large volumetric datasets.""}]",101962.0,477,0
2021_05_21_ABI_S10,2021_05_21_ABI_S10,,,"That may not always be the requirement, but that kind of severely limits the formats um that that one has access to.",,2021_05_21_ABI_S10_ABI,Srigokul Upadhyayula,,,,,867.6842105263157,873.7894736842105,,,ABI,870.7368421052631,"[{'provide supporting evidence': 'Gokul explains that the diversity in cells at cellular and subcellular scales, along with differences in probes and expression levels, makes it difficult to achieve quantitative imaging across different labs, supporting the idea that standardization is challenging.'}, {'expand on existing idea': ""Gokul expands on the discussion about data formats by explaining why it's difficult to share data and conform to a single format, citing the varying requirements of different labs, such as the need for parallel reads and writes for large volumetric datasets.""}]",101962.0,478,0
2021_05_21_ABI_S10,2021_05_21_ABI_S10,,,"And of course, you know, there's this huge kind of uh balance between pros and cons as to the different file formats that allow for or that basically kind of um prevent some of the features.",,2021_05_21_ABI_S10_ABI,Srigokul Upadhyayula,,,,,873.7894736842105,883.7894736842105,,,ABI,878.7894736842105,"[{'provide supporting evidence': 'Gokul explains that the diversity in cells at cellular and subcellular scales, along with differences in probes and expression levels, makes it difficult to achieve quantitative imaging across different labs, supporting the idea that standardization is challenging.'}, {'expand on existing idea': ""Gokul expands on the discussion about data formats by explaining why it's difficult to share data and conform to a single format, citing the varying requirements of different labs, such as the need for parallel reads and writes for large volumetric datasets.""}]",101962.0,479,0
2021_05_21_ABI_S10,2021_05_21_ABI_S10,,,"Um, so yeah, I mean, just general broad thoughts on on a few of the points that we were discussing.",,2021_05_21_ABI_S10_ABI,Srigokul Upadhyayula,,,,,883.7894736842106,889.0,,,ABI,886.3947368421053,"[{'provide supporting evidence': 'Gokul explains that the diversity in cells at cellular and subcellular scales, along with differences in probes and expression levels, makes it difficult to achieve quantitative imaging across different labs, supporting the idea that standardization is challenging.'}, {'expand on existing idea': ""Gokul expands on the discussion about data formats by explaining why it's difficult to share data and conform to a single format, citing the varying requirements of different labs, such as the need for parallel reads and writes for large volumetric datasets.""}]",101962.0,480,0
2021_05_21_ABI_S10,2021_05_21_ABI_S10,,,Yeah.,,2021_05_21_ABI_S10_ABI,Srigokul Upadhyayula,,,,,892.0,892.3790983606557,,,ABI,892.1895491803278,"[{'explain or define term or concept': 'Gokul explains his research interests, focusing on instrument development, application, and quantitative image analysis to understand and quantify dynamics across different scales, providing context for his expertise.'}]",102101.0,481,0
2021_05_21_ABI_S10,2021_05_21_ABI_S10,,,Um my name is Gokul.,,2021_05_21_ABI_S10_ABI,Srigokul Upadhyayula,,,,,892.3790983606557,893.8954918032787,,,ABI,893.1372950819672,"[{'explain or define term or concept': 'Gokul explains his research interests, focusing on instrument development, application, and quantitative image analysis to understand and quantify dynamics across different scales, providing context for his expertise.'}]",102101.0,482,0
2021_05_21_ABI_S10,2021_05_21_ABI_S10,,,Uh I'm assistant professor at UC Berkeley.,,2021_05_21_ABI_S10_ABI,Srigokul Upadhyayula,,,,,893.8954918032786,897.0799180327868,,,ABI,895.4877049180327,"[{'explain or define term or concept': 'Gokul explains his research interests, focusing on instrument development, application, and quantitative image analysis to understand and quantify dynamics across different scales, providing context for his expertise.'}]",102101.0,483,0
2021_05_21_ABI_S10,2021_05_21_ABI_S10,,,I've been here almost two years now.,,2021_05_21_ABI_S10_ABI,Srigokul Upadhyayula,,,,,897.0799180327868,899.8094262295082,,,ABI,898.4446721311475,"[{'explain or define term or concept': 'Gokul explains his research interests, focusing on instrument development, application, and quantitative image analysis to understand and quantify dynamics across different scales, providing context for his expertise.'}]",102101.0,484,0
2021_05_21_ABI_S10,2021_05_21_ABI_S10,,,"Um yeah, what we do is basically at the um intersection of instrument development, the application of these instruments um and uh quantitative image analysis.",,2021_05_21_ABI_S10_ABI,Srigokul Upadhyayula,,,,,899.8094262295082,911.7889344262295,,,ABI,905.7991803278688,"[{'explain or define term or concept': 'Gokul explains his research interests, focusing on instrument development, application, and quantitative image analysis to understand and quantify dynamics across different scales, providing context for his expertise.'}]",102101.0,485,0
2021_05_21_ABI_S10,2021_05_21_ABI_S10,,,Um so what we're generally interested in is being able to understand and quantify dynamics across um scales uh both in time and space.,,2021_05_21_ABI_S10_ABI,Srigokul Upadhyayula,,,,,911.7889344262296,921.9487704918033,,,ABI,916.8688524590165,"[{'explain or define term or concept': 'Gokul explains his research interests, focusing on instrument development, application, and quantitative image analysis to understand and quantify dynamics across different scales, providing context for his expertise.'}]",102101.0,486,0
2021_05_21_ABI_S10,2021_05_21_ABI_S10,,,"So ranging from milliseconds and nanometers to um uh uh minutes, hours over over millimeters.",,2021_05_21_ABI_S10_ABI,Srigokul Upadhyayula,,,,,921.9487704918033,929.0,,,ABI,925.4743852459017,"[{'explain or define term or concept': 'Gokul explains his research interests, focusing on instrument development, application, and quantitative image analysis to understand and quantify dynamics across different scales, providing context for his expertise.'}]",102101.0,487,0
