conference,session,source_row_index,sent_index_in_row,sentence,dialogue_act,global_session,speaker,timestamp,global_start_sec,global_end_sec,clip_number,sent_start_sec_est,sent_end_sec_est,global_start_sec_y,global_end_sec_y,session_core,sent_time_sec,annotations,global_timestamp_sec,_utter_row,_sent_idx
2021_10_01_MZT_S2,2021_10_01_MZT_S2,,,All right.,,2021_10_01_MZT_S2_MZT,Adela Oliva Chavez,,,,,1125.0,1125.0,,,MZT,1125.0,"{'acknowledge contribution': ""Adela Oliva Chavez acknowledges Linda's statement, but does not agree or expand on it.""}",1125.0,0,0
2021_10_01_MZT_S2,2021_10_01_MZT_S2,,,"Hi everybody, I'm an assistant professor at Texas A&M University.",,2021_10_01_MZT_S2_MZT,Adela Oliva Chavez,,,,,1073.0000000000002,1076.7864077669904,,,MZT,1074.8932038834953,"[{'explain or define term or concept': 'Adela Oliva Chavez explains that she specializes in tickborn pathogens, especially intracellular bacteria, clarifying her area of expertise.'}]",2198.0,1,0
2021_10_01_MZT_S2,2021_10_01_MZT_S2,,,"Uh I specialized in tickborn pathogens, especially intracellular bacteria.",,2021_10_01_MZT_S2_MZT,Adela Oliva Chavez,,,,,1076.7864077669904,1081.0970873786407,,,MZT,1078.9417475728155,"[{'explain or define term or concept': 'Adela Oliva Chavez explains that she specializes in tickborn pathogens, especially intracellular bacteria, clarifying her area of expertise.'}]",2198.0,2,0
2021_10_01_MZT_S2,2021_10_01_MZT_S2,,,And one of the things that I'm interested is uh many of these pathogens uh actually used to be pathogens in animals in wildlife for a long time before they make the jump.,,2021_10_01_MZT_S2_MZT,Adela Oliva Chavez,,,,,1081.097087378641,1091.0,,,MZT,1086.0485436893205,"[{'explain or define term or concept': 'Adela Oliva Chavez explains that she specializes in tickborn pathogens, especially intracellular bacteria, clarifying her area of expertise.'}]",2198.0,3,0
2021_10_01_MZT_S2,2021_10_01_MZT_S2,,,Let me uh let me find the Google.,,2021_10_01_MZT_S2_MZT,Adela Oliva Chavez,,,,,646.0,657.0,,,MZT,651.5,"{'assign task': 'Adela Oliva Chavez is assigning herself the task of finding the Google document, indicating she will take responsibility for this action.'}",2844.0,4,0
2021_10_01_MZT_S2,2021_10_01_MZT_S2,,,Me?,,2021_10_01_MZT_S2_MZT,Adela Oliva Chavez,,,,,3154.0,3154.0,,,MZT,3154.0,"[{'ask clarifying question': 'Adela Oliva Chavez is asking for confirmation that Mike is directing the question about metabolism to her, as she was the one who brought up the idea.'}]",3154.0,5,0
2021_10_01_MZT_S2,2021_10_01_MZT_S2,,,Okay.,,2021_10_01_MZT_S2_MZT,Adela Oliva Chavez,,,,,685.0,686.0,,,MZT,685.5,"{'acknowledge contribution': ""Adela Oliva Chavez acknowledges Linda's explanation about the location of the information within the PowerPoint presentation.""}",3839.0,6,0
2021_10_01_MZT_S2,2021_10_01_MZT_S2,,,Okay.,,2021_10_01_MZT_S2_MZT,Adela Oliva Chavez,,,,,687.0,688.0,,,MZT,687.5,"{'acknowledge contribution': ""Adela Oliva Chavez is acknowledging Linda's request to stop sharing her screen.""}",3841.0,7,0
2021_10_01_MZT_S2,2021_10_01_MZT_S2,,,"So you're on mute, yeah.",,2021_10_01_MZT_S2_MZT,Adela Oliva Chavez,,,,,982.0,984.0,,,MZT,983.0,"[{'express humor': 'Adela Oliva Chavez is pointing out that someone is on mute, which is a common and sometimes humorous occurrence in virtual meetings.'}]",4136.0,8,0
2021_10_01_MZT_S2,2021_10_01_MZT_S2,,,Sure.,,2021_10_01_MZT_S2_MZT,Adela Oliva Chavez,,,,,691.0,692.0,,,MZT,691.5,"{'express agreement': ""Adela Oliva Chavez agrees to Linda's request to present the information if she can find it.""}",4827.0,9,0
2021_10_01_MZT_S2,2021_10_01_MZT_S2,,,The thing that I don't remember that I don't know if she was putting it in the final agenda.,,2021_10_01_MZT_S2_MZT,Adela Oliva Chavez,,,,,664.0,672.031746031746,,,MZT,668.015873015873,"{'ask clarifying question': ""Adela Oliva Chavez is asking for clarification about which document 'she' was putting information in, indicating she doesn't remember or know the specific document being referred to.""}",5491.0,10,0
2021_10_01_MZT_S2,2021_10_01_MZT_S2,,,Do you know what document she was.,,2021_10_01_MZT_S2_MZT,Adela Oliva Chavez,,,,,672.031746031746,675.0,,,MZT,673.515873015873,"{'ask clarifying question': ""Adela Oliva Chavez is asking for clarification about which document 'she' was putting information in, indicating she doesn't remember or know the specific document being referred to.""}",5491.0,11,0
2021_10_01_MZT_S2,2021_10_01_MZT_S2,,,Uh so I'm interested in molecular mechanisms that make them be capable of making that jump.,,2021_10_01_MZT_S2_MZT,Adela Oliva Chavez,,,,,1091.0000000000002,1097.7260869565218,,,MZT,1094.363043478261,"{'expand on existing idea': 'Adela Oliva Chavez is expanding on her previous statement about being interested in tickborne pathogens and how they jump from animals to humans by providing specific examples of molecular mechanisms.', 'explain or define term or concept': 'Adela Oliva Chavez is explaining the molecular mechanisms that allow pathogens to jump into a new host, such as acquiring genes and changing receptors.'}",5918.0,12,0
2021_10_01_MZT_S2,2021_10_01_MZT_S2,,,"Uh so acquiring genes, uh changing receptors, etc.",,2021_10_01_MZT_S2_MZT,Adela Oliva Chavez,,,,,1097.7260869565218,1101.4217391304348,,,MZT,1099.5739130434783,"{'expand on existing idea': 'Adela Oliva Chavez is expanding on her previous statement about being interested in tickborne pathogens and how they jump from animals to humans by providing specific examples of molecular mechanisms.', 'explain or define term or concept': 'Adela Oliva Chavez is explaining the molecular mechanisms that allow pathogens to jump into a new host, such as acquiring genes and changing receptors.'}",5918.0,13,0
2021_10_01_MZT_S2,2021_10_01_MZT_S2,,,So all those molecular mechanisms that allow pathogens to make that jump into a new host.,,2021_10_01_MZT_S2_MZT,Adela Oliva Chavez,,,,,1101.4217391304346,1108.0,,,MZT,1104.7108695652173,"{'expand on existing idea': 'Adela Oliva Chavez is expanding on her previous statement about being interested in tickborne pathogens and how they jump from animals to humans by providing specific examples of molecular mechanisms.', 'explain or define term or concept': 'Adela Oliva Chavez is explaining the molecular mechanisms that allow pathogens to jump into a new host, such as acquiring genes and changing receptors.'}",5918.0,14,0
2021_10_01_MZT_S2,2021_10_01_MZT_S2,,,"Yeah, I don't know what bot two is.",,2021_10_01_MZT_S2_MZT,Adela Oliva Chavez,,,,,1122.0,1123.0,,,MZT,1122.5,"{'ask clarifying question': 'Adela Oliva Chavez is asking for clarification on what ""bot two"" refers to, as it was mentioned in the previous utterance.'}",5949.0,15,0
2021_10_01_MZT_S2,2021_10_01_MZT_S2,,,"Yeah, and I want to ask that the part of the problem is that we don't know the drivers of these spillover events.",,2021_10_01_MZT_S2_MZT,Adela Oliva Chavez,,,,,623.0,630.8724544480172,,,MZT,626.9362272240086,"[{'present new idea': ""Adela Oliva Chavez introduces the idea that a key problem is the lack of understanding of the drivers behind spillover events, which hasn't been explicitly stated before."", 'ask clarifying question': 'Adela Oliva Chavez asks if the density of the pathogen in reservoir populations is the only driver of spillover events, questioning the current focus of risk assessment.', 'provide supporting evidence': 'Adela Oliva Chavez provides the example of a bovine pathogen that jumped to humans after 200 years to support the idea that the drivers of spillover events are not well understood.', 'express frustration': 'Adela Oliva Chavez expresses frustration that current approaches are reactive rather than proactive due to the lack of understanding of spillover drivers.'}]",6572.0,16,0
2021_10_01_MZT_S2,2021_10_01_MZT_S2,,,"Uh, is it just the uh, density of the pathogen in reservoir populations?",,2021_10_01_MZT_S2_MZT,Adela Oliva Chavez,,,,,630.8724544480173,635.8885316184352,,,MZT,633.3804930332262,"[{'present new idea': ""Adela Oliva Chavez introduces the idea that a key problem is the lack of understanding of the drivers behind spillover events, which hasn't been explicitly stated before."", 'ask clarifying question': 'Adela Oliva Chavez asks if the density of the pathogen in reservoir populations is the only driver of spillover events, questioning the current focus of risk assessment.', 'provide supporting evidence': 'Adela Oliva Chavez provides the example of a bovine pathogen that jumped to humans after 200 years to support the idea that the drivers of spillover events are not well understood.', 'express frustration': 'Adela Oliva Chavez expresses frustration that current approaches are reactive rather than proactive due to the lack of understanding of spillover drivers.'}]",6572.0,17,0
2021_10_01_MZT_S2,2021_10_01_MZT_S2,,,Because right now that's what we're looking at.,,2021_10_01_MZT_S2_MZT,Adela Oliva Chavez,,,,,635.8885316184353,639.1629153269025,,,MZT,637.5257234726689,"[{'present new idea': ""Adela Oliva Chavez introduces the idea that a key problem is the lack of understanding of the drivers behind spillover events, which hasn't been explicitly stated before."", 'ask clarifying question': 'Adela Oliva Chavez asks if the density of the pathogen in reservoir populations is the only driver of spillover events, questioning the current focus of risk assessment.', 'provide supporting evidence': 'Adela Oliva Chavez provides the example of a bovine pathogen that jumped to humans after 200 years to support the idea that the drivers of spillover events are not well understood.', 'express frustration': 'Adela Oliva Chavez expresses frustration that current approaches are reactive rather than proactive due to the lack of understanding of spillover drivers.'}]",6572.0,18,0
2021_10_01_MZT_S2,2021_10_01_MZT_S2,,,"We are looking at uh, the incidence of a pathogen in a reservoir and that's when we're uh, then we go to the risk assessment. many of the cases, uh, many of the pathogens we don't even know that they are human pathogens until they make the jump.",,2021_10_01_MZT_S2_MZT,Adela Oliva Chavez,,,,,639.1629153269025,656.2315112540193,,,MZT,647.6972132904609,"[{'present new idea': ""Adela Oliva Chavez introduces the idea that a key problem is the lack of understanding of the drivers behind spillover events, which hasn't been explicitly stated before."", 'ask clarifying question': 'Adela Oliva Chavez asks if the density of the pathogen in reservoir populations is the only driver of spillover events, questioning the current focus of risk assessment.', 'provide supporting evidence': 'Adela Oliva Chavez provides the example of a bovine pathogen that jumped to humans after 200 years to support the idea that the drivers of spillover events are not well understood.', 'express frustration': 'Adela Oliva Chavez expresses frustration that current approaches are reactive rather than proactive due to the lack of understanding of spillover drivers.'}]",6572.0,19,0
2021_10_01_MZT_S2,2021_10_01_MZT_S2,,,"Like one of the pathogens that I work with it was a bovine uh, pathogen in Europe for 200 years.",,2021_10_01_MZT_S2_MZT,Adela Oliva Chavez,,,,,656.2315112540194,662.91961414791,,,MZT,659.5755627009647,"[{'present new idea': ""Adela Oliva Chavez introduces the idea that a key problem is the lack of understanding of the drivers behind spillover events, which hasn't been explicitly stated before."", 'ask clarifying question': 'Adela Oliva Chavez asks if the density of the pathogen in reservoir populations is the only driver of spillover events, questioning the current focus of risk assessment.', 'provide supporting evidence': 'Adela Oliva Chavez provides the example of a bovine pathogen that jumped to humans after 200 years to support the idea that the drivers of spillover events are not well understood.', 'express frustration': 'Adela Oliva Chavez expresses frustration that current approaches are reactive rather than proactive due to the lack of understanding of spillover drivers.'}]",6572.0,20,0
2021_10_01_MZT_S2,2021_10_01_MZT_S2,,,"And suddenly in 1995, it made the jump to humans.",,2021_10_01_MZT_S2_MZT,Adela Oliva Chavez,,,,,662.91961414791,666.3333333333334,,,MZT,664.6264737406217,"[{'present new idea': ""Adela Oliva Chavez introduces the idea that a key problem is the lack of understanding of the drivers behind spillover events, which hasn't been explicitly stated before."", 'ask clarifying question': 'Adela Oliva Chavez asks if the density of the pathogen in reservoir populations is the only driver of spillover events, questioning the current focus of risk assessment.', 'provide supporting evidence': 'Adela Oliva Chavez provides the example of a bovine pathogen that jumped to humans after 200 years to support the idea that the drivers of spillover events are not well understood.', 'express frustration': 'Adela Oliva Chavez expresses frustration that current approaches are reactive rather than proactive due to the lack of understanding of spillover drivers.'}]",6572.0,21,0
2021_10_01_MZT_S2,2021_10_01_MZT_S2,,,So why is making what is it that is allowing these pathogens to start infecting humans?,,2021_10_01_MZT_S2_MZT,Adela Oliva Chavez,,,,,666.3333333333334,672.3944265809217,,,MZT,669.3638799571276,"[{'present new idea': ""Adela Oliva Chavez introduces the idea that a key problem is the lack of understanding of the drivers behind spillover events, which hasn't been explicitly stated before."", 'ask clarifying question': 'Adela Oliva Chavez asks if the density of the pathogen in reservoir populations is the only driver of spillover events, questioning the current focus of risk assessment.', 'provide supporting evidence': 'Adela Oliva Chavez provides the example of a bovine pathogen that jumped to humans after 200 years to support the idea that the drivers of spillover events are not well understood.', 'express frustration': 'Adela Oliva Chavez expresses frustration that current approaches are reactive rather than proactive due to the lack of understanding of spillover drivers.'}]",6572.0,22,0
2021_10_01_MZT_S2,2021_10_01_MZT_S2,,,"We don't understand that and because we don't understand that, it's really hard to predict when this is going to happen.",,2021_10_01_MZT_S2_MZT,Adela Oliva Chavez,,,,,672.3944265809216,680.7545551982851,,,MZT,676.5744908896033,"[{'present new idea': ""Adela Oliva Chavez introduces the idea that a key problem is the lack of understanding of the drivers behind spillover events, which hasn't been explicitly stated before."", 'ask clarifying question': 'Adela Oliva Chavez asks if the density of the pathogen in reservoir populations is the only driver of spillover events, questioning the current focus of risk assessment.', 'provide supporting evidence': 'Adela Oliva Chavez provides the example of a bovine pathogen that jumped to humans after 200 years to support the idea that the drivers of spillover events are not well understood.', 'express frustration': 'Adela Oliva Chavez expresses frustration that current approaches are reactive rather than proactive due to the lack of understanding of spillover drivers.'}]",6572.0,23,0
2021_10_01_MZT_S2,2021_10_01_MZT_S2,,,"Uh, right now we're being more rather than predicting is is we are being reactive rather than proactive.",,2021_10_01_MZT_S2_MZT,Adela Oliva Chavez,,,,,680.7545551982851,688.0,,,MZT,684.3772775991425,"[{'present new idea': ""Adela Oliva Chavez introduces the idea that a key problem is the lack of understanding of the drivers behind spillover events, which hasn't been explicitly stated before."", 'ask clarifying question': 'Adela Oliva Chavez asks if the density of the pathogen in reservoir populations is the only driver of spillover events, questioning the current focus of risk assessment.', 'provide supporting evidence': 'Adela Oliva Chavez provides the example of a bovine pathogen that jumped to humans after 200 years to support the idea that the drivers of spillover events are not well understood.', 'express frustration': 'Adela Oliva Chavez expresses frustration that current approaches are reactive rather than proactive due to the lack of understanding of spillover drivers.'}]",6572.0,24,0
2021_10_01_MZT_S2,2021_10_01_MZT_S2,,,"Yeah, if you go like this, you will raise your hand.",,2021_10_01_MZT_S2_MZT,Adela Oliva Chavez,,,,,1008.0,1010.0,,,MZT,1009.0,"{'explain or define term or concept': 'Adela Oliva Chavez is explaining how to raise your hand in the meeting, which is a feature of the meeting platform.'}",6957.0,25,0
2021_10_01_MZT_S2,2021_10_01_MZT_S2,,,"Yeah, like doing something.",,2021_10_01_MZT_S2_MZT,Adela Oliva Chavez,,,,,1098.0,1100.0675675675675,,,MZT,1099.0337837837837,"[{'expand on existing idea': ""Adela Oliva Chavez expands on the idea of incorporating metabolic data by suggesting specific methods like metabolomics to identify markers in hosts that could indicate a higher likelihood of becoming super-spreaders, building on her previous suggestion and Kim's support for the metabolism idea.""}, {'provide supporting evidence': ""Adela Oliva Chavez provides supporting evidence by relating human metabolism to inflammatory responses, suggesting that similar metabolic factors in ecological landscapes could influence a host's susceptibility to infection and its potential to become a super-spreader.""}]",7047.0,26,0
2021_10_01_MZT_S2,2021_10_01_MZT_S2,,,"So you can identify metabolic markers, you can do like metabolomics in in like uh specific host of interest and identify markers that change when the that specific host is highly infected and it could become like a super spreader.",,2021_10_01_MZT_S2_MZT,Adela Oliva Chavez,,,,,1100.0675675675675,1117.6801801801803,,,MZT,1108.873873873874,"[{'expand on existing idea': ""Adela Oliva Chavez expands on the idea of incorporating metabolic data by suggesting specific methods like metabolomics to identify markers in hosts that could indicate a higher likelihood of becoming super-spreaders, building on her previous suggestion and Kim's support for the metabolism idea.""}, {'provide supporting evidence': ""Adela Oliva Chavez provides supporting evidence by relating human metabolism to inflammatory responses, suggesting that similar metabolic factors in ecological landscapes could influence a host's susceptibility to infection and its potential to become a super-spreader.""}]",7047.0,27,0
2021_10_01_MZT_S2,2021_10_01_MZT_S2,,,"Uh, so you could look for uh metabolic uh metabolic markers.",,2021_10_01_MZT_S2_MZT,Adela Oliva Chavez,,,,,1117.6801801801803,1122.2747747747749,,,MZT,1119.9774774774776,"[{'expand on existing idea': ""Adela Oliva Chavez expands on the idea of incorporating metabolic data by suggesting specific methods like metabolomics to identify markers in hosts that could indicate a higher likelihood of becoming super-spreaders, building on her previous suggestion and Kim's support for the metabolism idea.""}, {'provide supporting evidence': ""Adela Oliva Chavez provides supporting evidence by relating human metabolism to inflammatory responses, suggesting that similar metabolic factors in ecological landscapes could influence a host's susceptibility to infection and its potential to become a super-spreader.""}]",7047.0,28,0
2021_10_01_MZT_S2,2021_10_01_MZT_S2,,,"You can look also like because we know even in humans the depending on the metabolism, you have different processes like a person that has obesity tends to have a stronger inflammatory response than a person that is lean and exercise.",,2021_10_01_MZT_S2_MZT,Adela Oliva Chavez,,,,,1122.2747747747749,1140.1936936936936,,,MZT,1131.2342342342342,"[{'expand on existing idea': ""Adela Oliva Chavez expands on the idea of incorporating metabolic data by suggesting specific methods like metabolomics to identify markers in hosts that could indicate a higher likelihood of becoming super-spreaders, building on her previous suggestion and Kim's support for the metabolism idea.""}, {'provide supporting evidence': ""Adela Oliva Chavez provides supporting evidence by relating human metabolism to inflammatory responses, suggesting that similar metabolic factors in ecological landscapes could influence a host's susceptibility to infection and its potential to become a super-spreader.""}]",7047.0,29,0
2021_10_01_MZT_S2,2021_10_01_MZT_S2,,,"Uh, so we can look for things like that in the in the ecological landscape.",,2021_10_01_MZT_S2_MZT,Adela Oliva Chavez,,,,,1140.1936936936936,1145.936936936937,,,MZT,1143.0653153153153,"[{'expand on existing idea': ""Adela Oliva Chavez expands on the idea of incorporating metabolic data by suggesting specific methods like metabolomics to identify markers in hosts that could indicate a higher likelihood of becoming super-spreaders, building on her previous suggestion and Kim's support for the metabolism idea.""}, {'provide supporting evidence': ""Adela Oliva Chavez provides supporting evidence by relating human metabolism to inflammatory responses, suggesting that similar metabolic factors in ecological landscapes could influence a host's susceptibility to infection and its potential to become a super-spreader.""}]",7047.0,30,0
2021_10_01_MZT_S2,2021_10_01_MZT_S2,,,"Um, to see okay, what like what host in this ecological landscape are more likely to become infected and what is the metabolism of that host and how does that influence that they become super spreaders and like more likely to then uh aid in that spillover event.",,2021_10_01_MZT_S2_MZT,Adela Oliva Chavez,,,,,1145.936936936937,1166.0,,,MZT,1155.9684684684685,"[{'expand on existing idea': ""Adela Oliva Chavez expands on the idea of incorporating metabolic data by suggesting specific methods like metabolomics to identify markers in hosts that could indicate a higher likelihood of becoming super-spreaders, building on her previous suggestion and Kim's support for the metabolism idea.""}, {'provide supporting evidence': ""Adela Oliva Chavez provides supporting evidence by relating human metabolism to inflammatory responses, suggesting that similar metabolic factors in ecological landscapes could influence a host's susceptibility to infection and its potential to become a super-spreader.""}]",7047.0,31,0
2021_10_01_MZT_S2,2021_10_01_MZT_S2,,,"Yeah, well I'm not a modeler and I'm not ecologist, but one thing that uh I think about sometimes is are we putting human um behavior into these models?",,2021_10_01_MZT_S2_MZT,Adela Oliva Chavez,,,,,676.0000000000001,689.3333333333334,,,MZT,682.6666666666667,"[{'present new idea': ""Adela Oliva Chavez introduces the idea of incorporating human behavior into models to predict spillover events, which hasn't been explicitly discussed before in this level of detail.""}, {'ask clarifying question': 'Adela Oliva Chavez asks if human behavior is being accounted for in the models, seeking to understand how the human role in spillover events is being considered.'}]",7723.0,32,0
2021_10_01_MZT_S2,2021_10_01_MZT_S2,,,Because many of like for example SARS.,,2021_10_01_MZT_S2_MZT,Adela Oliva Chavez,,,,,689.3333333333334,692.6666666666666,,,MZT,691.0,"[{'present new idea': ""Adela Oliva Chavez introduces the idea of incorporating human behavior into models to predict spillover events, which hasn't been explicitly discussed before in this level of detail.""}, {'ask clarifying question': 'Adela Oliva Chavez asks if human behavior is being accounted for in the models, seeking to understand how the human role in spillover events is being considered.'}]",7723.0,33,0
2021_10_01_MZT_S2,2021_10_01_MZT_S2,,,"SARS happened because as human we went to the wild, got animals in the wild, brought them to a market and then it went over board.",,2021_10_01_MZT_S2_MZT,Adela Oliva Chavez,,,,,692.6666666666666,704.0701754385965,,,MZT,698.3684210526316,"[{'present new idea': ""Adela Oliva Chavez introduces the idea of incorporating human behavior into models to predict spillover events, which hasn't been explicitly discussed before in this level of detail.""}, {'ask clarifying question': 'Adela Oliva Chavez asks if human behavior is being accounted for in the models, seeking to understand how the human role in spillover events is being considered.'}]",7723.0,34,0
2021_10_01_MZT_S2,2021_10_01_MZT_S2,,,"Uh, so how are we uh accounting for the human role, like yeah, the host behavior it matters, but we are a big driver of these spillovers.",,2021_10_01_MZT_S2_MZT,Adela Oliva Chavez,,,,,704.0701754385965,716.0877192982456,,,MZT,710.078947368421,"[{'present new idea': ""Adela Oliva Chavez introduces the idea of incorporating human behavior into models to predict spillover events, which hasn't been explicitly discussed before in this level of detail.""}, {'ask clarifying question': 'Adela Oliva Chavez asks if human behavior is being accounted for in the models, seeking to understand how the human role in spillover events is being considered.'}]",7723.0,35,0
2021_10_01_MZT_S2,2021_10_01_MZT_S2,,,So are we counting this in the models when we make them?,,2021_10_01_MZT_S2_MZT,Adela Oliva Chavez,,,,,716.0877192982457,721.0,,,MZT,718.5438596491229,"[{'present new idea': ""Adela Oliva Chavez introduces the idea of incorporating human behavior into models to predict spillover events, which hasn't been explicitly discussed before in this level of detail.""}, {'ask clarifying question': 'Adela Oliva Chavez asks if human behavior is being accounted for in the models, seeking to understand how the human role in spillover events is being considered.'}]",7723.0,36,0
2021_10_01_MZT_S2,2021_10_01_MZT_S2,,,Yeah.,,2021_10_01_MZT_S2_MZT,Adela Oliva Chavez,,,,,8188.0,8188.0,,,MZT,8188.0,"{'express agreement': 'Adela Oliva Chavez expresses agreement, likely in response to Linda asking if she is able to share her screen.'}",8188.0,37,0
2021_10_01_MZT_S2,2021_10_01_MZT_S2,,,Yeah.,,2021_10_01_MZT_S2_MZT,Adela Oliva Chavez,,,,,984.0,984.5588235294117,,,MZT,984.2794117647059,"[{'express humor': 'Adela Oliva Chavez makes a lighthearted comment about her difficulty muting, expressing humor.', 'present new idea': ""Adela Oliva Chavez introduces the idea of including metabolic data in models, which hasn't been explicitly discussed before, building on the previous discussion of including immune data."", 'expand on existing idea': 'Adela Oliva Chavez expands on the idea of including immune data by suggesting the inclusion of metabolic data, explaining its connection to immune responses and stress levels in organisms.'}]",9172.0,38,0
2021_10_01_MZT_S2,2021_10_01_MZT_S2,,,I don't know why it takes that while for me to mute things.,,2021_10_01_MZT_S2_MZT,Adela Oliva Chavez,,,,,984.5588235294118,991.1529411764706,,,MZT,987.8558823529412,"[{'express humor': 'Adela Oliva Chavez makes a lighthearted comment about her difficulty muting, expressing humor.', 'present new idea': ""Adela Oliva Chavez introduces the idea of including metabolic data in models, which hasn't been explicitly discussed before, building on the previous discussion of including immune data."", 'expand on existing idea': 'Adela Oliva Chavez expands on the idea of including immune data by suggesting the inclusion of metabolic data, explaining its connection to immune responses and stress levels in organisms.'}]",9172.0,39,0
2021_10_01_MZT_S2,2021_10_01_MZT_S2,,,"Uh, so one of the things that I was wondering as well going on that uh of including immune data is can we include metabolic data?",,2021_10_01_MZT_S2_MZT,Adela Oliva Chavez,,,,,991.1529411764706,1005.5705882352942,,,MZT,998.3617647058824,"[{'express humor': 'Adela Oliva Chavez makes a lighthearted comment about her difficulty muting, expressing humor.', 'present new idea': ""Adela Oliva Chavez introduces the idea of including metabolic data in models, which hasn't been explicitly discussed before, building on the previous discussion of including immune data."", 'expand on existing idea': 'Adela Oliva Chavez expands on the idea of including immune data by suggesting the inclusion of metabolic data, explaining its connection to immune responses and stress levels in organisms.'}]",9172.0,40,0
2021_10_01_MZT_S2,2021_10_01_MZT_S2,,,Because now we know that the metabolism is is uh closely connected with uh innate immune responses and adaptive immune responses like uh the oxidation changes uh several metabolic changes in the body.,,2021_10_01_MZT_S2_MZT,Adela Oliva Chavez,,,,,1005.5705882352943,1027.9235294117648,,,MZT,1016.7470588235295,"[{'express humor': 'Adela Oliva Chavez makes a lighthearted comment about her difficulty muting, expressing humor.', 'present new idea': ""Adela Oliva Chavez introduces the idea of including metabolic data in models, which hasn't been explicitly discussed before, building on the previous discussion of including immune data."", 'expand on existing idea': 'Adela Oliva Chavez expands on the idea of including immune data by suggesting the inclusion of metabolic data, explaining its connection to immune responses and stress levels in organisms.'}]",9172.0,41,0
2021_10_01_MZT_S2,2021_10_01_MZT_S2,,,So can we also look at the metabolism?,,2021_10_01_MZT_S2_MZT,Adela Oliva Chavez,,,,,1027.923529411765,1032.1705882352942,,,MZT,1030.0470588235296,"[{'express humor': 'Adela Oliva Chavez makes a lighthearted comment about her difficulty muting, expressing humor.', 'present new idea': ""Adela Oliva Chavez introduces the idea of including metabolic data in models, which hasn't been explicitly discussed before, building on the previous discussion of including immune data."", 'expand on existing idea': 'Adela Oliva Chavez expands on the idea of including immune data by suggesting the inclusion of metabolic data, explaining its connection to immune responses and stress levels in organisms.'}]",9172.0,42,0
2021_10_01_MZT_S2,2021_10_01_MZT_S2,,,Because that's going to tell you whether or not uh an organism is a stress out.,,2021_10_01_MZT_S2_MZT,Adela Oliva Chavez,,,,,1032.170588235294,1041.0,,,MZT,1036.585294117647,"[{'express humor': 'Adela Oliva Chavez makes a lighthearted comment about her difficulty muting, expressing humor.', 'present new idea': ""Adela Oliva Chavez introduces the idea of including metabolic data in models, which hasn't been explicitly discussed before, building on the previous discussion of including immune data."", 'expand on existing idea': 'Adela Oliva Chavez expands on the idea of including immune data by suggesting the inclusion of metabolic data, explaining its connection to immune responses and stress levels in organisms.'}]",9172.0,43,0
2021_10_01_MZT_S2,2021_10_01_MZT_S2,,,"And I I kind of want us to say something about the like if if you guys are comfortable about like these intermediate scales and something like metabolic markers but maybe like something else that helps us understand patterns across systems, like under underlying you know, physiological entities that help us understand across systems and I think the metabolic markers are one pathway towards that, but there might be others.",,2021_10_01_MZT_S2_MZT,Adela Oliva Chavez Oliva Chavez,,,,,636.0,665.0,,,MZT,650.5,"[{'expand on existing idea': 'Adela Oliva Chavez builds on the discussion about intermediate scales and metabolic markers, suggesting the group should include something about understanding patterns across systems using underlying physiological entities, expanding on the previous discussion about metabolic markers.'}, {'encourage participation': 'Adela Oliva Chavez is encouraging the group to include something about intermediate scales and metabolic markers in their discussion.'}]",9808.0,44,0
2021_10_01_MZT_S2,2021_10_01_MZT_S2,,,"I I like the uh, I think you got mentioned a lot and I like the idea of using uh my uh artificial intelligence to get these algorithms that are more dynamic, that have more dynamic data.",,2021_10_01_MZT_S2_MZT,Adela Oliva Chavez Oliva Chavez,,,,,836.0,854.0,,,MZT,845.0,"[{'express agreement': 'Adela Oliva Chavez expresses agreement with the idea of using artificial intelligence to get more dynamic algorithms, which was mentioned a lot in the discussion.'}, {'expand on existing idea': 'Adela Oliva Chavez expands on the existing idea of using AI by suggesting that it can help create algorithms that are more dynamic and have more dynamic data.'}]",10008.0,45,0
2021_10_01_MZT_S2,2021_10_01_MZT_S2,,,That happened a lot with the I I would be writing and somebody will say something that I'm interested in.,,2021_10_01_MZT_S2_MZT,Adela Oliva Chavez Oliva Chavez,,,,,748.0,754.5625,,,MZT,751.28125,"[{'assign task': 'Adela Oliva Chavez is assigning the task of writing ideas in the chat to the participants so she can copy and paste them, as she is having trouble keeping up with the conversation while writing.'}]",10756.0,46,0
2021_10_01_MZT_S2,2021_10_01_MZT_S2,,,"Okay, maybe can you write it in the chat and then I just copy paste it?",,2021_10_01_MZT_S2_MZT,Adela Oliva Chavez Oliva Chavez,,,,,754.5625,759.0,,,MZT,756.78125,"[{'assign task': 'Adela Oliva Chavez is assigning the task of writing ideas in the chat to the participants so she can copy and paste them, as she is having trouble keeping up with the conversation while writing.'}]",10756.0,47,0
2021_10_01_MZT_S2,2021_10_01_MZT_S2,,,That was me.,,2021_10_01_MZT_S2_MZT,Adela Oliva Chavez Oliva Chavez,,,,,955.0,956.0,,,MZT,955.5,"[{'acknowledge contribution': 'Adela Oliva Chavez is acknowledging that she was the one who made a previous statement, without necessarily agreeing or disagreeing with it.'}]",10963.0,48,0
2021_10_01_MZT_S2,2021_10_01_MZT_S2,,,"Uh, and we know from other studies in other places that it has to do a lot with the uh biofilms in the mid gut.",,2021_10_01_MZT_S2_MZT,Adela Oliva Chavez Oliva Chavez,,,,,695.0,703.1679245283019,,,MZT,699.083962264151,"[{'expand on existing idea': ""Adela Oliva Chavez is expanding on the idea of using microbiome data, building on Matt's earlier suggestion to consider multiomics approaches, including microbiomes, by providing examples of how microbiomes can affect pathogen establishment.""}, {'present new idea': ""Adela Oliva Chavez presents a new idea about the potential role of skin microbiome in vertebral animals affecting immune response and tick-borne pathogen infection, which hasn't been explicitly discussed before.""}, {'ask clarifying question': 'Adela Oliva Chavez poses a question about whether a similar phenomenon of microbiome affecting pathogen establishment, as seen in invertebrates, could occur in vertebral animals, seeking to explore this possibility further.'}]",11658.0,49,0
2021_10_01_MZT_S2,2021_10_01_MZT_S2,,,"Uh, so that that makes me wonder if something like that happens in vertebral animals where if you have a specific microbiome in your skin, you have a different immune response and then tickborn pathogens cannot infect.",,2021_10_01_MZT_S2_MZT,Adela Oliva Chavez Oliva Chavez,,,,,703.1679245283018,719.2094339622641,,,MZT,711.188679245283,"[{'expand on existing idea': ""Adela Oliva Chavez is expanding on the idea of using microbiome data, building on Matt's earlier suggestion to consider multiomics approaches, including microbiomes, by providing examples of how microbiomes can affect pathogen establishment.""}, {'present new idea': ""Adela Oliva Chavez presents a new idea about the potential role of skin microbiome in vertebral animals affecting immune response and tick-borne pathogen infection, which hasn't been explicitly discussed before.""}, {'ask clarifying question': 'Adela Oliva Chavez poses a question about whether a similar phenomenon of microbiome affecting pathogen establishment, as seen in invertebrates, could occur in vertebral animals, seeking to explore this possibility further.'}]",11658.0,50,0
2021_10_01_MZT_S2,2021_10_01_MZT_S2,,,"Uh, maybe something like that happens in other places in our body, uh, and yeah, it's a good question.",,2021_10_01_MZT_S2_MZT,Adela Oliva Chavez Oliva Chavez,,,,,719.2094339622641,726.7150943396226,,,MZT,722.9622641509434,"[{'expand on existing idea': ""Adela Oliva Chavez is expanding on the idea of using microbiome data, building on Matt's earlier suggestion to consider multiomics approaches, including microbiomes, by providing examples of how microbiomes can affect pathogen establishment.""}, {'present new idea': ""Adela Oliva Chavez presents a new idea about the potential role of skin microbiome in vertebral animals affecting immune response and tick-borne pathogen infection, which hasn't been explicitly discussed before.""}, {'ask clarifying question': 'Adela Oliva Chavez poses a question about whether a similar phenomenon of microbiome affecting pathogen establishment, as seen in invertebrates, could occur in vertebral animals, seeking to explore this possibility further.'}]",11658.0,51,0
2021_10_01_MZT_S2,2021_10_01_MZT_S2,,,Nobody has looked at the microbiome and how that affects the establishment uh of certain pathogens.,,2021_10_01_MZT_S2_MZT,Adela Oliva Chavez Oliva Chavez,,,,,726.7150943396227,734.0,,,MZT,730.3575471698114,"[{'expand on existing idea': ""Adela Oliva Chavez is expanding on the idea of using microbiome data, building on Matt's earlier suggestion to consider multiomics approaches, including microbiomes, by providing examples of how microbiomes can affect pathogen establishment.""}, {'present new idea': ""Adela Oliva Chavez presents a new idea about the potential role of skin microbiome in vertebral animals affecting immune response and tick-borne pathogen infection, which hasn't been explicitly discussed before.""}, {'ask clarifying question': 'Adela Oliva Chavez poses a question about whether a similar phenomenon of microbiome affecting pathogen establishment, as seen in invertebrates, could occur in vertebral animals, seeking to explore this possibility further.'}]",11658.0,52,0
2021_10_01_MZT_S2,2021_10_01_MZT_S2,,,"Yeah, I thought so too.",,2021_10_01_MZT_S2_MZT,Adela Oliva Chavez Oliva Chavez,,,,,832.0,833.0,,,MZT,832.5,"[{'express agreement': 'Adela Oliva Chavez agrees with a previous statement, indicating confirmation or alignment with a prior idea.'}]",11795.0,53,0
2021_10_01_MZT_S2,2021_10_01_MZT_S2,,,"Yeah, I was gonna I I was gonna say.",,2021_10_01_MZT_S2_MZT,Adela Oliva Chavez Oliva Chavez,,,,,742.0,744.0,,,MZT,743.0,"[{'acknowledge contribution': ""Adela Oliva Chavez acknowledges Linda's statement, indicating she was about to make a similar point, but she is not necessarily agreeing or expanding on it.""}]",12537.0,54,0
2021_10_01_MZT_S2,2021_10_01_MZT_S2,,,"Yeah, here we can put on the microbiome.",,2021_10_01_MZT_S2_MZT,Adela Oliva Chavez Oliva Chavez,,,,,665.0,667.9145728643216,,,MZT,666.4572864321608,"[{'expand on existing idea': ""Adela Oliva Chavez is expanding on the discussion about multiomics approaches, specifically suggesting the inclusion of microbiome data, which builds upon Matt Hopken's earlier mention of microbiomes in relation to immune response and metabolism.""}, {'provide supporting evidence': ""Adela Oliva Chavez provides supporting evidence by mentioning studies from colleagues that show a correlation between the microbiome and the presence of Borelia, suggesting the microbiome's potential as a marker for pathogen presence.""}]",13202.0,55,0
2021_10_01_MZT_S2,2021_10_01_MZT_S2,,,"Uh, so going with the microbiome, uh, I don't know so much about like, uh, in vertebrates, but I know from studies that colleagues are doing that the microbiome intakes can tell you whether or not, uh, that is likely to have Borelia.",,2021_10_01_MZT_S2_MZT,Adela Oliva Chavez Oliva Chavez,,,,,667.9145728643216,684.891959798995,,,MZT,676.4032663316583,"[{'expand on existing idea': ""Adela Oliva Chavez is expanding on the discussion about multiomics approaches, specifically suggesting the inclusion of microbiome data, which builds upon Matt Hopken's earlier mention of microbiomes in relation to immune response and metabolism.""}, {'provide supporting evidence': ""Adela Oliva Chavez provides supporting evidence by mentioning studies from colleagues that show a correlation between the microbiome and the presence of Borelia, suggesting the microbiome's potential as a marker for pathogen presence.""}]",13202.0,56,0
2021_10_01_MZT_S2,2021_10_01_MZT_S2,,,Like there is a correlation in the presence of Borelia with a specific with the presence of other bacteria in the microbiome.,,2021_10_01_MZT_S2_MZT,Adela Oliva Chavez Oliva Chavez,,,,,684.891959798995,694.0,,,MZT,689.4459798994975,"[{'expand on existing idea': ""Adela Oliva Chavez is expanding on the discussion about multiomics approaches, specifically suggesting the inclusion of microbiome data, which builds upon Matt Hopken's earlier mention of microbiomes in relation to immune response and metabolism.""}, {'provide supporting evidence': ""Adela Oliva Chavez provides supporting evidence by mentioning studies from colleagues that show a correlation between the microbiome and the presence of Borelia, suggesting the microbiome's potential as a marker for pathogen presence.""}]",13202.0,57,0
2021_10_01_MZT_S2,2021_10_01_MZT_S2,,,"Yeah, they are different kind of markers because the metabo the metabol uh metabolic markers uh tend to be like amino acids, hormones, things like that.",,2021_10_01_MZT_S2_MZT,Adela Oliva Chavez Oliva Chavez,,,,,799.9999999999999,811.1673469387755,,,MZT,805.5836734693877,"[{'explain or define term or concept': 'Adela Oliva Chavez is explaining the difference between metabolic markers (amino acids, hormones) and immune response markers (cytokines, chemokines) in the context of identifying markers for infection and shedding.'}]",13337.0,58,0
2021_10_01_MZT_S2,2021_10_01_MZT_S2,,,"In the case of immune response it would be like cytokines, like things like that, chemokines.",,2021_10_01_MZT_S2_MZT,Adela Oliva Chavez Oliva Chavez,,,,,811.1673469387756,818.0,,,MZT,814.5836734693878,"[{'explain or define term or concept': 'Adela Oliva Chavez is explaining the difference between metabolic markers (amino acids, hormones) and immune response markers (cytokines, chemokines) in the context of identifying markers for infection and shedding.'}]",13337.0,59,0
2021_10_01_MZT_S2,2021_10_01_MZT_S2,,,Yeah.,,2021_10_01_MZT_S2_MZT,Adela Oliva Chavez Oliva Chavez,,,,,865.0,866.0,,,MZT,865.5,"[{'express agreement': 'Adela Oliva Chavez is agreeing with a previous statement, likely about the discussion of intermediate scales and dynamic data.'}]",13402.0,60,0
2021_10_01_MZT_S2,2021_10_01_MZT_S2,,,But?,,2021_10_01_MZT_S2_MZT,Amy Hartman,,,,,925.0,927.0,,,MZT,926.0,"{'ask clarifying question': ""Amy Hartman ends her statement with 'But?', indicating she is likely prompting for further explanation or elaboration on the previous point about climate change and its role in changing parameters over time.""}",13462.0,61,0
2021_10_01_MZT_S2,2021_10_01_MZT_S2,,,"Hi, I'm Amy Hartman, University of Pittsburgh.",,2021_10_01_MZT_S2_MZT,Amy Hartman,,,,,712.0,715.1428571428571,,,MZT,713.5714285714286,"{'explain or define term or concept': 'Amy Hartman explains that she studies emerging viruses, specifically bunya viruses transmitted by ticks and mosquitoes, to provide background on her research area.', 'encourage participation': 'Amy Hartman expresses that she is looking for collaborations and ideas in the area of wildlife spillover, inviting others to contribute to her research.'}",14174.0,62,0
2021_10_01_MZT_S2,2021_10_01_MZT_S2,,,"Uh I study emerging viruses, in particular bunya viruses, which are mostly uh transmitted by ticks and mosquitoes.",,2021_10_01_MZT_S2_MZT,Amy Hartman,,,,,715.1428571428571,722.9316770186335,,,MZT,719.0372670807453,"{'explain or define term or concept': 'Amy Hartman explains that she studies emerging viruses, specifically bunya viruses transmitted by ticks and mosquitoes, to provide background on her research area.', 'encourage participation': 'Amy Hartman expresses that she is looking for collaborations and ideas in the area of wildlife spillover, inviting others to contribute to her research.'}",14174.0,63,0
2021_10_01_MZT_S2,2021_10_01_MZT_S2,,,Um and my area of expertise is really understanding um how these pathogenic viruses cause disease and we use animal models to do that.,,2021_10_01_MZT_S2_MZT,Amy Hartman,,,,,722.9316770186335,732.0869565217392,,,MZT,727.5093167701864,"{'explain or define term or concept': 'Amy Hartman explains that she studies emerging viruses, specifically bunya viruses transmitted by ticks and mosquitoes, to provide background on her research area.', 'encourage participation': 'Amy Hartman expresses that she is looking for collaborations and ideas in the area of wildlife spillover, inviting others to contribute to her research.'}",14174.0,64,0
2021_10_01_MZT_S2,2021_10_01_MZT_S2,,,Um so I'm a viral pathogenesis type person and I'm really looking for collaborations um and ideas uh in the area of wildlife spillover and how I can connect that with my research.,,2021_10_01_MZT_S2_MZT,Amy Hartman,,,,,732.086956521739,744.3167701863354,,,MZT,738.2018633540372,"{'explain or define term or concept': 'Amy Hartman explains that she studies emerging viruses, specifically bunya viruses transmitted by ticks and mosquitoes, to provide background on her research area.', 'encourage participation': 'Amy Hartman expresses that she is looking for collaborations and ideas in the area of wildlife spillover, inviting others to contribute to her research.'}",14174.0,65,0
2021_10_01_MZT_S2,2021_10_01_MZT_S2,,,Thank you.,,2021_10_01_MZT_S2_MZT,Amy Hartman,,,,,744.3167701863354,745.0,,,MZT,744.6583850931677,"{'explain or define term or concept': 'Amy Hartman explains that she studies emerging viruses, specifically bunya viruses transmitted by ticks and mosquitoes, to provide background on her research area.', 'encourage participation': 'Amy Hartman expresses that she is looking for collaborations and ideas in the area of wildlife spillover, inviting others to contribute to her research.'}",14174.0,66,0
2021_10_01_MZT_S2,2021_10_01_MZT_S2,,,"In the bottom, it says reactions on the bottom of your screen.",,2021_10_01_MZT_S2_MZT,Amy Hartman,,,,,1003.0,1005.0,,,MZT,1004.0,"{'explain or define term or concept': ""Amy is explaining to Kezia where the 'reactions' button is located on the screen, which is a feature of the video conferencing platform they are using.""}",14465.0,67,0
2021_10_01_MZT_S2,2021_10_01_MZT_S2,,,"Right and and then you know what role is climate change playing in changing those parameters over time, right?",,2021_10_01_MZT_S2_MZT,Amy Hartman,,,,,921.0,924.0,,,MZT,922.5,"{'expand on existing idea': ""Amy is building on Kim's idea that ecology is the most important thing in spillover events by adding that climate change plays a role in changing ecological parameters over time.""}",15386.0,68,0
2021_10_01_MZT_S2,2021_10_01_MZT_S2,,,Thank you.,,2021_10_01_MZT_S2_MZT,Amy Hartman,,,,,994.0,995.0,,,MZT,994.5,"{'acknowledge contribution': ""Amy Hartman is acknowledging the prior speaker's contribution, but not agreeing or expanding on it.""}",15459.0,69,0
2021_10_01_MZT_S2,2021_10_01_MZT_S2,,,Thank you.,,2021_10_01_MZT_S2_MZT,Amy Hartman,,,,,15593.0,15593.0,,,MZT,15593.0,"{'acknowledge contribution': 'Amy Hartman is acknowledging a previous contribution, likely from the discussion about prediction versus surveillance of spillover events.'}",15593.0,70,0
2021_10_01_MZT_S2,2021_10_01_MZT_S2,,,Uh I mean I don't think we have a good handle on that.,,2021_10_01_MZT_S2_MZT,Amy Hartman,,,,,1125.9999999999998,1130.1142857142856,,,MZT,1128.0571428571427,"[{'provide supporting evidence': ""Amy provides examples of West Nile, chickennya virus, and Zika virus spreading into new areas, and other viruses found in North America emerging at smaller outbreak levels, to support the idea that there are both imported and native pathogens causing outbreaks, which was in response to Mike's question about whether major outbreaks are more likely from pathogens emerging within an ecosystem versus newly imported ones.""}]",16719.0,71,0
2021_10_01_MZT_S2,2021_10_01_MZT_S2,,,"Um, like you mentioned West Nile, um, then we also have examples of like chickennya virus or Zika virus spreading into new areas, but you also have examples of like virus and other sort of viruses found in North America that um, you know, emerge on at smaller outbreak levels.",,2021_10_01_MZT_S2_MZT,Amy Hartman,,,,,1130.1142857142856,1151.142857142857,,,MZT,1140.6285714285714,"[{'provide supporting evidence': ""Amy provides examples of West Nile, chickennya virus, and Zika virus spreading into new areas, and other viruses found in North America emerging at smaller outbreak levels, to support the idea that there are both imported and native pathogens causing outbreaks, which was in response to Mike's question about whether major outbreaks are more likely from pathogens emerging within an ecosystem versus newly imported ones.""}]",16719.0,72,0
2021_10_01_MZT_S2,2021_10_01_MZT_S2,,,"Um, so I think it's sort of a mixture of both.",,2021_10_01_MZT_S2_MZT,Amy Hartman,,,,,1151.142857142857,1154.647619047619,,,MZT,1152.895238095238,"[{'provide supporting evidence': ""Amy provides examples of West Nile, chickennya virus, and Zika virus spreading into new areas, and other viruses found in North America emerging at smaller outbreak levels, to support the idea that there are both imported and native pathogens causing outbreaks, which was in response to Mike's question about whether major outbreaks are more likely from pathogens emerging within an ecosystem versus newly imported ones.""}]",16719.0,73,0
2021_10_01_MZT_S2,2021_10_01_MZT_S2,,,"Um, I don't know what the answer is to that.",,2021_10_01_MZT_S2_MZT,Amy Hartman,,,,,1154.6476190476192,1158.0,,,MZT,1156.3238095238096,"[{'provide supporting evidence': ""Amy provides examples of West Nile, chickennya virus, and Zika virus spreading into new areas, and other viruses found in North America emerging at smaller outbreak levels, to support the idea that there are both imported and native pathogens causing outbreaks, which was in response to Mike's question about whether major outbreaks are more likely from pathogens emerging within an ecosystem versus newly imported ones.""}]",16719.0,74,0
2021_10_01_MZT_S2,2021_10_01_MZT_S2,,,"Yeah, I was just going to say that I really think we need both, right?",,2021_10_01_MZT_S2_MZT,Amy Hartman,,,,,975.0,979.9626865671642,,,MZT,977.4813432835821,"{'express agreement': 'Amy agrees with the prior discussion about the importance of both predicting and surveilling spillover events.', 'expand on existing idea': ""Amy expands on the discussion by adding that even human disease surveillance is not very good, building on Kim's point about predicting spillover events."", 'provide supporting evidence': 'Amy provides the example of SARS-CoV-2 to support the idea that surveillance is not very good, referencing a real-world example to strengthen the argument.'}",17694.0,75,0
2021_10_01_MZT_S2,2021_10_01_MZT_S2,,,"We need to try to predict and um, have effective surveillance, but as we saw with SARS COV2, you know, even our surveillance of human diseases is not very good and takes a long time to catch things.",,2021_10_01_MZT_S2_MZT,Amy Hartman,,,,,979.9626865671642,994.0,,,MZT,986.9813432835821,"{'express agreement': 'Amy agrees with the prior discussion about the importance of both predicting and surveilling spillover events.', 'expand on existing idea': ""Amy expands on the discussion by adding that even human disease surveillance is not very good, building on Kim's point about predicting spillover events."", 'provide supporting evidence': 'Amy provides the example of SARS-CoV-2 to support the idea that surveillance is not very good, referencing a real-world example to strengthen the argument.'}",17694.0,76,0
2021_10_01_MZT_S2,2021_10_01_MZT_S2,,,"Yeah, I was just going to say that I really think we need both, right?",,2021_10_01_MZT_S2_MZT,Amy Hartman,,,,,1094.0,1098.7316103379721,,,MZT,1096.365805168986,"[{'express agreement': 'Amy agrees with the prior discussion about the need for both prediction and surveillance of spillover events.'}, {'provide supporting evidence': 'Amy supports the need for effective surveillance by referencing the SARS-CoV-2 pandemic and the slow detection of human diseases.'}, {'expand on existing idea': 'Amy expands on the discussion by emphasizing the need for both effective surveillance and increased knowledge about predicting spillover events, acknowledging the significant effort required.'}]",17813.0,77,0
2021_10_01_MZT_S2,2021_10_01_MZT_S2,,,"We need to try to predict and um, have effective surveillance, but as we saw with SARS COV2, you know, even our surveillance of human diseases is not very good and takes a long time to catch things.",,2021_10_01_MZT_S2_MZT,Amy Hartman,,,,,1098.7316103379721,1112.1153081510934,,,MZT,1105.4234592445328,"[{'express agreement': 'Amy agrees with the prior discussion about the need for both prediction and surveillance of spillover events.'}, {'provide supporting evidence': 'Amy supports the need for effective surveillance by referencing the SARS-CoV-2 pandemic and the slow detection of human diseases.'}, {'expand on existing idea': 'Amy expands on the discussion by emphasizing the need for both effective surveillance and increased knowledge about predicting spillover events, acknowledging the significant effort required.'}]",17813.0,78,0
2021_10_01_MZT_S2,2021_10_01_MZT_S2,,,"So we really need effective surveillance and increased knowledge about predicting um, and I think to do both of those, you know, it's a big effort.",,2021_10_01_MZT_S2_MZT,Amy Hartman,,,,,1112.1153081510936,1122.051689860835,,,MZT,1117.0834990059643,"[{'express agreement': 'Amy agrees with the prior discussion about the need for both prediction and surveillance of spillover events.'}, {'provide supporting evidence': 'Amy supports the need for effective surveillance by referencing the SARS-CoV-2 pandemic and the slow detection of human diseases.'}, {'expand on existing idea': 'Amy expands on the discussion by emphasizing the need for both effective surveillance and increased knowledge about predicting spillover events, acknowledging the significant effort required.'}]",17813.0,79,0
2021_10_01_MZT_S2,2021_10_01_MZT_S2,,,"Um, kind of seems insurmountable, but I think that's what what it we need to to work on.",,2021_10_01_MZT_S2_MZT,Amy Hartman,,,,,1122.0516898608348,1128.0,,,MZT,1125.0258449304174,"[{'express agreement': 'Amy agrees with the prior discussion about the need for both prediction and surveillance of spillover events.'}, {'provide supporting evidence': 'Amy supports the need for effective surveillance by referencing the SARS-CoV-2 pandemic and the slow detection of human diseases.'}, {'expand on existing idea': 'Amy expands on the discussion by emphasizing the need for both effective surveillance and increased knowledge about predicting spillover events, acknowledging the significant effort required.'}]",17813.0,80,0
2021_10_01_MZT_S2,2021_10_01_MZT_S2,,,"Yeah, so my my question comes um out of the prompts at the beginning, which is should we be most concerned about native pathogens expanding more in range or emerging pathogens say moving around the globe versus brand new pathogens like SARS COV2 and how do we how do we focus our efforts on the right um aspect as far as um spillover events.",,2021_10_01_MZT_S2_MZT,Amy Hartman,,,,,846.0,879.0,,,MZT,862.5,"{'present new idea': 'Amy introduces a new question about whether the focus should be on native pathogens expanding in range, emerging pathogens moving around the globe, or brand new pathogens like SARS-CoV-2, which had not been explicitly discussed before.', 'propose decision': 'Amy proposes a decision on how to focus efforts on the right aspect of spillover events, asking which type of pathogen should be of most concern.'}",18659.0,81,0
2021_10_01_MZT_S2,2021_10_01_MZT_S2,,,Yeah.,,2021_10_01_MZT_S2_MZT,Amy Hartman,,,,,965.0,966.0,,,MZT,965.5,"[{'express agreement': ""Amy Hartman expresses agreement with Kim Pepin's prior question about the relative importance of predicting spillover events versus having surveillance in place.""}]",18778.0,82,0
2021_10_01_MZT_S2,2021_10_01_MZT_S2,,,Yeah.,,2021_10_01_MZT_S2_MZT,Amy Hartman,,,,,974.0,975.0,,,MZT,974.5,"{'express agreement': 'Amy Hartman says ""Yeah"" in response to Kim Pepin\'s question of ""Anyone else?"", indicating agreement with Kim\'s line of thinking.'}",18787.0,83,0
2021_10_01_MZT_S2,2021_10_01_MZT_S2,,,"Hey, I'm assistant professor at University of Oklahoma.",,2021_10_01_MZT_S2_MZT,Daniel Becker,,,,,1050.0,1052.8337236533957,,,MZT,1051.4168618266979,"{'explain or define term or concept': 'The speaker defines their area of expertise as how zoonotic pathogens spread within and between their wildlife hosts, clarifying their focus for the group.', 'provide supporting evidence': 'The speaker provides supporting evidence of their expertise by describing their work, including sampling wild bats and songbirds, theoretical modeling, and predictive machine learning.'}",18863.0,84,0
2021_10_01_MZT_S2,2021_10_01_MZT_S2,,,"Um I'm also a disease ecologist, so I work on um howtic pathogens spread within and between their wildlife hosts.",,2021_10_01_MZT_S2_MZT,Daniel Becker,,,,,1052.8337236533957,1058.655737704918,,,MZT,1055.7447306791569,"{'explain or define term or concept': 'The speaker defines their area of expertise as how zoonotic pathogens spread within and between their wildlife hosts, clarifying their focus for the group.', 'provide supporting evidence': 'The speaker provides supporting evidence of their expertise by describing their work, including sampling wild bats and songbirds, theoretical modeling, and predictive machine learning.'}",18863.0,85,0
2021_10_01_MZT_S2,2021_10_01_MZT_S2,,,"So I do a combination of um sampling wild bats and songbirds for bacterial and viral pathogens, um some theoretical modeling uh and also some sort of predictive machine learning type stuff for trying to identify likely but unsampled um reservoir host species.",,2021_10_01_MZT_S2_MZT,Daniel Becker,,,,,1058.655737704918,1072.0,,,MZT,1065.327868852459,"{'explain or define term or concept': 'The speaker defines their area of expertise as how zoonotic pathogens spread within and between their wildlife hosts, clarifying their focus for the group.', 'provide supporting evidence': 'The speaker provides supporting evidence of their expertise by describing their work, including sampling wild bats and songbirds, theoretical modeling, and predictive machine learning.'}",18863.0,86,0
2021_10_01_MZT_S2,2021_10_01_MZT_S2,,,"Oh, I'm just just on on that same point.",,2021_10_01_MZT_S2_MZT,Daniel Becker,,,,,927.0000000000001,930.3469387755102,,,MZT,928.6734693877552,"[{'provide supporting evidence': ""Daniel provides evidence from his work using machine learning algorithms to predict bat hosts of beta coronaviruses, supporting Kim's point about the importance of ecology by stating that models incorporating host ecology outperform other approaches.""}, {'expand on existing idea': ""Daniel expands on Kim's idea about the importance of ecology by mentioning that even at a macro scale, the ecology of the reservoir host plays a crucial role in predicting patterns, and that more detailed contact information would further improve predictions.""}, {'acknowledge contribution': ""Daniel acknowledges Kim's contribution by seconding her point on the importance of basic ecological information about different species.""}]",19790.0,87,0
2021_10_01_MZT_S2,2021_10_01_MZT_S2,,,"So um, been working with a group who were basically doing a bunch of different machine learning algorithms to try to predict um uh bat hosts of beta coronaviruses.",,2021_10_01_MZT_S2_MZT,Daniel Becker,,,,,930.3469387755101,943.9857142857143,,,MZT,937.1663265306122,"[{'provide supporting evidence': ""Daniel provides evidence from his work using machine learning algorithms to predict bat hosts of beta coronaviruses, supporting Kim's point about the importance of ecology by stating that models incorporating host ecology outperform other approaches.""}, {'expand on existing idea': ""Daniel expands on Kim's idea about the importance of ecology by mentioning that even at a macro scale, the ecology of the reservoir host plays a crucial role in predicting patterns, and that more detailed contact information would further improve predictions.""}, {'acknowledge contribution': ""Daniel acknowledges Kim's contribution by seconding her point on the importance of basic ecological information about different species.""}]",19790.0,88,0
2021_10_01_MZT_S2,2021_10_01_MZT_S2,,,So including but not limited to to SARS like viruses.,,2021_10_01_MZT_S2_MZT,Daniel Becker,,,,,943.9857142857142,948.4204081632653,,,MZT,946.2030612244897,"[{'provide supporting evidence': ""Daniel provides evidence from his work using machine learning algorithms to predict bat hosts of beta coronaviruses, supporting Kim's point about the importance of ecology by stating that models incorporating host ecology outperform other approaches.""}, {'expand on existing idea': ""Daniel expands on Kim's idea about the importance of ecology by mentioning that even at a macro scale, the ecology of the reservoir host plays a crucial role in predicting patterns, and that more detailed contact information would further improve predictions.""}, {'acknowledge contribution': ""Daniel acknowledges Kim's contribution by seconding her point on the importance of basic ecological information about different species.""}]",19790.0,89,0
2021_10_01_MZT_S2,2021_10_01_MZT_S2,,,"Um, we just try to compare different kinds of of model structures and one of the things that we found when kind of validating everything was definitely that if you take um you know, models that incorporate any kind of trait information on in this case that ecology, but you know, any kind of host ecology, those seem to to definitely outperform other approaches using, you know, kind of network structure of the the host pathogen network or something like that.",,2021_10_01_MZT_S2_MZT,Daniel Becker,,,,,948.4204081632654,986.9938775510204,,,MZT,967.7071428571429,"[{'provide supporting evidence': ""Daniel provides evidence from his work using machine learning algorithms to predict bat hosts of beta coronaviruses, supporting Kim's point about the importance of ecology by stating that models incorporating host ecology outperform other approaches.""}, {'expand on existing idea': ""Daniel expands on Kim's idea about the importance of ecology by mentioning that even at a macro scale, the ecology of the reservoir host plays a crucial role in predicting patterns, and that more detailed contact information would further improve predictions.""}, {'acknowledge contribution': ""Daniel acknowledges Kim's contribution by seconding her point on the importance of basic ecological information about different species.""}]",19790.0,90,0
2021_10_01_MZT_S2,2021_10_01_MZT_S2,,,"So it's not I guess that's not really as much about um, you know, contact or fine scale ecology per se, but you know, even just thinking about this really big macro scale prediction, you know, we we do kind of expect the the ecology of the reservoir host to play a really important role and even describing very broad scale um predictive patterns.",,2021_10_01_MZT_S2_MZT,Daniel Becker,,,,,986.9938775510204,1016.0285714285715,,,MZT,1001.511224489796,"[{'provide supporting evidence': ""Daniel provides evidence from his work using machine learning algorithms to predict bat hosts of beta coronaviruses, supporting Kim's point about the importance of ecology by stating that models incorporating host ecology outperform other approaches.""}, {'expand on existing idea': ""Daniel expands on Kim's idea about the importance of ecology by mentioning that even at a macro scale, the ecology of the reservoir host plays a crucial role in predicting patterns, and that more detailed contact information would further improve predictions.""}, {'acknowledge contribution': ""Daniel acknowledges Kim's contribution by seconding her point on the importance of basic ecological information about different species.""}]",19790.0,91,0
2021_10_01_MZT_S2,2021_10_01_MZT_S2,,,"I'm sure as we we dig down more into actual, you know, contact and all of that with humans that that only kind of improves it more, but um yeah, I guess just seconding Kim on on just the importance of kind of even just basic ecological information about about different species almost sort of like natural history work is really foundational.",,2021_10_01_MZT_S2_MZT,Daniel Becker,,,,,1016.0285714285715,1044.6448979591837,,,MZT,1030.3367346938776,"[{'provide supporting evidence': ""Daniel provides evidence from his work using machine learning algorithms to predict bat hosts of beta coronaviruses, supporting Kim's point about the importance of ecology by stating that models incorporating host ecology outperform other approaches.""}, {'expand on existing idea': ""Daniel expands on Kim's idea about the importance of ecology by mentioning that even at a macro scale, the ecology of the reservoir host plays a crucial role in predicting patterns, and that more detailed contact information would further improve predictions.""}, {'acknowledge contribution': ""Daniel acknowledges Kim's contribution by seconding her point on the importance of basic ecological information about different species.""}]",19790.0,92,0
2021_10_01_MZT_S2,2021_10_01_MZT_S2,,,We we lack that for a lot of lot of mammals and and birds still.,,2021_10_01_MZT_S2_MZT,Daniel Becker,,,,,1044.6448979591837,1050.0,,,MZT,1047.3224489795919,"[{'provide supporting evidence': ""Daniel provides evidence from his work using machine learning algorithms to predict bat hosts of beta coronaviruses, supporting Kim's point about the importance of ecology by stating that models incorporating host ecology outperform other approaches.""}, {'expand on existing idea': ""Daniel expands on Kim's idea about the importance of ecology by mentioning that even at a macro scale, the ecology of the reservoir host plays a crucial role in predicting patterns, and that more detailed contact information would further improve predictions.""}, {'acknowledge contribution': ""Daniel acknowledges Kim's contribution by seconding her point on the importance of basic ecological information about different species.""}]",19790.0,93,0
2021_10_01_MZT_S2,2021_10_01_MZT_S2,,,"Um yeah, I mean I think it's a really big kind of frontier in the predictive modeling world is trying to actually incorporate more, you know, what we would call like within host traits, right?",,2021_10_01_MZT_S2_MZT,Daniel Becker,,,,,930.9999999999999,938.1514170040485,,,MZT,934.5757085020242,"[{'expand on existing idea': ""Daniel expands on Kim's idea of bridging scales by suggesting incorporating within-host traits like receptor use and immune system data into predictive models, building on the discussion about the importance of ecology and species interactions.""}, {'explain or define term or concept': ""Daniel explains the concept of 'within host traits' by providing examples such as receptor use, immune system, and adaptive immunity, clarifying the type of data that could be incorporated into predictive models.""}]",19794.0,94,0
2021_10_01_MZT_S2,2021_10_01_MZT_S2,,,So whether it's something about receptor use or immune system or adaptive immunity.,,2021_10_01_MZT_S2_MZT,Daniel Becker,,,,,938.1514170040485,941.2429149797571,,,MZT,939.6971659919028,"[{'expand on existing idea': ""Daniel expands on Kim's idea of bridging scales by suggesting incorporating within-host traits like receptor use and immune system data into predictive models, building on the discussion about the importance of ecology and species interactions.""}, {'explain or define term or concept': ""Daniel explains the concept of 'within host traits' by providing examples such as receptor use, immune system, and adaptive immunity, clarifying the type of data that could be incorporated into predictive models.""}]",19794.0,95,0
2021_10_01_MZT_S2,2021_10_01_MZT_S2,,,"Um, you know, a lot of times the the the features that we're using in these models are are kind of coarse things like um, you know, body mass or the the size of a species or something and those are you know, probably proxies for for something sort of immunological that's actually determining um, you know, transmission within within the reservoir host or the ability to actually generate new infections.",,2021_10_01_MZT_S2_MZT,Daniel Becker,,,,,941.2429149797571,956.2906882591093,,,MZT,948.7668016194332,"[{'expand on existing idea': ""Daniel expands on Kim's idea of bridging scales by suggesting incorporating within-host traits like receptor use and immune system data into predictive models, building on the discussion about the importance of ecology and species interactions.""}, {'explain or define term or concept': ""Daniel explains the concept of 'within host traits' by providing examples such as receptor use, immune system, and adaptive immunity, clarifying the type of data that could be incorporated into predictive models.""}]",19794.0,96,0
2021_10_01_MZT_S2,2021_10_01_MZT_S2,,,"I mean a lot of the the data that we're using are just, you know, infection status, you know, in the in the reservoir um and it's hard to differentiate whether we're looking at dead end hosts or actually competent reservoirs and so I think trying to incorporate more immunological data is a really nice thing to be thinking about, but it's hard to think about maybe how to do that at a scale where you can generate enough data across enough different species um to actually have it be a meaningful feature in the predictive predictive modeling um analysis.",,2021_10_01_MZT_S2_MZT,Daniel Becker,,,,,956.2906882591094,977.0,,,MZT,966.6453441295547,"[{'expand on existing idea': ""Daniel expands on Kim's idea of bridging scales by suggesting incorporating within-host traits like receptor use and immune system data into predictive models, building on the discussion about the importance of ecology and species interactions.""}, {'explain or define term or concept': ""Daniel explains the concept of 'within host traits' by providing examples such as receptor use, immune system, and adaptive immunity, clarifying the type of data that could be incorporated into predictive models.""}]",19794.0,97,0
2021_10_01_MZT_S2,2021_10_01_MZT_S2,,,"Yeah, I think just in that last point about markers um of you know, infected or setting or whatnot. just including immunology explicitly um alongside the metabolic and.",,2021_10_01_MZT_S2_MZT,Daniel Becker,,,,,781.0,794.0,,,MZT,787.5,{'expand on existing idea': 'Daniel is building on the previous discussion about metabolic markers by suggesting the inclusion of immunology as another type of marker to consider when studying infected or shedding animals.'},20575.0,98,0
2021_10_01_MZT_S2,2021_10_01_MZT_S2,,,"Yeah, just a follow up.",,2021_10_01_MZT_S2_MZT,Daniel Becker,,,,,961.0,970.0,,,MZT,965.5,"[{'expand on existing idea': 'Daniel is indicating that he will be adding to a previous point, as he says ""just a follow up.""'}]",20755.0,99,0
2021_10_01_MZT_S2,2021_10_01_MZT_S2,,,"Yeah, just a follow up.",,2021_10_01_MZT_S2_MZT,Daniel Becker,,,,,970.9999999999999,972.4663023679417,,,MZT,971.7331511839708,"[{'expand on existing idea': ""Daniel is building on Kezia's idea of the intermediate scale by suggesting that it involves identifying when and where animals are most likely to be infectious or shedding, which is a follow up to the previous discussion about multiscale approaches.""}, {'present new idea': 'Daniel presents the idea of using metabolic or immunological signatures of shedding to identify temporal and environmental covariances, such as microclimate or habitat fragmentation, to determine times and places of high spillover risk.'}]",20765.0,100,0
2021_10_01_MZT_S2,2021_10_01_MZT_S2,,,"Yes, I remember.",,2021_10_01_MZT_S2_MZT,Daniel Becker,,,,,972.4663023679417,973.4863387978143,,,MZT,972.976320582878,"[{'expand on existing idea': ""Daniel is building on Kezia's idea of the intermediate scale by suggesting that it involves identifying when and where animals are most likely to be infectious or shedding, which is a follow up to the previous discussion about multiscale approaches.""}, {'present new idea': 'Daniel presents the idea of using metabolic or immunological signatures of shedding to identify temporal and environmental covariances, such as microclimate or habitat fragmentation, to determine times and places of high spillover risk.'}]",20765.0,101,0
2021_10_01_MZT_S2,2021_10_01_MZT_S2,,,"I think kind of the at the intermediate scale is thinking sort of about, you know, where where and when are are animals most likely to be infectious or shedding.",,2021_10_01_MZT_S2_MZT,Daniel Becker,,,,,973.4863387978143,983.7504553734062,,,MZT,978.6183970856102,"[{'expand on existing idea': ""Daniel is building on Kezia's idea of the intermediate scale by suggesting that it involves identifying when and where animals are most likely to be infectious or shedding, which is a follow up to the previous discussion about multiscale approaches.""}, {'present new idea': 'Daniel presents the idea of using metabolic or immunological signatures of shedding to identify temporal and environmental covariances, such as microclimate or habitat fragmentation, to determine times and places of high spillover risk.'}]",20765.0,102,0
2021_10_01_MZT_S2,2021_10_01_MZT_S2,,,"Um, and that's really hard to, you know, get like virus isolation or what not.",,2021_10_01_MZT_S2_MZT,Daniel Becker,,,,,983.7504553734061,988.7231329690346,,,MZT,986.2367941712204,"[{'expand on existing idea': ""Daniel is building on Kezia's idea of the intermediate scale by suggesting that it involves identifying when and where animals are most likely to be infectious or shedding, which is a follow up to the previous discussion about multiscale approaches.""}, {'present new idea': 'Daniel presents the idea of using metabolic or immunological signatures of shedding to identify temporal and environmental covariances, such as microclimate or habitat fragmentation, to determine times and places of high spillover risk.'}]",20765.0,103,0
2021_10_01_MZT_S2,2021_10_01_MZT_S2,,,"So, you know, having whether it's a metabolic signature or immunological signature of of shedding and kind of how that, you know, actually varies over over space and time and can start linking that into, you know, what are the the temporal covariance or you know, are the environmental covariance are they really localized like micro climate?",,2021_10_01_MZT_S2_MZT,Daniel Becker,,,,,988.7231329690345,1010.5264116575592,,,MZT,999.6247723132968,"[{'expand on existing idea': ""Daniel is building on Kezia's idea of the intermediate scale by suggesting that it involves identifying when and where animals are most likely to be infectious or shedding, which is a follow up to the previous discussion about multiscale approaches.""}, {'present new idea': 'Daniel presents the idea of using metabolic or immunological signatures of shedding to identify temporal and environmental covariances, such as microclimate or habitat fragmentation, to determine times and places of high spillover risk.'}]",20765.0,104,0
2021_10_01_MZT_S2,2021_10_01_MZT_S2,,,Are they more broad scale like habitat fragmentation?,,2021_10_01_MZT_S2_MZT,Daniel Becker,,,,,1010.5264116575593,1013.9052823315119,,,MZT,1012.2158469945356,"[{'expand on existing idea': ""Daniel is building on Kezia's idea of the intermediate scale by suggesting that it involves identifying when and where animals are most likely to be infectious or shedding, which is a follow up to the previous discussion about multiscale approaches.""}, {'present new idea': 'Daniel presents the idea of using metabolic or immunological signatures of shedding to identify temporal and environmental covariances, such as microclimate or habitat fragmentation, to determine times and places of high spillover risk.'}]",20765.0,105,0
2021_10_01_MZT_S2,2021_10_01_MZT_S2,,,"Um, and can we try to at least identify course times of the year seasonally is it you know do with migration or or reproductive pulses.",,2021_10_01_MZT_S2_MZT,Daniel Becker,,,,,1013.9052823315118,1022.5118397085611,,,MZT,1018.2085610200364,"[{'expand on existing idea': ""Daniel is building on Kezia's idea of the intermediate scale by suggesting that it involves identifying when and where animals are most likely to be infectious or shedding, which is a follow up to the previous discussion about multiscale approaches.""}, {'present new idea': 'Daniel presents the idea of using metabolic or immunological signatures of shedding to identify temporal and environmental covariances, such as microclimate or habitat fragmentation, to determine times and places of high spillover risk.'}]",20765.0,106,0
2021_10_01_MZT_S2,2021_10_01_MZT_S2,,,"Um, that might give us a general sense of, you know, maybe starting in one or two well studied host systems, you know, what are those times and places of high spill over risk and then can we start extrapolate that across across different host systems is is maybe one kind of good way to go.",,2021_10_01_MZT_S2_MZT,Daniel Becker,,,,,1022.5118397085611,1041.0,,,MZT,1031.7559198542806,"[{'expand on existing idea': ""Daniel is building on Kezia's idea of the intermediate scale by suggesting that it involves identifying when and where animals are most likely to be infectious or shedding, which is a follow up to the previous discussion about multiscale approaches.""}, {'present new idea': 'Daniel presents the idea of using metabolic or immunological signatures of shedding to identify temporal and environmental covariances, such as microclimate or habitat fragmentation, to determine times and places of high spillover risk.'}]",20765.0,107,0
2021_10_01_MZT_S2,2021_10_01_MZT_S2,,,"Yeah, sure, just because Kim called me out on it.",,2021_10_01_MZT_S2_MZT,Daniel Becker,,,,,927.0,931.0,,,MZT,929.0,"[{'express humor': ""Daniel makes a lighthearted comment, implying he's speaking because Kim mentioned him, which adds a touch of humor to the conversation.""}]",21692.0,108,0
2021_10_01_MZT_S2,2021_10_01_MZT_S2,,,Yeah.,,2021_10_01_MZT_S2_MZT,Daniel Becker,,,,,798.0,799.0,,,MZT,798.5,[{'express agreement': 'Daniel Becker is expressing agreement with the previous turn.'}],22490.0,109,0
2021_10_01_MZT_S2,2021_10_01_MZT_S2,,,"that maybe do provide more fine scale spatial temporal predictions about risk, but that's almost kind of impossible to scale up to the really large the kind of grid maybe we're talking about here.",,2021_10_01_MZT_S2_MZT,Daniel Becker,,,,,601.0000000000001,609.33,,,MZT,605.1650000000001,"[{'expand on existing idea': ""Daniel is expanding on the discussion about predicting spillover events versus having surveillance in place, adding the challenge of scaling fine-scale predictions to larger areas, building on Kim and Amy's discussion about prediction and surveillance."", 'express agreement': 'Daniel agrees with the previous speakers that it is a challenge to think about, confirming the difficulty of the topic.'}]",23091.0,110,0
2021_10_01_MZT_S2,2021_10_01_MZT_S2,,,"So I don't know, it's not really a question but just kind of I guess a challenge to think about in this sort of thing.",,2021_10_01_MZT_S2_MZT,Daniel Becker,,,,,609.3299999999999,614.345,,,MZT,611.8375,"[{'expand on existing idea': ""Daniel is expanding on the discussion about predicting spillover events versus having surveillance in place, adding the challenge of scaling fine-scale predictions to larger areas, building on Kim and Amy's discussion about prediction and surveillance."", 'express agreement': 'Daniel agrees with the previous speakers that it is a challenge to think about, confirming the difficulty of the topic.'}]",23091.0,111,0
2021_10_01_MZT_S2,2021_10_01_MZT_S2,,,"Yeah, no, no, it's it's you're right, it's a challenge to think about.",,2021_10_01_MZT_S2_MZT,Daniel Becker,,,,,614.3450000000001,617.32,,,MZT,615.8325000000001,"[{'expand on existing idea': ""Daniel is expanding on the discussion about predicting spillover events versus having surveillance in place, adding the challenge of scaling fine-scale predictions to larger areas, building on Kim and Amy's discussion about prediction and surveillance."", 'express agreement': 'Daniel agrees with the previous speakers that it is a challenge to think about, confirming the difficulty of the topic.'}]",23091.0,112,0
2021_10_01_MZT_S2,2021_10_01_MZT_S2,,,"Yeah, thank you.",,2021_10_01_MZT_S2_MZT,Daniel Becker,,,,,617.3199999999999,618.0,,,MZT,617.66,"[{'expand on existing idea': ""Daniel is expanding on the discussion about predicting spillover events versus having surveillance in place, adding the challenge of scaling fine-scale predictions to larger areas, building on Kim and Amy's discussion about prediction and surveillance."", 'express agreement': 'Daniel agrees with the previous speakers that it is a challenge to think about, confirming the difficulty of the topic.'}]",23091.0,113,0
2021_10_01_MZT_S2,2021_10_01_MZT_S2,,,Awesome.,,2021_10_01_MZT_S2_MZT,Guillaume Bastille-Rousseau,,,,,981.0,982.1403887688984,,,MZT,981.5701943844492,"{'explain or define term or concept': ""The speaker is defining their background and expertise in spatial wildlife/movement ecology, which is relevant to the group's discussion on spillover."", 'expand on existing idea': 'The speaker is expanding on their background by providing specific examples of their work with whitetail deer, chronic wasting disease, rabies, and raccoons, building on the initial introduction of their expertise.'}",23471.0,114,0
2021_10_01_MZT_S2,2021_10_01_MZT_S2,,,"Uh yeah, so hi, I'm Guillaume.",,2021_10_01_MZT_S2_MZT,Guillaume Bastille-Rousseau,,,,,982.1403887688984,986.4168466522679,,,MZT,984.2786177105831,"{'explain or define term or concept': ""The speaker is defining their background and expertise in spatial wildlife/movement ecology, which is relevant to the group's discussion on spillover."", 'expand on existing idea': 'The speaker is expanding on their background by providing specific examples of their work with whitetail deer, chronic wasting disease, rabies, and raccoons, building on the initial introduction of their expertise.'}",23471.0,115,0
2021_10_01_MZT_S2,2021_10_01_MZT_S2,,,I'm an assistant prof at Southern Illinois University.,,2021_10_01_MZT_S2_MZT,Guillaume Bastille-Rousseau,,,,,986.4168466522679,994.1144708423326,,,MZT,990.2656587473002,"{'explain or define term or concept': ""The speaker is defining their background and expertise in spatial wildlife/movement ecology, which is relevant to the group's discussion on spillover."", 'expand on existing idea': 'The speaker is expanding on their background by providing specific examples of their work with whitetail deer, chronic wasting disease, rabies, and raccoons, building on the initial introduction of their expertise.'}",23471.0,116,0
2021_10_01_MZT_S2,2021_10_01_MZT_S2,,,Uh I started here in 2020.,,2021_10_01_MZT_S2_MZT,Guillaume Bastille-Rousseau,,,,,994.1144708423325,997.8207343412527,,,MZT,995.9676025917926,"{'explain or define term or concept': ""The speaker is defining their background and expertise in spatial wildlife/movement ecology, which is relevant to the group's discussion on spillover."", 'expand on existing idea': 'The speaker is expanding on their background by providing specific examples of their work with whitetail deer, chronic wasting disease, rabies, and raccoons, building on the initial introduction of their expertise.'}",23471.0,117,0
2021_10_01_MZT_S2,2021_10_01_MZT_S2,,,My background is more in spatial wildlife/movement ecology.,,2021_10_01_MZT_S2_MZT,Guillaume Bastille-Rousseau,,,,,997.8207343412527,1006.231101511879,,,MZT,1002.0259179265659,"{'explain or define term or concept': ""The speaker is defining their background and expertise in spatial wildlife/movement ecology, which is relevant to the group's discussion on spillover."", 'expand on existing idea': 'The speaker is expanding on their background by providing specific examples of their work with whitetail deer, chronic wasting disease, rabies, and raccoons, building on the initial introduction of their expertise.'}",23471.0,118,0
2021_10_01_MZT_S2,2021_10_01_MZT_S2,,,So I'm really more trained like not all my work is on disease specifically.,,2021_10_01_MZT_S2_MZT,Guillaume Bastille-Rousseau,,,,,1006.2311015118792,1016.9222462203024,,,MZT,1011.5766738660908,"{'explain or define term or concept': ""The speaker is defining their background and expertise in spatial wildlife/movement ecology, which is relevant to the group's discussion on spillover."", 'expand on existing idea': 'The speaker is expanding on their background by providing specific examples of their work with whitetail deer, chronic wasting disease, rabies, and raccoons, building on the initial introduction of their expertise.'}",23471.0,119,0
2021_10_01_MZT_S2,2021_10_01_MZT_S2,,,"In term of disease, I've been working on recently more on whitetail deer and chronic wasting disease, like doing work locally in Illinois.",,2021_10_01_MZT_S2_MZT,Guillaume Bastille-Rousseau,,,,,1016.9222462203024,1036.5939524838013,,,MZT,1026.7580993520519,"{'explain or define term or concept': ""The speaker is defining their background and expertise in spatial wildlife/movement ecology, which is relevant to the group's discussion on spillover."", 'expand on existing idea': 'The speaker is expanding on their background by providing specific examples of their work with whitetail deer, chronic wasting disease, rabies, and raccoons, building on the initial introduction of their expertise.'}",23471.0,120,0
2021_10_01_MZT_S2,2021_10_01_MZT_S2,,,And I'm also doing a doing a bit of work with rabies and raccoon as well.,,2021_10_01_MZT_S2_MZT,Guillaume Bastille-Rousseau,,,,,1036.5939524838013,1047.0,,,MZT,1041.7969762419007,"{'explain or define term or concept': ""The speaker is defining their background and expertise in spatial wildlife/movement ecology, which is relevant to the group's discussion on spillover."", 'expand on existing idea': 'The speaker is expanding on their background by providing specific examples of their work with whitetail deer, chronic wasting disease, rabies, and raccoons, building on the initial introduction of their expertise.'}",23471.0,121,0
2021_10_01_MZT_S2,2021_10_01_MZT_S2,,,Oh you got it perfectly.,,2021_10_01_MZT_S2_MZT,Guillaume Bastille-Rousseau,,,,,978.0,981.0,,,MZT,979.5,"{'express agreement': 'Guillaume confirms that Linda pronounced his name correctly, indicating agreement.'}",24449.0,122,0
2021_10_01_MZT_S2,2021_10_01_MZT_S2,,,"Well, I mean, I'm probably the least qualified person to talk about drivers, but uh, I to me it seems that it's I want yeah, what I was wondering is there any way we we can base on like the life history of the pathogen.",,2021_10_01_MZT_S2_MZT,Guillaume Bastille-Rousseau,,,,,706.9999999999999,720.7320846905537,,,MZT,713.8660423452768,"{'present new idea': 'Guillaume introduces the idea of basing predictions on the life history of pathogens to derive general principles, moving away from pathogen-specific approaches, which is a novel concept in the discussion.', 'expand on existing idea': ""Guillaume builds on Kim's earlier point about the importance of scale by suggesting that the scale of data needed depends on whether the goal is global prediction or immediate intervention."", 'offer constructive criticism': 'Guillaume critiques the current pathogen-specific approach, suggesting a shift towards general principles based on pathogen life history to improve predictive capabilities.'}",25156.0,123,0
2021_10_01_MZT_S2,2021_10_01_MZT_S2,,,Is there any way we can kind of come up with like maybe kind of general principles that might help us like instead of it seems a lot of the work we're doing is very sometimes pathogen specific.,,2021_10_01_MZT_S2_MZT,Guillaume Bastille-Rousseau,,,,,720.7320846905537,732.8338762214984,,,MZT,726.782980456026,"{'present new idea': 'Guillaume introduces the idea of basing predictions on the life history of pathogens to derive general principles, moving away from pathogen-specific approaches, which is a novel concept in the discussion.', 'expand on existing idea': ""Guillaume builds on Kim's earlier point about the importance of scale by suggesting that the scale of data needed depends on whether the goal is global prediction or immediate intervention."", 'offer constructive criticism': 'Guillaume critiques the current pathogen-specific approach, suggesting a shift towards general principles based on pathogen life history to improve predictive capabilities.'}",25156.0,124,0
2021_10_01_MZT_S2,2021_10_01_MZT_S2,,,"But yeah, like can basically do we have at some point enough data that we can start building more general like yeah, first almost principles of like well this these types of pathogens will be maybe transmitting like we should expect this and then that might help because it seems right now a lot of and we had the same I feel the same discussion yesterday in the movement section.",,2021_10_01_MZT_S2_MZT,Guillaume Bastille-Rousseau,,,,,732.8338762214983,756.6612377850163,,,MZT,744.7475570032573,"{'present new idea': 'Guillaume introduces the idea of basing predictions on the life history of pathogens to derive general principles, moving away from pathogen-specific approaches, which is a novel concept in the discussion.', 'expand on existing idea': ""Guillaume builds on Kim's earlier point about the importance of scale by suggesting that the scale of data needed depends on whether the goal is global prediction or immediate intervention."", 'offer constructive criticism': 'Guillaume critiques the current pathogen-specific approach, suggesting a shift towards general principles based on pathogen life history to improve predictive capabilities.'}",25156.0,125,0
2021_10_01_MZT_S2,2021_10_01_MZT_S2,,,It also I think it links to Kim's.,,2021_10_01_MZT_S2_MZT,Guillaume Bastille-Rousseau,,,,,756.6612377850163,758.7931596091205,,,MZT,757.7271986970684,"{'present new idea': 'Guillaume introduces the idea of basing predictions on the life history of pathogens to derive general principles, moving away from pathogen-specific approaches, which is a novel concept in the discussion.', 'expand on existing idea': ""Guillaume builds on Kim's earlier point about the importance of scale by suggesting that the scale of data needed depends on whether the goal is global prediction or immediate intervention."", 'offer constructive criticism': 'Guillaume critiques the current pathogen-specific approach, suggesting a shift towards general principles based on pathogen life history to improve predictive capabilities.'}",25156.0,126,0
2021_10_01_MZT_S2,2021_10_01_MZT_S2,,,The point is that the notion of scale and I think sometimes the scale of the data and the scale of like of what we're trying to accomplish as well.,,2021_10_01_MZT_S2_MZT,Guillaume Bastille-Rousseau,,,,,758.7931596091205,768.0105863192182,,,MZT,763.4018729641693,"{'present new idea': 'Guillaume introduces the idea of basing predictions on the life history of pathogens to derive general principles, moving away from pathogen-specific approaches, which is a novel concept in the discussion.', 'expand on existing idea': ""Guillaume builds on Kim's earlier point about the importance of scale by suggesting that the scale of data needed depends on whether the goal is global prediction or immediate intervention."", 'offer constructive criticism': 'Guillaume critiques the current pathogen-specific approach, suggesting a shift towards general principles based on pathogen life history to improve predictive capabilities.'}",25156.0,127,0
2021_10_01_MZT_S2,2021_10_01_MZT_S2,,,"Sometimes like if you're trying to predict at a global scale before it happens, you probably don't need the same level of data.",,2021_10_01_MZT_S2_MZT,Guillaume Bastille-Rousseau,,,,,768.0105863192182,775.9739413680782,,,MZT,771.9922638436482,"{'present new idea': 'Guillaume introduces the idea of basing predictions on the life history of pathogens to derive general principles, moving away from pathogen-specific approaches, which is a novel concept in the discussion.', 'expand on existing idea': ""Guillaume builds on Kim's earlier point about the importance of scale by suggesting that the scale of data needed depends on whether the goal is global prediction or immediate intervention."", 'offer constructive criticism': 'Guillaume critiques the current pathogen-specific approach, suggesting a shift towards general principles based on pathogen life history to improve predictive capabilities.'}",25156.0,128,0
2021_10_01_MZT_S2,2021_10_01_MZT_S2,,,"If you're trying to basically intervene or the minute it's detected, then you need a probably finer scale data about the system.",,2021_10_01_MZT_S2_MZT,Guillaume Bastille-Rousseau,,,,,775.9739413680782,784.0,,,MZT,779.9869706840391,"{'present new idea': 'Guillaume introduces the idea of basing predictions on the life history of pathogens to derive general principles, moving away from pathogen-specific approaches, which is a novel concept in the discussion.', 'expand on existing idea': ""Guillaume builds on Kim's earlier point about the importance of scale by suggesting that the scale of data needed depends on whether the goal is global prediction or immediate intervention."", 'offer constructive criticism': 'Guillaume critiques the current pathogen-specific approach, suggesting a shift towards general principles based on pathogen life history to improve predictive capabilities.'}",25156.0,129,0
2021_10_01_MZT_S2,2021_10_01_MZT_S2,,,"Yeah, building a bit on what Troy was saying, I was thinking which means it's almost more in line with more a bit as a like spatial almost problem instead of focusing on a sentinel species, could be like is there a way we can extract it to the level where it's like landscape and even like modification like human alteration to the landscape actually change like impact human activities and like is there a way we can extract it that it can become almost like just a problem at that kind of level where it's like well, we have data on where the potential hosts are.",,2021_10_01_MZT_S2_MZT,Guillaume Bastille-Rousseau,,,,,691.0000000000001,726.6598360655738,,,MZT,708.829918032787,"[{'expand on existing idea': ""Guillaume builds on Troy's idea of identifying sentinel species by suggesting a broader spatial approach focusing on landscape features and human alterations, expanding the scope of analysis beyond individual species.""}, {'present new idea': 'Guillaume introduces the idea of framing the problem as a spatial one, considering landscape features and human alterations to predict outbreaks, which is a novel approach in the context of the discussion.'}]",25847.0,130,0
2021_10_01_MZT_S2,2021_10_01_MZT_S2,,,"We have data on where the human are and even we can start also integrating well what will be the impact of climate change or landscape change by humans on both like humans behavior and and host like I don't know yeah, can we get at that level like instead of focusing maybe on one species that might tell us everything is there a general landscape features that are and then are we able to kind of make spatial predictions and all of that.",,2021_10_01_MZT_S2_MZT,Guillaume Bastille-Rousseau,,,,,726.6598360655737,754.3672131147541,,,MZT,740.5135245901639,"[{'expand on existing idea': ""Guillaume builds on Troy's idea of identifying sentinel species by suggesting a broader spatial approach focusing on landscape features and human alterations, expanding the scope of analysis beyond individual species.""}, {'present new idea': 'Guillaume introduces the idea of framing the problem as a spatial one, considering landscape features and human alterations to predict outbreaks, which is a novel approach in the context of the discussion.'}]",25847.0,131,0
2021_10_01_MZT_S2,2021_10_01_MZT_S2,,,I feel we have the guiding sometimes there's a lot of finding like like landscape change lead a lot a lot of these uh outbreak we had in the past for example.,,2021_10_01_MZT_S2_MZT,Guillaume Bastille-Rousseau,,,,,754.3672131147541,764.3393442622951,,,MZT,759.3532786885246,"[{'expand on existing idea': ""Guillaume builds on Troy's idea of identifying sentinel species by suggesting a broader spatial approach focusing on landscape features and human alterations, expanding the scope of analysis beyond individual species.""}, {'present new idea': 'Guillaume introduces the idea of framing the problem as a spatial one, considering landscape features and human alterations to predict outbreaks, which is a novel approach in the context of the discussion.'}]",25847.0,132,0
2021_10_01_MZT_S2,2021_10_01_MZT_S2,,,So can we use that data to make those spatial predictions?,,2021_10_01_MZT_S2_MZT,Guillaume Bastille-Rousseau,,,,,764.3393442622951,768.0,,,MZT,766.1696721311475,"[{'expand on existing idea': ""Guillaume builds on Troy's idea of identifying sentinel species by suggesting a broader spatial approach focusing on landscape features and human alterations, expanding the scope of analysis beyond individual species.""}, {'present new idea': 'Guillaume introduces the idea of framing the problem as a spatial one, considering landscape features and human alterations to predict outbreaks, which is a novel approach in the context of the discussion.'}]",25847.0,133,0
2021_10_01_MZT_S2,2021_10_01_MZT_S2,,,"I I agree like in terms of a technique for bridging all this data across scales, I think it's a good technique to think about doing that with.",,2021_10_01_MZT_S2_MZT,Katia Koelle,,,,,959.0,968.0,,,MZT,963.5,"{'express agreement': ""Katia expresses agreement with a prior idea about using a technique for bridging data across scales, indicating she thinks it's a good technique to use.""}",26115.0,134,0
2021_10_01_MZT_S2,2021_10_01_MZT_S2,,,I I just I just wasn't sure what you meant.,,2021_10_01_MZT_S2_MZT,Katia Koelle,,,,,866.0,869.1851851851852,,,MZT,867.5925925925926,"{'ask clarifying question': 'Katia is asking for clarification on what is meant by ""intermediate scales"", which was mentioned in the previous turn.'}",26981.0,135,0
2021_10_01_MZT_S2,2021_10_01_MZT_S2,,,Like trying to get out of super local system specific studies to.,,2021_10_01_MZT_S2_MZT,Katia Koelle,,,,,869.1851851851852,874.0,,,MZT,871.5925925925926,"{'ask clarifying question': 'Katia is asking for clarification on what is meant by ""intermediate scales"", which was mentioned in the previous turn.'}",26981.0,136,0
2021_10_01_MZT_S2,2021_10_01_MZT_S2,,,"Oh sorry, I was just wondering as its own kind of marker as its own marker category.",,2021_10_01_MZT_S2_MZT,Katia Koelle,,,,,794.0,798.0,,,MZT,796.0,"{'expand on existing idea': 'This utterance builds upon the previous discussion about markers (metabolic, microbiome) by suggesting immunology as its own distinct marker category, expanding the scope of potential indicators for spillover risk.'}",27775.0,137,0
2021_10_01_MZT_S2,2021_10_01_MZT_S2,,,"When you talk about intermediate scales, are you talking about like bridging scales of organization?",,2021_10_01_MZT_S2_MZT,Katia Koelle,,,,,855.0,865.0,,,MZT,860.0,"[{'ask clarifying question': 'Katia is asking a clarifying question about the meaning of ""intermediate scales"" in the context of the discussion, specifically if it refers to bridging scales of organization, to better understand the concept being discussed.'}]",27836.0,138,0
2021_10_01_MZT_S2,2021_10_01_MZT_S2,,,"Yeah, I added it in or I tried to add it in um in the point above.",,2021_10_01_MZT_S2_MZT,Katia Koelle,,,,,759.0,763.0,,,MZT,761.0,"[{'acknowledge contribution': 'Katia acknowledges that she has added the information to the point above, recognizing the contribution of the previous discussion.'}]",28595.0,139,0
2021_10_01_MZT_S2,2021_10_01_MZT_S2,,,"Yeah, thank you.",,2021_10_01_MZT_S2_MZT,Katia Koelle,,,,,1013.0,1015.0,,,MZT,1014.0,[{'acknowledge contribution': 'Katia is acknowledging the work done by Adela Oliva Chavez and Linda in summarizing the discussion points.'}],28849.0,140,0
2021_10_01_MZT_S2,2021_10_01_MZT_S2,,,"All right, I'll just applaud.",,2021_10_01_MZT_S2_MZT,Kezia Manlove,,,,,1022.0,1023.0,,,MZT,1022.5,"{'confirm decision': 'Kezia confirms that she will use the ""applause"" reaction as a substitute for the raise hand function, after a discussion about how to raise hands in the virtual meeting.'}",28858.0,141,0
2021_10_01_MZT_S2,2021_10_01_MZT_S2,,,If we applaud?,,2021_10_01_MZT_S2_MZT,Kezia Manlove,,,,,1011.0000000000001,1013.2105263157895,,,MZT,1012.1052631578948,"[{'ask clarifying question': ""Kezia is asking for clarification on how to raise their hand, as they don't see the raise hand button.""}]",29869.0,142,0
2021_10_01_MZT_S2,2021_10_01_MZT_S2,,,Okay.,,2021_10_01_MZT_S2_MZT,Kezia Manlove,,,,,1013.2105263157894,1014.0,,,MZT,1013.6052631578947,"[{'ask clarifying question': ""Kezia is asking for clarification on how to raise their hand, as they don't see the raise hand button.""}]",29869.0,143,0
2021_10_01_MZT_S2,2021_10_01_MZT_S2,,,"One thing that came up yesterday in the movement discussion was I think this was Mike's observation that like we've got um, you know, really high resolution models for some systems.",,2021_10_01_MZT_S2_MZT,Kezia Manlove,,,,,875.9999999999999,888.430485762144,,,MZT,882.215242881072,"[{'expand on existing idea': 'Kezia is expanding on the previous discussion about movement and scales, mentioning high-resolution models and global predictions, and identifying a gap at the intermediate scale.'}, {'present new idea': 'Kezia presents the idea of using metabolism and microbiome components to refine predictions at the intermediate scale, suggesting a mechanistic approach grounded in environmental covariance.'}]",30745.0,144,0
2021_10_01_MZT_S2,2021_10_01_MZT_S2,,,"We've got a kind of global predictions of where spillover should occur through um, kind of through data mining approaches, but we're sort of missing the intermediate scale and I think um, it seems to me like maybe yeah, like I guess what I'm sort of looking for and metabolism maybe seems promising and maybe there's a microbiome component here that's promising as well.",,2021_10_01_MZT_S2_MZT,Kezia Manlove,,,,,888.430485762144,913.8408710217756,,,MZT,901.1356783919598,"[{'expand on existing idea': 'Kezia is expanding on the previous discussion about movement and scales, mentioning high-resolution models and global predictions, and identifying a gap at the intermediate scale.'}, {'present new idea': 'Kezia presents the idea of using metabolism and microbiome components to refine predictions at the intermediate scale, suggesting a mechanistic approach grounded in environmental covariance.'}]",30745.0,145,0
2021_10_01_MZT_S2,2021_10_01_MZT_S2,,,"It's like how do we refine predictions like a mechanistic based prediction at the intermediate scale that would let us move across species, which I think we're maybe not doing all that well, but still stay grounded in the environment, still be able to make a prediction on the basis of environmental covariance, which I think is eventually maybe what we're going to want to be able to do.",,2021_10_01_MZT_S2_MZT,Kezia Manlove,,,,,913.8408710217755,940.4874371859296,,,MZT,927.1641541038525,"[{'expand on existing idea': 'Kezia is expanding on the previous discussion about movement and scales, mentioning high-resolution models and global predictions, and identifying a gap at the intermediate scale.'}, {'present new idea': 'Kezia presents the idea of using metabolism and microbiome components to refine predictions at the intermediate scale, suggesting a mechanistic approach grounded in environmental covariance.'}]",30745.0,146,0
2021_10_01_MZT_S2,2021_10_01_MZT_S2,,,"Um, but I I'm still struggling to understand how like microbiome there is harder for me like like I I can't tie microbiome as tightly to the environment as I feel I can tie metabolism.",,2021_10_01_MZT_S2_MZT,Kezia Manlove,,,,,940.4874371859297,953.1239530988274,,,MZT,946.8056951423786,"[{'expand on existing idea': 'Kezia is expanding on the previous discussion about movement and scales, mentioning high-resolution models and global predictions, and identifying a gap at the intermediate scale.'}, {'present new idea': 'Kezia presents the idea of using metabolism and microbiome components to refine predictions at the intermediate scale, suggesting a mechanistic approach grounded in environmental covariance.'}]",30745.0,147,0
2021_10_01_MZT_S2,2021_10_01_MZT_S2,,,"Um, so I I totally hear the point that it's going to be pretty salient.",,2021_10_01_MZT_S2_MZT,Kezia Manlove,,,,,953.1239530988275,958.0,,,MZT,955.5619765494138,"[{'expand on existing idea': 'Kezia is expanding on the previous discussion about movement and scales, mentioning high-resolution models and global predictions, and identifying a gap at the intermediate scale.'}, {'present new idea': 'Kezia presents the idea of using metabolism and microbiome components to refine predictions at the intermediate scale, suggesting a mechanistic approach grounded in environmental covariance.'}]",30745.0,148,0
2021_10_01_MZT_S2,2021_10_01_MZT_S2,,,"So I don't know, do we have raise hands buttons?",,2021_10_01_MZT_S2_MZT,Kezia Manlove,,,,,997.0,1000.1168831168832,,,MZT,998.5584415584416,"[{'ask clarifying question': 'Kezia is asking a question to clarify how to use the raise hand function, which is a feature of the meeting platform.'}]",30866.0,149,0
2021_10_01_MZT_S2,2021_10_01_MZT_S2,,,Because I sure don't see one.,,2021_10_01_MZT_S2_MZT,Kezia Manlove,,,,,1000.1168831168832,1002.0,,,MZT,1001.0584415584416,"[{'ask clarifying question': 'Kezia is asking a question to clarify how to use the raise hand function, which is a feature of the meeting platform.'}]",30866.0,150,0
2021_10_01_MZT_S2,2021_10_01_MZT_S2,,,Thank you.,,2021_10_01_MZT_S2_MZT,Kezia Manlove,,,,,31768.0,31768.0,,,MZT,31768.0,"{'acknowledge contribution': 'Kezia is acknowledging the prior discussion, but not agreeing or expanding on any specific point.'}",31768.0,151,0
2021_10_01_MZT_S2,2021_10_01_MZT_S2,,,Um,,2021_10_01_MZT_S2_MZT,Kezia Manlove,,,,,901.0,902.0,,,MZT,901.5,"[{'express agreement': 'The speaker is agreeing with a previous statement, but the statement is not included in the provided utterance.'}]",32669.0,152,0
2021_10_01_MZT_S2,2021_10_01_MZT_S2,,,Um Kezia Manlove.,,2021_10_01_MZT_S2_MZT,Kezia Manlove,,,,,781.0000000000001,782.3343799058085,,,MZT,781.6671899529043,"[{'explain or define term or concept': 'The speaker explains their area of expertise as working at the interface of movement and disease, clarifying their research focus for the group.'}, {'offer constructive criticism': 'The speaker offers their expertise in facilitating gathering samples as needed for people who are looking for access to free ranging wildlife data, which can be seen as a constructive offer to the group.'}]",33450.0,153,0
2021_10_01_MZT_S2,2021_10_01_MZT_S2,,,"Um yep, so I'm an assistant professor at Utah State University.",,2021_10_01_MZT_S2_MZT,Kezia Manlove,,,,,782.3343799058085,787.2794348508634,,,MZT,784.806907378336,"[{'explain or define term or concept': 'The speaker explains their area of expertise as working at the interface of movement and disease, clarifying their research focus for the group.'}, {'offer constructive criticism': 'The speaker offers their expertise in facilitating gathering samples as needed for people who are looking for access to free ranging wildlife data, which can be seen as a constructive offer to the group.'}]",33450.0,154,0
2021_10_01_MZT_S2,2021_10_01_MZT_S2,,,Um and I work at the interface of movement and disease.,,2021_10_01_MZT_S2_MZT,Kezia Manlove,,,,,787.2794348508635,791.5965463108321,,,MZT,789.4379905808478,"[{'explain or define term or concept': 'The speaker explains their area of expertise as working at the interface of movement and disease, clarifying their research focus for the group.'}, {'offer constructive criticism': 'The speaker offers their expertise in facilitating gathering samples as needed for people who are looking for access to free ranging wildlife data, which can be seen as a constructive offer to the group.'}]",33450.0,155,0
2021_10_01_MZT_S2,2021_10_01_MZT_S2,,,Um and uh have been very interested lately in how to model um movement and transmission dynamics um as a function of both the kind of structure of the local population and also the context of the environment that they're operating in.,,2021_10_01_MZT_S2_MZT,Kezia Manlove,,,,,791.5965463108321,809.9638932496075,,,MZT,800.7802197802198,"[{'explain or define term or concept': 'The speaker explains their area of expertise as working at the interface of movement and disease, clarifying their research focus for the group.'}, {'offer constructive criticism': 'The speaker offers their expertise in facilitating gathering samples as needed for people who are looking for access to free ranging wildlife data, which can be seen as a constructive offer to the group.'}]",33450.0,156,0
2021_10_01_MZT_S2,2021_10_01_MZT_S2,,,Um and I work on free ranging exclusively on free ranging wildlife systems at the macro scale.,,2021_10_01_MZT_S2_MZT,Kezia Manlove,,,,,809.9638932496075,817.342229199372,,,MZT,813.6530612244898,"[{'explain or define term or concept': 'The speaker explains their area of expertise as working at the interface of movement and disease, clarifying their research focus for the group.'}, {'offer constructive criticism': 'The speaker offers their expertise in facilitating gathering samples as needed for people who are looking for access to free ranging wildlife data, which can be seen as a constructive offer to the group.'}]",33450.0,157,0
2021_10_01_MZT_S2,2021_10_01_MZT_S2,,,Um but I often have animals in hand.,,2021_10_01_MZT_S2_MZT,Kezia Manlove,,,,,817.3422291993721,820.1679748822606,,,MZT,818.7551020408164,"[{'explain or define term or concept': 'The speaker explains their area of expertise as working at the interface of movement and disease, clarifying their research focus for the group.'}, {'offer constructive criticism': 'The speaker offers their expertise in facilitating gathering samples as needed for people who are looking for access to free ranging wildlife data, which can be seen as a constructive offer to the group.'}]",33450.0,158,0
2021_10_01_MZT_S2,2021_10_01_MZT_S2,,,Um and so I potentially can um facilitate gathering samples as needed for people who are looking for access to free ranging wildlife data.,,2021_10_01_MZT_S2_MZT,Kezia Manlove,,,,,820.1679748822605,831.0,,,MZT,825.5839874411303,"[{'explain or define term or concept': 'The speaker explains their area of expertise as working at the interface of movement and disease, clarifying their research focus for the group.'}, {'offer constructive criticism': 'The speaker offers their expertise in facilitating gathering samples as needed for people who are looking for access to free ranging wildlife data, which can be seen as a constructive offer to the group.'}]",33450.0,159,0
2021_10_01_MZT_S2,2021_10_01_MZT_S2,,,"Um, so Kim, I don't know if those are move are I don't think those are mutually exclusive because I think even if we're focused on the establishment phase, we're still going to have to prioritize some locations or some contexts over others.",,2021_10_01_MZT_S2_MZT,Kezia Manlove,,,,,1023.9999999999999,1054.056074766355,,,MZT,1039.0280373831774,"[{'expand on existing idea': ""Kezia expands on Kim's idea about predicting spillover events versus having surveillance in place, suggesting that these two approaches are not mutually exclusive and that prioritization is still needed even in the establishment phase, building on the discussion about resource allocation and data collection strategies."", 'express agreement': ""Kezia expresses agreement with Kim's point that the two approaches are not mutually exclusive, indicating alignment with the previous speaker's perspective."", 'present new idea': 'Kezia presents a new idea by suggesting the group needs to think about what they are trying to get out of the data, shifting the focus towards the objectives of data collection and analysis.'}]",33693.0,160,0
2021_10_01_MZT_S2,2021_10_01_MZT_S2,,,We're not going to be able to wall to wall sample in humans either at the resolution that we'd want.,,2021_10_01_MZT_S2_MZT,Kezia Manlove,,,,,1054.056074766355,1066.5794392523364,,,MZT,1060.3177570093458,"[{'expand on existing idea': ""Kezia expands on Kim's idea about predicting spillover events versus having surveillance in place, suggesting that these two approaches are not mutually exclusive and that prioritization is still needed even in the establishment phase, building on the discussion about resource allocation and data collection strategies."", 'express agreement': ""Kezia expresses agreement with Kim's point that the two approaches are not mutually exclusive, indicating alignment with the previous speaker's perspective."", 'present new idea': 'Kezia presents a new idea by suggesting the group needs to think about what they are trying to get out of the data, shifting the focus towards the objectives of data collection and analysis.'}]",33693.0,161,0
2021_10_01_MZT_S2,2021_10_01_MZT_S2,,,So I guess I don't know that it like I agree with you.,,2021_10_01_MZT_S2_MZT,Kezia Manlove,,,,,1066.5794392523362,1073.3420560747663,,,MZT,1069.9607476635513,"[{'expand on existing idea': ""Kezia expands on Kim's idea about predicting spillover events versus having surveillance in place, suggesting that these two approaches are not mutually exclusive and that prioritization is still needed even in the establishment phase, building on the discussion about resource allocation and data collection strategies."", 'express agreement': ""Kezia expresses agreement with Kim's point that the two approaches are not mutually exclusive, indicating alignment with the previous speaker's perspective."", 'present new idea': 'Kezia presents a new idea by suggesting the group needs to think about what they are trying to get out of the data, shifting the focus towards the objectives of data collection and analysis.'}]",33693.0,162,0
2021_10_01_MZT_S2,2021_10_01_MZT_S2,,,"I don't think they're mutually exclusive, but um, what I wonder in my mind is do we need to think about what we're trying to get out of data.",,2021_10_01_MZT_S2_MZT,Kezia Manlove,,,,,1073.3420560747663,1091.0,,,MZT,1082.1710280373832,"[{'expand on existing idea': ""Kezia expands on Kim's idea about predicting spillover events versus having surveillance in place, suggesting that these two approaches are not mutually exclusive and that prioritization is still needed even in the establishment phase, building on the discussion about resource allocation and data collection strategies."", 'express agreement': ""Kezia expresses agreement with Kim's point that the two approaches are not mutually exclusive, indicating alignment with the previous speaker's perspective."", 'present new idea': 'Kezia presents a new idea by suggesting the group needs to think about what they are trying to get out of the data, shifting the focus towards the objectives of data collection and analysis.'}]",33693.0,163,0
2021_10_01_MZT_S2,2021_10_01_MZT_S2,,,"Um, yeah, it's interesting listening to what you're you all are saying about this and um, and you know, Mike's question about do we know what the big drivers are and you know, it seems to me like in every system we're data rich somewhere and data poor somewhere else.",,2021_10_01_MZT_S2_MZT,Kezia Manlove,,,,,734.0000000000001,750.6133333333333,,,MZT,742.3066666666667,"[{'expand on existing idea': 'Kezia builds on the previous discussion about the drivers of spillover events and the challenges of data collection, suggesting a way to combine sparse data across different systems by leveraging dynamic systems with machine learning.'}, {'present new idea': 'Kezia presents the idea of infusing dynamic systems into machine learning algorithms to combine sparse data across different systems, suggesting that methodological progress is needed more than just gathering more data.'}]",34427.0,164,0
2021_10_01_MZT_S2,2021_10_01_MZT_S2,,,"Like we're never wall to wall or if we're wall to wall in one system where it's not replicated, you know, I mean now maybe we're good for SARS COV2 but maybe not anywhere else.",,2021_10_01_MZT_S2_MZT,Kezia Manlove,,,,,750.6133333333335,761.5644444444445,,,MZT,756.088888888889,"[{'expand on existing idea': 'Kezia builds on the previous discussion about the drivers of spillover events and the challenges of data collection, suggesting a way to combine sparse data across different systems by leveraging dynamic systems with machine learning.'}, {'present new idea': 'Kezia presents the idea of infusing dynamic systems into machine learning algorithms to combine sparse data across different systems, suggesting that methodological progress is needed more than just gathering more data.'}]",34427.0,165,0
2021_10_01_MZT_S2,2021_10_01_MZT_S2,,,"Um, I I was asking Becker about this in the chat but I I wonder it seems like it'd be really useful to be able to infuse like model like dynamic systems, you know, we know that force is going to be driven by the size of the susceptible pool and how susceptible they are.",,2021_10_01_MZT_S2_MZT,Kezia Manlove,,,,,761.5644444444445,778.3644444444444,,,MZT,769.9644444444444,"[{'expand on existing idea': 'Kezia builds on the previous discussion about the drivers of spillover events and the challenges of data collection, suggesting a way to combine sparse data across different systems by leveraging dynamic systems with machine learning.'}, {'present new idea': 'Kezia presents the idea of infusing dynamic systems into machine learning algorithms to combine sparse data across different systems, suggesting that methodological progress is needed more than just gathering more data.'}]",34427.0,166,0
2021_10_01_MZT_S2,2021_10_01_MZT_S2,,,So disease history is going to matter.,,2021_10_01_MZT_S2_MZT,Kezia Manlove,,,,,778.3644444444444,780.7288888888888,,,MZT,779.5466666666666,"[{'expand on existing idea': 'Kezia builds on the previous discussion about the drivers of spillover events and the challenges of data collection, suggesting a way to combine sparse data across different systems by leveraging dynamic systems with machine learning.'}, {'present new idea': 'Kezia presents the idea of infusing dynamic systems into machine learning algorithms to combine sparse data across different systems, suggesting that methodological progress is needed more than just gathering more data.'}]",34427.0,167,0
2021_10_01_MZT_S2,2021_10_01_MZT_S2,,,It's going to um be driven by the size of the infectious pool.,,2021_10_01_MZT_S2_MZT,Kezia Manlove,,,,,780.728888888889,784.5866666666667,,,MZT,782.6577777777778,"[{'expand on existing idea': 'Kezia builds on the previous discussion about the drivers of spillover events and the challenges of data collection, suggesting a way to combine sparse data across different systems by leveraging dynamic systems with machine learning.'}, {'present new idea': 'Kezia presents the idea of infusing dynamic systems into machine learning algorithms to combine sparse data across different systems, suggesting that methodological progress is needed more than just gathering more data.'}]",34427.0,168,0
2021_10_01_MZT_S2,2021_10_01_MZT_S2,,,It's going to be driven by probability of transmission given contact and by contact and contact's got to be both the intra specific contact and then with humans too.,,2021_10_01_MZT_S2_MZT,Kezia Manlove,,,,,784.5866666666667,794.8533333333334,,,MZT,789.72,"[{'expand on existing idea': 'Kezia builds on the previous discussion about the drivers of spillover events and the challenges of data collection, suggesting a way to combine sparse data across different systems by leveraging dynamic systems with machine learning.'}, {'present new idea': 'Kezia presents the idea of infusing dynamic systems into machine learning algorithms to combine sparse data across different systems, suggesting that methodological progress is needed more than just gathering more data.'}]",34427.0,169,0
2021_10_01_MZT_S2,2021_10_01_MZT_S2,,,"Um, and we kind of know that dynamic and we've got bits of it well estimated in a bunch of different systems.",,2021_10_01_MZT_S2_MZT,Kezia Manlove,,,,,794.8533333333335,801.6355555555556,,,MZT,798.2444444444445,"[{'expand on existing idea': 'Kezia builds on the previous discussion about the drivers of spillover events and the challenges of data collection, suggesting a way to combine sparse data across different systems by leveraging dynamic systems with machine learning.'}, {'present new idea': 'Kezia presents the idea of infusing dynamic systems into machine learning algorithms to combine sparse data across different systems, suggesting that methodological progress is needed more than just gathering more data.'}]",34427.0,170,0
2021_10_01_MZT_S2,2021_10_01_MZT_S2,,,"It would be really nice to be able to like prime machine learning algorithms with some of the dynamic information we already have, like put priors on these ML algorithms to kind of get them winnowed into some space and then maybe we could and we what we I think that we've got to be able to combine sparse data across a bunch of different systems.",,2021_10_01_MZT_S2_MZT,Kezia Manlove,,,,,801.6355555555556,823.2266666666667,,,MZT,812.4311111111111,"[{'expand on existing idea': 'Kezia builds on the previous discussion about the drivers of spillover events and the challenges of data collection, suggesting a way to combine sparse data across different systems by leveraging dynamic systems with machine learning.'}, {'present new idea': 'Kezia presents the idea of infusing dynamic systems into machine learning algorithms to combine sparse data across different systems, suggesting that methodological progress is needed more than just gathering more data.'}]",34427.0,171,0
2021_10_01_MZT_S2,2021_10_01_MZT_S2,,,"And and by sparse I mean like some systems we've got great movement information and nothing on post establishment factors, you know, and in other systems we've got great movement on evolutionary dynamics of the pathogen and nothing on host contact.",,2021_10_01_MZT_S2_MZT,Kezia Manlove,,,,,823.2266666666667,838.6577777777777,,,MZT,830.9422222222222,"[{'expand on existing idea': 'Kezia builds on the previous discussion about the drivers of spillover events and the challenges of data collection, suggesting a way to combine sparse data across different systems by leveraging dynamic systems with machine learning.'}, {'present new idea': 'Kezia presents the idea of infusing dynamic systems into machine learning algorithms to combine sparse data across different systems, suggesting that methodological progress is needed more than just gathering more data.'}]",34427.0,172,0
2021_10_01_MZT_S2,2021_10_01_MZT_S2,,,"You know, like we've got to be able to combine data in that kind of patchy way and like I I don't know how to do that, but it does seem like maybe we could get somewhere if we could leverage dynamics with machine learning in tandem.",,2021_10_01_MZT_S2_MZT,Kezia Manlove,,,,,838.6577777777778,853.0933333333334,,,MZT,845.8755555555556,"[{'expand on existing idea': 'Kezia builds on the previous discussion about the drivers of spillover events and the challenges of data collection, suggesting a way to combine sparse data across different systems by leveraging dynamic systems with machine learning.'}, {'present new idea': 'Kezia presents the idea of infusing dynamic systems into machine learning algorithms to combine sparse data across different systems, suggesting that methodological progress is needed more than just gathering more data.'}]",34427.0,173,0
2021_10_01_MZT_S2,2021_10_01_MZT_S2,,,"Um, and I have no idea if that's something people are chasing around, but um, I think I I I think that gathering data is not the answer.",,2021_10_01_MZT_S2_MZT,Kezia Manlove,,,,,853.0933333333334,861.5555555555555,,,MZT,857.3244444444445,"[{'expand on existing idea': 'Kezia builds on the previous discussion about the drivers of spillover events and the challenges of data collection, suggesting a way to combine sparse data across different systems by leveraging dynamic systems with machine learning.'}, {'present new idea': 'Kezia presents the idea of infusing dynamic systems into machine learning algorithms to combine sparse data across different systems, suggesting that methodological progress is needed more than just gathering more data.'}]",34427.0,174,0
2021_10_01_MZT_S2,2021_10_01_MZT_S2,,,"Like we should do that, but also we're never going to do that well enough.",,2021_10_01_MZT_S2_MZT,Kezia Manlove,,,,,861.5555555555555,866.16,,,MZT,863.8577777777778,"[{'expand on existing idea': 'Kezia builds on the previous discussion about the drivers of spillover events and the challenges of data collection, suggesting a way to combine sparse data across different systems by leveraging dynamic systems with machine learning.'}, {'present new idea': 'Kezia presents the idea of infusing dynamic systems into machine learning algorithms to combine sparse data across different systems, suggesting that methodological progress is needed more than just gathering more data.'}]",34427.0,175,0
2021_10_01_MZT_S2,2021_10_01_MZT_S2,,,I think it's got to be there's got to be some methodological I think we got to make progress on the methodological side first.,,2021_10_01_MZT_S2_MZT,Kezia Manlove,,,,,866.1600000000001,874.0,,,MZT,870.08,"[{'expand on existing idea': 'Kezia builds on the previous discussion about the drivers of spillover events and the challenges of data collection, suggesting a way to combine sparse data across different systems by leveraging dynamic systems with machine learning.'}, {'present new idea': 'Kezia presents the idea of infusing dynamic systems into machine learning algorithms to combine sparse data across different systems, suggesting that methodological progress is needed more than just gathering more data.'}]",34427.0,176,0
2021_10_01_MZT_S2,2021_10_01_MZT_S2,,,"Yeah, I guess I would just maybe start by in response to what Mike was just saying.",,2021_10_01_MZT_S2_MZT,Kezia Manlove,,,,,867.0,870.3675417661098,,,MZT,868.6837708830549,"[{'expand on existing idea': ""Kezia is responding to Mike's analogy of earthquakes and disease emergence, building on his idea of breaking down the problem by scale and discussing the challenges in global prediction due to different pathogens emerging in different contexts.""}, {'encourage participation': 'Kezia encourages Becker to talk about the different stages of pathogen emergence, suggesting he has more expertise in that area.'}]",34560.0,177,0
2021_10_01_MZT_S2,2021_10_01_MZT_S2,,,I think um uh I mean there's been a fair amount of work that's tried to delineate those different stages and um and I think they're maybe fairly well articulated.,,2021_10_01_MZT_S2_MZT,Kezia Manlove,,,,,870.3675417661098,876.9403341288782,,,MZT,873.653937947494,"[{'expand on existing idea': ""Kezia is responding to Mike's analogy of earthquakes and disease emergence, building on his idea of breaking down the problem by scale and discussing the challenges in global prediction due to different pathogens emerging in different contexts.""}, {'encourage participation': 'Kezia encourages Becker to talk about the different stages of pathogen emergence, suggesting he has more expertise in that area.'}]",34560.0,178,0
2021_10_01_MZT_S2,2021_10_01_MZT_S2,,,"I think that one of the I mean this is a little far a field for me so I should probably let Becker talk about this but but but it seems to me like, you know, one of the challenges is that different things, you know, different pathogens emerge in really different contexts and so a global prediction is a little bit more challenging. you're we're still kind of on a case by case basis where, you know, density of reservoir host A looks like this but density of reservoir host B looks this other way and how do we combine those, you know, that I think that's to me that seems like the challenge.",,2021_10_01_MZT_S2_MZT,Kezia Manlove,,,,,876.9403341288782,901.0,,,MZT,888.9701670644391,"[{'expand on existing idea': ""Kezia is responding to Mike's analogy of earthquakes and disease emergence, building on his idea of breaking down the problem by scale and discussing the challenges in global prediction due to different pathogens emerging in different contexts.""}, {'encourage participation': 'Kezia encourages Becker to talk about the different stages of pathogen emergence, suggesting he has more expertise in that area.'}]",34560.0,179,0
2021_10_01_MZT_S2,2021_10_01_MZT_S2,,,"Yeah, I guess I would kind of leave it there.",,2021_10_01_MZT_S2_MZT,Kezia Manlove,,,,,902.0,929.0,,,MZT,915.5,{'None': 'This utterance does not contain any content that can be mapped to the codebook.'},34595.0,180,0
2021_10_01_MZT_S2,2021_10_01_MZT_S2,,,Yeah.,,2021_10_01_MZT_S2_MZT,Kezia Manlove,,,,,34784.0,34784.0,,,MZT,34784.0,"[{'express agreement': 'Kezia is expressing agreement with the previous speaker, Amy, who stated that both prediction and surveillance are needed.'}]",34784.0,181,0
2021_10_01_MZT_S2,2021_10_01_MZT_S2,,,"And that's definitely where I've been in the past and like where I spend most of my energy, but I wonder is that kind of like a too big of a challenge with the resources that will ever be brought to bear on the question.",,2021_10_01_MZT_S2_MZT,Kim Pepin,,,,,854.0,871.0,,,MZT,862.5,"{'present new idea': 'Kim is presenting a new idea by questioning whether predicting spillover is too big of a challenge given the resources, which is a novel consideration in the conversation.', 'ask clarifying question': 'Kim is asking a clarifying question about whether predicting spillover is too big of a challenge given the resources that will be available.', 'express alternative decision': 'Kim is expressing an alternative decision by questioning the focus on predicting spillover events before they happen, implying a possible shift towards focusing on surveillance and response.'}",35638.0,182,0
2021_10_01_MZT_S2,2021_10_01_MZT_S2,,,Anyone else thinking along those lines?,,2021_10_01_MZT_S2_MZT,Kim Pepin,,,,,842.9999999999999,845.2578947368421,,,MZT,844.128947368421,"{'encourage participation': 'Kim asks if anyone else is thinking along the same lines, encouraging others to share their thoughts on the topic of predicting spillover events.', 'expand on existing idea': 'Kim is expanding on her previously stated idea about the importance of predicting spillover events versus having surveillance in place to detect them, and she is now inviting others to share their perspectives on this topic.'}",36481.0,183,0
2021_10_01_MZT_S2,2021_10_01_MZT_S2,,,"Like I think this group, you know, with the topic and all the questions that were asked, thinks about let's try to predict spillover before it happens.",,2021_10_01_MZT_S2_MZT,Kim Pepin,,,,,845.257894736842,854.0,,,MZT,849.628947368421,"{'encourage participation': 'Kim asks if anyone else is thinking along the same lines, encouraging others to share their thoughts on the topic of predicting spillover events.', 'expand on existing idea': 'Kim is expanding on her previously stated idea about the importance of predicting spillover events versus having surveillance in place to detect them, and she is now inviting others to share their perspectives on this topic.'}",36481.0,184,0
2021_10_01_MZT_S2,2021_10_01_MZT_S2,,,Anyone else?,,2021_10_01_MZT_S2_MZT,Kim Pepin,,,,,964.0,965.0,,,MZT,964.5,"{'encourage participation': 'Kim Pepin is encouraging others to share their thoughts on the topic of predicting or detecting spillover events, following up on her own contributions.'}",36602.0,185,0
2021_10_01_MZT_S2,2021_10_01_MZT_S2,,,I completely agree with Kezia.,,2021_10_01_MZT_S2_MZT,Kim Pepin,,,,,873.9999999999999,877.6513157894736,,,MZT,875.8256578947368,"[{'express agreement': ""Kim explicitly agrees with Kezia's point about the need for methodological advancements in combining sparse data across different systems, leveraging dynamics with machine learning."", 'present new idea': 'Kim introduces a new direction by shifting the focus back to bridging scales and considering the research on predicting virus evolution in different microclimate conditions, which is a new topic in the discussion.'}]",37476.0,186,0
2021_10_01_MZT_S2,2021_10_01_MZT_S2,,,"I just want to say that, but I'm going to change the topic slightly.",,2021_10_01_MZT_S2_MZT,Kim Pepin,,,,,877.6513157894736,885.9276315789474,,,MZT,881.7894736842105,"[{'express agreement': ""Kim explicitly agrees with Kezia's point about the need for methodological advancements in combining sparse data across different systems, leveraging dynamics with machine learning."", 'present new idea': 'Kim introduces a new direction by shifting the focus back to bridging scales and considering the research on predicting virus evolution in different microclimate conditions, which is a new topic in the discussion.'}]",37476.0,187,0
2021_10_01_MZT_S2,2021_10_01_MZT_S2,,,"Um, I want to go back to thinking about how to bridge these scales.",,2021_10_01_MZT_S2_MZT,Kim Pepin,,,,,885.9276315789474,894.0822368421053,,,MZT,890.0049342105264,"[{'express agreement': ""Kim explicitly agrees with Kezia's point about the need for methodological advancements in combining sparse data across different systems, leveraging dynamics with machine learning."", 'present new idea': 'Kim introduces a new direction by shifting the focus back to bridging scales and considering the research on predicting virus evolution in different microclimate conditions, which is a new topic in the discussion.'}]",37476.0,188,0
2021_10_01_MZT_S2,2021_10_01_MZT_S2,,,So we have all this research that's been going on for years with trying to predict how viruses evolve in different microclimate conditions.,,2021_10_01_MZT_S2_MZT,Kim Pepin,,,,,894.0822368421052,911.0,,,MZT,902.5411184210526,"[{'express agreement': ""Kim explicitly agrees with Kezia's point about the need for methodological advancements in combining sparse data across different systems, leveraging dynamics with machine learning."", 'present new idea': 'Kim introduces a new direction by shifting the focus back to bridging scales and considering the research on predicting virus evolution in different microclimate conditions, which is a new topic in the discussion.'}]",37476.0,189,0
2021_10_01_MZT_S2,2021_10_01_MZT_S2,,,I have a background also in um I guess uh viral evolution and so I'm really interested in talking with folks that are thinking about the interface trying to integrate genetic data into the problems I'm interested in.,,2021_10_01_MZT_S2_MZT,Kim Pepin,,,,,894.0,907.0,,,MZT,900.5,"{'expand on existing idea': 'Kim is expanding on her introduction by adding her background in viral evolution, building on her previous statement about disease modeling and management problems.', 'present new idea': 'Kim is presenting a new idea by expressing interest in integrating genetic data into her research problems, which was not explicitly mentioned before.'}",37496.0,190,0
2021_10_01_MZT_S2,2021_10_01_MZT_S2,,,"I think it's worth uh folks that are the metabolic experts thinking about some projects about how whether you could map metabolic indicators to predicting host behavior and therefore transmission, you know, host contact and like Adela Oliva Chavez brought up super spreader.",,2021_10_01_MZT_S2_MZT,Kim Pepin,,,,,814.9999999999999,836.7685664939551,,,MZT,825.8842832469775,"{'propose decision': ""Kim suggests that metabolic experts should consider projects mapping metabolic indicators to predict host behavior, transmission, and viral evolution, building on Adela Oliva Chavez's mention of super spreaders and the potential for spillover."", 'expand on existing idea': 'Kim expands on the idea of using metabolic data, previously mentioned by Adela Oliva Chavez and Matt, to predict host behavior and transmission, suggesting specific project avenues.', 'present new idea': 'Kim presents the new idea of characterizing a host population in terms of their super spreading ability and transmission traits, linking it to metabolic indicators and potential for spillover.'}",38311.0,191,0
2021_10_01_MZT_S2,2021_10_01_MZT_S2,,,"So like characterizing a host population in terms of their super spreading ability, um transmission traits and or how it might affect viral evolution, like the amount of genetic diversity that's brought to bear in a population on potential for spillover.",,2021_10_01_MZT_S2_MZT,Kim Pepin,,,,,836.7685664939552,856.9481865284974,,,MZT,846.8583765112263,"{'propose decision': ""Kim suggests that metabolic experts should consider projects mapping metabolic indicators to predict host behavior, transmission, and viral evolution, building on Adela Oliva Chavez's mention of super spreaders and the potential for spillover."", 'expand on existing idea': 'Kim expands on the idea of using metabolic data, previously mentioned by Adela Oliva Chavez and Matt, to predict host behavior and transmission, suggesting specific project avenues.', 'present new idea': 'Kim presents the new idea of characterizing a host population in terms of their super spreading ability and transmission traits, linking it to metabolic indicators and potential for spillover.'}",38311.0,192,0
2021_10_01_MZT_S2,2021_10_01_MZT_S2,,,"Um, that those seem like good avenues for projects.",,2021_10_01_MZT_S2_MZT,Kim Pepin,,,,,856.9481865284974,861.0,,,MZT,858.9740932642487,"{'propose decision': ""Kim suggests that metabolic experts should consider projects mapping metabolic indicators to predict host behavior, transmission, and viral evolution, building on Adela Oliva Chavez's mention of super spreaders and the potential for spillover."", 'expand on existing idea': 'Kim expands on the idea of using metabolic data, previously mentioned by Adela Oliva Chavez and Matt, to predict host behavior and transmission, suggesting specific project avenues.', 'present new idea': 'Kim presents the new idea of characterizing a host population in terms of their super spreading ability and transmission traits, linking it to metabolic indicators and potential for spillover.'}",38311.0,193,0
2021_10_01_MZT_S2,2021_10_01_MZT_S2,,,I think there's a really good opportunity for that right now because of SARS COV2 emerging in wildlife.,,2021_10_01_MZT_S2_MZT,Kim Pepin,,,,,903.0,920.1198910081744,,,MZT,911.5599455040872,"{'propose decision': 'Kim proposes a decision to focus on predicting where SARS COV2 will happen next or focus on what needs to be done to sample and find established clusters and respond to them, building on the previous discussion about predicting spillover events.', 'expand on existing idea': 'Kim expands on the existing idea of predicting spillover events by suggesting a focus on SARS COV2 emerging in wildlife and proposing two possible directions: predicting where it will happen next or focusing on sampling and responding to established clusters, which builds on her initial question about the relative importance of prediction versus surveillance.', 'present new idea': 'Kim presents a new idea to focus on SARS COV2 emerging in wildlife and proposes two possible directions: predicting where it will happen next or focusing on sampling and responding to established clusters, which is a new direction in the conversation.'}",38399.0,194,0
2021_10_01_MZT_S2,2021_10_01_MZT_S2,,,"I think, you know, so I want to start asking, okay, we have this going on, do we focus on predicting like where it's going to happen next or do we focus on what we need to do um, how we need to sample to find the clusters that have established and respond to them.",,2021_10_01_MZT_S2_MZT,Kim Pepin,,,,,920.1198910081744,964.0,,,MZT,942.0599455040872,"{'propose decision': 'Kim proposes a decision to focus on predicting where SARS COV2 will happen next or focus on what needs to be done to sample and find established clusters and respond to them, building on the previous discussion about predicting spillover events.', 'expand on existing idea': 'Kim expands on the existing idea of predicting spillover events by suggesting a focus on SARS COV2 emerging in wildlife and proposing two possible directions: predicting where it will happen next or focusing on sampling and responding to established clusters, which builds on her initial question about the relative importance of prediction versus surveillance.', 'present new idea': 'Kim presents a new idea to focus on SARS COV2 emerging in wildlife and proposes two possible directions: predicting where it will happen next or focusing on sampling and responding to established clusters, which is a new direction in the conversation.'}",38399.0,195,0
2021_10_01_MZT_S2,2021_10_01_MZT_S2,,,"I um, I'm going to start out with something that I was thinking about last night.",,2021_10_01_MZT_S2_MZT,Kim Pepin,,,,,781.0000000000001,787.4407008086254,,,MZT,784.2203504043127,"{'present new idea': ""Kim introduces a novel consideration about the relative importance of predicting spillover events versus having surveillance systems in place to detect and respond to them, which hasn't been explicitly discussed before."", 'propose decision': 'Kim suggests the group consider the relative importance of predicting spillover events versus having surveillance in place, implying a decision about which approach to prioritize.', 'encourage participation': 'Kim asks people in the room what they think about the relative importance of predicting versus detecting spillover events, inviting them to contribute their perspectives.'}",39180.0,196,0
2021_10_01_MZT_S2,2021_10_01_MZT_S2,,,"Um, so I want to ask people in this room what they think the relative importance of in being able to predict a spillover event before it happens versus have surveillance in place to be able to detect a spillover event that has happened and is starting to emerge and have a system that's optimized for detecting that and responding to it.",,2021_10_01_MZT_S2_MZT,Kim Pepin,,,,,787.4407008086254,814.2371967654987,,,MZT,800.838948787062,"{'present new idea': ""Kim introduces a novel consideration about the relative importance of predicting spillover events versus having surveillance systems in place to detect and respond to them, which hasn't been explicitly discussed before."", 'propose decision': 'Kim suggests the group consider the relative importance of predicting spillover events versus having surveillance in place, implying a decision about which approach to prioritize.', 'encourage participation': 'Kim asks people in the room what they think about the relative importance of predicting versus detecting spillover events, inviting them to contribute their perspectives.'}",39180.0,197,0
2021_10_01_MZT_S2,2021_10_01_MZT_S2,,,"Because I think those two things are could, you know, lead to different focus in terms of like what you might what data you might want to collect and what questions you might want to pursue.",,2021_10_01_MZT_S2_MZT,Kim Pepin,,,,,814.2371967654988,829.345013477089,,,MZT,821.7911051212939,"{'present new idea': ""Kim introduces a novel consideration about the relative importance of predicting spillover events versus having surveillance systems in place to detect and respond to them, which hasn't been explicitly discussed before."", 'propose decision': 'Kim suggests the group consider the relative importance of predicting spillover events versus having surveillance in place, implying a decision about which approach to prioritize.', 'encourage participation': 'Kim asks people in the room what they think about the relative importance of predicting versus detecting spillover events, inviting them to contribute their perspectives.'}",39180.0,198,0
2021_10_01_MZT_S2,2021_10_01_MZT_S2,,,"Um, and I was just thinking about that last night relative to uh what data will be brought to bear in any monitoring system out there.",,2021_10_01_MZT_S2_MZT,Kim Pepin,,,,,829.345013477089,840.0,,,MZT,834.6725067385445,"{'present new idea': ""Kim introduces a novel consideration about the relative importance of predicting spillover events versus having surveillance systems in place to detect and respond to them, which hasn't been explicitly discussed before."", 'propose decision': 'Kim suggests the group consider the relative importance of predicting spillover events versus having surveillance in place, implying a decision about which approach to prioritize.', 'encourage participation': 'Kim asks people in the room what they think about the relative importance of predicting versus detecting spillover events, inviting them to contribute their perspectives.'}",39180.0,199,0
2021_10_01_MZT_S2,2021_10_01_MZT_S2,,,I'm I'm super biased when it comes to spillover.,,2021_10_01_MZT_S2_MZT,Kim Pepin,,,,,879.9999999999999,885.6878612716763,,,MZT,882.8439306358381,"{'present new idea': ""Kim introduces the idea that ecology and species contact are the most important factors in spillover events, which hasn't been explicitly stated in this way before."", 'provide supporting evidence': 'Kim supports her idea by stating that without contact between species, the virus cannot reach a new host, emphasizing the importance of understanding the ecology that drives this interface.', 'expand on existing idea': 'Kim expands on the discussion about predicting spillover events by focusing on the importance of ecology and the interface between species, adding a specific perspective to the broader conversation.'}",39279.0,200,0
2021_10_01_MZT_S2,2021_10_01_MZT_S2,,,"I think like the ecology is the most important thing because if you don't have contact, you don't it doesn't matter.",,2021_10_01_MZT_S2_MZT,Kim Pepin,,,,,885.6878612716763,899.4335260115607,,,MZT,892.5606936416185,"{'present new idea': ""Kim introduces the idea that ecology and species contact are the most important factors in spillover events, which hasn't been explicitly stated in this way before."", 'provide supporting evidence': 'Kim supports her idea by stating that without contact between species, the virus cannot reach a new host, emphasizing the importance of understanding the ecology that drives this interface.', 'expand on existing idea': 'Kim expands on the discussion about predicting spillover events by focusing on the importance of ecology and the interface between species, adding a specific perspective to the broader conversation.'}",39279.0,201,0
2021_10_01_MZT_S2,2021_10_01_MZT_S2,,,You know what I mean?,,2021_10_01_MZT_S2_MZT,Kim Pepin,,,,,899.4335260115606,901.9219653179191,,,MZT,900.6777456647399,"{'present new idea': ""Kim introduces the idea that ecology and species contact are the most important factors in spillover events, which hasn't been explicitly stated in this way before."", 'provide supporting evidence': 'Kim supports her idea by stating that without contact between species, the virus cannot reach a new host, emphasizing the importance of understanding the ecology that drives this interface.', 'expand on existing idea': 'Kim expands on the discussion about predicting spillover events by focusing on the importance of ecology and the interface between species, adding a specific perspective to the broader conversation.'}",39279.0,202,0
2021_10_01_MZT_S2,2021_10_01_MZT_S2,,,Like you just the virus is not going to get to that new host.,,2021_10_01_MZT_S2_MZT,Kim Pepin,,,,,901.9219653179191,909.150289017341,,,MZT,905.5361271676301,"{'present new idea': ""Kim introduces the idea that ecology and species contact are the most important factors in spillover events, which hasn't been explicitly stated in this way before."", 'provide supporting evidence': 'Kim supports her idea by stating that without contact between species, the virus cannot reach a new host, emphasizing the importance of understanding the ecology that drives this interface.', 'expand on existing idea': 'Kim expands on the discussion about predicting spillover events by focusing on the importance of ecology and the interface between species, adding a specific perspective to the broader conversation.'}",39279.0,203,0
2021_10_01_MZT_S2,2021_10_01_MZT_S2,,,And so like that interface between species is critical to understand and the ecology that drives it.,,2021_10_01_MZT_S2_MZT,Kim Pepin,,,,,909.150289017341,921.0,,,MZT,915.0751445086705,"{'present new idea': ""Kim introduces the idea that ecology and species contact are the most important factors in spillover events, which hasn't been explicitly stated in this way before."", 'provide supporting evidence': 'Kim supports her idea by stating that without contact between species, the virus cannot reach a new host, emphasizing the importance of understanding the ecology that drives this interface.', 'expand on existing idea': 'Kim expands on the discussion about predicting spillover events by focusing on the importance of ecology and the interface between species, adding a specific perspective to the broader conversation.'}",39279.0,204,0
2021_10_01_MZT_S2,2021_10_01_MZT_S2,,,Sorry about that.,,2021_10_01_MZT_S2_MZT,Kim Pepin,,,,,843.0000000000001,844.2230215827338,,,MZT,843.611510791367,"{'explain or define term or concept': 'Kim is explaining her role as a disease modeler and her current work on African swine fever, including predicting spatial spread and optimal control strategies.', 'expand on existing idea': 'Kim expands on her role as a disease modeler by describing her work on management problems, predicting spatial spread in wildlife populations, and optimizing surveillance programs, building upon her initial introduction.', 'acknowledge contribution': ""Kim acknowledges Matt's presence, indicating she recognizes his contribution to the field.""}",40122.0,205,0
2021_10_01_MZT_S2,2021_10_01_MZT_S2,,,"Um yeah, so I'm uh at the National Wildlife Research Center.",,2021_10_01_MZT_S2_MZT,Kim Pepin,,,,,844.2230215827337,848.5395683453237,,,MZT,846.3812949640287,"{'explain or define term or concept': 'Kim is explaining her role as a disease modeler and her current work on African swine fever, including predicting spatial spread and optimal control strategies.', 'expand on existing idea': 'Kim expands on her role as a disease modeler by describing her work on management problems, predicting spatial spread in wildlife populations, and optimizing surveillance programs, building upon her initial introduction.', 'acknowledge contribution': ""Kim acknowledges Matt's presence, indicating she recognizes his contribution to the field.""}",40122.0,206,0
2021_10_01_MZT_S2,2021_10_01_MZT_S2,,,I see Matt here also from there that I know quite well.,,2021_10_01_MZT_S2_MZT,Kim Pepin,,,,,848.5395683453237,852.4964028776978,,,MZT,850.5179856115108,"{'explain or define term or concept': 'Kim is explaining her role as a disease modeler and her current work on African swine fever, including predicting spatial spread and optimal control strategies.', 'expand on existing idea': 'Kim expands on her role as a disease modeler by describing her work on management problems, predicting spatial spread in wildlife populations, and optimizing surveillance programs, building upon her initial introduction.', 'acknowledge contribution': ""Kim acknowledges Matt's presence, indicating she recognizes his contribution to the field.""}",40122.0,207,0
2021_10_01_MZT_S2,2021_10_01_MZT_S2,,,Um several other faces.,,2021_10_01_MZT_S2_MZT,Kim Pepin,,,,,852.4964028776978,854.1510791366907,,,MZT,853.3237410071943,"{'explain or define term or concept': 'Kim is explaining her role as a disease modeler and her current work on African swine fever, including predicting spatial spread and optimal control strategies.', 'expand on existing idea': 'Kim expands on her role as a disease modeler by describing her work on management problems, predicting spatial spread in wildlife populations, and optimizing surveillance programs, building upon her initial introduction.', 'acknowledge contribution': ""Kim acknowledges Matt's presence, indicating she recognizes his contribution to the field.""}",40122.0,208,0
2021_10_01_MZT_S2,2021_10_01_MZT_S2,,,Um and uh I'm a disease modeler.,,2021_10_01_MZT_S2_MZT,Kim Pepin,,,,,854.1510791366906,856.4532374100719,,,MZT,855.3021582733812,"{'explain or define term or concept': 'Kim is explaining her role as a disease modeler and her current work on African swine fever, including predicting spatial spread and optimal control strategies.', 'expand on existing idea': 'Kim expands on her role as a disease modeler by describing her work on management problems, predicting spatial spread in wildlife populations, and optimizing surveillance programs, building upon her initial introduction.', 'acknowledge contribution': ""Kim acknowledges Matt's presence, indicating she recognizes his contribution to the field.""}",40122.0,209,0
2021_10_01_MZT_S2,2021_10_01_MZT_S2,,,"I'm working a lot on African swine fever right now, trying to predict spatial spread, what would happen in an emergency event and what would be our optimal control strategy.",,2021_10_01_MZT_S2_MZT,Kim Pepin,,,,,856.4532374100719,868.8992805755396,,,MZT,862.6762589928057,"{'explain or define term or concept': 'Kim is explaining her role as a disease modeler and her current work on African swine fever, including predicting spatial spread and optimal control strategies.', 'expand on existing idea': 'Kim expands on her role as a disease modeler by describing her work on management problems, predicting spatial spread in wildlife populations, and optimizing surveillance programs, building upon her initial introduction.', 'acknowledge contribution': ""Kim acknowledges Matt's presence, indicating she recognizes his contribution to the field.""}",40122.0,210,0
2021_10_01_MZT_S2,2021_10_01_MZT_S2,,,"So I work a lot on um management problems, how to manage disease um and how to predict its spatial spread especially in wildlife populations and at the wildlife livestock interface.",,2021_10_01_MZT_S2_MZT,Kim Pepin,,,,,868.8992805755396,881.9208633093525,,,MZT,875.410071942446,"{'explain or define term or concept': 'Kim is explaining her role as a disease modeler and her current work on African swine fever, including predicting spatial spread and optimal control strategies.', 'expand on existing idea': 'Kim expands on her role as a disease modeler by describing her work on management problems, predicting spatial spread in wildlife populations, and optimizing surveillance programs, building upon her initial introduction.', 'acknowledge contribution': ""Kim acknowledges Matt's presence, indicating she recognizes his contribution to the field.""}",40122.0,211,0
2021_10_01_MZT_S2,2021_10_01_MZT_S2,,,I'm also thinking a lot about how to optimize surveillance programs um to be able to be truly early detection and response capable.,,2021_10_01_MZT_S2_MZT,Kim Pepin,,,,,881.9208633093524,891.3453237410072,,,MZT,886.6330935251798,"{'explain or define term or concept': 'Kim is explaining her role as a disease modeler and her current work on African swine fever, including predicting spatial spread and optimal control strategies.', 'expand on existing idea': 'Kim expands on her role as a disease modeler by describing her work on management problems, predicting spatial spread in wildlife populations, and optimizing surveillance programs, building upon her initial introduction.', 'acknowledge contribution': ""Kim acknowledges Matt's presence, indicating she recognizes his contribution to the field.""}",40122.0,212,0
2021_10_01_MZT_S2,2021_10_01_MZT_S2,,,Um that's all I'll say.,,2021_10_01_MZT_S2_MZT,Kim Pepin,,,,,891.3453237410072,893.0,,,MZT,892.1726618705036,"{'explain or define term or concept': 'Kim is explaining her role as a disease modeler and her current work on African swine fever, including predicting spatial spread and optimal control strategies.', 'expand on existing idea': 'Kim expands on her role as a disease modeler by describing her work on management problems, predicting spatial spread in wildlife populations, and optimizing surveillance programs, building upon her initial introduction.', 'acknowledge contribution': ""Kim acknowledges Matt's presence, indicating she recognizes his contribution to the field.""}",40122.0,213,0
2021_10_01_MZT_S2,2021_10_01_MZT_S2,,,That I wasn't exactly thinking that.,,2021_10_01_MZT_S2_MZT,Kim Pepin,,,,,651.0,653.6048237476809,,,MZT,652.3024118738405,"{'expand on existing idea': ""Kim is responding to Troy's comment about identifying sentinel species and expands on it by clarifying that she was thinking about identifying high-risk spatial locations for transmission within a given species, rather than focusing solely on sentinel species."", 'explain or define term or concept': 'Kim explains her thinking about identifying spatially where there is a high risk for high levels of transmission, and then using other data streams like the human component to determine if that hotspot of transmission in that reservoir species would be high risk to humans.', 'encourage participation': 'Kim ends her statement by saying ""I don\'t know about everybody else"", encouraging others to share their thoughts.'}",40773.0,214,0
2021_10_01_MZT_S2,2021_10_01_MZT_S2,,,I that far ahead.,,2021_10_01_MZT_S2_MZT,Kim Pepin,,,,,653.6048237476808,654.834879406308,,,MZT,654.2198515769944,"{'expand on existing idea': ""Kim is responding to Troy's comment about identifying sentinel species and expands on it by clarifying that she was thinking about identifying high-risk spatial locations for transmission within a given species, rather than focusing solely on sentinel species."", 'explain or define term or concept': 'Kim explains her thinking about identifying spatially where there is a high risk for high levels of transmission, and then using other data streams like the human component to determine if that hotspot of transmission in that reservoir species would be high risk to humans.', 'encourage participation': 'Kim ends her statement by saying ""I don\'t know about everybody else"", encouraging others to share their thoughts.'}",40773.0,215,0
2021_10_01_MZT_S2,2021_10_01_MZT_S2,,,"I was actually thinking like, you know, for a given species that we might do surveillance on, you know, identifying spatially, using these indicators to identify spatially where you might most be at risk for high levels of transmission, but then yeah, I think you'd want other data streams like the human component to know like whether that hotspot of transmission in that reservoir species would be high risk to humans.",,2021_10_01_MZT_S2_MZT,Kim Pepin,,,,,654.8348794063079,685.2244897959183,,,MZT,670.0296846011131,"{'expand on existing idea': ""Kim is responding to Troy's comment about identifying sentinel species and expands on it by clarifying that she was thinking about identifying high-risk spatial locations for transmission within a given species, rather than focusing solely on sentinel species."", 'explain or define term or concept': 'Kim explains her thinking about identifying spatially where there is a high risk for high levels of transmission, and then using other data streams like the human component to determine if that hotspot of transmission in that reservoir species would be high risk to humans.', 'encourage participation': 'Kim ends her statement by saying ""I don\'t know about everybody else"", encouraging others to share their thoughts.'}",40773.0,216,0
2021_10_01_MZT_S2,2021_10_01_MZT_S2,,,That's just what I was thinking.,,2021_10_01_MZT_S2_MZT,Kim Pepin,,,,,685.2244897959183,687.5398886827459,,,MZT,686.3821892393321,"{'expand on existing idea': ""Kim is responding to Troy's comment about identifying sentinel species and expands on it by clarifying that she was thinking about identifying high-risk spatial locations for transmission within a given species, rather than focusing solely on sentinel species."", 'explain or define term or concept': 'Kim explains her thinking about identifying spatially where there is a high risk for high levels of transmission, and then using other data streams like the human component to determine if that hotspot of transmission in that reservoir species would be high risk to humans.', 'encourage participation': 'Kim ends her statement by saying ""I don\'t know about everybody else"", encouraging others to share their thoughts.'}",40773.0,217,0
2021_10_01_MZT_S2,2021_10_01_MZT_S2,,,I don't know about everybody else.,,2021_10_01_MZT_S2_MZT,Kim Pepin,,,,,687.5398886827459,690.0,,,MZT,688.7699443413729,"{'expand on existing idea': ""Kim is responding to Troy's comment about identifying sentinel species and expands on it by clarifying that she was thinking about identifying high-risk spatial locations for transmission within a given species, rather than focusing solely on sentinel species."", 'explain or define term or concept': 'Kim explains her thinking about identifying spatially where there is a high risk for high levels of transmission, and then using other data streams like the human component to determine if that hotspot of transmission in that reservoir species would be high risk to humans.', 'encourage participation': 'Kim ends her statement by saying ""I don\'t know about everybody else"", encouraging others to share their thoughts.'}",40773.0,218,0
2021_10_01_MZT_S2,2021_10_01_MZT_S2,,,"Well, that's so I mean that's what we have been trying to do, right?",,2021_10_01_MZT_S2_MZT,Kim Pepin,,,,,881.0,887.156378600823,,,MZT,884.0781893004115,"{'expand on existing idea': ""Kim is expanding on the idea of predicting spillover events, which she introduced in the previous utterance, by mentioning the 'predict programs' and global risk maps."", 'provide supporting evidence': ""Kim supports her point about the difficulty of predicting spillover by stating that the global risk maps generated by 'predict programs' have not been validated."", 'express alternative decision': 'Kim is expressing an alternative decision by suggesting that surveillance and response systems might be more effective than trying to predict spillover events before they happen, which is a shift from her previous focus.', 'reject idea': 'Kim rejects the idea that predicting spillover events is feasible with the available resources, stating that the global risk maps have not been validated.'}",41003.0,219,0
2021_10_01_MZT_S2,2021_10_01_MZT_S2,,,With like the predict programs and whatnot.,,2021_10_01_MZT_S2_MZT,Kim Pepin,,,,,887.156378600823,891.0493827160494,,,MZT,889.1028806584362,"{'expand on existing idea': ""Kim is expanding on the idea of predicting spillover events, which she introduced in the previous utterance, by mentioning the 'predict programs' and global risk maps."", 'provide supporting evidence': ""Kim supports her point about the difficulty of predicting spillover by stating that the global risk maps generated by 'predict programs' have not been validated."", 'express alternative decision': 'Kim is expressing an alternative decision by suggesting that surveillance and response systems might be more effective than trying to predict spillover events before they happen, which is a shift from her previous focus.', 'reject idea': 'Kim rejects the idea that predicting spillover events is feasible with the available resources, stating that the global risk maps have not been validated.'}",41003.0,220,0
2021_10_01_MZT_S2,2021_10_01_MZT_S2,,,"People generate these giant global maps of where like it's most risky for spillover to happen, but no, they have not been validated.",,2021_10_01_MZT_S2_MZT,Kim Pepin,,,,,891.0493827160494,903.0,,,MZT,897.0246913580247,"{'expand on existing idea': ""Kim is expanding on the idea of predicting spillover events, which she introduced in the previous utterance, by mentioning the 'predict programs' and global risk maps."", 'provide supporting evidence': ""Kim supports her point about the difficulty of predicting spillover by stating that the global risk maps generated by 'predict programs' have not been validated."", 'express alternative decision': 'Kim is expressing an alternative decision by suggesting that surveillance and response systems might be more effective than trying to predict spillover events before they happen, which is a shift from her previous focus.', 'reject idea': 'Kim rejects the idea that predicting spillover events is feasible with the available resources, stating that the global risk maps have not been validated.'}",41003.0,221,0
2021_10_01_MZT_S2,2021_10_01_MZT_S2,,,"Well, there's also bot two.",,2021_10_01_MZT_S2_MZT,Kim Pepin,,,,,1121.0,1122.0,,,MZT,1121.5,"{'acknowledge contribution': 'Kim acknowledges that there are two other people on the call that Linda has not yet recognized, contributing to the discussion by pointing out missing participants.'}",41243.0,222,0
2021_10_01_MZT_S2,2021_10_01_MZT_S2,,,"Yeah, I I think it would be really useful to in terms of if you do some focus studies to understand what does the metabolic landscape um tell you about host movement, for example, like that's a key feature and viral evolution.",,2021_10_01_MZT_S2_MZT,Kim Pepin,,,,,971.0,1017.144694533762,,,MZT,994.072347266881,"{'expand on existing idea': ""Kim is building on Adela Oliva Chavez's idea of including metabolic data by suggesting focus studies to understand how the metabolic landscape relates to host movement and viral evolution, which are key features."", 'provide supporting evidence': 'Kim suggests that linking metabolic data streams to host movement or viral evolution could identify good surveillance points, implying that metabolic data could be valuable for predicting spillover events.', 'propose decision': 'Kim proposes focus studies to determine if metabolic data is a good avenue for understanding host movement and viral evolution, suggesting a concrete action for the group to consider.'}",42214.0,223,0
2021_10_01_MZT_S2,2021_10_01_MZT_S2,,,That's another key feature that we think it could um impact.,,2021_10_01_MZT_S2_MZT,Kim Pepin,,,,,1017.144694533762,1029.395498392283,,,MZT,1023.2700964630225,"{'expand on existing idea': ""Kim is building on Adela Oliva Chavez's idea of including metabolic data by suggesting focus studies to understand how the metabolic landscape relates to host movement and viral evolution, which are key features."", 'provide supporting evidence': 'Kim suggests that linking metabolic data streams to host movement or viral evolution could identify good surveillance points, implying that metabolic data could be valuable for predicting spillover events.', 'propose decision': 'Kim proposes focus studies to determine if metabolic data is a good avenue for understanding host movement and viral evolution, suggesting a concrete action for the group to consider.'}",42214.0,224,0
2021_10_01_MZT_S2,2021_10_01_MZT_S2,,,So like some focus studies to ask like is this a good avenue?,,2021_10_01_MZT_S2_MZT,Kim Pepin,,,,,1029.3954983922827,1041.8504823151125,,,MZT,1035.6229903536976,"{'expand on existing idea': ""Kim is building on Adela Oliva Chavez's idea of including metabolic data by suggesting focus studies to understand how the metabolic landscape relates to host movement and viral evolution, which are key features."", 'provide supporting evidence': 'Kim suggests that linking metabolic data streams to host movement or viral evolution could identify good surveillance points, implying that metabolic data could be valuable for predicting spillover events.', 'propose decision': 'Kim proposes focus studies to determine if metabolic data is a good avenue for understanding host movement and viral evolution, suggesting a concrete action for the group to consider.'}",42214.0,225,0
2021_10_01_MZT_S2,2021_10_01_MZT_S2,,,"Because if if you can link a bunch of metabolic uh data streams, I don't know what to call it.",,2021_10_01_MZT_S2_MZT,Kim Pepin,,,,,1041.8504823151125,1061.0434083601285,,,MZT,1051.4469453376205,"{'expand on existing idea': ""Kim is building on Adela Oliva Chavez's idea of including metabolic data by suggesting focus studies to understand how the metabolic landscape relates to host movement and viral evolution, which are key features."", 'provide supporting evidence': 'Kim suggests that linking metabolic data streams to host movement or viral evolution could identify good surveillance points, implying that metabolic data could be valuable for predicting spillover events.', 'propose decision': 'Kim proposes focus studies to determine if metabolic data is a good avenue for understanding host movement and viral evolution, suggesting a concrete action for the group to consider.'}",42214.0,226,0
2021_10_01_MZT_S2,2021_10_01_MZT_S2,,,"Um the the different metabolic uh components you would measure and you could like profile host movement or um viral evolution to that, then those seem like good surveillance points.",,2021_10_01_MZT_S2_MZT,Kim Pepin,,,,,1061.0434083601285,1098.0,,,MZT,1079.5217041800643,"{'expand on existing idea': ""Kim is building on Adela Oliva Chavez's idea of including metabolic data by suggesting focus studies to understand how the metabolic landscape relates to host movement and viral evolution, which are key features."", 'provide supporting evidence': 'Kim suggests that linking metabolic data streams to host movement or viral evolution could identify good surveillance points, implying that metabolic data could be valuable for predicting spillover events.', 'propose decision': 'Kim proposes focus studies to determine if metabolic data is a good avenue for understanding host movement and viral evolution, suggesting a concrete action for the group to consider.'}",42214.0,227,0
2021_10_01_MZT_S2,2021_10_01_MZT_S2,,,Yeah.,,2021_10_01_MZT_S2_MZT,Kim Pepin,,,,,43126.0,43126.0,,,MZT,43126.0,"{'express agreement': ""Kim Pepin is expressing agreement with Kezia's prior statement about the need to bridge scales and combine sparse data across different systems.""}",43126.0,228,0
2021_10_01_MZT_S2,2021_10_01_MZT_S2,,,Yeah.,,2021_10_01_MZT_S2_MZT,Kim Pepin,,,,,43126.0,43126.0,,,MZT,43126.0,"[{'express agreement': ""Kim Pepin is agreeing with Kezia's prior statement about the need to combine sparse data across different systems and leverage dynamics with machine learning.""}]",43126.0,229,0
2021_10_01_MZT_S2,2021_10_01_MZT_S2,,,"Yes, absolutely.",,2021_10_01_MZT_S2_MZT,Kim Pepin,,,,,924.0,925.0,,,MZT,924.5,"{'express agreement': ""Kim Pepin explicitly agrees with Amy Hartman's point about the role of climate change in changing the parameters of species interaction over time, which is relevant to spillover events.""}",43138.0,230,0
2021_10_01_MZT_S2,2021_10_01_MZT_S2,,,"You're on mute, Kezia.",,2021_10_01_MZT_S2_MZT,Kim Pepin,,,,,726.9999999999999,729.6666666666666,,,MZT,728.3333333333333,"{'acknowledge contribution': ""Kim acknowledges that Kezia is on mute, indicating she recognizes Kezia's attempt to speak but is not agreeing or expanding on any idea.""}",43865.0,231,0
2021_10_01_MZT_S2,2021_10_01_MZT_S2,,,I see that.,,2021_10_01_MZT_S2_MZT,Kim Pepin,,,,,729.6666666666667,731.0,,,MZT,730.3333333333334,"{'acknowledge contribution': ""Kim acknowledges that Kezia is on mute, indicating she recognizes Kezia's attempt to speak but is not agreeing or expanding on any idea.""}",43865.0,232,0
2021_10_01_MZT_S2,2021_10_01_MZT_S2,,,"Adela Oliva Chavez, are you able to um.",,2021_10_01_MZT_S2_MZT,Linda Detwiler,,,,,1140.0,1141.0,,,MZT,1140.5,"{'encourage participation': 'Linda is encouraging Adela Oliva Chavez to participate by asking if she is able to do something, likely related to the Google Drive mentioned earlier.'}",44278.0,233,0
2021_10_01_MZT_S2,2021_10_01_MZT_S2,,,Adela Oliva Chavez.,,2021_10_01_MZT_S2_MZT,Linda Detwiler,,,,,618.0,622.0,,,MZT,620.0,"{'encourage participation': 'Linda Detwiler is encouraging Adela Oliva Chavez to participate in the discussion, likely to contribute to the topic being discussed.'}",44896.0,234,0
2021_10_01_MZT_S2,2021_10_01_MZT_S2,,,"All right, perfect.",,2021_10_01_MZT_S2_MZT,Linda Detwiler,,,,,690.0000000000001,691.0995370370371,,,MZT,690.5497685185186,"[{'confirm decision': 'The speaker confirms that everyone from the group is present, ensuring that no one new has joined, which is a decision point for continuing the discussion.', 'explain or define term or concept': 'The speaker explains her background dealing with preon diseases and spillover events, providing context for her expertise.', 'encourage participation': 'The speaker ends the utterance by addressing Mike, inviting him to contribute to the discussion.'}]",44968.0,235,0
2021_10_01_MZT_S2,2021_10_01_MZT_S2,,,"Okay, we still have we didn't have anybody new, right?",,2021_10_01_MZT_S2_MZT,Linda Detwiler,,,,,691.0995370370371,694.2245370370371,,,MZT,692.6620370370371,"[{'confirm decision': 'The speaker confirms that everyone from the group is present, ensuring that no one new has joined, which is a decision point for continuing the discussion.', 'explain or define term or concept': 'The speaker explains her background dealing with preon diseases and spillover events, providing context for her expertise.', 'encourage participation': 'The speaker ends the utterance by addressing Mike, inviting him to contribute to the discussion.'}]",44968.0,236,0
2021_10_01_MZT_S2,2021_10_01_MZT_S2,,,We're all good.,,2021_10_01_MZT_S2_MZT,Linda Detwiler,,,,,694.224537037037,695.0925925925926,,,MZT,694.6585648148148,"[{'confirm decision': 'The speaker confirms that everyone from the group is present, ensuring that no one new has joined, which is a decision point for continuing the discussion.', 'explain or define term or concept': 'The speaker explains her background dealing with preon diseases and spillover events, providing context for her expertise.', 'encourage participation': 'The speaker ends the utterance by addressing Mike, inviting him to contribute to the discussion.'}]",44968.0,237,0
2021_10_01_MZT_S2,2021_10_01_MZT_S2,,,"Okay, so this is the part where um, Mike and I just kind of throw it open.",,2021_10_01_MZT_S2_MZT,Linda Detwiler,,,,,695.0925925925926,699.375,,,MZT,697.2337962962963,"[{'confirm decision': 'The speaker confirms that everyone from the group is present, ensuring that no one new has joined, which is a decision point for continuing the discussion.', 'explain or define term or concept': 'The speaker explains her background dealing with preon diseases and spillover events, providing context for her expertise.', 'encourage participation': 'The speaker ends the utterance by addressing Mike, inviting him to contribute to the discussion.'}]",44968.0,238,0
2021_10_01_MZT_S2,2021_10_01_MZT_S2,,,I I deal with the preon diseases.,,2021_10_01_MZT_S2_MZT,Linda Detwiler,,,,,699.375,701.2847222222222,,,MZT,700.3298611111111,"[{'confirm decision': 'The speaker confirms that everyone from the group is present, ensuring that no one new has joined, which is a decision point for continuing the discussion.', 'explain or define term or concept': 'The speaker explains her background dealing with preon diseases and spillover events, providing context for her expertise.', 'encourage participation': 'The speaker ends the utterance by addressing Mike, inviting him to contribute to the discussion.'}]",44968.0,239,0
2021_10_01_MZT_S2,2021_10_01_MZT_S2,,,I'm not sure Mike what your specialty is.,,2021_10_01_MZT_S2_MZT,Linda Detwiler,,,,,701.2847222222222,703.6574074074074,,,MZT,702.4710648148148,"[{'confirm decision': 'The speaker confirms that everyone from the group is present, ensuring that no one new has joined, which is a decision point for continuing the discussion.', 'explain or define term or concept': 'The speaker explains her background dealing with preon diseases and spillover events, providing context for her expertise.', 'encourage participation': 'The speaker ends the utterance by addressing Mike, inviting him to contribute to the discussion.'}]",44968.0,240,0
2021_10_01_MZT_S2,2021_10_01_MZT_S2,,,"I've spent most of my career, but I've also worked on the ground with spillover events since I work for APHIS a lot in Asia with the H5N1 high path and and the zoonotic threats over there.",,2021_10_01_MZT_S2_MZT,Linda Detwiler,,,,,703.6574074074075,714.5370370370371,,,MZT,709.0972222222223,"[{'confirm decision': 'The speaker confirms that everyone from the group is present, ensuring that no one new has joined, which is a decision point for continuing the discussion.', 'explain or define term or concept': 'The speaker explains her background dealing with preon diseases and spillover events, providing context for her expertise.', 'encourage participation': 'The speaker ends the utterance by addressing Mike, inviting him to contribute to the discussion.'}]",44968.0,241,0
2021_10_01_MZT_S2,2021_10_01_MZT_S2,,,So Mike.,,2021_10_01_MZT_S2_MZT,Linda Detwiler,,,,,714.537037037037,715.0,,,MZT,714.7685185185185,"[{'confirm decision': 'The speaker confirms that everyone from the group is present, ensuring that no one new has joined, which is a decision point for continuing the discussion.', 'explain or define term or concept': 'The speaker explains her background dealing with preon diseases and spillover events, providing context for her expertise.', 'encourage participation': 'The speaker ends the utterance by addressing Mike, inviting him to contribute to the discussion.'}]",44968.0,242,0
2021_10_01_MZT_S2,2021_10_01_MZT_S2,,,"All right, thank you.",,2021_10_01_MZT_S2_MZT,Linda Detwiler,,,,,980.0000000000001,980.5675675675676,,,MZT,980.2837837837839,"{'acknowledge contribution': ""Linda acknowledges Adela Oliva Chavez's raised hand, indicating she recognizes Adela Oliva Chavez's intention to speak, following a discussion about spillover events and modeling."", 'encourage participation': 'Linda is encouraging Adela Oliva Chavez to participate in the discussion by acknowledging that she has her hand raised, after a discussion about spillover events and modeling.'}",45258.0,243,0
2021_10_01_MZT_S2,2021_10_01_MZT_S2,,,"I know Adela Oliva Chavez, you raised your hand here.",,2021_10_01_MZT_S2_MZT,Linda Detwiler,,,,,980.5675675675675,982.0,,,MZT,981.2837837837837,"{'acknowledge contribution': ""Linda acknowledges Adela Oliva Chavez's raised hand, indicating she recognizes Adela Oliva Chavez's intention to speak, following a discussion about spillover events and modeling."", 'encourage participation': 'Linda is encouraging Adela Oliva Chavez to participate in the discussion by acknowledging that she has her hand raised, after a discussion about spillover events and modeling.'}",45258.0,244,0
2021_10_01_MZT_S2,2021_10_01_MZT_S2,,,All right.,,2021_10_01_MZT_S2_MZT,Linda Detwiler,,,,,893.0,893.2631578947369,,,MZT,893.1315789473684,"{'expand on existing idea': 'Linda is building upon the previous introductions by stating that she also has a background in something, implying she will share it to add to the context of the group.'}",46151.0,245,0
2021_10_01_MZT_S2,2021_10_01_MZT_S2,,,I have a background also in.,,2021_10_01_MZT_S2_MZT,Linda Detwiler,,,,,893.2631578947369,894.0,,,MZT,893.6315789473684,"{'expand on existing idea': 'Linda is building upon the previous introductions by stating that she also has a background in something, implying she will share it to add to the context of the group.'}",46151.0,246,0
2021_10_01_MZT_S2,2021_10_01_MZT_S2,,,All right.,,2021_10_01_MZT_S2_MZT,Linda Detwiler,,,,,992.0,993.1811023622047,,,MZT,992.5905511811023,"{'confirm decision': {'Explanation': 'Linda is confirming that the group agrees with the points that have been discussed and written down, finalizing the decision to move forward with those points.'}}",46250.0,247,0
2021_10_01_MZT_S2,2021_10_01_MZT_S2,,,"So we'll take it we're good everybody take a look at this and uh make sure we have agreement for the team, the group.",,2021_10_01_MZT_S2_MZT,Linda Detwiler,,,,,993.1811023622047,1007.0,,,MZT,1000.0905511811023,"{'confirm decision': {'Explanation': 'Linda is confirming that the group agrees with the points that have been discussed and written down, finalizing the decision to move forward with those points.'}}",46250.0,248,0
2021_10_01_MZT_S2,2021_10_01_MZT_S2,,,All right.,,2021_10_01_MZT_S2_MZT,Linda Detwiler,,,,,1125.0,1125.5813953488373,,,MZT,1125.2906976744187,"[{'ask clarifying question': 'Linda asks Adela Oliva Chavez if she is ready with the Google Drive document, to confirm her readiness to present.'}, {'acknowledge contribution': ""Linda acknowledges the recorder's important role in the meeting.""}]",46383.0,249,0
2021_10_01_MZT_S2,2021_10_01_MZT_S2,,,"Well, if they they come on like yesterday we had somebody come in a little bit late.",,2021_10_01_MZT_S2_MZT,Linda Detwiler,,,,,1125.5813953488373,1130.4651162790697,,,MZT,1128.0232558139535,"[{'ask clarifying question': 'Linda asks Adela Oliva Chavez if she is ready with the Google Drive document, to confirm her readiness to present.'}, {'acknowledge contribution': ""Linda acknowledges the recorder's important role in the meeting.""}]",46383.0,250,0
2021_10_01_MZT_S2,2021_10_01_MZT_S2,,,"Okay, so Adela Oliva Chavez, are you good on the Google Drive?",,2021_10_01_MZT_S2_MZT,Linda Detwiler,,,,,1130.46511627907,1134.0697674418604,,,MZT,1132.2674418604652,"[{'ask clarifying question': 'Linda asks Adela Oliva Chavez if she is ready with the Google Drive document, to confirm her readiness to present.'}, {'acknowledge contribution': ""Linda acknowledges the recorder's important role in the meeting.""}]",46383.0,251,0
2021_10_01_MZT_S2,2021_10_01_MZT_S2,,,"You yep, okay. terrific.",,2021_10_01_MZT_S2_MZT,Linda Detwiler,,,,,1134.0697674418602,1135.4651162790697,,,MZT,1134.767441860465,"[{'ask clarifying question': 'Linda asks Adela Oliva Chavez if she is ready with the Google Drive document, to confirm her readiness to present.'}, {'acknowledge contribution': ""Linda acknowledges the recorder's important role in the meeting.""}]",46383.0,252,0
2021_10_01_MZT_S2,2021_10_01_MZT_S2,,,"And again, I really appreciate that the recorder has a has a big job on there.",,2021_10_01_MZT_S2_MZT,Linda Detwiler,,,,,1135.4651162790697,1140.0,,,MZT,1137.7325581395348,"[{'ask clarifying question': 'Linda asks Adela Oliva Chavez if she is ready with the Google Drive document, to confirm her readiness to present.'}, {'acknowledge contribution': ""Linda acknowledges the recorder's important role in the meeting.""}]",46383.0,253,0
2021_10_01_MZT_S2,2021_10_01_MZT_S2,,,"And Daniel Daniel had had his hand up, but that's okay and that'll come to you.",,2021_10_01_MZT_S2_MZT,Linda Detwiler,,,,,1129.0,1132.590909090909,,,MZT,1130.7954545454545,"[{'encourage participation': 'Linda Detwiler is encouraging Daniel to speak, as he had his hand up earlier.'}]",46387.0,254,0
2021_10_01_MZT_S2,2021_10_01_MZT_S2,,,"Go ahead, Daniel, you had yeah.",,2021_10_01_MZT_S2_MZT,Linda Detwiler,,,,,1132.590909090909,1134.0,,,MZT,1133.2954545454545,"[{'encourage participation': 'Linda Detwiler is encouraging Daniel to speak, as he had his hand up earlier.'}]",46387.0,255,0
2021_10_01_MZT_S2,2021_10_01_MZT_S2,,,"And Daniel had had his hand up, but that's okay and that'll come to you.",,2021_10_01_MZT_S2_MZT,Linda Detwiler,,,,,966.0,966.6990291262136,,,MZT,966.3495145631068,"[{'encourage participation': 'Linda Detwiler encourages Daniel to speak, indicating she wants him to contribute to the discussion.'}]",47353.0,256,0
2021_10_01_MZT_S2,2021_10_01_MZT_S2,,,"Go ahead, Daniel, you had yeah.",,2021_10_01_MZT_S2_MZT,Linda Detwiler,,,,,966.6990291262136,967.0,,,MZT,966.8495145631068,"[{'encourage participation': 'Linda Detwiler encourages Daniel to speak, indicating she wants him to contribute to the discussion.'}]",47353.0,257,0
2021_10_01_MZT_S2,2021_10_01_MZT_S2,,,Anybody have thoughts on um how would you?,,2021_10_01_MZT_S2_MZT,Linda Detwiler,,,,,688.0,691.5294117647059,,,MZT,689.7647058823529,"{'encourage participation': ""Linda is encouraging participation from the group by asking if anyone has thoughts on how to predict the drivers of spillover events, following up on Adela Oliva Chavez's point about the difficulty of predicting spillover events because the drivers are unknown.""}",48041.0,258,0
2021_10_01_MZT_S2,2021_10_01_MZT_S2,,,How how do you predict those drivers?,,2021_10_01_MZT_S2_MZT,Linda Detwiler,,,,,691.5294117647057,694.6386554621848,,,MZT,693.0840336134453,"{'encourage participation': ""Linda is encouraging participation from the group by asking if anyone has thoughts on how to predict the drivers of spillover events, following up on Adela Oliva Chavez's point about the difficulty of predicting spillover events because the drivers are unknown.""}",48041.0,259,0
2021_10_01_MZT_S2,2021_10_01_MZT_S2,,,What are you any you all work on that or,,2021_10_01_MZT_S2_MZT,Linda Detwiler,,,,,694.6386554621849,698.0,,,MZT,696.3193277310925,"{'encourage participation': ""Linda is encouraging participation from the group by asking if anyone has thoughts on how to predict the drivers of spillover events, following up on Adela Oliva Chavez's point about the difficulty of predicting spillover events because the drivers are unknown.""}",48041.0,260,0
2021_10_01_MZT_S2,2021_10_01_MZT_S2,,,Anybody want to start?,,2021_10_01_MZT_S2_MZT,Linda Detwiler,,,,,760.9999999999999,764.3846153846154,,,MZT,762.6923076923076,"{'encourage participation': 'Linda is explicitly inviting anyone to begin the discussion, encouraging participation from the group.'}",48114.0,261,0
2021_10_01_MZT_S2,2021_10_01_MZT_S2,,,Any.,,2021_10_01_MZT_S2_MZT,Linda Detwiler,,,,,764.3846153846155,765.0,,,MZT,764.6923076923077,"{'encourage participation': 'Linda is explicitly inviting anyone to begin the discussion, encouraging participation from the group.'}",48114.0,262,0
2021_10_01_MZT_S2,2021_10_01_MZT_S2,,,Are you good?,,2021_10_01_MZT_S2_MZT,Linda Detwiler,,,,,624.0000000000001,624.8082901554404,,,MZT,624.4041450777203,"[{'confirm decision': 'Linda is checking if everyone agrees with the previous discussion point, which is an attempt to finalize a decision.'}]",48738.0,263,0
2021_10_01_MZT_S2,2021_10_01_MZT_S2,,,Everybody good with that?,,2021_10_01_MZT_S2_MZT,Linda Detwiler,,,,,624.8082901554403,626.3626943005181,,,MZT,625.5854922279792,"[{'confirm decision': 'Linda is checking if everyone agrees with the previous discussion point, which is an attempt to finalize a decision.'}]",48738.0,264,0
2021_10_01_MZT_S2,2021_10_01_MZT_S2,,,Anybody not good with that?,,2021_10_01_MZT_S2_MZT,Linda Detwiler,,,,,626.3626943005181,628.041450777202,,,MZT,627.2020725388601,"[{'confirm decision': 'Linda is checking if everyone agrees with the previous discussion point, which is an attempt to finalize a decision.'}]",48738.0,265,0
2021_10_01_MZT_S2,2021_10_01_MZT_S2,,,Maybe that's a better way.,,2021_10_01_MZT_S2_MZT,Linda Detwiler,,,,,628.041450777202,629.6580310880829,,,MZT,628.8497409326425,"[{'confirm decision': 'Linda is checking if everyone agrees with the previous discussion point, which is an attempt to finalize a decision.'}]",48738.0,266,0
2021_10_01_MZT_S2,2021_10_01_MZT_S2,,,"If anybody's not good with that, holler in there.",,2021_10_01_MZT_S2_MZT,Linda Detwiler,,,,,629.6580310880829,632.7046632124352,,,MZT,631.1813471502591,"[{'confirm decision': 'Linda is checking if everyone agrees with the previous discussion point, which is an attempt to finalize a decision.'}]",48738.0,267,0
2021_10_01_MZT_S2,2021_10_01_MZT_S2,,,"If not, we can highlight that and I think we're okay.",,2021_10_01_MZT_S2_MZT,Linda Detwiler,,,,,632.7046632124352,636.0,,,MZT,634.3523316062176,"[{'confirm decision': 'Linda is checking if everyone agrees with the previous discussion point, which is an attempt to finalize a decision.'}]",48738.0,268,0
2021_10_01_MZT_S2,2021_10_01_MZT_S2,,,"Daniel, he jumped right in there so he has his hand up.",,2021_10_01_MZT_S2_MZT,Linda Detwiler,,,,,911.0,912.0,,,MZT,911.5,"[{'acknowledge contribution': ""Linda acknowledges Daniel's attempt to speak, recognizing his participation in the discussion.""}]",49025.0,269,0
2021_10_01_MZT_S2,2021_10_01_MZT_S2,,,Did you find it?,,2021_10_01_MZT_S2_MZT,Linda Detwiler,,,,,1014.0,1014.5,,,MZT,1014.25,"[{'ask clarifying question': 'Linda is asking Kezia if she found the raise hand button, which is a clarifying question about a technical issue.'}]",49128.0,270,0
2021_10_01_MZT_S2,2021_10_01_MZT_S2,,,Did you find it?,,2021_10_01_MZT_S2_MZT,Linda Detwiler,,,,,1014.5,1015.0,,,MZT,1014.75,"[{'ask clarifying question': 'Linda is asking Kezia if she found the raise hand button, which is a clarifying question about a technical issue.'}]",49128.0,271,0
2021_10_01_MZT_S2,2021_10_01_MZT_S2,,,Do you know I'm going to ask you a question.,,2021_10_01_MZT_S2_MZT,Linda Detwiler,,,,,872.0,874.8489208633093,,,MZT,873.4244604316547,"{'ask clarifying question': ""Linda asks if a spillover event has ever been predicted ahead of time and then actually happened, seeking clarification on the feasibility and success of predictive approaches, following Kim's discussion on predicting spillover events versus detecting them after they occur.""}",50000.0,272,0
2021_10_01_MZT_S2,2021_10_01_MZT_S2,,,Has that ever been done where where the prediction was made ahead of time and then it happened?,,2021_10_01_MZT_S2_MZT,Linda Detwiler,,,,,874.8489208633093,881.0,,,MZT,877.9244604316547,"{'ask clarifying question': ""Linda asks if a spillover event has ever been predicted ahead of time and then actually happened, seeking clarification on the feasibility and success of predictive approaches, following Kim's discussion on predicting spillover events versus detecting them after they occur.""}",50000.0,273,0
2021_10_01_MZT_S2,2021_10_01_MZT_S2,,,Does anybody else agree or should we remove it?,,2021_10_01_MZT_S2_MZT,Linda Detwiler,,,,,957.0,959.0,,,MZT,958.0,"{'propose decision': 'Linda is proposing a decision to either keep or remove a point from the discussion, seeking agreement from the group.'}",50085.0,274,0
2021_10_01_MZT_S2,2021_10_01_MZT_S2,,,Great.,,2021_10_01_MZT_S2_MZT,Linda Detwiler,,,,,907.0,907.375,,,MZT,907.1875,"{'acknowledge contribution': ""Linda acknowledges the previous speaker's contribution after they described their background and research interests.""}",50992.0,275,0
2021_10_01_MZT_S2,2021_10_01_MZT_S2,,,Thank you.,,2021_10_01_MZT_S2_MZT,Linda Detwiler,,,,,907.375,908.0,,,MZT,907.6875,"{'acknowledge contribution': ""Linda acknowledges the previous speaker's contribution after they described their background and research interests.""}",50992.0,276,0
2021_10_01_MZT_S2,2021_10_01_MZT_S2,,,Guillaume.,,2021_10_01_MZT_S2_MZT,Linda Detwiler,,,,,690.0,691.0,,,MZT,690.5,"{'encourage participation': 'Linda Detwiler is encouraging Guillaume to participate in the discussion, as she is calling on different people to share their thoughts.'}",51682.0,277,0
2021_10_01_MZT_S2,2021_10_01_MZT_S2,,,Guillaume.,,2021_10_01_MZT_S2_MZT,Linda Detwiler,,,,,960.0,961.0,,,MZT,960.5,"[{'encourage participation': 'Linda Detwiler is encouraging Guillaume to participate in the discussion, as she is calling on him to speak.'}]",51952.0,278,0
2021_10_01_MZT_S2,2021_10_01_MZT_S2,,,How do you all feel about the second to last point?,,2021_10_01_MZT_S2_MZT,Linda Detwiler,,,,,608.0,612.0,,,MZT,610.0,[{'encourage participation': 'Linda Detwiler is encouraging participation from the group by asking for their opinions on the second to last point that was made.'}],52560.0,279,0
2021_10_01_MZT_S2,2021_10_01_MZT_S2,,,I don't have a.,,2021_10_01_MZT_S2_MZT,Linda Detwiler,,,,,1006.0,1008.0,,,MZT,1007.0,"{'express frustration': 'Linda expresses frustration that she does not have a raise hand button, which is needed to manage the discussion.'}",52958.0,280,0
2021_10_01_MZT_S2,2021_10_01_MZT_S2,,,"I don't know if they put them into hold a placeholder or not, but uh yeah.",,2021_10_01_MZT_S2_MZT,Linda Detwiler,,,,,1123.0,1125.0,,,MZT,1124.0,"{'express uncertainty': ""Linda expresses uncertainty about whether 'they' (presumably referring to organizers) put someone on hold as a placeholder, indicating a lack of knowledge about the situation.""}",53075.0,281,0
2021_10_01_MZT_S2,2021_10_01_MZT_S2,,,I think that's a really good question.,,2021_10_01_MZT_S2_MZT,Linda Detwiler,,,,,721.0,722.8688524590164,,,MZT,721.9344262295082,"[{'acknowledge contribution': ""Linda acknowledges Adela Oliva Chavez's question as a good one, recognizing her input.""}]",53796.0,282,0
2021_10_01_MZT_S2,2021_10_01_MZT_S2,,,"I'm going to come back but Kezia has his hand has her hand up, has her hand up, yep.",,2021_10_01_MZT_S2_MZT,Linda Detwiler,,,,,722.8688524590164,727.0,,,MZT,724.9344262295082,"[{'acknowledge contribution': ""Linda acknowledges Adela Oliva Chavez's question as a good one, recognizing her input.""}]",53796.0,283,0
2021_10_01_MZT_S2,2021_10_01_MZT_S2,,,"Kezia, did you have",,2021_10_01_MZT_S2_MZT,Linda Detwiler,,,,,862.0,864.0,,,MZT,863.0,"[{'encourage participation': ""Linda Detwiler is inviting Kezia to contribute to the discussion, as indicated by the question 'Kezia, did you have'.""}]",53937.0,284,0
2021_10_01_MZT_S2,2021_10_01_MZT_S2,,,Matt.,,2021_10_01_MZT_S2_MZT,Linda Detwiler,,,,,54706.0,54706.0,,,MZT,54706.0,"[{'encourage participation': 'Linda is encouraging Matt to participate by calling his name, similar to how she called on other participants to share their thoughts.'}]",54706.0,285,0
2021_10_01_MZT_S2,2021_10_01_MZT_S2,,,"Matthew, Matthew.",,2021_10_01_MZT_S2_MZT,Linda Detwiler,,,,,908.0,911.0,,,MZT,909.5,"{'encourage participation': 'Linda is calling on Matthew to participate by introducing himself and his work, similar to how she invited others before him.'}",54845.0,286,0
2021_10_01_MZT_S2,2021_10_01_MZT_S2,,,"Oh Daniel, I'm sorry, Daniel.",,2021_10_01_MZT_S2_MZT,Linda Detwiler,,,,,54907.0,54907.0,,,MZT,54907.0,"[{'acknowledge contribution': ""Linda acknowledges Daniel's attempt to speak, but she mistakenly called on someone else first, showing she recognizes his intention to contribute.""}]",54907.0,287,0
2021_10_01_MZT_S2,2021_10_01_MZT_S2,,,I the your face has changed.,,2021_10_01_MZT_S2_MZT,Linda Detwiler,,,,,54907.0,54907.0,,,MZT,54907.0,"[{'acknowledge contribution': ""Linda acknowledges Daniel's attempt to speak, but she mistakenly called on someone else first, showing she recognizes his intention to contribute.""}]",54907.0,288,0
2021_10_01_MZT_S2,2021_10_01_MZT_S2,,,"Okay, yeah.",,2021_10_01_MZT_S2_MZT,Linda Detwiler,,,,,54907.0,54907.0,,,MZT,54907.0,"[{'acknowledge contribution': ""Linda acknowledges Daniel's attempt to speak, but she mistakenly called on someone else first, showing she recognizes his intention to contribute.""}]",54907.0,289,0
2021_10_01_MZT_S2,2021_10_01_MZT_S2,,,"Oh you're on mute, Kim.",,2021_10_01_MZT_S2_MZT,Linda Detwiler,,,,,840.0,841.3142857142857,,,MZT,840.6571428571428,"[{'None': 'This utterance does not fit into any of the defined codes, as it is a technical issue being pointed out.'}]",55747.0,290,0
2021_10_01_MZT_S2,2021_10_01_MZT_S2,,,You're mute.,,2021_10_01_MZT_S2_MZT,Linda Detwiler,,,,,841.3142857142857,842.0,,,MZT,841.6571428571428,"[{'None': 'This utterance does not fit into any of the defined codes, as it is a technical issue being pointed out.'}]",55747.0,291,0
2021_10_01_MZT_S2,2021_10_01_MZT_S2,,,"Okay, I'm sorry.",,2021_10_01_MZT_S2_MZT,Linda Detwiler,,,,,744.0,744.7901234567901,,,MZT,744.395061728395,"{'encourage participation': 'Linda Detwiler is encouraging someone to speak, as she says ""go ahead and maybe can you"", inviting them to contribute to the discussion.'}",56491.0,292,0
2021_10_01_MZT_S2,2021_10_01_MZT_S2,,,"Yeah, we kind of got and then I okay, go ahead and maybe can you.",,2021_10_01_MZT_S2_MZT,Linda Detwiler,,,,,744.7901234567901,748.0,,,MZT,746.395061728395,"{'encourage participation': 'Linda Detwiler is encouraging someone to speak, as she says ""go ahead and maybe can you"", inviting them to contribute to the discussion.'}",56491.0,293,0
2021_10_01_MZT_S2,2021_10_01_MZT_S2,,,"Okay, and Daniel, you had something, right?",,2021_10_01_MZT_S2_MZT,Linda Detwiler,,,,,773.0000000000001,774.4098360655738,,,MZT,773.704918032787,"[{'encourage participation': 'Linda is encouraging Daniel to contribute to the discussion, as he had previously indicated he had something to add.'}]",56520.0,294,0
2021_10_01_MZT_S2,2021_10_01_MZT_S2,,,"You put in, right?",,2021_10_01_MZT_S2_MZT,Linda Detwiler,,,,,774.4098360655737,775.0,,,MZT,774.7049180327868,"[{'encourage participation': 'Linda is encouraging Daniel to contribute to the discussion, as he had previously indicated he had something to add.'}]",56520.0,295,0
2021_10_01_MZT_S2,2021_10_01_MZT_S2,,,"Okay, is everybody good?",,2021_10_01_MZT_S2_MZT,Linda Detwiler,,,,,679.9999999999999,681.531914893617,,,MZT,680.7659574468084,"[{'ask clarifying question': 'Linda is asking if everyone is ready to proceed, seeking confirmation before moving forward.'}, {'assign task': 'Linda is assigning Adela Oliva Chavez the task of stopping screen sharing.'}]",57200.0,296,0
2021_10_01_MZT_S2,2021_10_01_MZT_S2,,,"Um, Adela Oliva Chavez, if you wouldn't mind, um, stop sharing your screen and then we'll open the room up.",,2021_10_01_MZT_S2_MZT,Linda Detwiler,,,,,681.5319148936171,688.3617021276596,,,MZT,684.9468085106383,"[{'ask clarifying question': 'Linda is asking if everyone is ready to proceed, seeking confirmation before moving forward.'}, {'assign task': 'Linda is assigning Adela Oliva Chavez the task of stopping screen sharing.'}]",57200.0,297,0
2021_10_01_MZT_S2,2021_10_01_MZT_S2,,,Thank you.,,2021_10_01_MZT_S2_MZT,Linda Detwiler,,,,,688.3617021276596,689.0,,,MZT,688.6808510638298,"[{'ask clarifying question': 'Linda is asking if everyone is ready to proceed, seeking confirmation before moving forward.'}, {'assign task': 'Linda is assigning Adela Oliva Chavez the task of stopping screen sharing.'}]",57200.0,298,0
2021_10_01_MZT_S2,2021_10_01_MZT_S2,,,"Okay, terrific.",,2021_10_01_MZT_S2_MZT,Linda Detwiler,,,,,692.0,692.8558558558559,,,MZT,692.427927927928,"[{'confirm decision': ""The speaker confirms Adela Oliva Chavez's willingness to present, solidifying the decision for her to proceed."", 'assign task': 'The speaker assigns the task of introducing themselves and their work to each participant, starting with Amy Hartman.'}]",57212.0,299,0
2021_10_01_MZT_S2,2021_10_01_MZT_S2,,,"Okay, so what we'll do um while Adela Oliva Chavez pulls that up, um we'll uh go around like we did yesterday and we'll I'll just read off the list in the the order that I have it and please just tell your affiliation and a little bit about your work.",,2021_10_01_MZT_S2_MZT,Linda Detwiler,,,,,692.8558558558558,707.1771771771772,,,MZT,700.0165165165165,"[{'confirm decision': ""The speaker confirms Adela Oliva Chavez's willingness to present, solidifying the decision for her to proceed."", 'assign task': 'The speaker assigns the task of introducing themselves and their work to each participant, starting with Amy Hartman.'}]",57212.0,300,0
2021_10_01_MZT_S2,2021_10_01_MZT_S2,,,Just and between a half minute and a minute.,,2021_10_01_MZT_S2_MZT,Linda Detwiler,,,,,707.1771771771771,709.6876876876877,,,MZT,708.4324324324324,"[{'confirm decision': ""The speaker confirms Adela Oliva Chavez's willingness to present, solidifying the decision for her to proceed."", 'assign task': 'The speaker assigns the task of introducing themselves and their work to each participant, starting with Amy Hartman.'}]",57212.0,301,0
2021_10_01_MZT_S2,2021_10_01_MZT_S2,,,"So Amy Hartman, please.",,2021_10_01_MZT_S2_MZT,Linda Detwiler,,,,,709.6876876876877,711.0,,,MZT,710.3438438438438,"[{'confirm decision': ""The speaker confirms Adela Oliva Chavez's willingness to present, solidifying the decision for her to proceed."", 'assign task': 'The speaker assigns the task of introducing themselves and their work to each participant, starting with Amy Hartman.'}]",57212.0,302,0
2021_10_01_MZT_S2,2021_10_01_MZT_S2,,,"Okay, thank you so much.",,2021_10_01_MZT_S2_MZT,Linda Detwiler,,,,,772.0,774.0,,,MZT,773.0,"{'acknowledge contribution': 'Linda thanks Troy for providing information about his work and research interests, acknowledging his contribution to the discussion.', 'express agreement': 'Linda expresses agreement with the information that Troy provided.'}",57292.0,303,0
2021_10_01_MZT_S2,2021_10_01_MZT_S2,,,Okay.,,2021_10_01_MZT_S2_MZT,Linda Detwiler,,,,,874.0,875.0,,,MZT,874.5,"[{'Okay': 'This utterance is a simple acknowledgement, indicating agreement or understanding of the previous statement.'}]",57394.0,304,0
2021_10_01_MZT_S2,2021_10_01_MZT_S2,,,Okay.,,2021_10_01_MZT_S2_MZT,Linda Detwiler,,,,,956.0,957.0,,,MZT,956.5,"[{'acknowledge contribution': 'Linda Detwiler acknowledges that Adela Oliva Chavez has finished speaking, but does not agree or expand on the point.'}]",57476.0,305,0
2021_10_01_MZT_S2,2021_10_01_MZT_S2,,,Okay.,,2021_10_01_MZT_S2_MZT,Linda Detwiler,,,,,990.0,992.0,,,MZT,991.0,"[{'Okay': 'This utterance simply acknowledges the previous statement, indicating understanding and a transition to the next point.'}]",57510.0,306,0
2021_10_01_MZT_S2,2021_10_01_MZT_S2,,,Okay.,,2021_10_01_MZT_S2_MZT,Linda Detwiler,,,,,688.0,688.1948051948052,,,MZT,688.0974025974026,"{'encourage participation': 'Linda is asking Adela Oliva Chavez if she is willing to present the information if she can find it, encouraging her to participate.'}",58198.0,307,0
2021_10_01_MZT_S2,2021_10_01_MZT_S2,,,So if if are you willing to do it Adela Oliva Chavez if you can find it.,,2021_10_01_MZT_S2_MZT,Linda Detwiler,,,,,688.1948051948052,691.0,,,MZT,689.5974025974026,"{'encourage participation': 'Linda is asking Adela Oliva Chavez if she is willing to present the information if she can find it, encouraging her to participate.'}",58198.0,308,0
2021_10_01_MZT_S2,2021_10_01_MZT_S2,,,Okay.,,2021_10_01_MZT_S2_MZT,Linda Detwiler,,,,,1046.9999999999998,1047.3333333333333,,,MZT,1047.1666666666665,"{'acknowledge contribution': ""Linda acknowledges the previous speaker's contribution after they provided information about their work and background.""}",58557.0,309,0
2021_10_01_MZT_S2,2021_10_01_MZT_S2,,,Thank you.,,2021_10_01_MZT_S2_MZT,Linda Detwiler,,,,,1047.3333333333335,1048.0,,,MZT,1047.6666666666667,"{'acknowledge contribution': ""Linda acknowledges the previous speaker's contribution after they provided information about their work and background.""}",58557.0,310,0
2021_10_01_MZT_S2,2021_10_01_MZT_S2,,,On what you think?,,2021_10_01_MZT_S2_MZT,Linda Detwiler,,,,,764.9999999999999,766.064039408867,,,MZT,765.5320197044334,"{'encourage participation': ""Linda is encouraging the participants to share their thoughts on the direction of the discussion and the important questions or gaps that need to be addressed, following her explanation of her and Mike's roles and invitation for the group to speak."", 'ask clarifying question': 'Linda is asking what questions need to be addressed and what the gaps are, seeking clarity on the important issues for the group to focus on.'}",59322.0,311,0
2021_10_01_MZT_S2,2021_10_01_MZT_S2,,,"So kind of, you know, one of your things on where you think this might go?",,2021_10_01_MZT_S2_MZT,Linda Detwiler,,,,,766.0640394088671,770.4384236453202,,,MZT,768.2512315270936,"{'encourage participation': ""Linda is encouraging the participants to share their thoughts on the direction of the discussion and the important questions or gaps that need to be addressed, following her explanation of her and Mike's roles and invitation for the group to speak."", 'ask clarifying question': 'Linda is asking what questions need to be addressed and what the gaps are, seeking clarity on the important issues for the group to focus on.'}",59322.0,312,0
2021_10_01_MZT_S2,2021_10_01_MZT_S2,,,What questions need to what are the really gaps or questions that you think would be really important for this.,,2021_10_01_MZT_S2_MZT,Linda Detwiler,,,,,770.4384236453202,777.0,,,MZT,773.7192118226601,"{'encourage participation': ""Linda is encouraging the participants to share their thoughts on the direction of the discussion and the important questions or gaps that need to be addressed, following her explanation of her and Mike's roles and invitation for the group to speak."", 'ask clarifying question': 'Linda is asking what questions need to be addressed and what the gaps are, seeking clarity on the important issues for the group to focus on.'}",59322.0,313,0
2021_10_01_MZT_S2,2021_10_01_MZT_S2,,,Other comments insight?,,2021_10_01_MZT_S2_MZT,Linda Detwiler,,,,,740.9999999999999,743.4029850746268,,,MZT,742.2014925373134,"[{'encourage participation': 'Linda Detwiler is encouraging participation from the group by asking for other comments and insights, and then prompting someone to speak.'}]",60063.0,314,0
2021_10_01_MZT_S2,2021_10_01_MZT_S2,,,"So with these, oh, go ahead.",,2021_10_01_MZT_S2_MZT,Linda Detwiler,,,,,743.4029850746269,746.3283582089553,,,MZT,744.8656716417911,"[{'encourage participation': 'Linda Detwiler is encouraging participation from the group by asking for other comments and insights, and then prompting someone to speak.'}]",60063.0,315,0
2021_10_01_MZT_S2,2021_10_01_MZT_S2,,,So who go ahead?,,2021_10_01_MZT_S2_MZT,Linda Detwiler,,,,,746.3283582089553,748.0,,,MZT,747.1641791044776,"[{'encourage participation': 'Linda Detwiler is encouraging participation from the group by asking for other comments and insights, and then prompting someone to speak.'}]",60063.0,316,0
2021_10_01_MZT_S2,2021_10_01_MZT_S2,,,She she was in the PowerPoint.,,2021_10_01_MZT_S2_MZT,Linda Detwiler,,,,,674.9999999999999,676.9565217391304,,,MZT,675.9782608695651,"{'provide supporting evidence': ""Linda is providing evidence that 'she' (presumably someone mentioned earlier) had the information in the PowerPoint, supporting Adela Oliva Chavez's question about the document.""}",60738.0,317,0
2021_10_01_MZT_S2,2021_10_01_MZT_S2,,,She she read that right in the PowerPoint and then when she had to to um to present it was right there.,,2021_10_01_MZT_S2_MZT,Linda Detwiler,,,,,676.9565217391305,683.6739130434783,,,MZT,680.3152173913044,"{'provide supporting evidence': ""Linda is providing evidence that 'she' (presumably someone mentioned earlier) had the information in the PowerPoint, supporting Adela Oliva Chavez's question about the document.""}",60738.0,318,0
2021_10_01_MZT_S2,2021_10_01_MZT_S2,,,Yeah.,,2021_10_01_MZT_S2_MZT,Linda Detwiler,,,,,683.6739130434783,684.0,,,MZT,683.8369565217391,"{'provide supporting evidence': ""Linda is providing evidence that 'she' (presumably someone mentioned earlier) had the information in the PowerPoint, supporting Adela Oliva Chavez's question about the document.""}",60738.0,319,0
2021_10_01_MZT_S2,2021_10_01_MZT_S2,,,"So and I think what you were saying, you were because I wrote some things that they were missing, right?",,2021_10_01_MZT_S2_MZT,Linda Detwiler,,,,,734.0000000000001,740.162962962963,,,MZT,737.0814814814815,[{'ask clarifying question': 'Linda is asking for confirmation that her understanding of what someone else was saying about the missing intermediate scale is correct.'}],60797.0,320,0
2021_10_01_MZT_S2,2021_10_01_MZT_S2,,,"That intermediate scale, right?",,2021_10_01_MZT_S2_MZT,Linda Detwiler,,,,,740.1629629629629,742.0,,,MZT,741.0814814814814,[{'ask clarifying question': 'Linda is asking for confirmation that her understanding of what someone else was saying about the missing intermediate scale is correct.'}],60797.0,321,0
2021_10_01_MZT_S2,2021_10_01_MZT_S2,,,"So everybody if you just um while Adela Oliva Chavez is doing that if you can just take it to write down a few of your ideas um yeah, if you can go up to um to session 2.2 in the presentation.",,2021_10_01_MZT_S2_MZT,Linda Detwiler,,,,,1141.0,1168.0,,,MZT,1154.5,"{'assign task': 'Linda asks everyone to write down a few of their ideas, assigning them the task of generating ideas while Adela Oliva Chavez prepares the presentation.', 'propose decision': 'Linda proposes that everyone should go to session 2.2 in the presentation, suggesting a specific action for the group to take.'}",61204.0,322,0
2021_10_01_MZT_S2,2021_10_01_MZT_S2,,,So so what do you think it the group?,,2021_10_01_MZT_S2_MZT,Linda Detwiler,,,,,805.0000000000001,807.8101265822785,,,MZT,806.4050632911393,"{'encourage participation': 'Linda is encouraging the group to share their thoughts on whether the ideas discussed can be refined or narrowed down, following a discussion about multiomics approaches, sentinel species, and landscape features for predicting spillover risk.'}",62009.0,323,0
2021_10_01_MZT_S2,2021_10_01_MZT_S2,,,Do you think these this can be honed down?,,2021_10_01_MZT_S2_MZT,Linda Detwiler,,,,,807.8101265822784,811.0,,,MZT,809.4050632911392,"{'encourage participation': 'Linda is encouraging the group to share their thoughts on whether the ideas discussed can be refined or narrowed down, following a discussion about multiomics approaches, sentinel species, and landscape features for predicting spillover risk.'}",62009.0,324,0
2021_10_01_MZT_S2,2021_10_01_MZT_S2,,,"So we have one, two, three, four is everybody good with those four and the rest can go into the notes or you all good with those main four points or you think anything else?",,2021_10_01_MZT_S2_MZT,Linda Detwiler,,,,,819.0,829.269406392694,,,MZT,824.134703196347,"[{'confirm decision': 'Linda is confirming if everyone agrees with the four points discussed, finalizing the decision to move forward with those points and include the rest in the notes.'}, {'encourage participation': 'Linda is encouraging participation by asking if anyone has any other thoughts or points to add.'}]",62023.0,325,0
2021_10_01_MZT_S2,2021_10_01_MZT_S2,,,"Oh, I thought we had one more, maybe not.",,2021_10_01_MZT_S2_MZT,Linda Detwiler,,,,,829.269406392694,831.703196347032,,,MZT,830.486301369863,"[{'confirm decision': 'Linda is confirming if everyone agrees with the four points discussed, finalizing the decision to move forward with those points and include the rest in the notes.'}, {'encourage participation': 'Linda is encouraging participation by asking if anyone has any other thoughts or points to add.'}]",62023.0,326,0
2021_10_01_MZT_S2,2021_10_01_MZT_S2,,,Okay.,,2021_10_01_MZT_S2_MZT,Linda Detwiler,,,,,831.703196347032,832.0,,,MZT,831.851598173516,"[{'confirm decision': 'Linda is confirming if everyone agrees with the four points discussed, finalizing the decision to move forward with those points and include the rest in the notes.'}, {'encourage participation': 'Linda is encouraging participation by asking if anyone has any other thoughts or points to add.'}]",62023.0,327,0
2021_10_01_MZT_S2,2021_10_01_MZT_S2,,,"So we'll we'll uh see if Adela Oliva Chavez can find it and if she's willing to volunteer, that would be.",,2021_10_01_MZT_S2_MZT,Linda Detwiler,,,,,658.0,664.0,,,MZT,661.0,{'encourage participation': 'Linda is encouraging Adela Oliva Chavez to participate by finding the Google document and volunteering to share it.'},62681.0,328,0
2021_10_01_MZT_S2,2021_10_01_MZT_S2,,,"So why don't we to go we'll take those first bullets to come off and then just put those in the speaker notes, please.",,2021_10_01_MZT_S2_MZT,Linda Detwiler,,,,,875.0,881.0,,,MZT,878.0,"[{'assign task': 'Linda assigns the task of taking the first bullets off and putting them in the speaker notes to someone, likely the recorder.'}]",62898.0,329,0
2021_10_01_MZT_S2,2021_10_01_MZT_S2,,,"Sure, yeah, and I there a couple of people were actually in our group, we had Kim, right?",,2021_10_01_MZT_S2_MZT,Linda Detwiler,,,,,616.9999999999999,628.8394495412844,,,MZT,622.9197247706421,"{'acknowledge contribution': 'Linda acknowledges that Kim and Adela Oliva Chavez were in the group yesterday, recognizing their prior participation.', 'explain or define term or concept': ""Linda explains that the group is the 'spillover group', clarifying the group's purpose for the audience.""}",63515.0,330,0
2021_10_01_MZT_S2,2021_10_01_MZT_S2,,,"And uh and Adela Oliva Chavez, right?",,2021_10_01_MZT_S2_MZT,Linda Detwiler,,,,,628.8394495412844,633.7614678899082,,,MZT,631.3004587155963,"{'acknowledge contribution': 'Linda acknowledges that Kim and Adela Oliva Chavez were in the group yesterday, recognizing their prior participation.', 'explain or define term or concept': ""Linda explains that the group is the 'spillover group', clarifying the group's purpose for the audience.""}",63515.0,331,0
2021_10_01_MZT_S2,2021_10_01_MZT_S2,,,We're in in the group yesterday.,,2021_10_01_MZT_S2_MZT,Linda Detwiler,,,,,633.7614678899083,638.0183486238532,,,MZT,635.8899082568807,"{'acknowledge contribution': 'Linda acknowledges that Kim and Adela Oliva Chavez were in the group yesterday, recognizing their prior participation.', 'explain or define term or concept': ""Linda explains that the group is the 'spillover group', clarifying the group's purpose for the audience.""}",63515.0,332,0
2021_10_01_MZT_S2,2021_10_01_MZT_S2,,,So uh welcome uh everyone.,,2021_10_01_MZT_S2_MZT,Linda Detwiler,,,,,638.0183486238533,641.4770642201835,,,MZT,639.7477064220184,"{'acknowledge contribution': 'Linda acknowledges that Kim and Adela Oliva Chavez were in the group yesterday, recognizing their prior participation.', 'explain or define term or concept': ""Linda explains that the group is the 'spillover group', clarifying the group's purpose for the audience.""}",63515.0,333,0
2021_10_01_MZT_S2,2021_10_01_MZT_S2,,,Today this is the spillover group.,,2021_10_01_MZT_S2_MZT,Linda Detwiler,,,,,641.4770642201836,646.0,,,MZT,643.7385321100918,"{'acknowledge contribution': 'Linda acknowledges that Kim and Adela Oliva Chavez were in the group yesterday, recognizing their prior participation.', 'explain or define term or concept': ""Linda explains that the group is the 'spillover group', clarifying the group's purpose for the audience.""}",63515.0,334,0
2021_10_01_MZT_S2,2021_10_01_MZT_S2,,,Thank you very much.,,2021_10_01_MZT_S2_MZT,Linda Detwiler,,,,,831.0,832.0,,,MZT,831.5,"{'acknowledge contribution': ""Linda acknowledges the previous speaker's contribution after they described their work and interests.""}",63729.0,335,0
2021_10_01_MZT_S2,2021_10_01_MZT_S2,,,Thank you very much.,,2021_10_01_MZT_S2_MZT,Linda Detwiler,,,,,974.0,976.0,,,MZT,975.0,"{'acknowledge contribution': ""Linda Detwiler acknowledges the previous speaker's contribution after they finished speaking about their work and interests.""}",63872.0,336,0
2021_10_01_MZT_S2,2021_10_01_MZT_S2,,,Thank you very much.,,2021_10_01_MZT_S2_MZT,Linda Detwiler,,,,,1108.0000000000002,1109.3541666666667,,,MZT,1108.6770833333335,"[{'acknowledge contribution': 'Linda thanks the previous speaker for their contribution.', 'encourage participation': ""Linda is trying to make sure everyone on the list has had a chance to introduce themselves, encouraging participation from those who haven't spoken yet.""}, {'ask clarifying question': 'Linda asks if she has included everyone on the call, seeking confirmation that all participants have been accounted for.'}]",64006.0,337,0
2021_10_01_MZT_S2,2021_10_01_MZT_S2,,,"And I have another name on there Professor Zai and I'm not sure I'm saying this right, but I don't see anybody else on, right?",,2021_10_01_MZT_S2_MZT,Linda Detwiler,,,,,1109.3541666666667,1117.8854166666667,,,MZT,1113.6197916666667,"[{'acknowledge contribution': 'Linda thanks the previous speaker for their contribution.', 'encourage participation': ""Linda is trying to make sure everyone on the list has had a chance to introduce themselves, encouraging participation from those who haven't spoken yet.""}, {'ask clarifying question': 'Linda asks if she has included everyone on the call, seeking confirmation that all participants have been accounted for.'}]",64006.0,338,0
2021_10_01_MZT_S2,2021_10_01_MZT_S2,,,"Did I get everybody that's on the call, right?",,2021_10_01_MZT_S2_MZT,Linda Detwiler,,,,,1117.8854166666665,1121.0,,,MZT,1119.4427083333333,"[{'acknowledge contribution': 'Linda thanks the previous speaker for their contribution.', 'encourage participation': ""Linda is trying to make sure everyone on the list has had a chance to introduce themselves, encouraging participation from those who haven't spoken yet.""}, {'ask clarifying question': 'Linda asks if she has included everyone on the call, seeking confirmation that all participants have been accounted for.'}]",64006.0,339,0
2021_10_01_MZT_S2,2021_10_01_MZT_S2,,,"Thank you, Adela Oliva Chavez.",,2021_10_01_MZT_S2_MZT,Linda Detwiler,,,,,1007.0,1008.0,,,MZT,1007.5,"{'acknowledge contribution': ""Linda Detwiler acknowledges Adela Oliva Chavez's contribution, but does not agree or expand on it.""}",65013.0,340,0
2021_10_01_MZT_S2,2021_10_01_MZT_S2,,,Thank you.,,2021_10_01_MZT_S2_MZT,Linda Detwiler,,,,,65781.0,65781.0,,,MZT,65781.0,"{'acknowledge contribution': ""Linda Detwiler is acknowledging the previous speaker's contribution.""}",65781.0,341,0
2021_10_01_MZT_S2,2021_10_01_MZT_S2,,,Thank you.,,2021_10_01_MZT_S2_MZT,Linda Detwiler,,,,,861.0,862.0,,,MZT,861.5,"{'acknowledge contribution': ""Linda Detwiler is acknowledging the previous speaker's contribution.""}",65874.0,342,0
2021_10_01_MZT_S2,2021_10_01_MZT_S2,,,Thank you.,,2021_10_01_MZT_S2_MZT,Linda Detwiler,,,,,929.0,930.0,,,MZT,929.5,"{'acknowledge contribution': ""Linda Detwiler is acknowledging a previous speaker's contribution.""}",65942.0,343,0
2021_10_01_MZT_S2,2021_10_01_MZT_S2,,,Thank you.,,2021_10_01_MZT_S2_MZT,Linda Detwiler,,,,,1041.0,1042.0,,,MZT,1041.5,"{'acknowledge contribution': ""Linda Detwiler is acknowledging the previous speaker's contribution.""}",66054.0,344,0
2021_10_01_MZT_S2,2021_10_01_MZT_S2,,,Thank you.,,2021_10_01_MZT_S2_MZT,Linda Detwiler,,,,,673.0000000000001,673.5172413793103,,,MZT,673.2586206896552,"{'encourage participation': 'Linda Detwiler is encouraging Adela Oliva Chavez to speak by acknowledging that she has her hand up, inviting her to contribute to the discussion.'}",66727.0,345,0
2021_10_01_MZT_S2,2021_10_01_MZT_S2,,,"Adela Oliva Chavez, I see you have your hand up.",,2021_10_01_MZT_S2_MZT,Linda Detwiler,,,,,673.5172413793102,676.0,,,MZT,674.7586206896551,"{'encourage participation': 'Linda Detwiler is encouraging Adela Oliva Chavez to speak by acknowledging that she has her hand up, inviting her to contribute to the discussion.'}",66727.0,346,0
2021_10_01_MZT_S2,2021_10_01_MZT_S2,,,Thank you.,,2021_10_01_MZT_S2_MZT,Linda Detwiler,,,,,746.0,746.2439024390244,,,MZT,746.1219512195122,"{'encourage participation': 'Linda is inviting Troy Sutton to introduce himself and his work, similar to how she invited Amy Hartman in the previous turn.'}",66800.0,347,0
2021_10_01_MZT_S2,2021_10_01_MZT_S2,,,"All right, Troy Sutton, please.",,2021_10_01_MZT_S2_MZT,Linda Detwiler,,,,,746.2439024390244,747.0,,,MZT,746.6219512195122,"{'encourage participation': 'Linda is inviting Troy Sutton to introduce himself and his work, similar to how she invited Amy Hartman in the previous turn.'}",66800.0,348,0
2021_10_01_MZT_S2,2021_10_01_MZT_S2,,,Thank you.,,2021_10_01_MZT_S2_MZT,Linda Detwiler,,,,,1071.9999999999998,1072.3030303030303,,,MZT,1072.151515151515,"{'acknowledge contribution': ""Linda acknowledges Adela Oliva Chavez's contribution by thanking her, as she is about to give her a turn to speak.""}",67126.0,349,0
2021_10_01_MZT_S2,2021_10_01_MZT_S2,,,And Adela Oliva Chavez.,,2021_10_01_MZT_S2_MZT,Linda Detwiler,,,,,1072.3030303030305,1073.0,,,MZT,1072.6515151515152,"{'acknowledge contribution': ""Linda acknowledges Adela Oliva Chavez's contribution by thanking her, as she is about to give her a turn to speak.""}",67126.0,350,0
2021_10_01_MZT_S2,2021_10_01_MZT_S2,,,Thank you.,,2021_10_01_MZT_S2_MZT,Linda Detwiler,,,,,1166.0000000000002,1166.6349206349207,,,MZT,1166.3174603174605,"[{'acknowledge contribution': ""Linda acknowledges Kezia's previous raised hand, indicating she recognizes Kezia's potential input in the discussion.""}, {'encourage participation': 'Linda encourages Matt to participate in the discussion, inviting him to share his thoughts.'}]",67220.0,351,0
2021_10_01_MZT_S2,2021_10_01_MZT_S2,,,"And I Kezia, did you have another comment?",,2021_10_01_MZT_S2_MZT,Linda Detwiler,,,,,1166.6349206349207,1169.3015873015872,,,MZT,1167.968253968254,"[{'acknowledge contribution': ""Linda acknowledges Kezia's previous raised hand, indicating she recognizes Kezia's potential input in the discussion.""}, {'encourage participation': 'Linda encourages Matt to participate in the discussion, inviting him to share his thoughts.'}]",67220.0,352,0
2021_10_01_MZT_S2,2021_10_01_MZT_S2,,,"I know your hand had been up and and then or did or okay, it was from before.",,2021_10_01_MZT_S2_MZT,Linda Detwiler,,,,,1169.3015873015875,1174.1904761904761,,,MZT,1171.7460317460318,"[{'acknowledge contribution': ""Linda acknowledges Kezia's previous raised hand, indicating she recognizes Kezia's potential input in the discussion.""}, {'encourage participation': 'Linda encourages Matt to participate in the discussion, inviting him to share his thoughts.'}]",67220.0,353,0
2021_10_01_MZT_S2,2021_10_01_MZT_S2,,,"Okay, Matt, you I know you had your you jumped in here.",,2021_10_01_MZT_S2_MZT,Linda Detwiler,,,,,1174.1904761904761,1177.6825396825398,,,MZT,1175.936507936508,"[{'acknowledge contribution': ""Linda acknowledges Kezia's previous raised hand, indicating she recognizes Kezia's potential input in the discussion.""}, {'encourage participation': 'Linda encourages Matt to participate in the discussion, inviting him to share his thoughts.'}]",67220.0,354,0
2021_10_01_MZT_S2,2021_10_01_MZT_S2,,,Yeah.,,2021_10_01_MZT_S2_MZT,Linda Detwiler,,,,,1177.6825396825398,1178.0,,,MZT,1177.8412698412699,"[{'acknowledge contribution': ""Linda acknowledges Kezia's previous raised hand, indicating she recognizes Kezia's potential input in the discussion.""}, {'encourage participation': 'Linda encourages Matt to participate in the discussion, inviting him to share his thoughts.'}]",67220.0,355,0
2021_10_01_MZT_S2,2021_10_01_MZT_S2,,,Thank you.,,2021_10_01_MZT_S2_MZT,Linda Detwiler,,,,,863.0000000000001,864.0526315789474,,,MZT,863.5263157894738,"{'acknowledge contribution': 'Linda acknowledges Kezia\'s intention to speak by saying ""Thank you. Kezia, you had your hand up? "", recognizing her participation in the discussion.', 'encourage participation': 'Linda encourages Kezia to speak by saying ""Thank you. Kezia, you had your hand up? "", inviting her to contribute to the discussion.'}",68083.0,356,0
2021_10_01_MZT_S2,2021_10_01_MZT_S2,,,"Kezia, you had your hand up?",,2021_10_01_MZT_S2_MZT,Linda Detwiler,,,,,864.0526315789473,867.0,,,MZT,865.5263157894736,"{'acknowledge contribution': 'Linda acknowledges Kezia\'s intention to speak by saying ""Thank you. Kezia, you had your hand up? "", recognizing her participation in the discussion.', 'encourage participation': 'Linda encourages Kezia to speak by saying ""Thank you. Kezia, you had your hand up? "", inviting her to contribute to the discussion.'}",68083.0,357,0
2021_10_01_MZT_S2,2021_10_01_MZT_S2,,,Thank you.,,2021_10_01_MZT_S2_MZT,Linda Detwiler,,,,,784.0000000000001,784.7407407407408,,,MZT,784.3703703703704,"{'acknowledge contribution': ""Linda Detwiler acknowledges Guillaume's input after he spoke about pathogen life history and scale, showing appreciation for his contribution to the discussion.""}",68867.0,358,0
2021_10_01_MZT_S2,2021_10_01_MZT_S2,,,"Thank sorry, I put you on the spot.",,2021_10_01_MZT_S2_MZT,Linda Detwiler,,,,,784.7407407407408,787.3333333333334,,,MZT,786.0370370370371,"{'acknowledge contribution': ""Linda Detwiler acknowledges Guillaume's input after he spoke about pathogen life history and scale, showing appreciation for his contribution to the discussion.""}",68867.0,359,0
2021_10_01_MZT_S2,2021_10_01_MZT_S2,,,That was very appreciate your input.,,2021_10_01_MZT_S2_MZT,Linda Detwiler,,,,,787.3333333333333,790.0,,,MZT,788.6666666666666,"{'acknowledge contribution': ""Linda Detwiler acknowledges Guillaume's input after he spoke about pathogen life history and scale, showing appreciation for his contribution to the discussion.""}",68867.0,360,0
2021_10_01_MZT_S2,2021_10_01_MZT_S2,,,This this is it's a hard job to keep up with.,,2021_10_01_MZT_S2_MZT,Linda Detwiler,,,,,1008.0,1013.0,,,MZT,1010.5,"{'express frustration': 'Linda expresses that the task of keeping up with the conversation is difficult, indicating frustration.'}",69091.0,361,0
2021_10_01_MZT_S2,2021_10_01_MZT_S2,,,"Troy, thank you.",,2021_10_01_MZT_S2_MZT,Linda Detwiler,,,,,615.0,617.0,,,MZT,616.0,"[{'acknowledge contribution': ""Linda Detwiler acknowledges Troy's contribution to the discussion, following Troy's comments on avian influenza and human behavior.""}]",69706.0,362,0
2021_10_01_MZT_S2,2021_10_01_MZT_S2,,,"Uh Guillaume and again, please if I say your name in.",,2021_10_01_MZT_S2_MZT,Linda Detwiler,,,,,976.0,978.0,,,MZT,977.0,"{'encourage participation': 'Linda is about to ask Guillaume to introduce himself and his work, encouraging his participation in the discussion.'}",70067.0,363,0
2021_10_01_MZT_S2,2021_10_01_MZT_S2,,,"Uh Kim Pepin, Kim.",,2021_10_01_MZT_S2_MZT,Linda Detwiler,,,,,832.0,834.0,,,MZT,833.0,"{'encourage participation': 'Linda is calling on Kim Pepin to speak, encouraging her participation in the introductions.'}",70899.0,364,0
2021_10_01_MZT_S2,2021_10_01_MZT_S2,,,Uh and maybe this name uh Kezia Manlove or please tell me how to say it correctly.,,2021_10_01_MZT_S2_MZT,Linda Detwiler,,,,,774.0,780.0,,,MZT,777.0,"{'ask clarifying question': 'Linda asks Kezia to correct her pronunciation of her name, which is a request for clarification.'}",71673.0,365,0
2021_10_01_MZT_S2,2021_10_01_MZT_S2,,,Which is related.,,2021_10_01_MZT_S2_MZT,Linda Detwiler,,,,,614.0,616.0,,,MZT,615.0,"[{'expand on existing idea': 'This utterance is a continuation of the previous turn, indicating that Linda is about to expand on the point she was making.'}]",72287.0,366,0
2021_10_01_MZT_S2,2021_10_01_MZT_S2,,,"Yeah, yes.",,2021_10_01_MZT_S2_MZT,Linda Detwiler,,,,,1168.0,1169.0,,,MZT,1168.5,"[{'express agreement': 'Linda Detwiler expresses agreement with a previous statement or action, likely related to Adela Oliva Chavez preparing the Google Drive presentation.'}]",72841.0,367,0
2021_10_01_MZT_S2,2021_10_01_MZT_S2,,,Yeah.,,2021_10_01_MZT_S2_MZT,Linda Detwiler,,,,,73897.0,73897.0,,,MZT,73897.0,"[{'express agreement': 'Linda Detwiler is expressing agreement with a prior statement, indicated by her saying ""Yeah.""'}]",73897.0,368,0
2021_10_01_MZT_S2,2021_10_01_MZT_S2,,,Yeah.,,2021_10_01_MZT_S2_MZT,Linda Detwiler,,,,,1016.0000000000001,1016.3086419753087,,,MZT,1016.1543209876544,"[{'express humor': 'Linda makes a lighthearted comment about Kezia clapping instead of raising her hand, showing a sense of humor.'}]",74913.0,369,0
2021_10_01_MZT_S2,2021_10_01_MZT_S2,,,"Oh, you're clapping, but that's okay.",,2021_10_01_MZT_S2_MZT,Linda Detwiler,,,,,1016.3086419753085,1018.5925925925926,,,MZT,1017.4506172839506,"[{'express humor': 'Linda makes a lighthearted comment about Kezia clapping instead of raising her hand, showing a sense of humor.'}]",74913.0,370,0
2021_10_01_MZT_S2,2021_10_01_MZT_S2,,,You can do the clap.,,2021_10_01_MZT_S2_MZT,Linda Detwiler,,,,,1018.5925925925925,1019.8271604938271,,,MZT,1019.2098765432098,"[{'express humor': 'Linda makes a lighthearted comment about Kezia clapping instead of raising her hand, showing a sense of humor.'}]",74913.0,371,0
2021_10_01_MZT_S2,2021_10_01_MZT_S2,,,That's that's good.,,2021_10_01_MZT_S2_MZT,Linda Detwiler,,,,,1019.8271604938273,1021.0,,,MZT,1020.4135802469136,"[{'express humor': 'Linda makes a lighthearted comment about Kezia clapping instead of raising her hand, showing a sense of humor.'}]",74913.0,372,0
2021_10_01_MZT_S2,2021_10_01_MZT_S2,,,Yeah.,,2021_10_01_MZT_S2_MZT,Linda Detwiler,,,,,736.0000000000001,736.3333333333334,,,MZT,736.1666666666667,"{'encourage participation': ""Linda encourages the participants to speak and share their ideas, indicating that it's their turn to lead the discussion after the introductions."", 'propose decision': ""Linda proposes a decision to use the 'raise hands' approach to manage the discussion, but also suggests flexibility to allow people to jump in during pauses.""}",75649.0,373,0
2021_10_01_MZT_S2,2021_10_01_MZT_S2,,,"So, so I it's our part is to back away now and um, and let you speak in last yesterday we we mostly raised hands, but sometimes if there's a pause and you want to jump in, we'll try and be flexible, but we'll try to maybe do the raise hands and that way we won't talk over, you know, you won't talk over.",,2021_10_01_MZT_S2_MZT,Linda Detwiler,,,,,736.3333333333334,756.6,,,MZT,746.4666666666667,"{'encourage participation': ""Linda encourages the participants to speak and share their ideas, indicating that it's their turn to lead the discussion after the introductions."", 'propose decision': ""Linda proposes a decision to use the 'raise hands' approach to manage the discussion, but also suggests flexibility to allow people to jump in during pauses.""}",75649.0,374,0
2021_10_01_MZT_S2,2021_10_01_MZT_S2,,,"But again, we're going to back away and and open it up to you all.",,2021_10_01_MZT_S2_MZT,Linda Detwiler,,,,,756.5999999999999,761.0,,,MZT,758.8,"{'encourage participation': ""Linda encourages the participants to speak and share their ideas, indicating that it's their turn to lead the discussion after the introductions."", 'propose decision': ""Linda proposes a decision to use the 'raise hands' approach to manage the discussion, but also suggests flexibility to allow people to jump in during pauses.""}",75649.0,375,0
2021_10_01_MZT_S2,2021_10_01_MZT_S2,,,"Yes, I totally agree.",,2021_10_01_MZT_S2_MZT,Linda Detwiler,,,,,841.0,843.1538461538462,,,MZT,842.0769230769231,"{'express agreement': ""Linda expresses agreement with the previous speaker's point, which was about the challenges in predicting the threat of zoonotic viruses despite worldwide surveillance of influenza."", 'acknowledge contribution': 'Linda acknowledges the contribution of the previous speaker, Troy, by saying ""Thank you.""', 'encourage participation': 'Linda encourages Amy to participate in the discussion by calling her name.'}",75754.0,376,0
2021_10_01_MZT_S2,2021_10_01_MZT_S2,,,Thank you.,,2021_10_01_MZT_S2_MZT,Linda Detwiler,,,,,843.1538461538461,844.1794871794872,,,MZT,843.6666666666666,"{'express agreement': ""Linda expresses agreement with the previous speaker's point, which was about the challenges in predicting the threat of zoonotic viruses despite worldwide surveillance of influenza."", 'acknowledge contribution': 'Linda acknowledges the contribution of the previous speaker, Troy, by saying ""Thank you.""', 'encourage participation': 'Linda encourages Amy to participate in the discussion by calling her name.'}",75754.0,377,0
2021_10_01_MZT_S2,2021_10_01_MZT_S2,,,"Um, Amy.",,2021_10_01_MZT_S2_MZT,Linda Detwiler,,,,,844.1794871794871,845.0,,,MZT,844.5897435897435,"{'express agreement': ""Linda expresses agreement with the previous speaker's point, which was about the challenges in predicting the threat of zoonotic viruses despite worldwide surveillance of influenza."", 'acknowledge contribution': 'Linda acknowledges the contribution of the previous speaker, Troy, by saying ""Thank you.""', 'encourage participation': 'Linda encourages Amy to participate in the discussion by calling her name.'}",75754.0,378,0
2021_10_01_MZT_S2,2021_10_01_MZT_S2,,,You all I'm going to call on a couple people.,,2021_10_01_MZT_S2_MZT,Linda Detwiler,,,,,700.9999999999999,704.5714285714286,,,MZT,702.7857142857142,"{'encourage participation': ""Linda Detwiler is encouraging participation by calling on a couple of people to share their thoughts, following up on Adela Oliva Chavez's point about the drivers of spillover events.""}",76455.0,379,0
2021_10_01_MZT_S2,2021_10_01_MZT_S2,,,What do you think?,,2021_10_01_MZT_S2_MZT,Linda Detwiler,,,,,704.5714285714287,706.0,,,MZT,705.2857142857143,"{'encourage participation': ""Linda Detwiler is encouraging participation by calling on a couple of people to share their thoughts, following up on Adela Oliva Chavez's point about the drivers of spillover events.""}",76455.0,380,0
2021_10_01_MZT_S2,2021_10_01_MZT_S2,,,back to the to the thing.,,2021_10_01_MZT_S2_MZT,Linda Detwiler,,,,,601.0,603.0,,,MZT,602.0,[{'None': 'This utterance does not fit any of the codes in the codebook.'}],77056.0,381,0
2021_10_01_MZT_S2,2021_10_01_MZT_S2,,,right?,,2021_10_01_MZT_S2_MZT,Linda Detwiler,,,,,601.0,601.3767123287671,,,MZT,601.1883561643835,"[{'explain or define term or concept': 'The speaker is explaining the historical context of avian influenza strains crossing over to humans, contrasting the situation before H5N1 with the current increase in such events.'}, {'ask clarifying question': ""The speaker is asking if the increased crossover of avian influenza strains to humans is due to human behavior, genetic differences in the strains, or their evolution, building on Adela Oliva Chavez's point about human behavior as a driver of spillover events.""}]",77056.0,382,0
2021_10_01_MZT_S2,2021_10_01_MZT_S2,,,"Um, we didn't, you know, there wasn't avian influenza strains that crossed over to humans, right?",,2021_10_01_MZT_S2_MZT,Linda Detwiler,,,,,601.3767123287671,607.466894977169,,,MZT,604.421803652968,"[{'explain or define term or concept': 'The speaker is explaining the historical context of avian influenza strains crossing over to humans, contrasting the situation before H5N1 with the current increase in such events.'}, {'ask clarifying question': ""The speaker is asking if the increased crossover of avian influenza strains to humans is due to human behavior, genetic differences in the strains, or their evolution, building on Adela Oliva Chavez's point about human behavior as a driver of spillover events.""}]",77056.0,383,0
2021_10_01_MZT_S2,2021_10_01_MZT_S2,,,"Until H5N1, then they crossed over.",,2021_10_01_MZT_S2_MZT,Linda Detwiler,,,,,607.4668949771689,609.6643835616438,,,MZT,608.5656392694063,"[{'explain or define term or concept': 'The speaker is explaining the historical context of avian influenza strains crossing over to humans, contrasting the situation before H5N1 with the current increase in such events.'}, {'ask clarifying question': ""The speaker is asking if the increased crossover of avian influenza strains to humans is due to human behavior, genetic differences in the strains, or their evolution, building on Adela Oliva Chavez's point about human behavior as a driver of spillover events.""}]",77056.0,384,0
2021_10_01_MZT_S2,2021_10_01_MZT_S2,,,But now you're seeing more and more um strains that are identified that cross into humans.,,2021_10_01_MZT_S2_MZT,Linda Detwiler,,,,,609.6643835616437,615.3150684931506,,,MZT,612.4897260273972,"[{'explain or define term or concept': 'The speaker is explaining the historical context of avian influenza strains crossing over to humans, contrasting the situation before H5N1 with the current increase in such events.'}, {'ask clarifying question': ""The speaker is asking if the increased crossover of avian influenza strains to humans is due to human behavior, genetic differences in the strains, or their evolution, building on Adela Oliva Chavez's point about human behavior as a driver of spillover events.""}]",77056.0,385,0
2021_10_01_MZT_S2,2021_10_01_MZT_S2,,,"So you don't really do a human to human transmission well, but these appear to be mostly in China.",,2021_10_01_MZT_S2_MZT,Linda Detwiler,,,,,615.3150684931506,621.4680365296804,,,MZT,618.3915525114155,"[{'explain or define term or concept': 'The speaker is explaining the historical context of avian influenza strains crossing over to humans, contrasting the situation before H5N1 with the current increase in such events.'}, {'ask clarifying question': ""The speaker is asking if the increased crossover of avian influenza strains to humans is due to human behavior, genetic differences in the strains, or their evolution, building on Adela Oliva Chavez's point about human behavior as a driver of spillover events.""}]",77056.0,386,0
2021_10_01_MZT_S2,2021_10_01_MZT_S2,,,"So taking what Adela Oliva Chavez said and some of the others is it, is it because the human behavior, is it that different over there?",,2021_10_01_MZT_S2_MZT,Linda Detwiler,,,,,621.4680365296805,629.9440639269407,,,MZT,625.7060502283106,"[{'explain or define term or concept': 'The speaker is explaining the historical context of avian influenza strains crossing over to humans, contrasting the situation before H5N1 with the current increase in such events.'}, {'ask clarifying question': ""The speaker is asking if the increased crossover of avian influenza strains to humans is due to human behavior, genetic differences in the strains, or their evolution, building on Adela Oliva Chavez's point about human behavior as a driver of spillover events.""}]",77056.0,387,0
2021_10_01_MZT_S2,2021_10_01_MZT_S2,,,Is it something genetically different about the strains or or the evolution of these?,,2021_10_01_MZT_S2_MZT,Linda Detwiler,,,,,629.9440639269405,635.2808219178082,,,MZT,632.6124429223744,"[{'explain or define term or concept': 'The speaker is explaining the historical context of avian influenza strains crossing over to humans, contrasting the situation before H5N1 with the current increase in such events.'}, {'ask clarifying question': ""The speaker is asking if the increased crossover of avian influenza strains to humans is due to human behavior, genetic differences in the strains, or their evolution, building on Adela Oliva Chavez's point about human behavior as a driver of spillover events.""}]",77056.0,388,0
2021_10_01_MZT_S2,2021_10_01_MZT_S2,,,"Um, but that's a real life thing, right?",,2021_10_01_MZT_S2_MZT,Linda Detwiler,,,,,635.2808219178081,637.7922374429223,,,MZT,636.5365296803652,"[{'explain or define term or concept': 'The speaker is explaining the historical context of avian influenza strains crossing over to humans, contrasting the situation before H5N1 with the current increase in such events.'}, {'ask clarifying question': ""The speaker is asking if the increased crossover of avian influenza strains to humans is due to human behavior, genetic differences in the strains, or their evolution, building on Adela Oliva Chavez's point about human behavior as a driver of spillover events.""}]",77056.0,389,0
2021_10_01_MZT_S2,2021_10_01_MZT_S2,,,And H5N1 spread a lot in different countries and now you have these other strains that are also jumping versus like I said in the 80s we never saw that.,,2021_10_01_MZT_S2_MZT,Linda Detwiler,,,,,637.7922374429223,647.3356164383562,,,MZT,642.5639269406392,"[{'explain or define term or concept': 'The speaker is explaining the historical context of avian influenza strains crossing over to humans, contrasting the situation before H5N1 with the current increase in such events.'}, {'ask clarifying question': ""The speaker is asking if the increased crossover of avian influenza strains to humans is due to human behavior, genetic differences in the strains, or their evolution, building on Adela Oliva Chavez's point about human behavior as a driver of spillover events.""}]",77056.0,390,0
2021_10_01_MZT_S2,2021_10_01_MZT_S2,,,"And maybe it was just surveillance, maybe we didn't have enough surveillance and these were these random events without this transmission.",,2021_10_01_MZT_S2_MZT,Linda Detwiler,,,,,647.335616438356,656.0,,,MZT,651.667808219178,"[{'explain or define term or concept': 'The speaker is explaining the historical context of avian influenza strains crossing over to humans, contrasting the situation before H5N1 with the current increase in such events.'}, {'ask clarifying question': ""The speaker is asking if the increased crossover of avian influenza strains to humans is due to human behavior, genetic differences in the strains, or their evolution, building on Adela Oliva Chavez's point about human behavior as a driver of spillover events.""}]",77056.0,391,0
2021_10_01_MZT_S2,2021_10_01_MZT_S2,,,"Hi, I'm Matt Hopkin.",,2021_10_01_MZT_S2_MZT,Matthew Hopken,,,,,912.0,913.3847900113508,,,MZT,912.6923950056754,"{'explain or define term or concept': 'The speaker defines their discipline as molecular ecology and disease ecology, explaining it as the application of genetic and genomic tools towards wildlife population and disease management.', 'expand on existing idea': ""The speaker expands on their background by listing specific pathogens they've worked with, including avian influenza and rabies virus, building on the initial introduction of their research area."", 'present new idea': 'The speaker introduces their current focus on rabies virus and understanding reservoir species movement to facilitate rabies management in the United States, which is a new specific project not previously mentioned.', 'provide supporting evidence': 'The speaker provides supporting evidence of their expertise by mentioning their work with various pathogens and ecological areas, supporting their initial statement about their discipline.'}",77367.0,392,0
2021_10_01_MZT_S2,2021_10_01_MZT_S2,,,Um I'm uh A Science fellow at the USDA National Wildlife Research Center.,,2021_10_01_MZT_S2_MZT,Matthew Hopken,,,,,913.3847900113507,918.439273552781,,,MZT,915.9120317820658,"{'explain or define term or concept': 'The speaker defines their discipline as molecular ecology and disease ecology, explaining it as the application of genetic and genomic tools towards wildlife population and disease management.', 'expand on existing idea': ""The speaker expands on their background by listing specific pathogens they've worked with, including avian influenza and rabies virus, building on the initial introduction of their research area."", 'present new idea': 'The speaker introduces their current focus on rabies virus and understanding reservoir species movement to facilitate rabies management in the United States, which is a new specific project not previously mentioned.', 'provide supporting evidence': 'The speaker provides supporting evidence of their expertise by mentioning their work with various pathogens and ecological areas, supporting their initial statement about their discipline.'}",77367.0,393,0
2021_10_01_MZT_S2,2021_10_01_MZT_S2,,,"Basically sort of across the hallway from Kim, so we do know each other quite well.",,2021_10_01_MZT_S2_MZT,Matthew Hopken,,,,,918.439273552781,924.1861520998865,,,MZT,921.3127128263337,"{'explain or define term or concept': 'The speaker defines their discipline as molecular ecology and disease ecology, explaining it as the application of genetic and genomic tools towards wildlife population and disease management.', 'expand on existing idea': ""The speaker expands on their background by listing specific pathogens they've worked with, including avian influenza and rabies virus, building on the initial introduction of their research area."", 'present new idea': 'The speaker introduces their current focus on rabies virus and understanding reservoir species movement to facilitate rabies management in the United States, which is a new specific project not previously mentioned.', 'provide supporting evidence': 'The speaker provides supporting evidence of their expertise by mentioning their work with various pathogens and ecological areas, supporting their initial statement about their discipline.'}",77367.0,394,0
2021_10_01_MZT_S2,2021_10_01_MZT_S2,,,Uh so my discipline tends to fall in area of like molecular ecology and disease ecology and that's the application of genetic and genomic tools towards wildlife population and disease management.,,2021_10_01_MZT_S2_MZT,Matthew Hopken,,,,,924.1861520998864,937.6878547105562,,,MZT,930.9370034052213,"{'explain or define term or concept': 'The speaker defines their discipline as molecular ecology and disease ecology, explaining it as the application of genetic and genomic tools towards wildlife population and disease management.', 'expand on existing idea': ""The speaker expands on their background by listing specific pathogens they've worked with, including avian influenza and rabies virus, building on the initial introduction of their research area."", 'present new idea': 'The speaker introduces their current focus on rabies virus and understanding reservoir species movement to facilitate rabies management in the United States, which is a new specific project not previously mentioned.', 'provide supporting evidence': 'The speaker provides supporting evidence of their expertise by mentioning their work with various pathogens and ecological areas, supporting their initial statement about their discipline.'}",77367.0,395,0
2021_10_01_MZT_S2,2021_10_01_MZT_S2,,,"Um I've worked with a variety of pathogens from avian influenza, uh currently working with rabies virus and I've also worked with some vector ecology as well as host and reservoir ecology.",,2021_10_01_MZT_S2_MZT,Matthew Hopken,,,,,937.6878547105562,950.7048808172531,,,MZT,944.1963677639046,"{'explain or define term or concept': 'The speaker defines their discipline as molecular ecology and disease ecology, explaining it as the application of genetic and genomic tools towards wildlife population and disease management.', 'expand on existing idea': ""The speaker expands on their background by listing specific pathogens they've worked with, including avian influenza and rabies virus, building on the initial introduction of their research area."", 'present new idea': 'The speaker introduces their current focus on rabies virus and understanding reservoir species movement to facilitate rabies management in the United States, which is a new specific project not previously mentioned.', 'provide supporting evidence': 'The speaker provides supporting evidence of their expertise by mentioning their work with various pathogens and ecological areas, supporting their initial statement about their discipline.'}",77367.0,396,0
2021_10_01_MZT_S2,2021_10_01_MZT_S2,,,And my current focus as I mentioned is rabies virus and understanding reservoir species movement uh to help facilitate uh rabies management in the United States.,,2021_10_01_MZT_S2_MZT,Matthew Hopken,,,,,950.7048808172531,961.8524404086265,,,MZT,956.2786606129398,"{'explain or define term or concept': 'The speaker defines their discipline as molecular ecology and disease ecology, explaining it as the application of genetic and genomic tools towards wildlife population and disease management.', 'expand on existing idea': ""The speaker expands on their background by listing specific pathogens they've worked with, including avian influenza and rabies virus, building on the initial introduction of their research area."", 'present new idea': 'The speaker introduces their current focus on rabies virus and understanding reservoir species movement to facilitate rabies management in the United States, which is a new specific project not previously mentioned.', 'provide supporting evidence': 'The speaker provides supporting evidence of their expertise by mentioning their work with various pathogens and ecological areas, supporting their initial statement about their discipline.'}",77367.0,397,0
2021_10_01_MZT_S2,2021_10_01_MZT_S2,,,We're also interested in spillover from the standpoint of how rabies um ecological side of how rabies variants jump hosts and move into from one host to another.,,2021_10_01_MZT_S2_MZT,Matthew Hopken,,,,,961.8524404086265,973.0,,,MZT,967.4262202043133,"{'explain or define term or concept': 'The speaker defines their discipline as molecular ecology and disease ecology, explaining it as the application of genetic and genomic tools towards wildlife population and disease management.', 'expand on existing idea': ""The speaker expands on their background by listing specific pathogens they've worked with, including avian influenza and rabies virus, building on the initial introduction of their research area."", 'present new idea': 'The speaker introduces their current focus on rabies virus and understanding reservoir species movement to facilitate rabies management in the United States, which is a new specific project not previously mentioned.', 'provide supporting evidence': 'The speaker provides supporting evidence of their expertise by mentioning their work with various pathogens and ecological areas, supporting their initial statement about their discipline.'}",77367.0,398,0
2021_10_01_MZT_S2,2021_10_01_MZT_S2,,,"Yeah, I'd like to add to the um thinking about these multiomics approaches, the consideration of also microbiomes and the role that microbiomes play in both immune response.",,2021_10_01_MZT_S2_MZT,Matthew Hopken,,,,,1177.9999999999998,1191.7029702970297,,,MZT,1184.8514851485147,"{'expand on existing idea': 'Matt is building on the previous discussion about multiomics approaches (metabolomics) by adding the consideration of microbiomes and their role in immune response and susceptibility to pathogens, expanding the scope of the discussion.', 'provide supporting evidence': 'Matt mentions that microbiomes can be used as a marker for immune response or susceptibility to pathogens or toxins, providing evidence for their relevance in understanding spillover events.'}",77633.0,399,0
2021_10_01_MZT_S2,2021_10_01_MZT_S2,,,"Um, sometimes maybe used as a marker for immune response or maybe susceptibility to some type of pathogen or in some cases toxins.",,2021_10_01_MZT_S2_MZT,Matthew Hopken,,,,,1191.7029702970299,1202.0,,,MZT,1196.851485148515,"{'expand on existing idea': 'Matt is building on the previous discussion about multiomics approaches (metabolomics) by adding the consideration of microbiomes and their role in immune response and susceptibility to pathogens, expanding the scope of the discussion.', 'provide supporting evidence': 'Matt mentions that microbiomes can be used as a marker for immune response or susceptibility to pathogens or toxins, providing evidence for their relevance in understanding spillover events.'}",77633.0,400,0
2021_10_01_MZT_S2,2021_10_01_MZT_S2,,,"Yeah, so it's like it's kind of nailed it where I was going where I was kind of thinking about it was are we trying to create a system of like systemic traits that predict like an area, a region or something where we can focus on where we think that these are going to be high risk.",,2021_10_01_MZT_S2_MZT,Matthew Hopken,,,,,771.0,788.1066176470588,,,MZT,779.5533088235294,"{'expand on existing idea': 'Matt is building on the previous discussion about identifying species and indicators for surveillance, and expands on the idea of using systemic traits to predict high-risk areas, which connects to the earlier discussion of remote sensing and broad-scale risk prediction.', 'propose decision': ""Matt is proposing the idea of creating a system of systemic traits to predict high-risk areas, suggesting a direction for the group's focus."", 'acknowledge contribution': 'Matt acknowledges that Guillaume has already articulated the idea he was thinking about.'}",78404.0,401,0
2021_10_01_MZT_S2,2021_10_01_MZT_S2,,,I know this is kind of the overall goal of what what has been mentioned before with like remote sensing and these big ideas but I just we don't have the I guess enough fine scale data to get there but I often think about it as systemic traits for predictability.,,2021_10_01_MZT_S2_MZT,Matthew Hopken,,,,,788.1066176470588,804.0,,,MZT,796.0533088235294,"{'expand on existing idea': 'Matt is building on the previous discussion about identifying species and indicators for surveillance, and expands on the idea of using systemic traits to predict high-risk areas, which connects to the earlier discussion of remote sensing and broad-scale risk prediction.', 'propose decision': ""Matt is proposing the idea of creating a system of systemic traits to predict high-risk areas, suggesting a direction for the group's focus."", 'acknowledge contribution': 'Matt acknowledges that Guillaume has already articulated the idea he was thinking about.'}",78404.0,402,0
2021_10_01_MZT_S2,2021_10_01_MZT_S2,,,at times to um the metabolism as well.,,2021_10_01_MZT_S2_MZT,Matthew Hopken,,,,,601.0000000000001,603.0540540540541,,,MZT,602.0270270270271,"[{'expand on existing idea': ""This utterance expands on the previously discussed idea of incorporating metabolic data by adding the consideration of microbiomes and their role in immune response, metabolism, and diet, which can provide a picture of the organism's overall health.""}]",79005.0,403,0
2021_10_01_MZT_S2,2021_10_01_MZT_S2,,,"Different organisms metabolize differently and some of that metabolism is also tied to diet, right?",,2021_10_01_MZT_S2_MZT,Matthew Hopken,,,,,603.0540540540542,608.4054054054054,,,MZT,605.7297297297298,"[{'expand on existing idea': ""This utterance expands on the previously discussed idea of incorporating metabolic data by adding the consideration of microbiomes and their role in immune response, metabolism, and diet, which can provide a picture of the organism's overall health.""}]",79005.0,404,0
2021_10_01_MZT_S2,2021_10_01_MZT_S2,,,So if some of that you can get us a picture of the organism's overall health by looking at its microbiome.,,2021_10_01_MZT_S2_MZT,Matthew Hopken,,,,,608.4054054054053,614.1351351351351,,,MZT,611.2702702702702,"[{'expand on existing idea': ""This utterance expands on the previously discussed idea of incorporating metabolic data by adding the consideration of microbiomes and their role in immune response, metabolism, and diet, which can provide a picture of the organism's overall health.""}]",79005.0,405,0
2021_10_01_MZT_S2,2021_10_01_MZT_S2,,,"Okay, thank you.",,2021_10_01_MZT_S2_MZT,Matthew Hopken,,,,,614.1351351351352,615.0,,,MZT,614.5675675675676,"[{'expand on existing idea': ""This utterance expands on the previously discussed idea of incorporating metabolic data by adding the consideration of microbiomes and their role in immune response, metabolism, and diet, which can provide a picture of the organism's overall health.""}]",79005.0,406,0
2021_10_01_MZT_S2,2021_10_01_MZT_S2,,,with different pathogens.,,2021_10_01_MZT_S2_MZT,Matthew Hopken,,,,,600.9999999999999,602.4095536413469,,,MZT,601.7047768206734,"[{'provide supporting evidence': 'Matt provides an example of bluetongue virus jumping to a phylogenetically unrelated vector in Europe to support the idea that assumptions about pathogen-host relationships based on phylogenetic relatedness can be misleading, which is relevant to the discussion about predicting spillover events and the importance of ecology.'}, {'expand on existing idea': 'Matt expands on the discussion about data types and predictive models by suggesting that evolutionary history can be informative in context with ecology and different data types can be joined in a predictive model.'}]",79005.0,407,0
2021_10_01_MZT_S2,2021_10_01_MZT_S2,,,And then sometimes we often make the assumption that pathogens that are more closely related to each other are more likely to affect the same type of host.,,2021_10_01_MZT_S2_MZT,Matthew Hopken,,,,,602.409553641347,611.1487862176978,,,MZT,606.7791699295224,"[{'provide supporting evidence': 'Matt provides an example of bluetongue virus jumping to a phylogenetically unrelated vector in Europe to support the idea that assumptions about pathogen-host relationships based on phylogenetic relatedness can be misleading, which is relevant to the discussion about predicting spillover events and the importance of ecology.'}, {'expand on existing idea': 'Matt expands on the discussion about data types and predictive models by suggesting that evolutionary history can be informative in context with ecology and different data types can be joined in a predictive model.'}]",79005.0,408,0
2021_10_01_MZT_S2,2021_10_01_MZT_S2,,,Well we also see that's not often the case.,,2021_10_01_MZT_S2_MZT,Matthew Hopken,,,,,611.1487862176978,613.5732184808144,,,MZT,612.3610023492561,"[{'provide supporting evidence': 'Matt provides an example of bluetongue virus jumping to a phylogenetically unrelated vector in Europe to support the idea that assumptions about pathogen-host relationships based on phylogenetic relatedness can be misleading, which is relevant to the discussion about predicting spillover events and the importance of ecology.'}, {'expand on existing idea': 'Matt expands on the discussion about data types and predictive models by suggesting that evolutionary history can be informative in context with ecology and different data types can be joined in a predictive model.'}]",79005.0,409,0
2021_10_01_MZT_S2,2021_10_01_MZT_S2,,,So I think there's these huge data gaps and um a classic one I often think about too is like the bluetongue virus is the predictability of it moving with climate change has been it's been assumed that vectors in an area if they're not phylogenetically related to the current vector that they're not going to be able to transmit that.,,2021_10_01_MZT_S2_MZT,Matthew Hopken,,,,,613.5732184808144,632.3484729835552,,,MZT,622.9608457321848,"[{'provide supporting evidence': 'Matt provides an example of bluetongue virus jumping to a phylogenetically unrelated vector in Europe to support the idea that assumptions about pathogen-host relationships based on phylogenetic relatedness can be misleading, which is relevant to the discussion about predicting spillover events and the importance of ecology.'}, {'expand on existing idea': 'Matt expands on the discussion about data types and predictive models by suggesting that evolutionary history can be informative in context with ecology and different data types can be joined in a predictive model.'}]",79005.0,410,0
2021_10_01_MZT_S2,2021_10_01_MZT_S2,,,But that was actually shown in Europe in the late 2000s that the virus completely jumped to another species of biting midge that was not even closely related phylogenetically and it was assumed throughout Europe that none of these vectors were actually um none of these species were actually able to transmit the virus and that testing was all based on just phylogenetic predictions.,,2021_10_01_MZT_S2_MZT,Matthew Hopken,,,,,632.3484729835552,653.9428347689898,,,MZT,643.1456538762725,"[{'provide supporting evidence': 'Matt provides an example of bluetongue virus jumping to a phylogenetically unrelated vector in Europe to support the idea that assumptions about pathogen-host relationships based on phylogenetic relatedness can be misleading, which is relevant to the discussion about predicting spillover events and the importance of ecology.'}, {'expand on existing idea': 'Matt expands on the discussion about data types and predictive models by suggesting that evolutionary history can be informative in context with ecology and different data types can be joined in a predictive model.'}]",79005.0,411,0
2021_10_01_MZT_S2,2021_10_01_MZT_S2,,,Um so I think evolutionary history being a component of this can be informative um and in context with ecology too and so I go often go back to what Kim's talking about different data types and how can these data types be joined in some type of predictive model and weighted based on the different systems to lead to a predictive outcome.,,2021_10_01_MZT_S2_MZT,Matthew Hopken,,,,,653.9428347689898,673.0,,,MZT,663.4714173844949,"[{'provide supporting evidence': 'Matt provides an example of bluetongue virus jumping to a phylogenetically unrelated vector in Europe to support the idea that assumptions about pathogen-host relationships based on phylogenetic relatedness can be misleading, which is relevant to the discussion about predicting spillover events and the importance of ecology.'}, {'expand on existing idea': 'Matt expands on the discussion about data types and predictive models by suggesting that evolutionary history can be informative in context with ecology and different data types can be joined in a predictive model.'}]",79005.0,412,0
2021_10_01_MZT_S2,2021_10_01_MZT_S2,,,All right.,,2021_10_01_MZT_S2_MZT,Mike Wimberly,,,,,603.0000000000001,603.8333333333334,,,MZT,603.4166666666667,[{'None': 'This utterance does not fit any of the codes in the codebook.'}],79007.0,413,0
2021_10_01_MZT_S2,2021_10_01_MZT_S2,,,See you there.,,2021_10_01_MZT_S2_MZT,Mike Wimberly,,,,,603.8333333333333,605.0,,,MZT,604.4166666666666,[{'None': 'This utterance does not fit any of the codes in the codebook.'}],79007.0,414,0
2021_10_01_MZT_S2,2021_10_01_MZT_S2,,,I I I thought I thought that metabolism idea was quite intriguing.,,2021_10_01_MZT_S2_MZT,Mike Wimberly,,,,,930.0000000000001,943.8387096774194,,,MZT,936.9193548387098,"[{'acknowledge contribution': ""Mike acknowledges Adela Oliva Chavez's contribution by saying he found the metabolism idea intriguing, showing he recognizes her input."", 'ask clarifying question': 'Mike asks Adela Oliva Chavez if she has any deeper insights on the metabolism idea, requesting further explanation.'}]",79334.0,415,0
2021_10_01_MZT_S2,2021_10_01_MZT_S2,,,"I'm curious, do you have any more deeper insights on that?",,2021_10_01_MZT_S2_MZT,Mike Wimberly,,,,,943.8387096774193,956.0,,,MZT,949.9193548387096,"[{'acknowledge contribution': ""Mike acknowledges Adela Oliva Chavez's contribution by saying he found the metabolism idea intriguing, showing he recognizes her input."", 'ask clarifying question': 'Mike asks Adela Oliva Chavez if she has any deeper insights on the metabolism idea, requesting further explanation.'}]",79334.0,416,0
2021_10_01_MZT_S2,2021_10_01_MZT_S2,,,I guess I I would ask the follow up question and this is following on your question Amy.,,2021_10_01_MZT_S2_MZT,Mike Wimberly,,,,,1051.0,1058.5,,,MZT,1054.75,"[{'ask clarifying question': ""Mike is asking if there is existing research that compares the outbreak potential of pathogens emerging within an ecosystem versus newly imported ones, following up on Amy's question about focusing efforts on native vs. emerging pathogens.""}, {'provide supporting evidence': 'Mike provides examples of West Nile virus and Lyme disease to illustrate the different scenarios of pathogen emergence, supporting his question about the literature on outbreak potential.'}]",79455.0,417,0
2021_10_01_MZT_S2,2021_10_01_MZT_S2,,,"I mean in the literature do we have any, you know, do we have a body of knowledge that indicates whether um, you know, there's greater potential for major outbreaks from uh, you know, pathogens emerging from within the the ecosystem as opposed to newly imported ones.",,2021_10_01_MZT_S2_MZT,Mike Wimberly,,,,,1058.4999999999998,1081.2556818181818,,,MZT,1069.8778409090908,"[{'ask clarifying question': ""Mike is asking if there is existing research that compares the outbreak potential of pathogens emerging within an ecosystem versus newly imported ones, following up on Amy's question about focusing efforts on native vs. emerging pathogens.""}, {'provide supporting evidence': 'Mike provides examples of West Nile virus and Lyme disease to illustrate the different scenarios of pathogen emergence, supporting his question about the literature on outbreak potential.'}]",79455.0,418,0
2021_10_01_MZT_S2,2021_10_01_MZT_S2,,,I mean West Nile virus is kind of a classic example of a pathogen hitting a new continent and going wild.,,2021_10_01_MZT_S2_MZT,Mike Wimberly,,,,,1081.255681818182,1090.2045454545455,,,MZT,1085.7301136363637,"[{'ask clarifying question': ""Mike is asking if there is existing research that compares the outbreak potential of pathogens emerging within an ecosystem versus newly imported ones, following up on Amy's question about focusing efforts on native vs. emerging pathogens.""}, {'provide supporting evidence': 'Mike provides examples of West Nile virus and Lyme disease to illustrate the different scenarios of pathogen emergence, supporting his question about the literature on outbreak potential.'}]",79455.0,419,0
2021_10_01_MZT_S2,2021_10_01_MZT_S2,,,"Um, but then, you know, you can cite counter examples as well, you know, maybe Lyme disease in the US in terms of something that was probably around for a long time and then, you know, went wild as a result of, you know, gradual land use and ecosystem change.",,2021_10_01_MZT_S2_MZT,Mike Wimberly,,,,,1090.2045454545455,1112.278409090909,,,MZT,1101.2414772727273,"[{'ask clarifying question': ""Mike is asking if there is existing research that compares the outbreak potential of pathogens emerging within an ecosystem versus newly imported ones, following up on Amy's question about focusing efforts on native vs. emerging pathogens.""}, {'provide supporting evidence': 'Mike provides examples of West Nile virus and Lyme disease to illustrate the different scenarios of pathogen emergence, supporting his question about the literature on outbreak potential.'}]",79455.0,420,0
2021_10_01_MZT_S2,2021_10_01_MZT_S2,,,"So yeah, you know, listening to you talk, I'm just curious if anyone has a sense of whether we know anything about that one way or the other from the literature.",,2021_10_01_MZT_S2_MZT,Mike Wimberly,,,,,1112.278409090909,1126.0,,,MZT,1119.1392045454545,"[{'ask clarifying question': ""Mike is asking if there is existing research that compares the outbreak potential of pathogens emerging within an ecosystem versus newly imported ones, following up on Amy's question about focusing efforts on native vs. emerging pathogens.""}, {'provide supporting evidence': 'Mike provides examples of West Nile virus and Lyme disease to illustrate the different scenarios of pathogen emergence, supporting his question about the literature on outbreak potential.'}]",79455.0,421,0
2021_10_01_MZT_S2,2021_10_01_MZT_S2,,,"Or or I I I guess anybody, you know, it it strikes me that for if we're looking at ectothermic organism organisms like vectors, their metabolisms are highly, you know, dependent on the environment, particularly temperature.",,2021_10_01_MZT_S2_MZT,Mike Wimberly,,,,,956.0,971.0,,,MZT,963.5,"{'expand on existing idea': ""This utterance expands on Adela Oliva Chavez's idea of including metabolic data by relating it to ectothermic organisms and their dependence on the environment, particularly temperature, which was previously mentioned."", 'explain or define term or concept': ""The utterance explains the concept of ectothermic organisms and their metabolism's dependence on the environment, particularly temperature, to provide context for the discussion.""}",80411.0,422,0
2021_10_01_MZT_S2,2021_10_01_MZT_S2,,,Uh I I I was going to just chime in.,,2021_10_01_MZT_S2_MZT,Mike Wimberly,,,,,747.9999999999999,750.6119873817034,,,MZT,749.3059936908517,"[{'present new idea': ""The speaker introduces a new idea of drawing an analogy between predicting disease emergence and predicting earthquakes, which hasn't been discussed before in the conversation."", 'expand on existing idea': 'The speaker expands on the idea of multiscale complexity in disease prediction, which was brought up by previous speakers, by suggesting a way to address it by breaking down the problem into different levels, similar to how earthquake prediction is approached.', 'provide supporting evidence': 'The speaker provides the example of earthquake prediction to support the idea of breaking down the problem of disease emergence prediction into different levels, highlighting how knowledge of plate tectonics helps predict earthquake-prone areas.', 'propose decision': 'The speaker proposes that breaking down the problem of disease emergence prediction by scale and having different pieces that work together might be a fruitful way to organize ideas and make progress.'}]",81159.0,423,0
2021_10_01_MZT_S2,2021_10_01_MZT_S2,,,"As I hear the the discussion, you know, I think a lot of what comes up is this idea that, you know, wow, this is complex, multiscale, you know, we tend to think about it at, you know, the level of individual level with respect to transmission, but that's not, you know, it's not practical at, you know, regional to global levels.",,2021_10_01_MZT_S2_MZT,Mike Wimberly,,,,,750.6119873817033,774.4826498422713,,,MZT,762.5473186119873,"[{'present new idea': ""The speaker introduces a new idea of drawing an analogy between predicting disease emergence and predicting earthquakes, which hasn't been discussed before in the conversation."", 'expand on existing idea': 'The speaker expands on the idea of multiscale complexity in disease prediction, which was brought up by previous speakers, by suggesting a way to address it by breaking down the problem into different levels, similar to how earthquake prediction is approached.', 'provide supporting evidence': 'The speaker provides the example of earthquake prediction to support the idea of breaking down the problem of disease emergence prediction into different levels, highlighting how knowledge of plate tectonics helps predict earthquake-prone areas.', 'propose decision': 'The speaker proposes that breaking down the problem of disease emergence prediction by scale and having different pieces that work together might be a fruitful way to organize ideas and make progress.'}]",81159.0,424,0
2021_10_01_MZT_S2,2021_10_01_MZT_S2,,,"And and I just, you know, one thing that popped in my mind is the example of earthquakes, predicting earthquakes.",,2021_10_01_MZT_S2_MZT,Mike Wimberly,,,,,774.4826498422713,782.6813880126183,,,MZT,778.5820189274448,"[{'present new idea': ""The speaker introduces a new idea of drawing an analogy between predicting disease emergence and predicting earthquakes, which hasn't been discussed before in the conversation."", 'expand on existing idea': 'The speaker expands on the idea of multiscale complexity in disease prediction, which was brought up by previous speakers, by suggesting a way to address it by breaking down the problem into different levels, similar to how earthquake prediction is approached.', 'provide supporting evidence': 'The speaker provides the example of earthquake prediction to support the idea of breaking down the problem of disease emergence prediction into different levels, highlighting how knowledge of plate tectonics helps predict earthquake-prone areas.', 'propose decision': 'The speaker proposes that breaking down the problem of disease emergence prediction by scale and having different pieces that work together might be a fruitful way to organize ideas and make progress.'}]",81159.0,425,0
2021_10_01_MZT_S2,2021_10_01_MZT_S2,,,"Um, you know, they're similarly they're highly probabilistic, almost impossible to predict.",,2021_10_01_MZT_S2_MZT,Mike Wimberly,,,,,782.6813880126184,789.2839116719243,,,MZT,785.9826498422714,"[{'present new idea': ""The speaker introduces a new idea of drawing an analogy between predicting disease emergence and predicting earthquakes, which hasn't been discussed before in the conversation."", 'expand on existing idea': 'The speaker expands on the idea of multiscale complexity in disease prediction, which was brought up by previous speakers, by suggesting a way to address it by breaking down the problem into different levels, similar to how earthquake prediction is approached.', 'provide supporting evidence': 'The speaker provides the example of earthquake prediction to support the idea of breaking down the problem of disease emergence prediction into different levels, highlighting how knowledge of plate tectonics helps predict earthquake-prone areas.', 'propose decision': 'The speaker proposes that breaking down the problem of disease emergence prediction by scale and having different pieces that work together might be a fruitful way to organize ideas and make progress.'}]",81159.0,426,0
2021_10_01_MZT_S2,2021_10_01_MZT_S2,,,"And you know, in some ways we could say that the disease emergence is sort of a biological earthquake.",,2021_10_01_MZT_S2_MZT,Mike Wimberly,,,,,789.2839116719243,796.6845425867508,,,MZT,792.9842271293376,"[{'present new idea': ""The speaker introduces a new idea of drawing an analogy between predicting disease emergence and predicting earthquakes, which hasn't been discussed before in the conversation."", 'expand on existing idea': 'The speaker expands on the idea of multiscale complexity in disease prediction, which was brought up by previous speakers, by suggesting a way to address it by breaking down the problem into different levels, similar to how earthquake prediction is approached.', 'provide supporting evidence': 'The speaker provides the example of earthquake prediction to support the idea of breaking down the problem of disease emergence prediction into different levels, highlighting how knowledge of plate tectonics helps predict earthquake-prone areas.', 'propose decision': 'The speaker proposes that breaking down the problem of disease emergence prediction by scale and having different pieces that work together might be a fruitful way to organize ideas and make progress.'}]",81159.0,427,0
2021_10_01_MZT_S2,2021_10_01_MZT_S2,,,"But, you know, so what what they've done in that field is they've gotten a long way by breaking it down into different levels.",,2021_10_01_MZT_S2_MZT,Mike Wimberly,,,,,796.6845425867508,805.8264984227129,,,MZT,801.2555205047319,"[{'present new idea': ""The speaker introduces a new idea of drawing an analogy between predicting disease emergence and predicting earthquakes, which hasn't been discussed before in the conversation."", 'expand on existing idea': 'The speaker expands on the idea of multiscale complexity in disease prediction, which was brought up by previous speakers, by suggesting a way to address it by breaking down the problem into different levels, similar to how earthquake prediction is approached.', 'provide supporting evidence': 'The speaker provides the example of earthquake prediction to support the idea of breaking down the problem of disease emergence prediction into different levels, highlighting how knowledge of plate tectonics helps predict earthquake-prone areas.', 'propose decision': 'The speaker proposes that breaking down the problem of disease emergence prediction by scale and having different pieces that work together might be a fruitful way to organize ideas and make progress.'}]",81159.0,428,0
2021_10_01_MZT_S2,2021_10_01_MZT_S2,,,"We can't predict every individual earthquake, but knowledge, you know, data and knowledge of plate tectonics does a great job of predicting areas that are earthquake prone.",,2021_10_01_MZT_S2_MZT,Mike Wimberly,,,,,805.8264984227129,818.3059936908518,,,MZT,812.0662460567823,"[{'present new idea': ""The speaker introduces a new idea of drawing an analogy between predicting disease emergence and predicting earthquakes, which hasn't been discussed before in the conversation."", 'expand on existing idea': 'The speaker expands on the idea of multiscale complexity in disease prediction, which was brought up by previous speakers, by suggesting a way to address it by breaking down the problem into different levels, similar to how earthquake prediction is approached.', 'provide supporting evidence': 'The speaker provides the example of earthquake prediction to support the idea of breaking down the problem of disease emergence prediction into different levels, highlighting how knowledge of plate tectonics helps predict earthquake-prone areas.', 'propose decision': 'The speaker proposes that breaking down the problem of disease emergence prediction by scale and having different pieces that work together might be a fruitful way to organize ideas and make progress.'}]",81159.0,429,0
2021_10_01_MZT_S2,2021_10_01_MZT_S2,,,"Um, in areas that are earthquake prone, you can deploy, you know, sophisticated and very expensive uh monitors to give early warning.",,2021_10_01_MZT_S2_MZT,Mike Wimberly,,,,,818.3059936908517,827.9558359621451,,,MZT,823.1309148264984,"[{'present new idea': ""The speaker introduces a new idea of drawing an analogy between predicting disease emergence and predicting earthquakes, which hasn't been discussed before in the conversation."", 'expand on existing idea': 'The speaker expands on the idea of multiscale complexity in disease prediction, which was brought up by previous speakers, by suggesting a way to address it by breaking down the problem into different levels, similar to how earthquake prediction is approached.', 'provide supporting evidence': 'The speaker provides the example of earthquake prediction to support the idea of breaking down the problem of disease emergence prediction into different levels, highlighting how knowledge of plate tectonics helps predict earthquake-prone areas.', 'propose decision': 'The speaker proposes that breaking down the problem of disease emergence prediction by scale and having different pieces that work together might be a fruitful way to organize ideas and make progress.'}]",81159.0,430,0
2021_10_01_MZT_S2,2021_10_01_MZT_S2,,,"But, you know, you wouldn't be able to do that all over, you know, all over the planet.",,2021_10_01_MZT_S2_MZT,Mike Wimberly,,,,,827.9558359621451,834.2681388012618,,,MZT,831.1119873817034,"[{'present new idea': ""The speaker introduces a new idea of drawing an analogy between predicting disease emergence and predicting earthquakes, which hasn't been discussed before in the conversation."", 'expand on existing idea': 'The speaker expands on the idea of multiscale complexity in disease prediction, which was brought up by previous speakers, by suggesting a way to address it by breaking down the problem into different levels, similar to how earthquake prediction is approached.', 'provide supporting evidence': 'The speaker provides the example of earthquake prediction to support the idea of breaking down the problem of disease emergence prediction into different levels, highlighting how knowledge of plate tectonics helps predict earthquake-prone areas.', 'propose decision': 'The speaker proposes that breaking down the problem of disease emergence prediction by scale and having different pieces that work together might be a fruitful way to organize ideas and make progress.'}]",81159.0,431,0
2021_10_01_MZT_S2,2021_10_01_MZT_S2,,,"And, you know, of course, it's not a direct comparison, but thinking about breaking the problem down by scale like that, uh, and potentially having, you know, some different pieces that work together, not to predict everything, but to, you know, get us potentially a lot further than we are right now, might be a fruitful way to, you know, start thinking about and organizing some of these ideas.",,2021_10_01_MZT_S2_MZT,Mike Wimberly,,,,,834.2681388012618,863.0,,,MZT,848.6340694006309,"[{'present new idea': ""The speaker introduces a new idea of drawing an analogy between predicting disease emergence and predicting earthquakes, which hasn't been discussed before in the conversation."", 'expand on existing idea': 'The speaker expands on the idea of multiscale complexity in disease prediction, which was brought up by previous speakers, by suggesting a way to address it by breaking down the problem into different levels, similar to how earthquake prediction is approached.', 'provide supporting evidence': 'The speaker provides the example of earthquake prediction to support the idea of breaking down the problem of disease emergence prediction into different levels, highlighting how knowledge of plate tectonics helps predict earthquake-prone areas.', 'propose decision': 'The speaker proposes that breaking down the problem of disease emergence prediction by scale and having different pieces that work together might be a fruitful way to organize ideas and make progress.'}]",81159.0,432,0
2021_10_01_MZT_S2,2021_10_01_MZT_S2,,,Uh just uh jump in and make the point that I think we've got about 15 minutes left.,,2021_10_01_MZT_S2_MZT,Mike Wimberly,,,,,1041.9999999999998,1050.241134751773,,,MZT,1046.1205673758864,"[{'assign task': 'This utterance assigns the task of reporting out to the group, as the speaker is reminding them that they need to prepare for it.'}]",81453.0,433,0
2021_10_01_MZT_S2,2021_10_01_MZT_S2,,,So um and you guys are going to need to do the report out.,,2021_10_01_MZT_S2_MZT,Mike Wimberly,,,,,1050.2411347517732,1056.0,,,MZT,1053.1205673758866,"[{'assign task': 'This utterance assigns the task of reporting out to the group, as the speaker is reminding them that they need to prepare for it.'}]",81453.0,434,0
2021_10_01_MZT_S2,2021_10_01_MZT_S2,,,"Uh yeah, I work more at the the macro scale in terms of satellite earth observations, environmental change monitoring, uh, you know, broad scale risk prediction and modeling.",,2021_10_01_MZT_S2_MZT,Mike Wimberly,,,,,714.9999999999999,728.7007874015748,,,MZT,721.8503937007873,"{'explain or define term or concept': 'Mike is explaining his area of expertise, which involves working at a macro scale using satellite earth observations and environmental change monitoring, to provide context for the discussion.', 'express agreement': ""Mike expresses agreement that his and Linda's expertise span the range of scales, indicating a positive assessment of their combined capabilities for the group's task.""}",82168.0,435,0
2021_10_01_MZT_S2,2021_10_01_MZT_S2,,,"So I think we effectively span uh, span the range of scales here.",,2021_10_01_MZT_S2_MZT,Mike Wimberly,,,,,728.7007874015749,733.8188976377953,,,MZT,731.2598425196851,"{'explain or define term or concept': 'Mike is explaining his area of expertise, which involves working at a macro scale using satellite earth observations and environmental change monitoring, to provide context for the discussion.', 'express agreement': ""Mike expresses agreement that his and Linda's expertise span the range of scales, indicating a positive assessment of their combined capabilities for the group's task.""}",82168.0,436,0
2021_10_01_MZT_S2,2021_10_01_MZT_S2,,,So that's good.,,2021_10_01_MZT_S2_MZT,Mike Wimberly,,,,,733.8188976377953,735.0,,,MZT,734.4094488188977,"{'explain or define term or concept': 'Mike is explaining his area of expertise, which involves working at a macro scale using satellite earth observations and environmental change monitoring, to provide context for the discussion.', 'express agreement': ""Mike expresses agreement that his and Linda's expertise span the range of scales, indicating a positive assessment of their combined capabilities for the group's task.""}",82168.0,437,0
2021_10_01_MZT_S2,2021_10_01_MZT_S2,,,breakout group and also the beginning of the breakout group yesterday.,,2021_10_01_MZT_S2_MZT,Mike Wimberly,,,,,601.0,607.0,,,MZT,604.0,"{'encourage participation': 'Mike is inviting someone else to start the discussion, encouraging their participation.'}",82769.0,438,0
2021_10_01_MZT_S2,2021_10_01_MZT_S2,,,So I was thinking maybe I'd let you sort of kick it off if you had the chance to uh get that information.,,2021_10_01_MZT_S2_MZT,Mike Wimberly,,,,,607.0,616.0,,,MZT,611.5,"{'encourage participation': 'Mike is inviting someone else to start the discussion, encouraging their participation.'}",82769.0,439,0
2021_10_01_MZT_S2,2021_10_01_MZT_S2,,,I I can add some context to that.,,2021_10_01_MZT_S2_MZT,Troy Sutton,,,,,655.9999999999999,658.0064377682403,,,MZT,657.0032188841201,"[{'expand on existing idea': 'This utterance expands on the previous discussion about including human behavior in models by providing context on how human behavior, specifically farming practices, contributed to the evolution and spillover of the H5N1 virus.'}, {'provide supporting evidence': ""The speaker provides the example of H5N1 avian influenza to support the idea that human behavior is a critical factor in spillover events, detailing how farming practices in China led to the virus's evolution and transmission to humans.""}]",82824.0,440,0
2021_10_01_MZT_S2,2021_10_01_MZT_S2,,,"So, um, you know, we were talking about including humans in the ecological models.",,2021_10_01_MZT_S2_MZT,Troy Sutton,,,,,658.0064377682404,662.9921316165951,,,MZT,660.4992846924177,"[{'expand on existing idea': 'This utterance expands on the previous discussion about including human behavior in models by providing context on how human behavior, specifically farming practices, contributed to the evolution and spillover of the H5N1 virus.'}, {'provide supporting evidence': ""The speaker provides the example of H5N1 avian influenza to support the idea that human behavior is a critical factor in spillover events, detailing how farming practices in China led to the virus's evolution and transmission to humans.""}]",82824.0,441,0
2021_10_01_MZT_S2,2021_10_01_MZT_S2,,,I think that's a huge factor because you don't get spillover if humans don't go out and handle these animals and change our behaviors and avian influence is an example of that where um the H5N1 virus you're talking about evolved in a certain area of China.,,2021_10_01_MZT_S2_MZT,Troy Sutton,,,,,662.9921316165951,678.5572246065808,,,MZT,670.774678111588,"[{'expand on existing idea': 'This utterance expands on the previous discussion about including human behavior in models by providing context on how human behavior, specifically farming practices, contributed to the evolution and spillover of the H5N1 virus.'}, {'provide supporting evidence': ""The speaker provides the example of H5N1 avian influenza to support the idea that human behavior is a critical factor in spillover events, detailing how farming practices in China led to the virus's evolution and transmission to humans.""}]",82824.0,442,0
2021_10_01_MZT_S2,2021_10_01_MZT_S2,,,It's at a lake where they started I I don't know if the farms preexisted but they started farming a lot of animals in and around these lakes where migratory birds were coming in and landing.,,2021_10_01_MZT_S2_MZT,Troy Sutton,,,,,678.5572246065809,690.1094420600858,,,MZT,684.3333333333334,"[{'expand on existing idea': 'This utterance expands on the previous discussion about including human behavior in models by providing context on how human behavior, specifically farming practices, contributed to the evolution and spillover of the H5N1 virus.'}, {'provide supporting evidence': ""The speaker provides the example of H5N1 avian influenza to support the idea that human behavior is a critical factor in spillover events, detailing how farming practices in China led to the virus's evolution and transmission to humans.""}]",82824.0,443,0
2021_10_01_MZT_S2,2021_10_01_MZT_S2,,,"And so you had birds living, you know, domesticated birds which people are living in very close proximity with their birds that are being exposed to wild birds and that um, you know, H5N1 won the lottery, it had the right features to then uh infect humans and highly pathogenic avian influenza only evolves in chickens.",,2021_10_01_MZT_S2_MZT,Troy Sutton,,,,,690.1094420600858,709.5050071530758,,,MZT,699.8072246065808,"[{'expand on existing idea': 'This utterance expands on the previous discussion about including human behavior in models by providing context on how human behavior, specifically farming practices, contributed to the evolution and spillover of the H5N1 virus.'}, {'provide supporting evidence': ""The speaker provides the example of H5N1 avian influenza to support the idea that human behavior is a critical factor in spillover events, detailing how farming practices in China led to the virus's evolution and transmission to humans.""}]",82824.0,444,0
2021_10_01_MZT_S2,2021_10_01_MZT_S2,,,It does not evolve in wild birds.,,2021_10_01_MZT_S2_MZT,Troy Sutton,,,,,709.5050071530758,711.5114449213162,,,MZT,710.508226037196,"[{'expand on existing idea': 'This utterance expands on the previous discussion about including human behavior in models by providing context on how human behavior, specifically farming practices, contributed to the evolution and spillover of the H5N1 virus.'}, {'provide supporting evidence': ""The speaker provides the example of H5N1 avian influenza to support the idea that human behavior is a critical factor in spillover events, detailing how farming practices in China led to the virus's evolution and transmission to humans.""}]",82824.0,445,0
2021_10_01_MZT_S2,2021_10_01_MZT_S2,,,"So that was where actually the the chicken, the human behavior of raising all of these chickens actually um led to evolution of that virus that then have farther downstream um effects.",,2021_10_01_MZT_S2_MZT,Troy Sutton,,,,,711.5114449213162,722.6988555078684,,,MZT,717.1051502145923,"[{'expand on existing idea': 'This utterance expands on the previous discussion about including human behavior in models by providing context on how human behavior, specifically farming practices, contributed to the evolution and spillover of the H5N1 virus.'}, {'provide supporting evidence': ""The speaker provides the example of H5N1 avian influenza to support the idea that human behavior is a critical factor in spillover events, detailing how farming practices in China led to the virus's evolution and transmission to humans.""}]",82824.0,446,0
2021_10_01_MZT_S2,2021_10_01_MZT_S2,,,"Um, so I I I think human behavior is probably the only way we're going to get a handle on some of this because we cannot just we we don't have the resources to monitor every wild animal out there.",,2021_10_01_MZT_S2_MZT,Troy Sutton,,,,,722.6988555078684,734.6158798283262,,,MZT,728.6573676680973,"[{'expand on existing idea': 'This utterance expands on the previous discussion about including human behavior in models by providing context on how human behavior, specifically farming practices, contributed to the evolution and spillover of the H5N1 virus.'}, {'provide supporting evidence': ""The speaker provides the example of H5N1 avian influenza to support the idea that human behavior is a critical factor in spillover events, detailing how farming practices in China led to the virus's evolution and transmission to humans.""}]",82824.0,447,0
2021_10_01_MZT_S2,2021_10_01_MZT_S2,,,Um but we can we can follow humans especially with our wonderful use of cell phones and things like that.,,2021_10_01_MZT_S2_MZT,Troy Sutton,,,,,734.6158798283261,741.0,,,MZT,737.8079399141631,"[{'expand on existing idea': 'This utterance expands on the previous discussion about including human behavior in models by providing context on how human behavior, specifically farming practices, contributed to the evolution and spillover of the H5N1 virus.'}, {'provide supporting evidence': ""The speaker provides the example of H5N1 avian influenza to support the idea that human behavior is a critical factor in spillover events, detailing how farming practices in China led to the virus's evolution and transmission to humans.""}]",82824.0,448,0
2021_10_01_MZT_S2,2021_10_01_MZT_S2,,,So I I can I can add here from the the influenza perspective.,,2021_10_01_MZT_S2_MZT,Troy Sutton,,,,,791.0,794.6629901960785,,,MZT,792.8314950980392,"{'expand on existing idea': 'Troy is adding to the discussion about predicting spillover events by providing the perspective of influenza research, building on the previous discussion about the challenges of predicting spillover events and the need for both prediction and surveillance.', 'provide supporting evidence': 'Troy supports his point about the difficulty of predicting spillover events by mentioning the extensive worldwide surveillance for influenza in wildlife and humans, and the frequent detection of human infections with zoonotic viruses, which serves as evidence for the challenges in assessing the threat posed by these viruses.', 'express frustration': ""Troy expresses frustration with the field's inability to determine the threat level of zoonotic influenza viruses despite extensive surveillance, indicating a struggle to make sense of the data.""}",82959.0,449,0
2021_10_01_MZT_S2,2021_10_01_MZT_S2,,,"You know, influenza in wildlife and and humans as there's incredible worldwide surveillance.",,2021_10_01_MZT_S2_MZT,Troy Sutton,,,,,794.6629901960785,800.1875,,,MZT,797.4252450980392,"{'expand on existing idea': 'Troy is adding to the discussion about predicting spillover events by providing the perspective of influenza research, building on the previous discussion about the challenges of predicting spillover events and the need for both prediction and surveillance.', 'provide supporting evidence': 'Troy supports his point about the difficulty of predicting spillover events by mentioning the extensive worldwide surveillance for influenza in wildlife and humans, and the frequent detection of human infections with zoonotic viruses, which serves as evidence for the challenges in assessing the threat posed by these viruses.', 'express frustration': ""Troy expresses frustration with the field's inability to determine the threat level of zoonotic influenza viruses despite extensive surveillance, indicating a struggle to make sense of the data.""}",82959.0,450,0
2021_10_01_MZT_S2,2021_10_01_MZT_S2,,,"Um, and we know a lot of viruses and we even detect a lot of human infections with zootic viruses.",,2021_10_01_MZT_S2_MZT,Troy Sutton,,,,,800.1875,806.0723039215686,,,MZT,803.1299019607843,"{'expand on existing idea': 'Troy is adding to the discussion about predicting spillover events by providing the perspective of influenza research, building on the previous discussion about the challenges of predicting spillover events and the need for both prediction and surveillance.', 'provide supporting evidence': 'Troy supports his point about the difficulty of predicting spillover events by mentioning the extensive worldwide surveillance for influenza in wildlife and humans, and the frequent detection of human infections with zoonotic viruses, which serves as evidence for the challenges in assessing the threat posed by these viruses.', 'express frustration': ""Troy expresses frustration with the field's inability to determine the threat level of zoonotic influenza viruses despite extensive surveillance, indicating a struggle to make sense of the data.""}",82959.0,451,0
2021_10_01_MZT_S2,2021_10_01_MZT_S2,,,"Probably like right now, I think every week there's been a new human infection with a zootic virus.",,2021_10_01_MZT_S2_MZT,Troy Sutton,,,,,806.0723039215685,812.0171568627451,,,MZT,809.0447303921568,"{'expand on existing idea': 'Troy is adding to the discussion about predicting spillover events by providing the perspective of influenza research, building on the previous discussion about the challenges of predicting spillover events and the need for both prediction and surveillance.', 'provide supporting evidence': 'Troy supports his point about the difficulty of predicting spillover events by mentioning the extensive worldwide surveillance for influenza in wildlife and humans, and the frequent detection of human infections with zoonotic viruses, which serves as evidence for the challenges in assessing the threat posed by these viruses.', 'express frustration': ""Troy expresses frustration with the field's inability to determine the threat level of zoonotic influenza viruses despite extensive surveillance, indicating a struggle to make sense of the data.""}",82959.0,452,0
2021_10_01_MZT_S2,2021_10_01_MZT_S2,,,And so this is happening and where we struggle as a field is we we don't know how big a threat these are.,,2021_10_01_MZT_S2_MZT,Troy Sutton,,,,,812.0171568627452,818.3223039215686,,,MZT,815.1697303921569,"{'expand on existing idea': 'Troy is adding to the discussion about predicting spillover events by providing the perspective of influenza research, building on the previous discussion about the challenges of predicting spillover events and the need for both prediction and surveillance.', 'provide supporting evidence': 'Troy supports his point about the difficulty of predicting spillover events by mentioning the extensive worldwide surveillance for influenza in wildlife and humans, and the frequent detection of human infections with zoonotic viruses, which serves as evidence for the challenges in assessing the threat posed by these viruses.', 'express frustration': ""Troy expresses frustration with the field's inability to determine the threat level of zoonotic influenza viruses despite extensive surveillance, indicating a struggle to make sense of the data.""}",82959.0,453,0
2021_10_01_MZT_S2,2021_10_01_MZT_S2,,,"Basically our our ability to detect threat is oh, there's an increase in human infections.",,2021_10_01_MZT_S2_MZT,Troy Sutton,,,,,818.3223039215686,823.7267156862745,,,MZT,821.0245098039215,"{'expand on existing idea': 'Troy is adding to the discussion about predicting spillover events by providing the perspective of influenza research, building on the previous discussion about the challenges of predicting spillover events and the need for both prediction and surveillance.', 'provide supporting evidence': 'Troy supports his point about the difficulty of predicting spillover events by mentioning the extensive worldwide surveillance for influenza in wildlife and humans, and the frequent detection of human infections with zoonotic viruses, which serves as evidence for the challenges in assessing the threat posed by these viruses.', 'express frustration': ""Troy expresses frustration with the field's inability to determine the threat level of zoonotic influenza viruses despite extensive surveillance, indicating a struggle to make sense of the data.""}",82959.0,454,0
2021_10_01_MZT_S2,2021_10_01_MZT_S2,,,"Um, and so I mean the predictions, I think at least for flu is very challenging in terms of what is going to be what's going to make that jump.",,2021_10_01_MZT_S2_MZT,Troy Sutton,,,,,823.7267156862745,832.313725490196,,,MZT,828.0202205882352,"{'expand on existing idea': 'Troy is adding to the discussion about predicting spillover events by providing the perspective of influenza research, building on the previous discussion about the challenges of predicting spillover events and the need for both prediction and surveillance.', 'provide supporting evidence': 'Troy supports his point about the difficulty of predicting spillover events by mentioning the extensive worldwide surveillance for influenza in wildlife and humans, and the frequent detection of human infections with zoonotic viruses, which serves as evidence for the challenges in assessing the threat posed by these viruses.', 'express frustration': ""Troy expresses frustration with the field's inability to determine the threat level of zoonotic influenza viruses despite extensive surveillance, indicating a struggle to make sense of the data.""}",82959.0,455,0
2021_10_01_MZT_S2,2021_10_01_MZT_S2,,,"Um, and that that's where I think the flu field, which is well funded to do a lot of surveillance struggles to to make sense of.",,2021_10_01_MZT_S2_MZT,Troy Sutton,,,,,832.313725490196,840.0,,,MZT,836.156862745098,"{'expand on existing idea': 'Troy is adding to the discussion about predicting spillover events by providing the perspective of influenza research, building on the previous discussion about the challenges of predicting spillover events and the need for both prediction and surveillance.', 'provide supporting evidence': 'Troy supports his point about the difficulty of predicting spillover events by mentioning the extensive worldwide surveillance for influenza in wildlife and humans, and the frequent detection of human infections with zoonotic viruses, which serves as evidence for the challenges in assessing the threat posed by these viruses.', 'express frustration': ""Troy expresses frustration with the field's inability to determine the threat level of zoonotic influenza viruses despite extensive surveillance, indicating a struggle to make sense of the data.""}",82959.0,456,0
2021_10_01_MZT_S2,2021_10_01_MZT_S2,,,Uh my name is Troy Sutton.,,2021_10_01_MZT_S2_MZT,Troy Sutton,,,,,750.0,751.815873015873,,,MZT,750.9079365079365,"{'explain or define term or concept': 'Troy is explaining his area of research, which is influenza transmission in animal models and the factors that allow animal influenza viruses to become transmissible in humans, to provide context for the group.'}",83709.0,457,0
2021_10_01_MZT_S2,2021_10_01_MZT_S2,,,I'm an assistant professor at Penn State.,,2021_10_01_MZT_S2_MZT,Troy Sutton,,,,,751.8158730158731,754.6793650793651,,,MZT,753.2476190476191,"{'explain or define term or concept': 'Troy is explaining his area of research, which is influenza transmission in animal models and the factors that allow animal influenza viruses to become transmissible in humans, to provide context for the group.'}",83709.0,458,0
2021_10_01_MZT_S2,2021_10_01_MZT_S2,,,"Uh my area of research is uh influenza transmission, particularly in animal models.",,2021_10_01_MZT_S2_MZT,Troy Sutton,,,,,754.6793650793651,760.4761904761905,,,MZT,757.5777777777778,"{'explain or define term or concept': 'Troy is explaining his area of research, which is influenza transmission in animal models and the factors that allow animal influenza viruses to become transmissible in humans, to provide context for the group.'}",83709.0,459,0
2021_10_01_MZT_S2,2021_10_01_MZT_S2,,,And we're very interested in what is it that allows animal origin influenza viruses to then become transmissible in uh humans.,,2021_10_01_MZT_S2_MZT,Troy Sutton,,,,,760.4761904761905,769.2761904761904,,,MZT,764.8761904761905,"{'explain or define term or concept': 'Troy is explaining his area of research, which is influenza transmission in animal models and the factors that allow animal influenza viruses to become transmissible in humans, to provide context for the group.'}",83709.0,460,0
2021_10_01_MZT_S2,2021_10_01_MZT_S2,,,"Um yeah, that's where I'm at right now.",,2021_10_01_MZT_S2_MZT,Troy Sutton,,,,,769.2761904761905,772.0,,,MZT,770.6380952380953,"{'explain or define term or concept': 'Troy is explaining his area of research, which is influenza transmission in animal models and the factors that allow animal influenza viruses to become transmissible in humans, to provide context for the group.'}",83709.0,461,0
2021_10_01_MZT_S2,2021_10_01_MZT_S2,,,"Um, so you know, sort of what it sounds like we're talking about is identifying species that would be um sort of like sentinel species, which species would be the most likely to get infected and maybe transmit to humans.",,2021_10_01_MZT_S2_MZT,Troy Sutton,,,,,618.0000000000001,633.6398104265403,,,MZT,625.8199052132702,"[{'explain or define term or concept': ""The speaker is defining the concept of 'sentinel species' as those most likely to get infected and transmit to humans, which is relevant to the discussion about spillover events and identifying key species for sampling."", 'ask clarifying question': ""The speaker is asking for confirmation that the discussion is focusing on identifying sentinel species for sampling, seeking to ensure their understanding of the group's direction is accurate.""}]",84327.0,462,0
2021_10_01_MZT_S2,2021_10_01_MZT_S2,,,"Um, so it sounds like that's where this is focusing on is what what species would be of most valuable value to sample.",,2021_10_01_MZT_S2_MZT,Troy Sutton,,,,,633.6398104265402,642.0284360189573,,,MZT,637.8341232227488,"[{'explain or define term or concept': ""The speaker is defining the concept of 'sentinel species' as those most likely to get infected and transmit to humans, which is relevant to the discussion about spillover events and identifying key species for sampling."", 'ask clarifying question': ""The speaker is asking for confirmation that the discussion is focusing on identifying sentinel species for sampling, seeking to ensure their understanding of the group's direction is accurate.""}]",84327.0,463,0
2021_10_01_MZT_S2,2021_10_01_MZT_S2,,,"Um, seems like sort of where we're we're heading.",,2021_10_01_MZT_S2_MZT,Troy Sutton,,,,,642.0284360189573,645.5118483412323,,,MZT,643.7701421800948,"[{'explain or define term or concept': ""The speaker is defining the concept of 'sentinel species' as those most likely to get infected and transmit to humans, which is relevant to the discussion about spillover events and identifying key species for sampling."", 'ask clarifying question': ""The speaker is asking for confirmation that the discussion is focusing on identifying sentinel species for sampling, seeking to ensure their understanding of the group's direction is accurate.""}]",84327.0,464,0
2021_10_01_MZT_S2,2021_10_01_MZT_S2,,,"Um, is that would that be accurate?",,2021_10_01_MZT_S2_MZT,Troy Sutton,,,,,645.5118483412323,648.0,,,MZT,646.7559241706161,"[{'explain or define term or concept': ""The speaker is defining the concept of 'sentinel species' as those most likely to get infected and transmit to humans, which is relevant to the discussion about spillover events and identifying key species for sampling."", 'ask clarifying question': ""The speaker is asking for confirmation that the discussion is focusing on identifying sentinel species for sampling, seeking to ensure their understanding of the group's direction is accurate.""}]",84327.0,465,0
