idea_id,first_time,last_time,duration,contributors,expansions
10,767.0,786.75,19.75,24,6
22,949.0,962.5,13.5,23,4
17,867.3333333333334,873.5,6.166666666666629,13,1
