conference,session,source_row_index,sent_index_in_row,sentence,dialogue_act,global_session,speaker,timestamp,global_start_sec,global_end_sec,clip_number,sent_start_sec_est,sent_end_sec_est,global_start_sec_y,global_end_sec_y,session_core,sent_time_sec,annotations,global_timestamp_sec,_utter_row,_sent_idx
2021_09_30_MZT_S4,2021_09_30_MZT_S4,,,"And secondly, whether there is a human resources.",,2021_09_30_MZT_S4_MZT,Chang,,,,,880.0,883.3067484662577,,,MZT,881.6533742331288,"{'ask clarifying question': 'The speaker is asking whether there are enough human resources and support available for testing, which is a request for clarification on the logistical aspects of implementing the proposed solutions.', 'propose decision': 'The speaker is suggesting the need to consider human resources and support for testing, which implies a decision-making point about resource allocation and training.'}",880.0,0,0
2021_09_30_MZT_S4,2021_09_30_MZT_S4,,,"Uh, do you have those resource human human support?",,2021_09_30_MZT_S4_MZT,Chang,,,,,883.3067484662577,886.7484662576687,,,MZT,885.0276073619632,"{'ask clarifying question': 'The speaker is asking whether there are enough human resources and support available for testing, which is a request for clarification on the logistical aspects of implementing the proposed solutions.', 'propose decision': 'The speaker is suggesting the need to consider human resources and support for testing, which implies a decision-making point about resource allocation and training.'}",880.0,1,0
2021_09_30_MZT_S4,2021_09_30_MZT_S4,,,Do do they need some specific training to support your testing?,,2021_09_30_MZT_S4_MZT,Chang,,,,,886.7484662576687,891.0,,,MZT,888.8742331288344,"{'ask clarifying question': 'The speaker is asking whether there are enough human resources and support available for testing, which is a request for clarification on the logistical aspects of implementing the proposed solutions.', 'propose decision': 'The speaker is suggesting the need to consider human resources and support for testing, which implies a decision-making point about resource allocation and training.'}",880.0,2,0
2021_09_30_MZT_S4,2021_09_30_MZT_S4,,,Or is that really skilled or low skill?,,2021_09_30_MZT_S4_MZT,Chang,,,,,891.0,892.9622641509434,,,MZT,891.9811320754717,"{'assign task': {'Explanation': 'The speaker suggests allocating low-skill tasks to computers or algorithms, which implies assigning a task to a non-human entity.'}}",891.0,3,0
2021_09_30_MZT_S4,2021_09_30_MZT_S4,,,"If that is low skill, can you kind of uh um allocate those tasks to uh computer, for example, to some certain algorithm.",,2021_09_30_MZT_S4_MZT,Chang,,,,,892.9622641509434,899.0,,,MZT,895.9811320754717,"{'assign task': {'Explanation': 'The speaker suggests allocating low-skill tasks to computers or algorithms, which implies assigning a task to a non-human entity.'}}",891.0,4,0
2021_09_30_MZT_S4,2021_09_30_MZT_S4,,,Right?,,2021_09_30_MZT_S4_MZT,Chang,,,,,830.0,830.6382978723404,,,MZT,830.3191489361702,"[{'expand on existing idea': 'The speaker is building on the previous discussion about data handling and resource limitations by considering the operational and distribution perspectives of detection methods.'}, {'present new idea': 'The speaker introduces the idea of using portable 3D printing to distribute production facilities, which is a novel suggestion for addressing resource limitations.'}]",1721.0,5,0
2021_09_30_MZT_S4,2021_09_30_MZT_S4,,,"So when I when I look at these questions, uh, I I was thinking about um, from the operation perspective and from the distribution perspective.",,2021_09_30_MZT_S4_MZT,Chang,,,,,830.6382978723404,845.7446808510638,,,MZT,838.1914893617021,"[{'expand on existing idea': 'The speaker is building on the previous discussion about data handling and resource limitations by considering the operational and distribution perspectives of detection methods.'}, {'present new idea': 'The speaker introduces the idea of using portable 3D printing to distribute production facilities, which is a novel suggestion for addressing resource limitations.'}]",1721.0,6,0
2021_09_30_MZT_S4,2021_09_30_MZT_S4,,,"Um, so first of all, how you can even produce massively, right?",,2021_09_30_MZT_S4_MZT,Chang,,,,,845.7446808510639,852.4468085106383,,,MZT,849.0957446808511,"[{'expand on existing idea': 'The speaker is building on the previous discussion about data handling and resource limitations by considering the operational and distribution perspectives of detection methods.'}, {'present new idea': 'The speaker introduces the idea of using portable 3D printing to distribute production facilities, which is a novel suggestion for addressing resource limitations.'}]",1721.0,7,0
2021_09_30_MZT_S4,2021_09_30_MZT_S4,,,To uh cover the production capability.,,2021_09_30_MZT_S4_MZT,Chang,,,,,852.4468085106383,856.4893617021277,,,MZT,854.468085106383,"[{'expand on existing idea': 'The speaker is building on the previous discussion about data handling and resource limitations by considering the operational and distribution perspectives of detection methods.'}, {'present new idea': 'The speaker introduces the idea of using portable 3D printing to distribute production facilities, which is a novel suggestion for addressing resource limitations.'}]",1721.0,8,0
2021_09_30_MZT_S4,2021_09_30_MZT_S4,,,Even though you have a really good detection method.,,2021_09_30_MZT_S4_MZT,Chang,,,,,856.4893617021276,862.0212765957447,,,MZT,859.2553191489361,"[{'expand on existing idea': 'The speaker is building on the previous discussion about data handling and resource limitations by considering the operational and distribution perspectives of detection methods.'}, {'present new idea': 'The speaker introduces the idea of using portable 3D printing to distribute production facilities, which is a novel suggestion for addressing resource limitations.'}]",1721.0,9,0
2021_09_30_MZT_S4,2021_09_30_MZT_S4,,,"Uh, can you can you say for example like right now 3D printing uh can be portable, right?",,2021_09_30_MZT_S4_MZT,Chang,,,,,862.0212765957448,871.4893617021277,,,MZT,866.7553191489362,"[{'expand on existing idea': 'The speaker is building on the previous discussion about data handling and resource limitations by considering the operational and distribution perspectives of detection methods.'}, {'present new idea': 'The speaker introduces the idea of using portable 3D printing to distribute production facilities, which is a novel suggestion for addressing resource limitations.'}]",1721.0,10,0
2021_09_30_MZT_S4,2021_09_30_MZT_S4,,,And you distribute all those uh production facilities easily to those locations.,,2021_09_30_MZT_S4_MZT,Chang,,,,,871.4893617021276,880.0,,,MZT,875.7446808510638,"[{'expand on existing idea': 'The speaker is building on the previous discussion about data handling and resource limitations by considering the operational and distribution perspectives of detection methods.'}, {'present new idea': 'The speaker introduces the idea of using portable 3D printing to distribute production facilities, which is a novel suggestion for addressing resource limitations.'}]",1721.0,11,0
2021_09_30_MZT_S4,2021_09_30_MZT_S4,,,"Um, I'm actually glad to hear all those discussions.",,2021_09_30_MZT_S4_MZT,Chang,,,,,719.0,726.758064516129,,,MZT,722.8790322580645,"[{'express enthusiasm': 'The speaker expresses enthusiasm for the preceding discussions, setting a positive tone for their contribution.', 'present new idea': 'The speaker introduces the idea of using machine learning and AI to automate detection processes, which is a novel suggestion in the context of the discussion.'}, {'expand on existing idea': 'The speaker expands on the idea of using automation to free up resources, building on the earlier discussion about the challenges of handling large amounts of data and limited resources during a pandemic.'}, {'propose decision': 'The speaker proposes the decision to prioritize resources, addressing the problem of limited resources during a pandemic.'}]",2440.0,12,0
2021_09_30_MZT_S4,2021_09_30_MZT_S4,,,"Uh, I'm not disease expert, I'm not studying animals.",,2021_09_30_MZT_S4_MZT,Chang,,,,,726.758064516129,734.6653225806451,,,MZT,730.7116935483871,"[{'express enthusiasm': 'The speaker expresses enthusiasm for the preceding discussions, setting a positive tone for their contribution.', 'present new idea': 'The speaker introduces the idea of using machine learning and AI to automate detection processes, which is a novel suggestion in the context of the discussion.'}, {'expand on existing idea': 'The speaker expands on the idea of using automation to free up resources, building on the earlier discussion about the challenges of handling large amounts of data and limited resources during a pandemic.'}, {'propose decision': 'The speaker proposes the decision to prioritize resources, addressing the problem of limited resources during a pandemic.'}]",2440.0,13,0
2021_09_30_MZT_S4,2021_09_30_MZT_S4,,,I actually deal with data.,,2021_09_30_MZT_S4_MZT,Chang,,,,,734.665322580645,738.5443548387096,,,MZT,736.6048387096773,"[{'express enthusiasm': 'The speaker expresses enthusiasm for the preceding discussions, setting a positive tone for their contribution.', 'present new idea': 'The speaker introduces the idea of using machine learning and AI to automate detection processes, which is a novel suggestion in the context of the discussion.'}, {'expand on existing idea': 'The speaker expands on the idea of using automation to free up resources, building on the earlier discussion about the challenges of handling large amounts of data and limited resources during a pandemic.'}, {'propose decision': 'The speaker proposes the decision to prioritize resources, addressing the problem of limited resources during a pandemic.'}]",2440.0,14,0
2021_09_30_MZT_S4,2021_09_30_MZT_S4,,,"Uh, that's is going to uh what I'm going to comment out.",,2021_09_30_MZT_S4_MZT,Chang,,,,,738.5443548387098,746.8991935483871,,,MZT,742.7217741935484,"[{'express enthusiasm': 'The speaker expresses enthusiasm for the preceding discussions, setting a positive tone for their contribution.', 'present new idea': 'The speaker introduces the idea of using machine learning and AI to automate detection processes, which is a novel suggestion in the context of the discussion.'}, {'expand on existing idea': 'The speaker expands on the idea of using automation to free up resources, building on the earlier discussion about the challenges of handling large amounts of data and limited resources during a pandemic.'}, {'propose decision': 'The speaker proposes the decision to prioritize resources, addressing the problem of limited resources during a pandemic.'}]",2440.0,15,0
2021_09_30_MZT_S4,2021_09_30_MZT_S4,,,So I want to comment from two aspects.,,2021_09_30_MZT_S4_MZT,Chang,,,,,746.8991935483871,752.5685483870968,,,MZT,749.733870967742,"[{'express enthusiasm': 'The speaker expresses enthusiasm for the preceding discussions, setting a positive tone for their contribution.', 'present new idea': 'The speaker introduces the idea of using machine learning and AI to automate detection processes, which is a novel suggestion in the context of the discussion.'}, {'expand on existing idea': 'The speaker expands on the idea of using automation to free up resources, building on the earlier discussion about the challenges of handling large amounts of data and limited resources during a pandemic.'}, {'propose decision': 'The speaker proposes the decision to prioritize resources, addressing the problem of limited resources during a pandemic.'}]",2440.0,16,0
2021_09_30_MZT_S4,2021_09_30_MZT_S4,,,"Uh, why is uh whether our current machine learning tools and intelligent artificial intelligence um can help to automate uh those detection process.",,2021_09_30_MZT_S4_MZT,Chang,,,,,752.5685483870968,774.6491935483871,,,MZT,763.608870967742,"[{'express enthusiasm': 'The speaker expresses enthusiasm for the preceding discussions, setting a positive tone for their contribution.', 'present new idea': 'The speaker introduces the idea of using machine learning and AI to automate detection processes, which is a novel suggestion in the context of the discussion.'}, {'expand on existing idea': 'The speaker expands on the idea of using automation to free up resources, building on the earlier discussion about the challenges of handling large amounts of data and limited resources during a pandemic.'}, {'propose decision': 'The speaker proposes the decision to prioritize resources, addressing the problem of limited resources during a pandemic.'}]",2440.0,17,0
2021_09_30_MZT_S4,2021_09_30_MZT_S4,,,"Of course, it has to be guided.",,2021_09_30_MZT_S4_MZT,Chang,,,,,774.6491935483871,779.2741935483871,,,MZT,776.9616935483871,"[{'express enthusiasm': 'The speaker expresses enthusiasm for the preceding discussions, setting a positive tone for their contribution.', 'present new idea': 'The speaker introduces the idea of using machine learning and AI to automate detection processes, which is a novel suggestion in the context of the discussion.'}, {'expand on existing idea': 'The speaker expands on the idea of using automation to free up resources, building on the earlier discussion about the challenges of handling large amounts of data and limited resources during a pandemic.'}, {'propose decision': 'The speaker proposes the decision to prioritize resources, addressing the problem of limited resources during a pandemic.'}]",2440.0,18,0
2021_09_30_MZT_S4,2021_09_30_MZT_S4,,,"Um, uh, but if you can hand over a certain level of tasks to uh those um uh automation, right?",,2021_09_30_MZT_S4_MZT,Chang,,,,,779.2741935483871,793.2983870967741,,,MZT,786.2862903225806,"[{'express enthusiasm': 'The speaker expresses enthusiasm for the preceding discussions, setting a positive tone for their contribution.', 'present new idea': 'The speaker introduces the idea of using machine learning and AI to automate detection processes, which is a novel suggestion in the context of the discussion.'}, {'expand on existing idea': 'The speaker expands on the idea of using automation to free up resources, building on the earlier discussion about the challenges of handling large amounts of data and limited resources during a pandemic.'}, {'propose decision': 'The speaker proposes the decision to prioritize resources, addressing the problem of limited resources during a pandemic.'}]",2440.0,19,0
2021_09_30_MZT_S4,2021_09_30_MZT_S4,,,"Those uh intelligence methods, then then we can free some of the resources.",,2021_09_30_MZT_S4_MZT,Chang,,,,,793.2983870967743,804.4879032258065,,,MZT,798.8931451612904,"[{'express enthusiasm': 'The speaker expresses enthusiasm for the preceding discussions, setting a positive tone for their contribution.', 'present new idea': 'The speaker introduces the idea of using machine learning and AI to automate detection processes, which is a novel suggestion in the context of the discussion.'}, {'expand on existing idea': 'The speaker expands on the idea of using automation to free up resources, building on the earlier discussion about the challenges of handling large amounts of data and limited resources during a pandemic.'}, {'propose decision': 'The speaker proposes the decision to prioritize resources, addressing the problem of limited resources during a pandemic.'}]",2440.0,20,0
2021_09_30_MZT_S4,2021_09_30_MZT_S4,,,"When we deal with the pandemic, uh, the major problem is we do not have we do not have enough resources.",,2021_09_30_MZT_S4_MZT,Chang,,,,,804.4879032258065,820.0040322580645,,,MZT,812.2459677419355,"[{'express enthusiasm': 'The speaker expresses enthusiasm for the preceding discussions, setting a positive tone for their contribution.', 'present new idea': 'The speaker introduces the idea of using machine learning and AI to automate detection processes, which is a novel suggestion in the context of the discussion.'}, {'expand on existing idea': 'The speaker expands on the idea of using automation to free up resources, building on the earlier discussion about the challenges of handling large amounts of data and limited resources during a pandemic.'}, {'propose decision': 'The speaker proposes the decision to prioritize resources, addressing the problem of limited resources during a pandemic.'}]",2440.0,21,0
2021_09_30_MZT_S4,2021_09_30_MZT_S4,,,Our resources is really limited.,,2021_09_30_MZT_S4_MZT,Chang,,,,,820.0040322580645,824.7782258064516,,,MZT,822.391129032258,"[{'express enthusiasm': 'The speaker expresses enthusiasm for the preceding discussions, setting a positive tone for their contribution.', 'present new idea': 'The speaker introduces the idea of using machine learning and AI to automate detection processes, which is a novel suggestion in the context of the discussion.'}, {'expand on existing idea': 'The speaker expands on the idea of using automation to free up resources, building on the earlier discussion about the challenges of handling large amounts of data and limited resources during a pandemic.'}, {'propose decision': 'The speaker proposes the decision to prioritize resources, addressing the problem of limited resources during a pandemic.'}]",2440.0,22,0
2021_09_30_MZT_S4,2021_09_30_MZT_S4,,,How you prioritize those resources.,,2021_09_30_MZT_S4_MZT,Chang,,,,,824.7782258064517,830.0,,,MZT,827.3891129032259,"[{'express enthusiasm': 'The speaker expresses enthusiasm for the preceding discussions, setting a positive tone for their contribution.', 'present new idea': 'The speaker introduces the idea of using machine learning and AI to automate detection processes, which is a novel suggestion in the context of the discussion.'}, {'expand on existing idea': 'The speaker expands on the idea of using automation to free up resources, building on the earlier discussion about the challenges of handling large amounts of data and limited resources during a pandemic.'}, {'propose decision': 'The speaker proposes the decision to prioritize resources, addressing the problem of limited resources during a pandemic.'}]",2440.0,23,0
2021_09_30_MZT_S4,2021_09_30_MZT_S4,,,I think this gets to a really important point which is that uh I I don't think we can assume universally that fever would be a good indication for uh for a new microbial variant.,,2021_09_30_MZT_S4_MZT,Christoph Thaiss,,,,,697.0000000000001,709.410358565737,,,MZT,703.2051792828686,"[{'reject idea': ""The speaker rejects the idea that fever is a good indication for a new microbial variant, disagreeing with Prashant's suggestion of using body temperature as a simple indicator."", 'expand on existing idea': ""The speaker expands on Curt's idea of using co-housing livestock with engineered strains, suggesting that fever might be a reliable indicator in an immunocompromised host.""}]",3137.0,24,0
2021_09_30_MZT_S4,2021_09_30_MZT_S4,,,But it might be um I I guess what what Curtis is pointing towards is that uh that it we can only reliably say so in in an immuno compromised host.,,2021_09_30_MZT_S4_MZT,Christoph Thaiss,,,,,709.410358565737,719.589641434263,,,MZT,714.5,"[{'reject idea': ""The speaker rejects the idea that fever is a good indication for a new microbial variant, disagreeing with Prashant's suggestion of using body temperature as a simple indicator."", 'expand on existing idea': ""The speaker expands on Curt's idea of using co-housing livestock with engineered strains, suggesting that fever might be a reliable indicator in an immunocompromised host.""}]",3137.0,25,0
2021_09_30_MZT_S4,2021_09_30_MZT_S4,,,Um and then and then we can I I guess I I guess I I'm not sure how difficult this would be at large scale but then there would be an immuno compromised sentinel on on every farm.,,2021_09_30_MZT_S4_MZT,Christoph Thaiss,,,,,719.5896414342631,732.0,,,MZT,725.7948207171315,"[{'reject idea': ""The speaker rejects the idea that fever is a good indication for a new microbial variant, disagreeing with Prashant's suggestion of using body temperature as a simple indicator."", 'expand on existing idea': ""The speaker expands on Curt's idea of using co-housing livestock with engineered strains, suggesting that fever might be a reliable indicator in an immunocompromised host.""}]",3137.0,26,0
2021_09_30_MZT_S4,2021_09_30_MZT_S4,,,I'm still stuck on this one.,,2021_09_30_MZT_S4_MZT,Christoph Thaiss,,,,,899.0,900.0,,,MZT,899.5,"{'express frustration': 'Christoph expresses frustration, indicating he is still struggling with a previously discussed issue.'}",3339.0,27,0
2021_09_30_MZT_S4,2021_09_30_MZT_S4,,,"Yeah, I think so.",,2021_09_30_MZT_S4_MZT,Christoph Thaiss,,,,,771.9999999999999,773.2175470008953,,,MZT,772.6087735004476,"[{'expand on existing idea': 'The speaker is building on the previous discussion about host sensors and biological sensors, specifically the interferon test, to discuss the challenges of using them across different animal species, expanding on the idea of monitoring within a herd.', 'provide supporting evidence': 'The speaker provides reasoning for why host-based sensors might be limited, stating that there might be strong animal-to-animal variability in terms of how much the test can be used, and that temperature is easier because it can be done in all kinds of animals.'}]",4111.0,28,0
2021_09_30_MZT_S4,2021_09_30_MZT_S4,,,"I think when it especially when we are we're talking about um host sensors or or biological sensors that indicate an infection like the like the interferon uh test that we talked about because um I don't know much about interference in animals, but I don't know how um or I wonder how how conserved the sequence is and if we can rapidly detect interference in humans, can this be done in a pig, in a cow, in a in a um in a bat with with equal degree of efficiency and effectiveness or do we need for each uh substrain of that do we need a different interferon test which would of course limit uh the ability to deploy this at a large scale.",,2021_09_30_MZT_S4_MZT,Christoph Thaiss,,,,,773.2175470008954,819.0546105640108,,,MZT,796.1360787824531,"[{'expand on existing idea': 'The speaker is building on the previous discussion about host sensors and biological sensors, specifically the interferon test, to discuss the challenges of using them across different animal species, expanding on the idea of monitoring within a herd.', 'provide supporting evidence': 'The speaker provides reasoning for why host-based sensors might be limited, stating that there might be strong animal-to-animal variability in terms of how much the test can be used, and that temperature is easier because it can be done in all kinds of animals.'}]",4111.0,29,0
2021_09_30_MZT_S4,2021_09_30_MZT_S4,,,That's why something like temperature is very easy because temperature can be done in in all kinds of animals or or a microbial sequence will be the same in all kinds of animals.,,2021_09_30_MZT_S4_MZT,Christoph Thaiss,,,,,819.0546105640107,831.8030438675022,,,MZT,825.4288272157564,"[{'expand on existing idea': 'The speaker is building on the previous discussion about host sensors and biological sensors, specifically the interferon test, to discuss the challenges of using them across different animal species, expanding on the idea of monitoring within a herd.', 'provide supporting evidence': 'The speaker provides reasoning for why host-based sensors might be limited, stating that there might be strong animal-to-animal variability in terms of how much the test can be used, and that temperature is easier because it can be done in all kinds of animals.'}]",4111.0,30,0
2021_09_30_MZT_S4,2021_09_30_MZT_S4,,,But a host based sensor even though it's very attractive and and is probably very um amenable to um artificial intelligence monitoring um just comes with the limitation that it's that there might be very strong animal to animal variability in terms of how much the test can be used.,,2021_09_30_MZT_S4_MZT,Christoph Thaiss,,,,,831.8030438675023,852.0,,,MZT,841.9015219337512,"[{'expand on existing idea': 'The speaker is building on the previous discussion about host sensors and biological sensors, specifically the interferon test, to discuss the challenges of using them across different animal species, expanding on the idea of monitoring within a herd.', 'provide supporting evidence': 'The speaker provides reasoning for why host-based sensors might be limited, stating that there might be strong animal-to-animal variability in terms of how much the test can be used, and that temperature is easier because it can be done in all kinds of animals.'}]",4111.0,31,0
2021_09_30_MZT_S4,2021_09_30_MZT_S4,,,I would say uh biological samples.,,2021_09_30_MZT_S4_MZT,Claudia Herrera,,,,,899.0,903.5769230769231,,,MZT,901.2884615384615,"{'expand on existing idea': 'Claudia is expanding on the previous discussion about the materials to be tested (air, water) by suggesting a broader category of ""biological samples.""'}",4238.0,32,0
2021_09_30_MZT_S4,2021_09_30_MZT_S4,,,So that way we can,,2021_09_30_MZT_S4_MZT,Claudia Herrera,,,,,903.5769230769231,906.0,,,MZT,904.7884615384615,"{'expand on existing idea': 'Claudia is expanding on the previous discussion about the materials to be tested (air, water) by suggesting a broader category of ""biological samples.""'}",4238.0,33,0
2021_09_30_MZT_S4,2021_09_30_MZT_S4,,,Oh game.,,2021_09_30_MZT_S4_MZT,Claudia Herrera,,,,,909.0000000000001,911.2857142857143,,,MZT,910.1428571428572,"[{'express agreement': ""Claudia agrees with Jenny's previous statement about biological versus environmental samples.""}]",4248.0,34,0
2021_09_30_MZT_S4,2021_09_30_MZT_S4,,,Right.,,2021_09_30_MZT_S4_MZT,Claudia Herrera,,,,,911.2857142857142,913.0,,,MZT,912.1428571428571,"[{'express agreement': ""Claudia agrees with Jenny's previous statement about biological versus environmental samples.""}]",4248.0,35,0
2021_09_30_MZT_S4,2021_09_30_MZT_S4,,,"Yes, um I I have a question that we need to answer is what we what we are looking for, right?",,2021_09_30_MZT_S4_MZT,Claudia Herrera,,,,,732.0,740.1988926746167,,,MZT,736.0994463373083,"[{'ask clarifying question': ""The speaker is asking what they are looking for, which is a request for clarification on the project's goals.""}, {'present new idea': 'The speaker introduces the idea of focusing on detecting different species affecting a specific population in a specific area, particularly in the context of climate change and animal migration.'}, {'expand on existing idea': 'The speaker builds on the idea of surveillance by suggesting that they consider the environmental changes and specific animals in different areas of the US to develop specific rapid tests.'}]",4980.0,36,0
2021_09_30_MZT_S4,2021_09_30_MZT_S4,,,Uh so I think that we have uh these really good uh technology uh but we need to be focused exactly what we are going to uh to detect and where uh in terms of uh to be a little focus focused um because we we the the technology that that Christopher is mention is is terrific is.,,2021_09_30_MZT_S4_MZT,Claudia Herrera,,,,,740.1988926746168,764.6192504258944,,,MZT,752.4090715502556,"[{'ask clarifying question': ""The speaker is asking what they are looking for, which is a request for clarification on the project's goals.""}, {'present new idea': 'The speaker introduces the idea of focusing on detecting different species affecting a specific population in a specific area, particularly in the context of climate change and animal migration.'}, {'expand on existing idea': 'The speaker builds on the idea of surveillance by suggesting that they consider the environmental changes and specific animals in different areas of the US to develop specific rapid tests.'}]",4980.0,37,0
2021_09_30_MZT_S4,2021_09_30_MZT_S4,,,"So if we have the possibility to have in in in in one test or in like rapid test, the possibility or one or two to detect in general different species that can be affecting a specific population in a specific area that we have uh I don't know I'm I'm talking by by by my my experience for example here in in in Louisiana that we have this climate change that we have all these new uh these uh animals uh moving from different areas.",,2021_09_30_MZT_S4_MZT,Claudia Herrera,,,,,764.6192504258944,802.7044293015332,,,MZT,783.6618398637138,"[{'ask clarifying question': ""The speaker is asking what they are looking for, which is a request for clarification on the project's goals.""}, {'present new idea': 'The speaker introduces the idea of focusing on detecting different species affecting a specific population in a specific area, particularly in the context of climate change and animal migration.'}, {'expand on existing idea': 'The speaker builds on the idea of surveillance by suggesting that they consider the environmental changes and specific animals in different areas of the US to develop specific rapid tests.'}]",4980.0,38,0
2021_09_30_MZT_S4,2021_09_30_MZT_S4,,,"How this movement how we can surve make a surveillance trying to detect what those animals are coming or um bringing sorry, I don't know uh to an area that we we we haven't that before.",,2021_09_30_MZT_S4_MZT,Claudia Herrera,,,,,802.7044293015333,819.0140545144804,,,MZT,810.8592419080069,"[{'ask clarifying question': ""The speaker is asking what they are looking for, which is a request for clarification on the project's goals.""}, {'present new idea': 'The speaker introduces the idea of focusing on detecting different species affecting a specific population in a specific area, particularly in the context of climate change and animal migration.'}, {'expand on existing idea': 'The speaker builds on the idea of surveillance by suggesting that they consider the environmental changes and specific animals in different areas of the US to develop specific rapid tests.'}]",4980.0,39,0
2021_09_30_MZT_S4,2021_09_30_MZT_S4,,,I don't know if that makes sense what I'm saying.,,2021_09_30_MZT_S4_MZT,Claudia Herrera,,,,,819.0140545144804,823.3339011925043,,,MZT,821.1739778534924,"[{'ask clarifying question': ""The speaker is asking what they are looking for, which is a request for clarification on the project's goals.""}, {'present new idea': 'The speaker introduces the idea of focusing on detecting different species affecting a specific population in a specific area, particularly in the context of climate change and animal migration.'}, {'expand on existing idea': 'The speaker builds on the idea of surveillance by suggesting that they consider the environmental changes and specific animals in different areas of the US to develop specific rapid tests.'}]",4980.0,40,0
2021_09_30_MZT_S4,2021_09_30_MZT_S4,,,"So if we have the possibility to have an work in in in an specific question uh what we have in these areas that we have uh animals that we have vectors transmitting uh not only viruses, uh we have uh transmitting parasites, transmitting uh bacteria.",,2021_09_30_MZT_S4_MZT,Claudia Herrera,,,,,823.3339011925043,845.2857751277684,,,MZT,834.3098381601363,"[{'ask clarifying question': ""The speaker is asking what they are looking for, which is a request for clarification on the project's goals.""}, {'present new idea': 'The speaker introduces the idea of focusing on detecting different species affecting a specific population in a specific area, particularly in the context of climate change and animal migration.'}, {'expand on existing idea': 'The speaker builds on the idea of surveillance by suggesting that they consider the environmental changes and specific animals in different areas of the US to develop specific rapid tests.'}]",4980.0,41,0
2021_09_30_MZT_S4,2021_09_30_MZT_S4,,,The question is how we can predict or how we can do a surveillance with this general question.,,2021_09_30_MZT_S4_MZT,Claudia Herrera,,,,,845.2857751277684,853.5728279386713,,,MZT,849.4293015332198,"[{'ask clarifying question': ""The speaker is asking what they are looking for, which is a request for clarification on the project's goals.""}, {'present new idea': 'The speaker introduces the idea of focusing on detecting different species affecting a specific population in a specific area, particularly in the context of climate change and animal migration.'}, {'expand on existing idea': 'The speaker builds on the idea of surveillance by suggesting that they consider the environmental changes and specific animals in different areas of the US to develop specific rapid tests.'}]",4980.0,42,0
2021_09_30_MZT_S4,2021_09_30_MZT_S4,,,No?,,2021_09_30_MZT_S4_MZT,Claudia Herrera,,,,,853.5728279386713,853.8373083475299,,,MZT,853.7050681431006,"[{'ask clarifying question': ""The speaker is asking what they are looking for, which is a request for clarification on the project's goals.""}, {'present new idea': 'The speaker introduces the idea of focusing on detecting different species affecting a specific population in a specific area, particularly in the context of climate change and animal migration.'}, {'expand on existing idea': 'The speaker builds on the idea of surveillance by suggesting that they consider the environmental changes and specific animals in different areas of the US to develop specific rapid tests.'}]",4980.0,43,0
2021_09_30_MZT_S4,2021_09_30_MZT_S4,,,"Okay, we have this new, we have this parasite that we we haven't seen this before, this this genome or this strain here.",,2021_09_30_MZT_S4_MZT,Claudia Herrera,,,,,853.8373083475296,864.4165247018739,,,MZT,859.1269165247018,"[{'ask clarifying question': ""The speaker is asking what they are looking for, which is a request for clarification on the project's goals.""}, {'present new idea': 'The speaker introduces the idea of focusing on detecting different species affecting a specific population in a specific area, particularly in the context of climate change and animal migration.'}, {'expand on existing idea': 'The speaker builds on the idea of surveillance by suggesting that they consider the environmental changes and specific animals in different areas of the US to develop specific rapid tests.'}]",4980.0,44,0
2021_09_30_MZT_S4,2021_09_30_MZT_S4,,,How is this going to to be a risk for the other animals in the area and human.,,2021_09_30_MZT_S4_MZT,Claudia Herrera,,,,,864.416524701874,871.2930153321976,,,MZT,867.8547700170358,"[{'ask clarifying question': ""The speaker is asking what they are looking for, which is a request for clarification on the project's goals.""}, {'present new idea': 'The speaker introduces the idea of focusing on detecting different species affecting a specific population in a specific area, particularly in the context of climate change and animal migration.'}, {'expand on existing idea': 'The speaker builds on the idea of surveillance by suggesting that they consider the environmental changes and specific animals in different areas of the US to develop specific rapid tests.'}]",4980.0,45,0
2021_09_30_MZT_S4,2021_09_30_MZT_S4,,,Or the bacteria or and what will be in these animals or the um as as uh mentioned or no Jenny where exactly we are going to detect.,,2021_09_30_MZT_S4_MZT,Claudia Herrera,,,,,871.2930153321977,882.84199318569,,,MZT,877.0675042589438,"[{'ask clarifying question': ""The speaker is asking what they are looking for, which is a request for clarification on the project's goals.""}, {'present new idea': 'The speaker introduces the idea of focusing on detecting different species affecting a specific population in a specific area, particularly in the context of climate change and animal migration.'}, {'expand on existing idea': 'The speaker builds on the idea of surveillance by suggesting that they consider the environmental changes and specific animals in different areas of the US to develop specific rapid tests.'}]",4980.0,46,0
2021_09_30_MZT_S4,2021_09_30_MZT_S4,,,"I think you you you ask about the different materials, no?",,2021_09_30_MZT_S4_MZT,Claudia Herrera,,,,,882.84199318569,887.9552810902896,,,MZT,885.3986371379898,"[{'ask clarifying question': ""The speaker is asking what they are looking for, which is a request for clarification on the project's goals.""}, {'present new idea': 'The speaker introduces the idea of focusing on detecting different species affecting a specific population in a specific area, particularly in the context of climate change and animal migration.'}, {'expand on existing idea': 'The speaker builds on the idea of surveillance by suggesting that they consider the environmental changes and specific animals in different areas of the US to develop specific rapid tests.'}]",4980.0,47,0
2021_09_30_MZT_S4,2021_09_30_MZT_S4,,,Is is not the same when we are doing uh diagnostic in blood that we are doing diagnostic in in feces or you know?,,2021_09_30_MZT_S4_MZT,Claudia Herrera,,,,,887.9552810902895,897.9173764906303,,,MZT,892.9363287904599,"[{'ask clarifying question': ""The speaker is asking what they are looking for, which is a request for clarification on the project's goals.""}, {'present new idea': 'The speaker introduces the idea of focusing on detecting different species affecting a specific population in a specific area, particularly in the context of climate change and animal migration.'}, {'expand on existing idea': 'The speaker builds on the idea of surveillance by suggesting that they consider the environmental changes and specific animals in different areas of the US to develop specific rapid tests.'}]",4980.0,48,0
2021_09_30_MZT_S4,2021_09_30_MZT_S4,,,So what is is the also for us or in terms of surveillance to collect from animals.,,2021_09_30_MZT_S4_MZT,Claudia Herrera,,,,,897.9173764906304,905.1465076660988,,,MZT,901.5319420783646,"[{'ask clarifying question': ""The speaker is asking what they are looking for, which is a request for clarification on the project's goals.""}, {'present new idea': 'The speaker introduces the idea of focusing on detecting different species affecting a specific population in a specific area, particularly in the context of climate change and animal migration.'}, {'expand on existing idea': 'The speaker builds on the idea of surveillance by suggesting that they consider the environmental changes and specific animals in different areas of the US to develop specific rapid tests.'}]",4980.0,49,0
2021_09_30_MZT_S4,2021_09_30_MZT_S4,,,"So so these these are things that we need to think to to to put this this this area, this area and this area, the question that we have for this specific uh animals in this area regarding the environmental changes that they are suffering what this is different south southern US uh US from northern US.",,2021_09_30_MZT_S4_MZT,Claudia Herrera,,,,,905.1465076660988,931.7708688245316,,,MZT,918.4586882453152,"[{'ask clarifying question': ""The speaker is asking what they are looking for, which is a request for clarification on the project's goals.""}, {'present new idea': 'The speaker introduces the idea of focusing on detecting different species affecting a specific population in a specific area, particularly in the context of climate change and animal migration.'}, {'expand on existing idea': 'The speaker builds on the idea of surveillance by suggesting that they consider the environmental changes and specific animals in different areas of the US to develop specific rapid tests.'}]",4980.0,50,0
2021_09_30_MZT_S4,2021_09_30_MZT_S4,,,So we need to think on that and to have this specific rapid test.,,2021_09_30_MZT_S4_MZT,Claudia Herrera,,,,,931.7708688245315,937.5012776831346,,,MZT,934.636073253833,"[{'ask clarifying question': ""The speaker is asking what they are looking for, which is a request for clarification on the project's goals.""}, {'present new idea': 'The speaker introduces the idea of focusing on detecting different species affecting a specific population in a specific area, particularly in the context of climate change and animal migration.'}, {'expand on existing idea': 'The speaker builds on the idea of surveillance by suggesting that they consider the environmental changes and specific animals in different areas of the US to develop specific rapid tests.'}]",4980.0,51,0
2021_09_30_MZT_S4,2021_09_30_MZT_S4,,,We need that now.,,2021_09_30_MZT_S4_MZT,Claudia Herrera,,,,,937.5012776831345,939.0,,,MZT,938.2506388415673,"[{'ask clarifying question': ""The speaker is asking what they are looking for, which is a request for clarification on the project's goals.""}, {'present new idea': 'The speaker introduces the idea of focusing on detecting different species affecting a specific population in a specific area, particularly in the context of climate change and animal migration.'}, {'expand on existing idea': 'The speaker builds on the idea of surveillance by suggesting that they consider the environmental changes and specific animals in different areas of the US to develop specific rapid tests.'}]",4980.0,52,0
2021_09_30_MZT_S4,2021_09_30_MZT_S4,,,Yes.,,2021_09_30_MZT_S4_MZT,Claudia Herrera,,,,,5217.0,5217.0,,,MZT,5217.0,"{'express agreement': ""Claudia agrees with Jenny's summary of her previous points about focusing surveillance on specific animals or environmental samples.""}",5217.0,53,0
2021_09_30_MZT_S4,2021_09_30_MZT_S4,,,"All right, I think I was sharing the wrong thing.",,2021_09_30_MZT_S4_MZT,Curt Horvath,,,,,604.0,606.0,,,MZT,605.0,"{'express humor': 'Curt makes a self-deprecating joke about sharing the wrong thing, likely in reference to sharing his screen or some other technical issue, to lighten the mood.'}",5821.0,54,0
2021_09_30_MZT_S4,2021_09_30_MZT_S4,,,And they will resist.,,2021_09_30_MZT_S4_MZT,Curt Horvath,,,,,910.0,911.0,,,MZT,910.5,"{'express agreement': ""Curt agrees with Paola's point that infrastructure is going to be everything, including who will pay for it, and he adds that if it's in the meat industry, the consumers will pay, which they will resist.""}",6127.0,55,0
2021_09_30_MZT_S4,2021_09_30_MZT_S4,,,But if you want to put a a few um additional small points that's fine as well.,,2021_09_30_MZT_S4_MZT,Curt Horvath,,,,,994.0,999.0,,,MZT,996.5,"{'encourage participation': 'Curt is encouraging Jenny to add additional small points to the slide, inviting her to contribute to the discussion.'}",6211.0,56,0
2021_09_30_MZT_S4,2021_09_30_MZT_S4,,,But one of the things that I'm hearing and and and triggered by by Claudia's comments and just just maybe maybe to add to the conversation a little bit.,,2021_09_30_MZT_S4_MZT,Curt Horvath,,,,,743.0000000000001,754.4431818181819,,,MZT,748.721590909091,"{'expand on existing idea': ""The speaker is building upon Claudia's comments about the need to focus on specific areas and animals for surveillance, adding to the conversation by highlighting the multiple layers involved in testing (vectors, livestock, fecal samples, air, insects)."", 'explain or define term or concept': 'The speaker explains the limitations of NGS-based tests, stating that they can identify known knowns and some unknown knowns, but not the unknown unknowns, which is a challenge for finding the next outbreak or pandemic agent.', 'present new idea': ""The speaker presents the idea that NGS-based tests have limitations in identifying 'unknown unknowns' which is a challenge for finding the next outbreak or pandemic agent.""}",6954.0,57,0
2021_09_30_MZT_S4,2021_09_30_MZT_S4,,,"Um it seems like there's just many layers, right?",,2021_09_30_MZT_S4_MZT,Curt Horvath,,,,,754.4431818181818,758.1321022727273,,,MZT,756.2876420454545,"{'expand on existing idea': ""The speaker is building upon Claudia's comments about the need to focus on specific areas and animals for surveillance, adding to the conversation by highlighting the multiple layers involved in testing (vectors, livestock, fecal samples, air, insects)."", 'explain or define term or concept': 'The speaker explains the limitations of NGS-based tests, stating that they can identify known knowns and some unknown knowns, but not the unknown unknowns, which is a challenge for finding the next outbreak or pandemic agent.', 'present new idea': ""The speaker presents the idea that NGS-based tests have limitations in identifying 'unknown unknowns' which is a challenge for finding the next outbreak or pandemic agent.""}",6954.0,58,0
2021_09_30_MZT_S4,2021_09_30_MZT_S4,,,"So you could talk about the vectors, you can talk about the livestock, you could talk um Jenny mentioned the fecal uh testing, you know, so you could test air, you could test insects, you could, you know, test so but we're always relying on a test if it's NGS based, we know what the genome is.",,2021_09_30_MZT_S4_MZT,Curt Horvath,,,,,758.1321022727273,780.265625,,,MZT,769.1988636363636,"{'expand on existing idea': ""The speaker is building upon Claudia's comments about the need to focus on specific areas and animals for surveillance, adding to the conversation by highlighting the multiple layers involved in testing (vectors, livestock, fecal samples, air, insects)."", 'explain or define term or concept': 'The speaker explains the limitations of NGS-based tests, stating that they can identify known knowns and some unknown knowns, but not the unknown unknowns, which is a challenge for finding the next outbreak or pandemic agent.', 'present new idea': ""The speaker presents the idea that NGS-based tests have limitations in identifying 'unknown unknowns' which is a challenge for finding the next outbreak or pandemic agent.""}",6954.0,59,0
2021_09_30_MZT_S4,2021_09_30_MZT_S4,,,"So we can we can get you know, the known knowns, the some of the unknown knowns, but we can't get the unknown unknowns and that's a real challenge for finding the the the next uh uh outbreak or pandemic agent.",,2021_09_30_MZT_S4_MZT,Curt Horvath,,,,,780.265625,796.0,,,MZT,788.1328125,"{'expand on existing idea': ""The speaker is building upon Claudia's comments about the need to focus on specific areas and animals for surveillance, adding to the conversation by highlighting the multiple layers involved in testing (vectors, livestock, fecal samples, air, insects)."", 'explain or define term or concept': 'The speaker explains the limitations of NGS-based tests, stating that they can identify known knowns and some unknown knowns, but not the unknown unknowns, which is a challenge for finding the next outbreak or pandemic agent.', 'present new idea': ""The speaker presents the idea that NGS-based tests have limitations in identifying 'unknown unknowns' which is a challenge for finding the next outbreak or pandemic agent.""}",6954.0,60,0
2021_09_30_MZT_S4,2021_09_30_MZT_S4,,,However is easiest for you.,,2021_09_30_MZT_S4_MZT,Curt Horvath,,,,,999.0,1000.0,,,MZT,999.5,"{'acknowledge contribution': ""Curt is acknowledging Jenny's preference on how to present the information on the slide, without agreeing or disagreeing with a specific idea.""}",7210.0,61,0
2021_09_30_MZT_S4,2021_09_30_MZT_S4,,,"I mean it would it would get sick from things that don't make animals normally ill, right?",,2021_09_30_MZT_S4_MZT,Curt Horvath,,,,,733.0,740.7586206896551,,,MZT,736.8793103448276,"{'reject idea': ""Curt expresses that the idea of using immunologically deficient animals is flawed because they would get sick from things that don't normally make animals ill, thus rejecting the idea.""}",7943.0,62,0
2021_09_30_MZT_S4,2021_09_30_MZT_S4,,,So this is this is flawed.,,2021_09_30_MZT_S4_MZT,Curt Horvath,,,,,740.7586206896551,743.0,,,MZT,741.8793103448276,"{'reject idea': ""Curt expresses that the idea of using immunologically deficient animals is flawed because they would get sick from things that don't normally make animals ill, thus rejecting the idea.""}",7943.0,63,0
2021_09_30_MZT_S4,2021_09_30_MZT_S4,,,I said I would give a heads up uh we're at the 15 minute mark and and uh I believe we're we're there is that is my timing right?,,2021_09_30_MZT_S4_MZT,Curt Horvath,,,,,900.0,915.0,,,MZT,907.5,"{'None': ""This utterance does not fit into any of the defined codes, as it is simply a statement about the meeting's timing.""}",8110.0,64,0
2021_09_30_MZT_S4,2021_09_30_MZT_S4,,,I think so.,,2021_09_30_MZT_S4_MZT,Curt Horvath,,,,,603.9999999999999,604.9166666666666,,,MZT,604.4583333333333,"[{'express agreement': 'Curt agrees with a prior statement, indicated by ""I think so.""', 'present new idea': 'Curt introduces the idea of anticipating variance increasing in the population, which is a new concept in the discussion.'}]",8714.0,65,0
2021_09_30_MZT_S4,2021_09_30_MZT_S4,,,Anticipate variance increasing in the population.,,2021_09_30_MZT_S4_MZT,Curt Horvath,,,,,604.9166666666667,609.0,,,MZT,606.9583333333334,"[{'express agreement': 'Curt agrees with a prior statement, indicated by ""I think so.""', 'present new idea': 'Curt introduces the idea of anticipating variance increasing in the population, which is a new concept in the discussion.'}]",8714.0,66,0
2021_09_30_MZT_S4,2021_09_30_MZT_S4,,,"I think the challenge there would be to create to create a process by which data is uniformly collected and you know, not only from your site but sites around the world uh to be analyzed for for trends and emergence.",,2021_09_30_MZT_S4_MZT,Curt Horvath,,,,,749.0,764.0,,,MZT,756.5,"{'expand on existing idea': 'This utterance builds upon the previous discussion about the need to address the big data issue, adding the specific challenge of creating a process for uniformly collecting data from various sites to analyze trends and emergence.', 'present new idea': ""The utterance introduces the idea of creating a standardized process for data collection across different sites globally to analyze trends and emergence, which hasn't been explicitly stated before.""}",8859.0,67,0
2021_09_30_MZT_S4,2021_09_30_MZT_S4,,,It works for me.,,2021_09_30_MZT_S4_MZT,Curt Horvath,,,,,9204.0,9204.0,,,MZT,9204.0,"{'confirm decision': 'Curt Horvath explicitly agrees with a prior decision, finalizing it.'}",9204.0,68,0
2021_09_30_MZT_S4,2021_09_30_MZT_S4,,,Maybe that's under surveillance.,,2021_09_30_MZT_S4_MZT,Curt Horvath,,,,,1065.0,1066.0,,,MZT,1065.5,"[{'expand on existing idea': ""Curt's utterance builds upon the previous discussion about screening for known and unknown pathogens, suggesting that this screening falls under the broader category of surveillance.""}]",10269.0,69,0
2021_09_30_MZT_S4,2021_09_30_MZT_S4,,,Mm.,,2021_09_30_MZT_S4_MZT,Curt Horvath,,,,,11303.0,11303.0,,,MZT,11303.0,{'express agreement': 'Curt Horvath expresses agreement with the previous statement by Laurene Tetard.'},11303.0,70,0
2021_09_30_MZT_S4,2021_09_30_MZT_S4,,,Oh exactly.,,2021_09_30_MZT_S4_MZT,Curt Horvath,,,,,818.0,818.6912568306011,,,MZT,818.3456284153006,"[{'express agreement': ""Curt agrees with Paola's statement about the potential disaster if COVID had transmitted into pigs, indicating agreement with the importance of the topic."", 'propose decision': 'Curt proposes that they should invest in building the necessary infrastructure now to prevent a larger disaster later, suggesting a concrete action for the group to consider.', 'provide supporting evidence': 'Curt supports his proposal by referencing the lack of infrastructure during the SARS outbreak and the subsequent COVID-19 pandemic, using this as evidence to strengthen his argument for proactive investment.'}]",12121.0,71,0
2021_09_30_MZT_S4,2021_09_30_MZT_S4,,,"It's not but you know, it's not virus, right?",,2021_09_30_MZT_S4_MZT,Curt Horvath,,,,,818.6912568306011,821.5191256830601,,,MZT,820.1051912568306,"[{'express agreement': ""Curt agrees with Paola's statement about the potential disaster if COVID had transmitted into pigs, indicating agreement with the importance of the topic."", 'propose decision': 'Curt proposes that they should invest in building the necessary infrastructure now to prevent a larger disaster later, suggesting a concrete action for the group to consider.', 'provide supporting evidence': 'Curt supports his proposal by referencing the lack of infrastructure during the SARS outbreak and the subsequent COVID-19 pandemic, using this as evidence to strengthen his argument for proactive investment.'}]",12121.0,72,0
2021_09_30_MZT_S4,2021_09_30_MZT_S4,,,"But uh uh this this is an important thing to build this infrastructure because it's exactly what happened with, you know, we didn't build it for SARS and so when COV2 came around, we did not have that infrastructure.",,2021_09_30_MZT_S4_MZT,Curt Horvath,,,,,821.5191256830601,835.0928961748634,,,MZT,828.3060109289618,"[{'express agreement': ""Curt agrees with Paola's statement about the potential disaster if COVID had transmitted into pigs, indicating agreement with the importance of the topic."", 'propose decision': 'Curt proposes that they should invest in building the necessary infrastructure now to prevent a larger disaster later, suggesting a concrete action for the group to consider.', 'provide supporting evidence': 'Curt supports his proposal by referencing the lack of infrastructure during the SARS outbreak and the subsequent COVID-19 pandemic, using this as evidence to strengthen his argument for proactive investment.'}]",12121.0,73,0
2021_09_30_MZT_S4,2021_09_30_MZT_S4,,,So let's not wait until a disaster strikes but pay a little now to prevent paying a lot later.,,2021_09_30_MZT_S4_MZT,Curt Horvath,,,,,835.0928961748634,841.0,,,MZT,838.0464480874317,"[{'express agreement': ""Curt agrees with Paola's statement about the potential disaster if COVID had transmitted into pigs, indicating agreement with the importance of the topic."", 'propose decision': 'Curt proposes that they should invest in building the necessary infrastructure now to prevent a larger disaster later, suggesting a concrete action for the group to consider.', 'provide supporting evidence': 'Curt supports his proposal by referencing the lack of infrastructure during the SARS outbreak and the subsequent COVID-19 pandemic, using this as evidence to strengthen his argument for proactive investment.'}]",12121.0,74,0
2021_09_30_MZT_S4,2021_09_30_MZT_S4,,,Oh yeah.,,2021_09_30_MZT_S4_MZT,Curt Horvath,,,,,612.9999999999999,613.7826086956521,,,MZT,613.391304347826,"[{'express humor': 'Curt makes a self-deprecating joke about his difficulty using Zoom, expressing humor.'}]",12734.0,75,0
2021_09_30_MZT_S4,2021_09_30_MZT_S4,,,"Sorry, you think I'd know how to use Zoom by now.",,2021_09_30_MZT_S4_MZT,Curt Horvath,,,,,613.7826086956522,618.5760869565217,,,MZT,616.179347826087,"[{'express humor': 'Curt makes a self-deprecating joke about his difficulty using Zoom, expressing humor.'}]",12734.0,76,0
2021_09_30_MZT_S4,2021_09_30_MZT_S4,,,"Um, I must have closed that window.",,2021_09_30_MZT_S4_MZT,Curt Horvath,,,,,618.5760869565217,622.0,,,MZT,620.2880434782609,"[{'express humor': 'Curt makes a self-deprecating joke about his difficulty using Zoom, expressing humor.'}]",12734.0,77,0
2021_09_30_MZT_S4,2021_09_30_MZT_S4,,,Or prediction.,,2021_09_30_MZT_S4_MZT,Curt Horvath,,,,,930.0,932.0,,,MZT,931.0,"{'expand on existing idea': ""Curt is adding to the previous discussion about the infrastructure and human resources needed to implement new technologies, specifically adding 'prediction' to the list of considerations.""}",13051.0,78,0
2021_09_30_MZT_S4,2021_09_30_MZT_S4,,,Right.,,2021_09_30_MZT_S4_MZT,Curt Horvath,,,,,13121.0,13121.0,,,MZT,13121.0,"{'express agreement': 'Curt agrees with the previous speaker, Efrem, who was suggesting a cell-based or biological-based test.'}",13121.0,79,0
2021_09_30_MZT_S4,2021_09_30_MZT_S4,,,So this uh need to address the big data issue is really important as well.,,2021_09_30_MZT_S4_MZT,Curt Horvath,,,,,711.0,716.0,,,MZT,713.5,"{'expand on existing idea': ""Curt's statement builds upon Jenny and Paola's discussion about the large amount of data generated from surveillance and monitoring, adding that addressing the big data issue is important."", 'express agreement': ""Curt's statement expresses agreement with the previous discussion about the challenges of handling large amounts of data, indicating that addressing the big data issue is important.""}",13832.0,80,0
2021_09_30_MZT_S4,2021_09_30_MZT_S4,,,"Well it's in the if it's in the meat industry, it's going to the consumers, right?",,2021_09_30_MZT_S4_MZT,Curt Horvath,,,,,902.0,909.7176470588236,,,MZT,905.8588235294118,"{'present new idea': {'Explanation': 'Curt suggests that the cost of the infrastructure in the meat industry will ultimately be passed on to the consumers, introducing a new consideration regarding the economic impact of the proposed systems.'}}",14023.0,81,0
2021_09_30_MZT_S4,2021_09_30_MZT_S4,,,So.,,2021_09_30_MZT_S4_MZT,Curt Horvath,,,,,909.7176470588236,910.0,,,MZT,909.8588235294118,"{'present new idea': {'Explanation': 'Curt suggests that the cost of the infrastructure in the meat industry will ultimately be passed on to the consumers, introducing a new consideration regarding the economic impact of the proposed systems.'}}",14023.0,82,0
2021_09_30_MZT_S4,2021_09_30_MZT_S4,,,"Well, I think that if you have a main point and are uh ready to kind of add lib when speaking it uh that would be fine.",,2021_09_30_MZT_S4_MZT,Curt Horvath,,,,,989.0,994.0,,,MZT,991.5,"{'encourage participation': 'Curt is encouraging Jenny to share her main point and speak freely, which invites her to contribute to the discussion.'}",14110.0,83,0
2021_09_30_MZT_S4,2021_09_30_MZT_S4,,,"What about uh putting like co-housing livestock with um engineered strains that are immunologically deficient and would be more prone to you know, accepting a novel pathogen and then you sacrifice those animals and and test uh what's in there periodically.",,2021_09_30_MZT_S4_MZT,Curt Horvath,,,,,668.0,688.8652037617555,,,MZT,678.4326018808778,"[{'present new idea': ""This utterance introduces a novel concept of co-housing livestock with engineered strains to detect novel pathogens, which hasn't been discussed before.""}, {'offer constructive criticism': 'The speaker acknowledges the potential drawback of the idea, which is that the animals would get sick frequently, showing an intent to improve the idea by pointing out a potential problem.'}]",14778.0,84,0
2021_09_30_MZT_S4,2021_09_30_MZT_S4,,,I mean it's a conundrum because they would get sick frequently.,,2021_09_30_MZT_S4_MZT,Curt Horvath,,,,,688.8652037617555,694.0,,,MZT,691.4326018808778,"[{'present new idea': ""This utterance introduces a novel concept of co-housing livestock with engineered strains to detect novel pathogens, which hasn't been discussed before.""}, {'offer constructive criticism': 'The speaker acknowledges the potential drawback of the idea, which is that the animals would get sick frequently, showing an intent to improve the idea by pointing out a potential problem.'}]",14778.0,85,0
2021_09_30_MZT_S4,2021_09_30_MZT_S4,,,Yeah and who's going to pay for it.,,2021_09_30_MZT_S4_MZT,Curt Horvath,,,,,896.0,900.0,,,MZT,898.0,"{'ask clarifying question': 'The utterance is a question about the financial aspect of the infrastructure, which is a clarifying question about the practical implementation of the discussed ideas.'}",15006.0,86,0
2021_09_30_MZT_S4,2021_09_30_MZT_S4,,,"Yeah, I think that that's a great uh thought Paula.",,2021_09_30_MZT_S4_MZT,Curt Horvath,,,,,801.0000000000001,804.5172413793103,,,MZT,802.7586206896552,"{'acknowledge contribution': ""Curt acknowledges Paula's thought by saying it was a great thought."", 'express agreement': 'Curt agrees with Paula\'s thought by saying ""Yeah, I think that that\'s a great uh thought Paula.""'}",15807.0,87,0
2021_09_30_MZT_S4,2021_09_30_MZT_S4,,,"I was just thinking like what if what if uh COVID, you know, uh transmitted into pigs, Iowa would have had a real disaster.",,2021_09_30_MZT_S4_MZT,Curt Horvath,,,,,804.5172413793102,813.0,,,MZT,808.7586206896551,"{'acknowledge contribution': ""Curt acknowledges Paula's thought by saying it was a great thought."", 'express agreement': 'Curt agrees with Paula\'s thought by saying ""Yeah, I think that that\'s a great uh thought Paula.""'}",15807.0,88,0
2021_09_30_MZT_S4,2021_09_30_MZT_S4,,,"Yeah, and I think you can fill it in real time.",,2021_09_30_MZT_S4_MZT,Curt Horvath,,,,,929.0,931.0,,,MZT,930.0,"{'express agreement': ""Curt agrees with Jenny's suggestion to share her screen and fill in the slide in real time, indicating his approval of her proposed action."", 'expand on existing idea': ""Curt builds on Jenny's idea of sharing the screen by adding that she can fill it in real time, which is an expansion of how they can collaborate on the slide.""}",15935.0,89,0
2021_09_30_MZT_S4,2021_09_30_MZT_S4,,,"You know, and what what Paula just said, you know, recognizing that there's so many levels and scales of which to collect data that could could um you know, reveal patterns of environment, vector, pathogen transfer.",,2021_09_30_MZT_S4_MZT,Curt Horvath,,,,,693.0,711.0,,,MZT,702.0,"{'acknowledge contribution': {'Explanation': ""Curt acknowledges Paula's prior contribution, indicating he is recognizing her input on artificial intelligence to monitor populations.""}, 'expand on existing idea': {'Explanation': ""Curt builds upon Paula's idea by adding that there are many levels and scales of data collection that could reveal patterns of environment, vector, and pathogen transfer.""}}",16628.0,90,0
2021_09_30_MZT_S4,2021_09_30_MZT_S4,,,You see that as uh like a triage mechanism to get early information that could be followed up on.,,2021_09_30_MZT_S4_MZT,Curt Horvath,,,,,687.0,694.0,,,MZT,690.5,"{'explain or define term or concept': ""Curt is clarifying the concept of using host-based sensors as a 'triage mechanism,' which means using them to get early information that can be followed up on with further testing, building on the prior discussion about host-based sensors and their potential for early detection.""}",17315.0,91,0
2021_09_30_MZT_S4,2021_09_30_MZT_S4,,,I think there could be and and it's sort of going back to the idea of a sentinel surveillance.,,2021_09_30_MZT_S4_MZT,Efrem Lim,,,,,881.0,888.8711755233494,,,MZT,884.9355877616747,"[{'expand on existing idea': ""The speaker is building on the idea of sentinel surveillance, which was mentioned earlier in the conversation, by providing an example of 'Canary in the mine'.""}, {'reject idea': ""The speaker rejects the idea of using immunocompromised hosts for sentinel surveillance, stating that every non-pathogenic thing will start killing it, which is in response to Curt's suggestion of using immunologically deficient animals.""}, {'expand on existing idea': ""The speaker expands on the idea of host species barrier, explaining that if pathogens cannot engage the human cell receptor, there's not going to be infection, which is related to the discussion of finding the next outbreak or pandemic agent.""}]",17509.0,92,0
2021_09_30_MZT_S4,2021_09_30_MZT_S4,,,"So in the old days it's the Canary in the mine that dies and oh, something's going wrong.",,2021_09_30_MZT_S4_MZT,Efrem Lim,,,,,888.8711755233495,896.3236714975845,,,MZT,892.597423510467,"[{'expand on existing idea': ""The speaker is building on the idea of sentinel surveillance, which was mentioned earlier in the conversation, by providing an example of 'Canary in the mine'.""}, {'reject idea': ""The speaker rejects the idea of using immunocompromised hosts for sentinel surveillance, stating that every non-pathogenic thing will start killing it, which is in response to Curt's suggestion of using immunologically deficient animals.""}, {'expand on existing idea': ""The speaker expands on the idea of host species barrier, explaining that if pathogens cannot engage the human cell receptor, there's not going to be infection, which is related to the discussion of finding the next outbreak or pandemic agent.""}]",17509.0,93,0
2021_09_30_MZT_S4,2021_09_30_MZT_S4,,,"There's an unknown unknown going on there, right?",,2021_09_30_MZT_S4_MZT,Efrem Lim,,,,,896.3236714975847,900.426731078905,,,MZT,898.3752012882449,"[{'expand on existing idea': ""The speaker is building on the idea of sentinel surveillance, which was mentioned earlier in the conversation, by providing an example of 'Canary in the mine'.""}, {'reject idea': ""The speaker rejects the idea of using immunocompromised hosts for sentinel surveillance, stating that every non-pathogenic thing will start killing it, which is in response to Curt's suggestion of using immunologically deficient animals.""}, {'expand on existing idea': ""The speaker expands on the idea of host species barrier, explaining that if pathogens cannot engage the human cell receptor, there's not going to be infection, which is related to the discussion of finding the next outbreak or pandemic agent.""}]",17509.0,94,0
2021_09_30_MZT_S4,2021_09_30_MZT_S4,,,"Um in an ideal you know, so big ideas here.",,2021_09_30_MZT_S4_MZT,Efrem Lim,,,,,900.4267310789049,904.0273752012882,,,MZT,902.2270531400966,"[{'expand on existing idea': ""The speaker is building on the idea of sentinel surveillance, which was mentioned earlier in the conversation, by providing an example of 'Canary in the mine'.""}, {'reject idea': ""The speaker rejects the idea of using immunocompromised hosts for sentinel surveillance, stating that every non-pathogenic thing will start killing it, which is in response to Curt's suggestion of using immunologically deficient animals.""}, {'expand on existing idea': ""The speaker expands on the idea of host species barrier, explaining that if pathogens cannot engage the human cell receptor, there's not going to be infection, which is related to the discussion of finding the next outbreak or pandemic agent.""}]",17509.0,95,0
2021_09_30_MZT_S4,2021_09_30_MZT_S4,,,I think what would be ideal is not the immuno compromise because then every non pathogenic thing will start killing it.,,2021_09_30_MZT_S4_MZT,Efrem Lim,,,,,904.0273752012881,913.9919484702093,,,MZT,909.0096618357487,"[{'expand on existing idea': ""The speaker is building on the idea of sentinel surveillance, which was mentioned earlier in the conversation, by providing an example of 'Canary in the mine'.""}, {'reject idea': ""The speaker rejects the idea of using immunocompromised hosts for sentinel surveillance, stating that every non-pathogenic thing will start killing it, which is in response to Curt's suggestion of using immunologically deficient animals.""}, {'expand on existing idea': ""The speaker expands on the idea of host species barrier, explaining that if pathogens cannot engage the human cell receptor, there's not going to be infection, which is related to the discussion of finding the next outbreak or pandemic agent.""}]",17509.0,96,0
2021_09_30_MZT_S4,2021_09_30_MZT_S4,,,Um secondly is the host species barrier.,,2021_09_30_MZT_S4_MZT,Efrem Lim,,,,,913.9919484702093,917.341384863124,,,MZT,915.6666666666666,"[{'expand on existing idea': ""The speaker is building on the idea of sentinel surveillance, which was mentioned earlier in the conversation, by providing an example of 'Canary in the mine'.""}, {'reject idea': ""The speaker rejects the idea of using immunocompromised hosts for sentinel surveillance, stating that every non-pathogenic thing will start killing it, which is in response to Curt's suggestion of using immunologically deficient animals.""}, {'expand on existing idea': ""The speaker expands on the idea of host species barrier, explaining that if pathogens cannot engage the human cell receptor, there's not going to be infection, which is related to the discussion of finding the next outbreak or pandemic agent.""}]",17509.0,97,0
2021_09_30_MZT_S4,2021_09_30_MZT_S4,,,"So like the receptors in human cells are really different from pigs, from cows and all of that.",,2021_09_30_MZT_S4_MZT,Efrem Lim,,,,,917.341384863124,925.2962962962963,,,MZT,921.3188405797101,"[{'expand on existing idea': ""The speaker is building on the idea of sentinel surveillance, which was mentioned earlier in the conversation, by providing an example of 'Canary in the mine'.""}, {'reject idea': ""The speaker rejects the idea of using immunocompromised hosts for sentinel surveillance, stating that every non-pathogenic thing will start killing it, which is in response to Curt's suggestion of using immunologically deficient animals.""}, {'expand on existing idea': ""The speaker expands on the idea of host species barrier, explaining that if pathogens cannot engage the human cell receptor, there's not going to be infection, which is related to the discussion of finding the next outbreak or pandemic agent.""}]",17509.0,98,0
2021_09_30_MZT_S4,2021_09_30_MZT_S4,,,"So if if pathogens cannot engage the human cell receptor, there's not going to be infection.",,2021_09_30_MZT_S4_MZT,Efrem Lim,,,,,925.2962962962963,933.0,,,MZT,929.1481481481482,"[{'expand on existing idea': ""The speaker is building on the idea of sentinel surveillance, which was mentioned earlier in the conversation, by providing an example of 'Canary in the mine'.""}, {'reject idea': ""The speaker rejects the idea of using immunocompromised hosts for sentinel surveillance, stating that every non-pathogenic thing will start killing it, which is in response to Curt's suggestion of using immunologically deficient animals.""}, {'expand on existing idea': ""The speaker expands on the idea of host species barrier, explaining that if pathogens cannot engage the human cell receptor, there's not going to be infection, which is related to the discussion of finding the next outbreak or pandemic agent.""}]",17509.0,99,0
2021_09_30_MZT_S4,2021_09_30_MZT_S4,,,"Right, like well and so for viral infections what happens sorry I should not be telling this to Kurt.",,2021_09_30_MZT_S4_MZT,Efrem Lim,,,,,1000.0000000000001,1011.9082969432314,,,MZT,1005.9541484716158,"[{'explain or define term or concept': 'The speaker explains that viral infections induce an antiviral response, specifically an interferon response, which is characteristic of viral infection, building on the discussion of sentinel surveillance and detecting unknown pathogens.', 'acknowledge contribution': ""The speaker acknowledges Kurt's expertise by stating that Kurt is a world leader in the area of antiviral response, recognizing his contribution to the field.""}]",17628.0,100,0
2021_09_30_MZT_S4,2021_09_30_MZT_S4,,,Uh when people get infected with a virus induces antiviral response and Kurt is the one the world leaders in this area.,,2021_09_30_MZT_S4_MZT,Efrem Lim,,,,,1011.9082969432313,1025.938864628821,,,MZT,1018.9235807860262,"[{'explain or define term or concept': 'The speaker explains that viral infections induce an antiviral response, specifically an interferon response, which is characteristic of viral infection, building on the discussion of sentinel surveillance and detecting unknown pathogens.', 'acknowledge contribution': ""The speaker acknowledges Kurt's expertise by stating that Kurt is a world leader in the area of antiviral response, recognizing his contribution to the field.""}]",17628.0,101,0
2021_09_30_MZT_S4,2021_09_30_MZT_S4,,,So you when you have a interferon response that's really characteristic that viral infection has occurred.,,2021_09_30_MZT_S4_MZT,Efrem Lim,,,,,1025.938864628821,1038.4366812227074,,,MZT,1032.1877729257642,"[{'explain or define term or concept': 'The speaker explains that viral infections induce an antiviral response, specifically an interferon response, which is characteristic of viral infection, building on the discussion of sentinel surveillance and detecting unknown pathogens.', 'acknowledge contribution': ""The speaker acknowledges Kurt's expertise by stating that Kurt is a world leader in the area of antiviral response, recognizing his contribution to the field.""}]",17628.0,102,0
2021_09_30_MZT_S4,2021_09_30_MZT_S4,,,Um there's also the immunological response which is you got to then say that that's the exposure or something some antigen for that.,,2021_09_30_MZT_S4_MZT,Efrem Lim,,,,,1038.4366812227076,1054.0,,,MZT,1046.2183406113538,"[{'explain or define term or concept': 'The speaker explains that viral infections induce an antiviral response, specifically an interferon response, which is characteristic of viral infection, building on the discussion of sentinel surveillance and detecting unknown pathogens.', 'acknowledge contribution': ""The speaker acknowledges Kurt's expertise by stating that Kurt is a world leader in the area of antiviral response, recognizing his contribution to the field.""}]",17628.0,103,0
2021_09_30_MZT_S4,2021_09_30_MZT_S4,,,So the ideal system is that the sentinel system is representative of the human host.,,2021_09_30_MZT_S4_MZT,Efrem Lim,,,,,932.9999999999999,946.0184501845018,,,MZT,939.5092250922509,"{'expand on existing idea': 'The utterance builds upon the previously discussed idea of a sentinel surveillance system, adding details about its ideal characteristics.', 'provide supporting evidence': ""The utterance provides reasoning to strengthen the idea of a sentinel system by stating that the ideal system should be representative of the human host because that's what we're afraid of."", 'explain or define term or concept': 'The utterance explains the concept of an ideal sentinel system, specifying that it should be representative of the human host and provide a readout indicating microbial exposure.'}",18561.0,104,0
2021_09_30_MZT_S4,2021_09_30_MZT_S4,,,That's what we're afraid of is not it.,,2021_09_30_MZT_S4_MZT,Efrem Lim,,,,,946.0184501845017,951.9077490774907,,,MZT,948.9630996309962,"{'expand on existing idea': 'The utterance builds upon the previously discussed idea of a sentinel surveillance system, adding details about its ideal characteristics.', 'provide supporting evidence': ""The utterance provides reasoning to strengthen the idea of a sentinel system by stating that the ideal system should be representative of the human host because that's what we're afraid of."", 'explain or define term or concept': 'The utterance explains the concept of an ideal sentinel system, specifying that it should be representative of the human host and provide a readout indicating microbial exposure.'}",18561.0,105,0
2021_09_30_MZT_S4,2021_09_30_MZT_S4,,,"And then the readout is that so there is infection, exposure to that and then something in that system tells you there has been a microbial exposure.",,2021_09_30_MZT_S4_MZT,Efrem Lim,,,,,951.9077490774907,975.0,,,MZT,963.4538745387454,"{'expand on existing idea': 'The utterance builds upon the previously discussed idea of a sentinel surveillance system, adding details about its ideal characteristics.', 'provide supporting evidence': ""The utterance provides reasoning to strengthen the idea of a sentinel system by stating that the ideal system should be representative of the human host because that's what we're afraid of."", 'explain or define term or concept': 'The utterance explains the concept of an ideal sentinel system, specifying that it should be representative of the human host and provide a readout indicating microbial exposure.'}",18561.0,106,0
2021_09_30_MZT_S4,2021_09_30_MZT_S4,,,what do you what do you think?,,2021_09_30_MZT_S4_MZT,Efrem Lim,,,,,975.0000000000001,981.8181818181819,,,MZT,978.409090909091,"{'encourage participation': ""Efrem is asking for someone else's opinion on the topic of sentinel surveillance, which is encouraging participation."", 'present new idea': 'Efrem is presenting the idea of using antigen sensors in cells, potentially in a cell-based or biological test, which is a novel concept in the discussion.'}",18603.0,107,0
2021_09_30_MZT_S4,2021_09_30_MZT_S4,,,"So antigen sensors are in cells, so maybe a cell based or biological based test.",,2021_09_30_MZT_S4_MZT,Efrem Lim,,,,,981.8181818181818,1000.0,,,MZT,990.9090909090909,"{'encourage participation': ""Efrem is asking for someone else's opinion on the topic of sentinel surveillance, which is encouraging participation."", 'present new idea': 'Efrem is presenting the idea of using antigen sensors in cells, potentially in a cell-based or biological test, which is a novel concept in the discussion.'}",18603.0,108,0
2021_09_30_MZT_S4,2021_09_30_MZT_S4,,,An anonymous cormorant.,,2021_09_30_MZT_S4_MZT,Jenny Maloney,,,,,1029.0,1030.0,,,MZT,1029.5,"{'express humor': 'Jenny is making a joke about the anonymous users in the meeting, as someone was editing the shared document anonymously.'}",18657.0,109,0
2021_09_30_MZT_S4,2021_09_30_MZT_S4,,,And one other important point was just um,,2021_09_30_MZT_S4_MZT,Jenny Maloney,,,,,720.0,729.0,,,MZT,724.5,"{'None': 'This utterance is incomplete and does not express a complete thought or idea, so no code applies.'}",19377.0,110,0
2021_09_30_MZT_S4,2021_09_30_MZT_S4,,,"And so one question I had about remote sensing versus do you feel like the idea of um like monitoring within a herd, would you consider that remote sensing or would you consider that more like directly monitoring of a population.",,2021_09_30_MZT_S4_MZT,Jenny Maloney,,,,,648.0,669.0,,,MZT,658.5,"[{'ask clarifying question': 'Jenny is asking whether monitoring within a herd should be considered remote sensing or direct monitoring of a population, seeking clarification on the categorization of monitoring methods.'}]",20025.0,111,0
2021_09_30_MZT_S4,2021_09_30_MZT_S4,,,And then,,2021_09_30_MZT_S4_MZT,Jenny Maloney,,,,,20318.0,20318.0,,,MZT,20318.0,"[{'None': 'This utterance is incomplete and does not express any specific idea, suggestion, or question.'}]",20318.0,112,0
2021_09_30_MZT_S4,2021_09_30_MZT_S4,,,And then um another key point that we that we discussed under surveillance was the idea that um monitoring could be done in a sort of stepwise fashion.,,2021_09_30_MZT_S4_MZT,Jenny Maloney,,,,,636.9999999999999,658.8259587020649,,,MZT,647.9129793510324,"{'expand on existing idea': 'This utterance builds upon the previous discussion about surveillance, adding the idea of stepwise monitoring and host-based sensors to flag for testing, expanding on the concept of surveillance strategies.', 'present new idea': 'The idea of monitoring in a stepwise fashion, using host-based sensors to flag for further testing, is presented as a novel approach to surveillance.'}",20955.0,113,0
2021_09_30_MZT_S4,2021_09_30_MZT_S4,,,Um or perhaps you're looking um and again I think this kind of um led to this idea of host based sensors um with the idea that that from that you would uh use that to flag for for testing.,,2021_09_30_MZT_S4_MZT,Jenny Maloney,,,,,658.8259587020648,686.0,,,MZT,672.4129793510324,"{'expand on existing idea': 'This utterance builds upon the previous discussion about surveillance, adding the idea of stepwise monitoring and host-based sensors to flag for testing, expanding on the concept of surveillance strategies.', 'present new idea': 'The idea of monitoring in a stepwise fashion, using host-based sensors to flag for further testing, is presented as a novel approach to surveillance.'}",20955.0,114,0
2021_09_30_MZT_S4,2021_09_30_MZT_S4,,,"But we know what we mean, right?",,2021_09_30_MZT_S4_MZT,Jenny Maloney,,,,,914.0,916.0,,,MZT,915.0,"{'ask clarifying question': 'Jenny is asking for confirmation that everyone understands the intended meaning, following a discussion about biological versus environmental samples.'}",21232.0,115,0
2021_09_30_MZT_S4,2021_09_30_MZT_S4,,,Can I share,,2021_09_30_MZT_S4_MZT,Jenny Maloney,,,,,21239.0,21239.0,,,MZT,21239.0,{'encourage participation': 'Jenny is inviting someone else to contribute to the discussion.'},21239.0,116,0
2021_09_30_MZT_S4,2021_09_30_MZT_S4,,,Can you see the slide?,,2021_09_30_MZT_S4_MZT,Jenny Maloney,,,,,941.0,943.0,,,MZT,942.0,"{'ask clarifying question': 'Jenny is asking a question to confirm if the others can see the slide she is sharing, which is a request for confirmation.'}",21259.0,117,0
2021_09_30_MZT_S4,2021_09_30_MZT_S4,,,Does that seem right versus,,2021_09_30_MZT_S4_MZT,Jenny Maloney,,,,,600.0,604.0,,,MZT,602.0,"{'ask clarifying question': 'Jenny is asking if her summary of the discussion is accurate, seeking confirmation from the group.'}",21859.0,118,0
2021_09_30_MZT_S4,2021_09_30_MZT_S4,,,I say share screen.,,2021_09_30_MZT_S4_MZT,Jenny Maloney,,,,,932.0,933.0,,,MZT,932.5,"{'propose decision': 'Jenny is proposing the action of sharing her screen, which is a concrete choice for the group to make in order to view the slide.'}",22191.0,119,0
2021_09_30_MZT_S4,2021_09_30_MZT_S4,,,"I wanted to kind of question/comment I guess, which is um perhaps the the focus of this is around things that you might detect that are either airborne or from a nasal swab.",,2021_09_30_MZT_S4_MZT,Jenny Maloney,,,,,598.9999999999999,610.7085635359116,,,MZT,604.8542817679557,"{'present new idea': 'The speaker introduces the idea that different substrates (airborne, nasal swab, feces, water, fluid samples) might have different constraints, which is a new consideration for the group.', 'expand on existing idea': 'The speaker expands on the initial focus of airborne or nasal swab detection by bringing up other substrates like feces, water, and fluid samples, adding details about the constraints that might be different for each.', 'ask clarifying question': ""The speaker questions whether the focus on airborne or nasal swab detection is accurate for Paula and Kristoff's work, seeking clarification on their specific focus."", 'acknowledge contribution': ""The speaker acknowledges Sean's work with S tech and salmonella, recognizing his input and the relevance of feces as a substrate.""}",22790.0,120,0
2021_09_30_MZT_S4,2021_09_30_MZT_S4,,,"I'm not sure if that's accurate for what Paula and Kristoff are are working on or thinking of, but I know like um for Sean I'm going to guess that if you're working on S tech and salmonella you're working with feces and I work a lot of feces too.",,2021_09_30_MZT_S4_MZT,Jenny Maloney,,,,,610.7085635359117,627.3577348066299,,,MZT,619.0331491712708,"{'present new idea': 'The speaker introduces the idea that different substrates (airborne, nasal swab, feces, water, fluid samples) might have different constraints, which is a new consideration for the group.', 'expand on existing idea': 'The speaker expands on the initial focus of airborne or nasal swab detection by bringing up other substrates like feces, water, and fluid samples, adding details about the constraints that might be different for each.', 'ask clarifying question': ""The speaker questions whether the focus on airborne or nasal swab detection is accurate for Paula and Kristoff's work, seeking clarification on their specific focus."", 'acknowledge contribution': ""The speaker acknowledges Sean's work with S tech and salmonella, recognizing his input and the relevance of feces as a substrate.""}",22790.0,121,0
2021_09_30_MZT_S4,2021_09_30_MZT_S4,,,So I just want to um throw out there that perhaps some of the constraints we might work under for different substrates would be different even working with like water or um fluid samples.,,2021_09_30_MZT_S4_MZT,Jenny Maloney,,,,,627.3577348066299,640.0138121546961,,,MZT,633.685773480663,"{'present new idea': 'The speaker introduces the idea that different substrates (airborne, nasal swab, feces, water, fluid samples) might have different constraints, which is a new consideration for the group.', 'expand on existing idea': 'The speaker expands on the initial focus of airborne or nasal swab detection by bringing up other substrates like feces, water, and fluid samples, adding details about the constraints that might be different for each.', 'ask clarifying question': ""The speaker questions whether the focus on airborne or nasal swab detection is accurate for Paula and Kristoff's work, seeking clarification on their specific focus."", 'acknowledge contribution': ""The speaker acknowledges Sean's work with S tech and salmonella, recognizing his input and the relevance of feces as a substrate.""}",22790.0,122,0
2021_09_30_MZT_S4,2021_09_30_MZT_S4,,,So not everything can be pulled out of the air I guess.,,2021_09_30_MZT_S4_MZT,Jenny Maloney,,,,,640.0138121546961,643.7361878453039,,,MZT,641.875,"{'present new idea': 'The speaker introduces the idea that different substrates (airborne, nasal swab, feces, water, fluid samples) might have different constraints, which is a new consideration for the group.', 'expand on existing idea': 'The speaker expands on the initial focus of airborne or nasal swab detection by bringing up other substrates like feces, water, and fluid samples, adding details about the constraints that might be different for each.', 'ask clarifying question': ""The speaker questions whether the focus on airborne or nasal swab detection is accurate for Paula and Kristoff's work, seeking clarification on their specific focus."", 'acknowledge contribution': ""The speaker acknowledges Sean's work with S tech and salmonella, recognizing his input and the relevance of feces as a substrate.""}",22790.0,123,0
2021_09_30_MZT_S4,2021_09_30_MZT_S4,,,So just to kind of throw that into the thought process as well.,,2021_09_30_MZT_S4_MZT,Jenny Maloney,,,,,643.7361878453039,648.0,,,MZT,645.868093922652,"{'present new idea': 'The speaker introduces the idea that different substrates (airborne, nasal swab, feces, water, fluid samples) might have different constraints, which is a new consideration for the group.', 'expand on existing idea': 'The speaker expands on the initial focus of airborne or nasal swab detection by bringing up other substrates like feces, water, and fluid samples, adding details about the constraints that might be different for each.', 'ask clarifying question': ""The speaker questions whether the focus on airborne or nasal swab detection is accurate for Paula and Kristoff's work, seeking clarification on their specific focus."", 'acknowledge contribution': ""The speaker acknowledges Sean's work with S tech and salmonella, recognizing his input and the relevance of feces as a substrate.""}",22790.0,124,0
2021_09_30_MZT_S4,2021_09_30_MZT_S4,,,"If I share my screen, I can share the slide and then we can all kind of see what's on it and talk about it together, does that work?",,2021_09_30_MZT_S4_MZT,Jenny Maloney,,,,,921.0,929.0,,,MZT,925.0,"{'propose decision': 'Jenny proposes to share her screen to show the slide, so everyone can see it and discuss it together, suggesting a concrete action for the group.'}",23112.0,125,0
2021_09_30_MZT_S4,2021_09_30_MZT_S4,,,"It's none of you, I guess.",,2021_09_30_MZT_S4_MZT,Jenny Maloney,,,,,986.0,989.0,,,MZT,987.5,"[{'express humor': 'Jenny makes a humorous remark after realizing that none of the participants were shrinking the text on the shared slide, implying a lighthearted observation about the situation.'}]",23177.0,126,0
2021_09_30_MZT_S4,2021_09_30_MZT_S4,,,Let's see.,,2021_09_30_MZT_S4_MZT,Jenny Maloney,,,,,931.0,932.0,,,MZT,931.5,"{'None': 'This utterance does not fit any of the codes in the codebook, as it is just a filler phrase.'}",24108.0,127,0
2021_09_30_MZT_S4,2021_09_30_MZT_S4,,,Mhm.,,2021_09_30_MZT_S4_MZT,Jenny Maloney,,,,,24823.0,24823.0,,,MZT,24823.0,"[{'express agreement': ""Jenny is agreeing with Laurene's previous statement about the technology in remote sensing helping with triage or screening.""}]",24823.0,128,0
2021_09_30_MZT_S4,2021_09_30_MZT_S4,,,Mhm.,,2021_09_30_MZT_S4_MZT,Jenny Maloney,,,,,24855.0,24855.0,,,MZT,24855.0,[{'express agreement': 'The speaker is expressing agreement with the previous statement made by another participant.'}],24855.0,129,0
2021_09_30_MZT_S4,2021_09_30_MZT_S4,,,"No, not at all.",,2021_09_30_MZT_S4_MZT,Jenny Maloney,,,,,849.9999999999999,851.3768115942029,,,MZT,850.6884057971014,"[{'express agreement': 'Jenny explicitly expresses agreement with Laurene by saying ""No, not at all.""', 'express enthusiasm': 'Jenny expresses enthusiasm by saying ""I love it.""', 'propose decision': 'Jenny proposes a direction for the discussion, suggesting they consider how to deploy detection systems and what infrastructure is needed to make them effective, building on the previous discussion about infrastructure.'}]",24958.0,130,0
2021_09_30_MZT_S4,2021_09_30_MZT_S4,,,I love it.,,2021_09_30_MZT_S4_MZT,Jenny Maloney,,,,,851.376811594203,852.2946859903382,,,MZT,851.8357487922706,"[{'express agreement': 'Jenny explicitly expresses agreement with Laurene by saying ""No, not at all.""', 'express enthusiasm': 'Jenny expresses enthusiasm by saying ""I love it.""', 'propose decision': 'Jenny proposes a direction for the discussion, suggesting they consider how to deploy detection systems and what infrastructure is needed to make them effective, building on the previous discussion about infrastructure.'}]",24958.0,131,0
2021_09_30_MZT_S4,2021_09_30_MZT_S4,,,I was just thinking maybe we could just make like how do how do we deploy these detection systems and you know what infrastructure needs will there be to make to make that effective.,,2021_09_30_MZT_S4_MZT,Jenny Maloney,,,,,852.2946859903382,869.0,,,MZT,860.6473429951691,"[{'express agreement': 'Jenny explicitly expresses agreement with Laurene by saying ""No, not at all.""', 'express enthusiasm': 'Jenny expresses enthusiasm by saying ""I love it.""', 'propose decision': 'Jenny proposes a direction for the discussion, suggesting they consider how to deploy detection systems and what infrastructure is needed to make them effective, building on the previous discussion about infrastructure.'}]",24958.0,132,0
2021_09_30_MZT_S4,2021_09_30_MZT_S4,,,Oh.,,2021_09_30_MZT_S4_MZT,Jenny Maloney,,,,,25039.0,25039.0,,,MZT,25039.0,"{'acknowledge contribution': 'The utterance ""Oh"" acknowledges the previous statement from Curt Horvath, indicating Jenny\'s understanding or recognition of his point about the time.'}",25039.0,133,0
2021_09_30_MZT_S4,2021_09_30_MZT_S4,,,Okay.,,2021_09_30_MZT_S4_MZT,Jenny Maloney,,,,,25083.0,25083.0,,,MZT,25083.0,"{'acknowledge contribution': ""The utterance 'Okay' acknowledges the previous turn without adding new information or expressing agreement.""}",25083.0,134,0
2021_09_30_MZT_S4,2021_09_30_MZT_S4,,,Okay.,,2021_09_30_MZT_S4_MZT,Jenny Maloney,,,,,25108.0,25108.0,,,MZT,25108.0,"[{'acknowledge contribution': ""The utterance 'Okay' acknowledges the previous turn without adding new information or expressing agreement.""}]",25108.0,135,0
2021_09_30_MZT_S4,2021_09_30_MZT_S4,,,Okay.,,2021_09_30_MZT_S4_MZT,Jenny Maloney,,,,,25109.0,25109.0,,,MZT,25109.0,"[{'acknowledge contribution': ""The utterance 'Okay' acknowledges the previous speaker's contribution, signaling a transition in the conversation.""}]",25109.0,136,0
2021_09_30_MZT_S4,2021_09_30_MZT_S4,,,Okay.,,2021_09_30_MZT_S4_MZT,Jenny Maloney,,,,,25109.0,25109.0,,,MZT,25109.0,"[{'acknowledge contribution': ""The utterance 'Okay' acknowledges the previous speaker's contribution, signaling a transition in the conversation.""}]",25109.0,137,0
2021_09_30_MZT_S4,2021_09_30_MZT_S4,,,Right.,,2021_09_30_MZT_S4_MZT,Jenny Maloney,,,,,842.0,843.0,,,MZT,842.5,"{'express agreement': ""Jenny agrees with Curt's point about the importance of building infrastructure to prevent future disasters, which was prompted by Paola's comment about new infrastructure.""}",25951.0,138,0
2021_09_30_MZT_S4,2021_09_30_MZT_S4,,,Right.,,2021_09_30_MZT_S4_MZT,Jenny Maloney,,,,,26071.0,26071.0,,,MZT,26071.0,"[{'express agreement': ""Jenny is agreeing with Laurene's previous statement about the need to consider the material being tested (airborne, blood, etc.) for universality.""}]",26071.0,139,0
2021_09_30_MZT_S4,2021_09_30_MZT_S4,,,Right.,,2021_09_30_MZT_S4_MZT,Jenny Maloney,,,,,695.0000000000001,696.3333333333334,,,MZT,695.6666666666667,"[{'acknowledge contribution': ""Jenny acknowledges Curt's summarization of the stepwise monitoring approach as a triage mechanism, but does not agree or expand on it.""}]",26766.0,140,0
2021_09_30_MZT_S4,2021_09_30_MZT_S4,,,Um.,,2021_09_30_MZT_S4_MZT,Jenny Maloney,,,,,696.3333333333333,697.0,,,MZT,696.6666666666666,"[{'acknowledge contribution': ""Jenny acknowledges Curt's summarization of the stepwise monitoring approach as a triage mechanism, but does not agree or expand on it.""}]",26766.0,141,0
2021_09_30_MZT_S4,2021_09_30_MZT_S4,,,Screening.,,2021_09_30_MZT_S4_MZT,Jenny Maloney,,,,,27003.0,27003.0,,,MZT,27003.0,"{'confirm decision': ""Jenny is confirming the decision to use 'screening' as a term, which was suggested by Prashant and Curt in the immediately preceding utterances.""}",27003.0,142,0
2021_09_30_MZT_S4,2021_09_30_MZT_S4,,,"So if I knew and unknown pathogens, potential pathogens.",,2021_09_30_MZT_S4_MZT,Jenny Maloney,,,,,1034.0000000000002,1043.531914893617,,,MZT,1038.7659574468087,"[{'ask clarifying question': 'Jenny is asking if her summary of the discussion about screening for unknown pathogens is accurate, seeking confirmation from the group.'}]",27105.0,143,0
2021_09_30_MZT_S4,2021_09_30_MZT_S4,,,Does that kind of work where you were?,,2021_09_30_MZT_S4_MZT,Jenny Maloney,,,,,1043.5319148936169,1050.0,,,MZT,1046.7659574468084,"[{'ask clarifying question': 'Jenny is asking if her summary of the discussion about screening for unknown pathogens is accurate, seeking confirmation from the group.'}]",27105.0,144,0
2021_09_30_MZT_S4,2021_09_30_MZT_S4,,,So just in the note taking I just want so the point I mean the point that maybe the big point here being like in terms of surveillance thinking about what are the kinds of surveillance we might most be might be the most important um sort of animals or um environmental samples to be focused on is that kind of where you were going with,,2021_09_30_MZT_S4_MZT,Jenny Maloney,,,,,940.0,969.0,,,MZT,954.5,"{'expand on existing idea': ""Jenny is building on Claudia's previous points about surveillance and the importance of focusing on specific animals and environmental samples, adding to the discussion by summarizing the main point."", 'ask clarifying question': ""Jenny is asking Claudia to confirm if her summary accurately reflects Claudia's intended point regarding the focus of surveillance efforts.""}",28045.0,145,0
2021_09_30_MZT_S4,2021_09_30_MZT_S4,,,So let's see.,,2021_09_30_MZT_S4_MZT,Jenny Maloney,,,,,1000.0,1001.0,,,MZT,1000.5,{'None': 'This utterance does not contain any content that can be categorized by the codebook.'},28105.0,146,0
2021_09_30_MZT_S4,2021_09_30_MZT_S4,,,So this is going to go back.,,2021_09_30_MZT_S4_MZT,Jenny Maloney,,,,,627.0000000000001,630.5492957746479,,,MZT,628.774647887324,"[{'expand on existing idea': 'Jenny is building on the previous discussion by summarizing the big topics, specifically mentioning remote sensing, which relates to the earlier discussion about data collection and surveillance methods.'}]",28732.0,147,0
2021_09_30_MZT_S4,2021_09_30_MZT_S4,,,"Um we also there was a lot of discussion about let me put down the big topics, remote sensing.",,2021_09_30_MZT_S4_MZT,Jenny Maloney,,,,,630.5492957746479,642.4647887323944,,,MZT,636.5070422535211,"[{'expand on existing idea': 'Jenny is building on the previous discussion by summarizing the big topics, specifically mentioning remote sensing, which relates to the earlier discussion about data collection and surveillance methods.'}]",28732.0,148,0
2021_09_30_MZT_S4,2021_09_30_MZT_S4,,,Um you'll see those.,,2021_09_30_MZT_S4_MZT,Jenny Maloney,,,,,642.4647887323943,645.0,,,MZT,643.7323943661971,"[{'expand on existing idea': 'Jenny is building on the previous discussion by summarizing the big topics, specifically mentioning remote sensing, which relates to the earlier discussion about data collection and surveillance methods.'}]",28732.0,149,0
2021_09_30_MZT_S4,2021_09_30_MZT_S4,,,"So those are kind of like the big sort of headings that I I have written down and then under universality, so monitoring nucleotide changes.",,2021_09_30_MZT_S4_MZT,Jenny Maloney,,,,,741.0000000000001,752.9559228650138,,,MZT,746.977961432507,"[{'expand on existing idea': 'Jenny is summarizing and organizing the main topics discussed so far, building upon the previous discussion about various surveillance and detection methods.'}, {'present new idea': ""Jenny introduces the idea of considering the feasibility and translational aspect of moving monitoring methods from humans to animals, which hasn't been explicitly discussed before.""}]",28846.0,150,0
2021_09_30_MZT_S4,2021_09_30_MZT_S4,,,"Um another point that I had here was thinking about feasibility um moving from humans into and monitoring in animals, like the trans how translational will that be, right?",,2021_09_30_MZT_S4_MZT,Jenny Maloney,,,,,752.9559228650138,767.5592286501377,,,MZT,760.2575757575758,"[{'expand on existing idea': 'Jenny is summarizing and organizing the main topics discussed so far, building upon the previous discussion about various surveillance and detection methods.'}, {'present new idea': ""Jenny introduces the idea of considering the feasibility and translational aspect of moving monitoring methods from humans to animals, which hasn't been explicitly discussed before.""}]",28846.0,151,0
2021_09_30_MZT_S4,2021_09_30_MZT_S4,,,What works in humans doesn't always work in animals.,,2021_09_30_MZT_S4_MZT,Jenny Maloney,,,,,767.5592286501378,772.0,,,MZT,769.7796143250689,"[{'expand on existing idea': 'Jenny is summarizing and organizing the main topics discussed so far, building upon the previous discussion about various surveillance and detection methods.'}, {'present new idea': ""Jenny introduces the idea of considering the feasibility and translational aspect of moving monitoring methods from humans to animals, which hasn't been explicitly discussed before.""}]",28846.0,152,0
2021_09_30_MZT_S4,2021_09_30_MZT_S4,,,So to so uh what infrastructure/human resources will we need to to like to to make this like.,,2021_09_30_MZT_S4_MZT,Jenny Maloney,,,,,913.0,921.0,,,MZT,917.0,"[{'ask clarifying question': 'Jenny is asking what infrastructure and human resources are needed to make the detection systems effective, seeking to clarify the requirements for deploying these systems.'}]",29018.0,153,0
2021_09_30_MZT_S4,2021_09_30_MZT_S4,,,"So under under remote sensing, I have um three sort of sub sub points, one being that we need to we would need to think about what makes sense in terms of sentinel animals.",,2021_09_30_MZT_S4_MZT,Jenny Maloney,,,,,919.0,940.7529411764706,,,MZT,929.8764705882353,"[{'present new idea': 'Jenny introduces the idea of considering what makes sense in terms of sentinel animals and the possibility of basing sensing on less specific methods that can integrate with more specific platforms like next-gen sequencing, which is a novel concept in the discussion.'}]",29024.0,154,0
2021_09_30_MZT_S4,2021_09_30_MZT_S4,,,Um or the idea the idea that maybe um sensing should be based on something that's less specific that can feed into a more specific platform such as next gen sequencing.,,2021_09_30_MZT_S4_MZT,Jenny Maloney,,,,,940.7529411764706,962.0,,,MZT,951.3764705882353,"[{'present new idea': 'Jenny introduces the idea of considering what makes sense in terms of sentinel animals and the possibility of basing sensing on less specific methods that can integrate with more specific platforms like next-gen sequencing, which is a novel concept in the discussion.'}]",29024.0,155,0
2021_09_30_MZT_S4,2021_09_30_MZT_S4,,,So.,,2021_09_30_MZT_S4_MZT,Jenny Maloney,,,,,916.0,917.0,,,MZT,916.5,[{'None': 'This utterance does not contain any information.'}],29940.0,156,0
2021_09_30_MZT_S4,2021_09_30_MZT_S4,,,So.,,2021_09_30_MZT_S4_MZT,Jenny Maloney,,,,,962.0,963.0,,,MZT,962.5,[{'None': 'None'}],29986.0,157,0
2021_09_30_MZT_S4,2021_09_30_MZT_S4,,,Thank you.,,2021_09_30_MZT_S4_MZT,Jenny Maloney,,,,,917.0,919.0,,,MZT,918.0,{'acknowledge contribution': 'Jenny acknowledges the contributions of others in the discussion.'},30903.0,158,0
2021_09_30_MZT_S4,2021_09_30_MZT_S4,,,"That that seems like valuable information even if it's not an emerging pathogen, right?",,2021_09_30_MZT_S4_MZT,Jenny Maloney,,,,,658.9999999999999,664.8662857142857,,,MZT,661.9331428571428,"{'express agreement': ""The speaker agrees that the information from the sensor is valuable, even if it doesn't detect emerging pathogens, building on Paola's description of the sensor."", 'expand on existing idea': 'The speaker expands on the idea of using sensors by highlighting the multitude of benefits for monitoring human, herd, and wildlife health.', 'present new idea': 'The speaker introduces the challenge of handling the enormous amount of data generated by these monitoring systems and poses the question of how to manage it in a fast and scalable way.', 'encourage participation': 'The speaker explicitly asks if anyone has thoughts on how to handle the large amounts of data, encouraging others to contribute to the discussion.'}",31562.0,159,0
2021_09_30_MZT_S4,2021_09_30_MZT_S4,,,"I mean, if you're talking about monitoring human health, herd health, wildlife health, any of those things.",,2021_09_30_MZT_S4_MZT,Jenny Maloney,,,,,664.8662857142856,672.0811428571428,,,MZT,668.4737142857142,"{'express agreement': ""The speaker agrees that the information from the sensor is valuable, even if it doesn't detect emerging pathogens, building on Paola's description of the sensor."", 'expand on existing idea': 'The speaker expands on the idea of using sensors by highlighting the multitude of benefits for monitoring human, herd, and wildlife health.', 'present new idea': 'The speaker introduces the challenge of handling the enormous amount of data generated by these monitoring systems and poses the question of how to manage it in a fast and scalable way.', 'encourage participation': 'The speaker explicitly asks if anyone has thoughts on how to handle the large amounts of data, encouraging others to contribute to the discussion.'}",31562.0,160,0
2021_09_30_MZT_S4,2021_09_30_MZT_S4,,,"So, um, there are a multitude of benefits one could imagine from but I um one thing um that I notice as a recurring theme in some of the main points that we're talking about here is that any of these things are going to generate an enormous amount of data and then I think the the question becomes how do you handle that in a way that um is also going to be I think fast and scalable, which is part of the the goal of what we're talking about, right?",,2021_09_30_MZT_S4_MZT,Jenny Maloney,,,,,672.0811428571428,702.424,,,MZT,687.2525714285714,"{'express agreement': ""The speaker agrees that the information from the sensor is valuable, even if it doesn't detect emerging pathogens, building on Paola's description of the sensor."", 'expand on existing idea': 'The speaker expands on the idea of using sensors by highlighting the multitude of benefits for monitoring human, herd, and wildlife health.', 'present new idea': 'The speaker introduces the challenge of handling the enormous amount of data generated by these monitoring systems and poses the question of how to manage it in a fast and scalable way.', 'encourage participation': 'The speaker explicitly asks if anyone has thoughts on how to handle the large amounts of data, encouraging others to contribute to the discussion.'}",31562.0,161,0
2021_09_30_MZT_S4,2021_09_30_MZT_S4,,,"Like picking out the useful information from um, so I don't know if anybody that's not certainly not my area of expertise.",,2021_09_30_MZT_S4_MZT,Jenny Maloney,,,,,702.424,710.6502857142857,,,MZT,706.5371428571428,"{'express agreement': ""The speaker agrees that the information from the sensor is valuable, even if it doesn't detect emerging pathogens, building on Paola's description of the sensor."", 'expand on existing idea': 'The speaker expands on the idea of using sensors by highlighting the multitude of benefits for monitoring human, herd, and wildlife health.', 'present new idea': 'The speaker introduces the challenge of handling the enormous amount of data generated by these monitoring systems and poses the question of how to manage it in a fast and scalable way.', 'encourage participation': 'The speaker explicitly asks if anyone has thoughts on how to handle the large amounts of data, encouraging others to contribute to the discussion.'}",31562.0,162,0
2021_09_30_MZT_S4,2021_09_30_MZT_S4,,,I don't know if anybody has anything they want to add to sort of an important key point for thoughts on that.,,2021_09_30_MZT_S4_MZT,Jenny Maloney,,,,,710.6502857142857,718.0,,,MZT,714.3251428571429,"{'express agreement': ""The speaker agrees that the information from the sensor is valuable, even if it doesn't detect emerging pathogens, building on Paola's description of the sensor."", 'expand on existing idea': 'The speaker expands on the idea of using sensors by highlighting the multitude of benefits for monitoring human, herd, and wildlife health.', 'present new idea': 'The speaker introduces the challenge of handling the enormous amount of data generated by these monitoring systems and poses the question of how to manage it in a fast and scalable way.', 'encourage participation': 'The speaker explicitly asks if anyone has thoughts on how to handle the large amounts of data, encouraging others to contribute to the discussion.'}",31562.0,163,0
2021_09_30_MZT_S4,2021_09_30_MZT_S4,,,That would be great if people have access to the slide.,,2021_09_30_MZT_S4_MZT,Jenny Maloney,,,,,965.0,966.0,,,MZT,965.5,"{'encourage participation': ""Jenny encourages others to participate by accessing and contributing to the shared slide, building on Laurene's suggestion.""}",31868.0,164,0
2021_09_30_MZT_S4,2021_09_30_MZT_S4,,,That's kind of why I left it out as its own because I yeah.,,2021_09_30_MZT_S4_MZT,Jenny Maloney,,,,,744.0,747.0,,,MZT,745.5,"[{'acknowledge contribution': 'Jenny is acknowledging a point made by someone else, without necessarily agreeing or expanding on it, as a response to the ongoing discussion about machine learning.'}]",32612.0,165,0
2021_09_30_MZT_S4,2021_09_30_MZT_S4,,,Then under remote sensing,,2021_09_30_MZT_S4_MZT,Jenny Maloney,,,,,854.0,857.0,,,MZT,855.5,"{'expand on existing idea': 'Jenny is about to expand on the topic of remote sensing, which she has already introduced as one of the main discussion points.'}",32722.0,166,0
2021_09_30_MZT_S4,2021_09_30_MZT_S4,,,"True, true.",,2021_09_30_MZT_S4_MZT,Jenny Maloney,,,,,32902.0,32902.0,,,MZT,32902.0,"[{'express agreement': ""Jenny agrees with Laurene's suggestion to use multifunctional screening to identify unknowns, building on the discussion about remote sensing and sentinel animals.""}]",32902.0,167,0
2021_09_30_MZT_S4,2021_09_30_MZT_S4,,,Uh.,,2021_09_30_MZT_S4_MZT,Jenny Maloney,,,,,988.0,989.0,,,MZT,988.5,[{'None': 'This utterance does not contain any content that can be categorized by the codebook.'}],33890.0,168,0
2021_09_30_MZT_S4,2021_09_30_MZT_S4,,,Um also under surveillance I I thought the idea of of um of a genome bank is an interesting I mean that it's a it's a good idea.,,2021_09_30_MZT_S4_MZT,Jenny Maloney,,,,,1065.9999999999998,1087.4610778443114,,,MZT,1076.7305389221556,"{'expand on existing idea': 'The speaker is expanding on the topic of surveillance, which was already introduced as a main point in the discussion.', 'express enthusiasm': 'The speaker expresses that the idea of a genome bank is interesting and a good idea, showing enthusiasm for the concept.'}",33968.0,169,0
2021_09_30_MZT_S4,2021_09_30_MZT_S4,,,Um it's certainly a very big picture um,,2021_09_30_MZT_S4_MZT,Jenny Maloney,,,,,1087.4610778443116,1094.0,,,MZT,1090.7305389221558,"{'expand on existing idea': 'The speaker is expanding on the topic of surveillance, which was already introduced as a main point in the discussion.', 'express enthusiasm': 'The speaker expresses that the idea of a genome bank is interesting and a good idea, showing enthusiasm for the concept.'}",33968.0,170,0
2021_09_30_MZT_S4,2021_09_30_MZT_S4,,,Um so to translate for use in wildlife populations too.,,2021_09_30_MZT_S4_MZT,Jenny Maloney,,,,,1094.9999999999998,1121.5833333333333,,,MZT,1108.2916666666665,"[{'expand on existing idea': 'Jenny is expanding on the idea of a genome bank, which was previously mentioned, and considering its application to wildlife populations.'}, {'ask clarifying question': 'Jenny is asking if the idea of a genome bank bridges a gap or connects to a previous point, seeking confirmation or clarification on the connection.'}]",33997.0,171,0
2021_09_30_MZT_S4,2021_09_30_MZT_S4,,,Does that sort of bridge the or no?,,2021_09_30_MZT_S4_MZT,Jenny Maloney,,,,,1121.5833333333335,1138.5,,,MZT,1130.0416666666667,"[{'expand on existing idea': 'Jenny is expanding on the idea of a genome bank, which was previously mentioned, and considering its application to wildlife populations.'}, {'ask clarifying question': 'Jenny is asking if the idea of a genome bank bridges a gap or connects to a previous point, seeking confirmation or clarification on the connection.'}]",33997.0,172,0
2021_09_30_MZT_S4,2021_09_30_MZT_S4,,,A genome bank.,,2021_09_30_MZT_S4_MZT,Jenny Maloney,,,,,1138.4999999999998,1145.2666666666667,,,MZT,1141.8833333333332,"[{'expand on existing idea': 'Jenny is expanding on the idea of a genome bank, which was previously mentioned, and considering its application to wildlife populations.'}, {'ask clarifying question': 'Jenny is asking if the idea of a genome bank bridges a gap or connects to a previous point, seeking confirmation or clarification on the connection.'}]",33997.0,173,0
2021_09_30_MZT_S4,2021_09_30_MZT_S4,,,So a genome bank,,2021_09_30_MZT_S4_MZT,Jenny Maloney,,,,,1145.2666666666669,1153.0,,,MZT,1149.1333333333334,"[{'expand on existing idea': 'Jenny is expanding on the idea of a genome bank, which was previously mentioned, and considering its application to wildlife populations.'}, {'ask clarifying question': 'Jenny is asking if the idea of a genome bank bridges a gap or connects to a previous point, seeking confirmation or clarification on the connection.'}]",33997.0,174,0
2021_09_30_MZT_S4,2021_09_30_MZT_S4,,,"Um, I can put in people's names really quickly.",,2021_09_30_MZT_S4_MZT,Jenny Maloney,,,,,944.0,950.5661764705883,,,MZT,947.2830882352941,"[{'assign task': 'Jenny is assigning the task of reading off the names of the people to someone else because she cannot see them while sharing her screen.'}, {'encourage participation': 'Jenny is asking for someone to read the names off to her, encouraging someone to participate in the task.'}]",34941.0,175,0
2021_09_30_MZT_S4,2021_09_30_MZT_S4,,,Can somebody read them off to me because I can't I can only see the slide I'm looking at.,,2021_09_30_MZT_S4_MZT,Jenny Maloney,,,,,950.5661764705883,963.0,,,MZT,956.7830882352941,"[{'assign task': 'Jenny is assigning the task of reading off the names of the people to someone else because she cannot see them while sharing her screen.'}, {'encourage participation': 'Jenny is asking for someone to read the names off to her, encouraging someone to participate in the task.'}]",34941.0,176,0
2021_09_30_MZT_S4,2021_09_30_MZT_S4,,,"Um, so really I mean, I feel like when we're talking about the universality, a lot of the focus on that was like NGS based methods.",,2021_09_30_MZT_S4_MZT,Jenny Maloney,,,,,978.0,988.0,,,MZT,983.0,"{'expand on existing idea': 'Jenny is elaborating on the discussion about universality, specifically mentioning that the focus has been on NGS-based methods, which builds upon the previous discussion about detection methods.'}",34975.0,177,0
2021_09_30_MZT_S4,2021_09_30_MZT_S4,,,Um.,,2021_09_30_MZT_S4_MZT,Jenny Maloney,,,,,35894.0,35894.0,,,MZT,35894.0,[{'None': 'No code applies to this utterance.'}],35894.0,178,0
2021_09_30_MZT_S4,2021_09_30_MZT_S4,,,Um.,,2021_09_30_MZT_S4_MZT,Jenny Maloney,,,,,35975.0,35975.0,,,MZT,35975.0,[{'None': 'No code applies to this utterance.'}],35975.0,179,0
2021_09_30_MZT_S4,2021_09_30_MZT_S4,,,Um.,,2021_09_30_MZT_S4_MZT,Jenny Maloney,,,,,35975.0,35975.0,,,MZT,35975.0,[{'None': 'No code applies to this utterance.'}],35975.0,180,0
2021_09_30_MZT_S4,2021_09_30_MZT_S4,,,Um.,,2021_09_30_MZT_S4_MZT,Jenny Maloney,,,,,35976.0,35976.0,,,MZT,35976.0,[{'None': 'This utterance does not contain any content that can be categorized by the provided codes.'}],35976.0,181,0
2021_09_30_MZT_S4,2021_09_30_MZT_S4,,,Um.,,2021_09_30_MZT_S4_MZT,Jenny Maloney,,,,,1001.0,1002.0,,,MZT,1001.5,[{'None': 'This utterance does not contain any content that can be categorized by the provided codes.'}],35976.0,182,0
2021_09_30_MZT_S4,2021_09_30_MZT_S4,,,Under surveillance.,,2021_09_30_MZT_S4_MZT,Jenny Maloney,,,,,36041.0,36041.0,,,MZT,36041.0,"[{'acknowledge contribution': ""Jenny acknowledges Curt's suggestion to move the point about known and unknown pathogens under the 'surveillance' category, but she is not necessarily agreeing or disagreeing with it.""}]",36041.0,183,0
2021_09_30_MZT_S4,2021_09_30_MZT_S4,,,We're good.,,2021_09_30_MZT_S4_MZT,Jenny Maloney,,,,,36956.0,36956.0,,,MZT,36956.0,"{'confirm decision': 'The utterance ""We\'re good"" confirms Curt\'s statement about the timing, finalizing the discussion on that point.'}",36956.0,184,0
2021_09_30_MZT_S4,2021_09_30_MZT_S4,,,Who is who is anonymous blob fish?,,2021_09_30_MZT_S4_MZT,Jenny Maloney,,,,,1026.0,1028.0,,,MZT,1027.0,"{'ask clarifying question': 'Jenny is asking a question to identify the person who is contributing anonymously to the shared document, seeking clarification on their identity.'}",37067.0,185,0
2021_09_30_MZT_S4,2021_09_30_MZT_S4,,,"Yeah, I think that's a great point.",,2021_09_30_MZT_S4_MZT,Jenny Maloney,,,,,877.0,879.0,,,MZT,878.0,"{'acknowledge contribution': ""Jenny acknowledges Chang's point about including human resources, indicating recognition of Chang's input.""}",37944.0,186,0
2021_09_30_MZT_S4,2021_09_30_MZT_S4,,,"Yeah, so um so what I was going to say is at this point we're not actually on a single slide and I don't know what the I see someone is shrinking the text, which is helpful.",,2021_09_30_MZT_S4_MZT,Jenny Maloney,,,,,976.0,986.0,,,MZT,981.0,"[{'acknowledge contribution': 'Jenny acknowledges that someone is shrinking the text on the slide, which she finds helpful, recognizing their input.'}]",38043.0,187,0
2021_09_30_MZT_S4,2021_09_30_MZT_S4,,,"Yeah, so um so what I was going to say is at this point we're not actually on a single slide and I don't know what the I see someone is shrinking the text, which is helpful.",,2021_09_30_MZT_S4_MZT,Jenny Maloney,,,,,935.0000000000001,943.8265306122449,,,MZT,939.4132653061225,"[{'acknowledge contribution': 'Jenny acknowledges that someone is shrinking the text on the slide, which is helpful, recognizing their input.'}, {'encourage participation': 'Jenny encourages everyone to take a second to read through and think, inviting participation from the group.'}]",38978.0,188,0
2021_09_30_MZT_S4,2021_09_30_MZT_S4,,,"But um, I guess I was going to say if we could everybody just take one second to kind of read through and and think like.",,2021_09_30_MZT_S4_MZT,Jenny Maloney,,,,,943.8265306122448,950.0,,,MZT,946.9132653061224,"[{'acknowledge contribution': 'Jenny acknowledges that someone is shrinking the text on the slide, which is helpful, recognizing their input.'}, {'encourage participation': 'Jenny encourages everyone to take a second to read through and think, inviting participation from the group.'}]",38978.0,189,0
2021_09_30_MZT_S4,2021_09_30_MZT_S4,,,Yeah.,,2021_09_30_MZT_S4_MZT,Jenny Maloney,,,,,39750.0,39750.0,,,MZT,39750.0,"{'express agreement': 'Jenny says ""Yeah"", which expresses agreement with the previous statement.'}",39750.0,190,0
2021_09_30_MZT_S4,2021_09_30_MZT_S4,,,Yeah.,,2021_09_30_MZT_S4_MZT,Jenny Maloney,,,,,1033.0,1034.0,,,MZT,1033.5,"[{'express agreement': ""Jenny says 'Yeah' in response to Laurene's suggestion to screen for unknowns, indicating agreement with the idea.""}]",40011.0,191,0
2021_09_30_MZT_S4,2021_09_30_MZT_S4,,,Yes.,,2021_09_30_MZT_S4_MZT,Jenny Maloney,,,,,943.0000000000001,943.3333333333334,,,MZT,943.1666666666667,"{'express agreement': ""Jenny says 'Yes' to confirm that the participants can see the slide she is sharing.""}",40954.0,192,0
2021_09_30_MZT_S4,2021_09_30_MZT_S4,,,"Okay, so",,2021_09_30_MZT_S4_MZT,Jenny Maloney,,,,,943.3333333333333,944.0,,,MZT,943.6666666666666,"{'express agreement': ""Jenny says 'Yes' to confirm that the participants can see the slide she is sharing.""}",40954.0,193,0
2021_09_30_MZT_S4,2021_09_30_MZT_S4,,,air water.,,2021_09_30_MZT_S4_MZT,Jenny Maloney,,,,,885.0,889.5,,,MZT,887.25,"[{'expand on existing idea': ""This utterance builds upon the previously mentioned idea of different materials to be tested, specifically adding 'air' and 'water' to the list.""}, {'express agreement': 'Jenny Maloney says ""All right"" to express agreement with the previous statement.'}]",41839.0,194,0
2021_09_30_MZT_S4,2021_09_30_MZT_S4,,,All right.,,2021_09_30_MZT_S4_MZT,Jenny Maloney,,,,,889.5,894.0,,,MZT,891.75,"[{'expand on existing idea': ""This utterance builds upon the previously mentioned idea of different materials to be tested, specifically adding 'air' and 'water' to the list.""}, {'express agreement': 'Jenny Maloney says ""All right"" to express agreement with the previous statement.'}]",41839.0,195,0
2021_09_30_MZT_S4,2021_09_30_MZT_S4,,,biological versus environmental.,,2021_09_30_MZT_S4_MZT,Jenny Maloney,,,,,906.0,909.0,,,MZT,907.5,"{'explain or define term or concept': ""Jenny is clarifying the distinction between 'biological' and 'environmental' samples, which is relevant to the discussion of different materials to be tested.""}",41860.0,196,0
2021_09_30_MZT_S4,2021_09_30_MZT_S4,,,disease detection systems.,,2021_09_30_MZT_S4_MZT,Jenny Maloney,,,,,735.0000000000001,739.3333333333334,,,MZT,737.1666666666667,"[{'acknowledge contribution': 'Jenny acknowledges the importance of disease detection systems, which is a point that has been discussed previously in the conversation.'}]",42595.0,197,0
2021_09_30_MZT_S4,2021_09_30_MZT_S4,,,Yeah.,,2021_09_30_MZT_S4_MZT,Jenny Maloney,,,,,739.3333333333334,740.1666666666666,,,MZT,739.75,"[{'acknowledge contribution': 'Jenny acknowledges the importance of disease detection systems, which is a point that has been discussed previously in the conversation.'}]",42595.0,198,0
2021_09_30_MZT_S4,2021_09_30_MZT_S4,,,Okay.,,2021_09_30_MZT_S4_MZT,Jenny Maloney,,,,,740.1666666666667,741.0,,,MZT,740.5833333333334,"[{'acknowledge contribution': 'Jenny acknowledges the importance of disease detection systems, which is a point that has been discussed previously in the conversation.'}]",42595.0,199,0
2021_09_30_MZT_S4,2021_09_30_MZT_S4,,,of what of what is present in a population now that can be used um for detection of emerging pathogens.,,2021_09_30_MZT_S4_MZT,Jenny Maloney,,,,,599.0,634.0,,,MZT,616.5,"[{'expand on existing idea': 'This sentence expands on the previously mentioned idea of a genome bank by specifying that it should contain information about what is currently present in a population, which can then be used to detect emerging pathogens.'}]",43194.0,200,0
2021_09_30_MZT_S4,2021_09_30_MZT_S4,,,"And so if if there were some way to um have a sensor that would have some different type of markers that is completely different uh orthogonal messages uh um like a, you know, composition shape, I don't know, uh something some different things.",,2021_09_30_MZT_S4_MZT,Laurene Tetard,,,,,839.0000000000001,862.6674364896074,,,MZT,850.8337182448038,"{'present new idea': ""The speaker introduces a novel concept of using a sensor with different types of markers to detect unknown pathogens, which hasn't been discussed before."", 'expand on existing idea': 'The speaker builds upon the previous discussion about the challenge of detecting unknown pathogens by suggesting a sensor with orthogonal markers to identify anomalies.', 'propose decision': 'The speaker suggests implementing a sensor system that flags combinations of markers not matching known patterns, indicating a potential outbreak, which is a concrete choice for the group.'}",43434.0,201,0
2021_09_30_MZT_S4,2021_09_30_MZT_S4,,,"And then when the combination starts not adding up to anything that is known, then that puts a red flag that can be um that can accelerate how that situation will be detected and addressed.",,2021_09_30_MZT_S4_MZT,Laurene Tetard,,,,,862.6674364896073,881.0,,,MZT,871.8337182448037,"{'present new idea': ""The speaker introduces a novel concept of using a sensor with different types of markers to detect unknown pathogens, which hasn't been discussed before."", 'expand on existing idea': 'The speaker builds upon the previous discussion about the challenge of detecting unknown pathogens by suggesting a sensor with orthogonal markers to identify anomalies.', 'propose decision': 'The speaker suggests implementing a sensor system that flags combinations of markers not matching known patterns, indicating a potential outbreak, which is a concrete choice for the group.'}",43434.0,202,0
2021_09_30_MZT_S4,2021_09_30_MZT_S4,,,"But isn't wouldn't be already the you know, the ability to detect that there's a unknown unknown out there uh helpfully and then collecting that system and send it to specialized labs that could do more in depth um studies on them, right?",,2021_09_30_MZT_S4_MZT,Laurene Tetard,,,,,796.0000000000001,819.925925925926,,,MZT,807.962962962963,"[{'ask clarifying question': ""The speaker is asking if the ability to detect an 'unknown unknown' would be helpful, seeking confirmation and further discussion on this point, building on the previous discussion about the limitations of current testing methods.""}, {'provide supporting evidence': ""The speaker supports the need to detect 'unknown unknowns' by referencing a previous statement that outbreaks are unpredictable, providing context for the importance of early detection.""}]",44230.0,203,0
2021_09_30_MZT_S4,2021_09_30_MZT_S4,,,Because right now it's just that uh somebody was saying earlier that you can never predict where the next outbreak outbreak will start from.,,2021_09_30_MZT_S4_MZT,Laurene Tetard,,,,,819.9259259259259,834.0,,,MZT,826.9629629629629,"[{'ask clarifying question': ""The speaker is asking if the ability to detect an 'unknown unknown' would be helpful, seeking confirmation and further discussion on this point, building on the previous discussion about the limitations of current testing methods.""}, {'provide supporting evidence': ""The speaker supports the need to detect 'unknown unknowns' by referencing a previous statement that outbreaks are unpredictable, providing context for the importance of early detection.""}]",44230.0,204,0
2021_09_30_MZT_S4,2021_09_30_MZT_S4,,,It seems like machine learning will go everywhere even if.,,2021_09_30_MZT_S4_MZT,Laurene Tetard,,,,,737.0,740.0,,,MZT,738.5,"{'express enthusiasm': 'The speaker expresses excitement about the potential widespread application of machine learning, indicating enthusiasm for its future role.'}",44967.0,205,0
2021_09_30_MZT_S4,2021_09_30_MZT_S4,,,Jenny are we driving you crazy?,,2021_09_30_MZT_S4_MZT,Laurene Tetard,,,,,847.0,849.0,,,MZT,848.0,"{'express humor': ""Laurene is making a lighthearted comment, possibly sensing Jenny's effort in summarizing the discussion and managing the shared screen, and is expressing humor.""}",45077.0,206,0
2021_09_30_MZT_S4,2021_09_30_MZT_S4,,,Maybe we can each write on it while we're doing the other stuff.,,2021_09_30_MZT_S4_MZT,Laurene Tetard,,,,,963.0,965.0,,,MZT,964.0,"{'propose decision': 'Laurene suggests that each person write on the shared slide while continuing with other tasks, proposing a way to collaboratively fill in the slide.'}",45193.0,207,0
2021_09_30_MZT_S4,2021_09_30_MZT_S4,,,Mm.,,2021_09_30_MZT_S4_MZT,Laurene Tetard,,,,,46110.0,46110.0,,,MZT,46110.0,"{'express agreement': 'The speaker is expressing agreement with the previous statement, which was ""But we know what we mean, right?"".'}",46110.0,208,0
2021_09_30_MZT_S4,2021_09_30_MZT_S4,,,Oh.,,2021_09_30_MZT_S4_MZT,Laurene Tetard,,,,,46155.0,46155.0,,,MZT,46155.0,"[{'acknowledge contribution': ""Laurene is acknowledging Jenny's summarization of the discussion points, without necessarily agreeing or expanding on them.""}]",46155.0,209,0
2021_09_30_MZT_S4,2021_09_30_MZT_S4,,,"So for machine learning and AI, um should we say that because it's not just to monitor population, it will be also to.",,2021_09_30_MZT_S4_MZT,Laurene Tetard,,,,,955.0,966.0,,,MZT,960.5,"[{'expand on existing idea': 'Laurene is building upon the previous discussion about machine learning and AI, suggesting an additional application beyond just monitoring populations, expanding the scope of its use.'}]",47110.0,210,0
2021_09_30_MZT_S4,2021_09_30_MZT_S4,,,So for.,,2021_09_30_MZT_S4_MZT,Laurene Tetard,,,,,954.0,955.0,,,MZT,954.5,"[{'None': 'This utterance is incomplete and does not express a complete thought or idea, so no code applies.'}]",48064.0,211,0
2021_09_30_MZT_S4,2021_09_30_MZT_S4,,,So maybe a screening to or or multifunctional screening to identify unknowns or something like that would be a general way of putting it to screen.,,2021_09_30_MZT_S4_MZT,Laurene Tetard,,,,,963.0,1033.0,,,MZT,998.0,"{'expand on existing idea': 'Laurene builds upon the discussion of remote sensing and sentinel animals by suggesting a screening process to identify unknowns, which is a general way to approach the problem of detecting emerging pathogens discussed earlier.'}",48073.0,212,0
2021_09_30_MZT_S4,2021_09_30_MZT_S4,,,To implement all these uh new technologies or that's what.,,2021_09_30_MZT_S4_MZT,Laurene Tetard,,,,,921.0,930.0,,,MZT,925.5,"[{'ask clarifying question': 'Laurene is asking for confirmation or clarification on whether the discussion is about implementing new technologies, which is prompted by the previous discussion about infrastructure and human resources needed for effective detection systems.'}]",48994.0,213,0
2021_09_30_MZT_S4,2021_09_30_MZT_S4,,,"Well, I can't type the name while you're doing the other stuff.",,2021_09_30_MZT_S4_MZT,Laurene Tetard,,,,,974.0,975.0,,,MZT,974.5,"{'express humor': 'The speaker is making a lighthearted comment about the difficulty of typing while someone else is actively working on the same document, suggesting a humorous situation.'}",49047.0,214,0
2021_09_30_MZT_S4,2021_09_30_MZT_S4,,,"Well, I think if if under the the previous bullet if we wanted to finish that one under the high degree of universe one big point was uh to think about the host I mean the the the material to be tested whether it's airborne or in blood in all these different media.",,2021_09_30_MZT_S4_MZT,Laurene Tetard,,,,,858.0,879.0,,,MZT,868.5,"[{'expand on existing idea': 'Laurene is expanding on the previous point about universality by emphasizing the importance of considering the material being tested (airborne, blood, etc.), building on the discussion of universality and feasibility of monitoring in different animals.'}]",49905.0,215,0
2021_09_30_MZT_S4,2021_09_30_MZT_S4,,,"Yeah, if you that's okay.",,2021_09_30_MZT_S4_MZT,Laurene Tetard,,,,,1094.0,1095.0,,,MZT,1094.5,"[{'express agreement': ""Laurene agrees with a prior statement, indicated by Jenny asking if something 'works' and Laurene responding with 'Yeah, if you that's okay.'""}]",50141.0,216,0
2021_09_30_MZT_S4,2021_09_30_MZT_S4,,,Yeah.,,2021_09_30_MZT_S4_MZT,Laurene Tetard,,,,,51011.0,51011.0,,,MZT,51011.0,"{'express agreement': ""Laurene agrees with Jenny's previous statement, indicating alignment and understanding.""}",51011.0,217,0
2021_09_30_MZT_S4,2021_09_30_MZT_S4,,,Yeah.,,2021_09_30_MZT_S4_MZT,Laurene Tetard,,,,,966.0,967.0,,,MZT,966.5,"{'express agreement': ""Laurene agrees with Jenny's suggestion that people should have access to the slide.""}",51107.0,218,0
2021_09_30_MZT_S4,2021_09_30_MZT_S4,,,Yeah.,,2021_09_30_MZT_S4_MZT,Laurene Tetard,,,,,701.0000000000001,701.4421768707483,,,MZT,701.2210884353742,"{'expand on existing idea': 'Laurene is building upon the discussion of remote sensing and surveillance, suggesting that remote sensing technology could be used for triage or screening, which is an expansion of the current discussion about surveillance strategies.', 'propose decision': 'Laurene proposes that remote sensing technology could be used for triage or screening, suggesting a concrete action for the group to consider in their surveillance strategy.'}",51808.0,219,0
2021_09_30_MZT_S4,2021_09_30_MZT_S4,,,Maybe we can say that the the the technology in remote sensing could um then helping to doing this triage or screening or something like that.,,2021_09_30_MZT_S4_MZT,Laurene Tetard,,,,,701.4421768707482,714.0,,,MZT,707.7210884353741,"{'expand on existing idea': 'Laurene is building upon the discussion of remote sensing and surveillance, suggesting that remote sensing technology could be used for triage or screening, which is an expansion of the current discussion about surveillance strategies.', 'propose decision': 'Laurene proposes that remote sensing technology could be used for triage or screening, suggesting a concrete action for the group to consider in their surveillance strategy.'}",51808.0,220,0
2021_09_30_MZT_S4,2021_09_30_MZT_S4,,,Yeah.,,2021_09_30_MZT_S4_MZT,Laurene Tetard,,,,,1051.0,1051.4444444444443,,,MZT,1051.2222222222222,"{'expand on existing idea': ""Laurene is expanding on Jenny's point about remote sensing, adding that both known and unknown pathogens are important considerations, building on the previous discussion about sentinel animals and less specific sensing methods."", 'express agreement': ""Laurene explicitly agrees with Jenny's point about the importance of known and unknown pathogens for remote sensing.""}",52158.0,221,0
2021_09_30_MZT_S4,2021_09_30_MZT_S4,,,That would the known ones and also the unknown ones are important for remote sensing.,,2021_09_30_MZT_S4_MZT,Laurene Tetard,,,,,1051.4444444444443,1059.0,,,MZT,1055.2222222222222,"{'expand on existing idea': ""Laurene is expanding on Jenny's point about remote sensing, adding that both known and unknown pathogens are important considerations, building on the previous discussion about sentinel animals and less specific sensing methods."", 'express agreement': ""Laurene explicitly agrees with Jenny's point about the importance of known and unknown pathogens for remote sensing.""}",52158.0,222,0
2021_09_30_MZT_S4,2021_09_30_MZT_S4,,,Yes.,,2021_09_30_MZT_S4_MZT,Laurene Tetard,,,,,53101.0,53101.0,,,MZT,53101.0,"{'express agreement': 'Laurene agrees with the previous statement, which was Jenny asking if everyone can see the slide.'}",53101.0,223,0
2021_09_30_MZT_S4,2021_09_30_MZT_S4,,,"I I think that may fall under uh somebody had mentioned this idea of artificial intelligence, right?",,2021_09_30_MZT_S4_MZT,Paola Boggiatto,,,,,670.0,676.4705882352941,,,MZT,673.2352941176471,"{'expand on existing idea': ""Paola expands on Jenny's question about remote sensing versus monitoring within a herd by suggesting that both may fall under the umbrella of artificial intelligence for monitoring populations, building on Chang's earlier comment about using AI to automate detection processes."", 'explain or define term or concept': 'Paola explains the concept of using artificial intelligence to monitor populations by providing examples such as remote sensing, camera usage to look at animal behavior, animal movement, and temperature.'}",53771.0,224,0
2021_09_30_MZT_S4,2021_09_30_MZT_S4,,,"So relying sort of on artificial intelligence to monitor populations, so whether this is through remote sensing or through say camera usage to look at animal behavior um or you know, animal movement or temperature or you know, those things.",,2021_09_30_MZT_S4_MZT,Paola Boggiatto,,,,,676.4705882352941,692.0,,,MZT,684.2352941176471,"{'expand on existing idea': ""Paola expands on Jenny's question about remote sensing versus monitoring within a herd by suggesting that both may fall under the umbrella of artificial intelligence for monitoring populations, building on Chang's earlier comment about using AI to automate detection processes."", 'explain or define term or concept': 'Paola explains the concept of using artificial intelligence to monitor populations by providing examples such as remote sensing, camera usage to look at animal behavior, animal movement, and temperature.'}",53771.0,225,0
2021_09_30_MZT_S4,2021_09_30_MZT_S4,,,I laugh but that's not funny.,,2021_09_30_MZT_S4_MZT,Paola Boggiatto,,,,,813.9999999999999,816.2894736842105,,,MZT,815.1447368421052,"[{'express humor': ""Paola laughs in response to Curt's comment about COVID transmitting to pigs, indicating she found the hypothetical situation humorous, even though she acknowledges the seriousness of the topic.""}]",53915.0,226,0
2021_09_30_MZT_S4,2021_09_30_MZT_S4,,,"Yes, yes.",,2021_09_30_MZT_S4_MZT,Paola Boggiatto,,,,,816.2894736842106,817.0,,,MZT,816.6447368421053,"[{'express humor': ""Paola laughs in response to Curt's comment about COVID transmitting to pigs, indicating she found the hypothetical situation humorous, even though she acknowledges the seriousness of the topic.""}]",53915.0,227,0
2021_09_30_MZT_S4,2021_09_30_MZT_S4,,,"I think this this quote unquote idea of infrastructure is going to be everything, right?",,2021_09_30_MZT_S4_MZT,Paola Boggiatto,,,,,879.0,884.0769230769231,,,MZT,881.5384615384615,"[{'expand on existing idea': 'Paola is expanding on the idea of infrastructure, which was brought up in the previous utterance, by specifying that it includes the people who will deploy the systems, collect the data, and analyze the data.'}]",53980.0,228,0
2021_09_30_MZT_S4,2021_09_30_MZT_S4,,,"It's going to be who are going to be the people out there deploying these systems, who's going to be collecting the data, who's going to be analyzing the data.",,2021_09_30_MZT_S4_MZT,Paola Boggiatto,,,,,884.0769230769231,893.25,,,MZT,888.6634615384615,"[{'expand on existing idea': 'Paola is expanding on the idea of infrastructure, which was brought up in the previous utterance, by specifying that it includes the people who will deploy the systems, collect the data, and analyze the data.'}]",53980.0,229,0
2021_09_30_MZT_S4,2021_09_30_MZT_S4,,,I think just.,,2021_09_30_MZT_S4_MZT,Paola Boggiatto,,,,,893.25,894.0,,,MZT,893.625,"[{'expand on existing idea': 'Paola is expanding on the idea of infrastructure, which was brought up in the previous utterance, by specifying that it includes the people who will deploy the systems, collect the data, and analyze the data.'}]",53980.0,230,0
2021_09_30_MZT_S4,2021_09_30_MZT_S4,,,Is that something that's going to be low cost?,,2021_09_30_MZT_S4_MZT,Paola Boggiatto,,,,,600.0,603.0,,,MZT,601.5,"{'ask clarifying question': 'Paola asks if the sensor technology she described would be low cost, seeking clarification on its economic feasibility.'}",54580.0,231,0
2021_09_30_MZT_S4,2021_09_30_MZT_S4,,,Mhm.,,2021_09_30_MZT_S4_MZT,Paola Boggiatto,,,,,54946.0,54946.0,,,MZT,54946.0,"{'express agreement': 'Paola Boggiatto says ""Mhm"", which expresses agreement with the previous statement.'}",54946.0,232,0
2021_09_30_MZT_S4,2021_09_30_MZT_S4,,,"Might and I don't know, just just to sort of bring it back to to where we started.",,2021_09_30_MZT_S4_MZT,Paola Boggiatto,,,,,652.0,658.0,,,MZT,655.0,"{'present new idea': 'Paola is suggesting to revisit the initial discussion points, which can be considered as introducing a new direction for the conversation.'}",55598.0,233,0
2021_09_30_MZT_S4,2021_09_30_MZT_S4,,,Mm.,,2021_09_30_MZT_S4_MZT,Paola Boggiatto,,,,,55825.0,55825.0,,,MZT,55825.0,"{'express agreement': ""Paola Boggiatto expresses agreement with Laurene Tetard's point about considering the material to be tested (airborne, blood, etc.) for universality.""}",55825.0,234,0
2021_09_30_MZT_S4,2021_09_30_MZT_S4,,,"So could that fall under new infrastructure, right?",,2021_09_30_MZT_S4_MZT,Paola Boggiatto,,,,,765.0000000000001,768.1315789473684,,,MZT,766.5657894736843,"[{'expand on existing idea': 'Paola is expanding on the discussion about data collection and analysis, suggesting that the need for new infrastructure is a key point, building on the previous discussion about the challenges of big data and the need for uniform data collection.'}, {'propose decision': ""Paola proposes that the discussion about data collection and analysis should fall under the umbrella of 'new infrastructure', suggesting a concrete choice for the group to consider.""}]",56590.0,235,0
2021_09_30_MZT_S4,2021_09_30_MZT_S4,,,"I mean this is all going to be, I mean all of that could fall under this idea of infrastructure that we don't have, right?",,2021_09_30_MZT_S4_MZT,Paola Boggiatto,,,,,768.1315789473686,775.6228070175439,,,MZT,771.8771929824562,"[{'expand on existing idea': 'Paola is expanding on the discussion about data collection and analysis, suggesting that the need for new infrastructure is a key point, building on the previous discussion about the challenges of big data and the need for uniform data collection.'}, {'propose decision': ""Paola proposes that the discussion about data collection and analysis should fall under the umbrella of 'new infrastructure', suggesting a concrete choice for the group to consider.""}]",56590.0,236,0
2021_09_30_MZT_S4,2021_09_30_MZT_S4,,,"We don't have data, you know, these large data collection banks that may be available for various organisms, right?",,2021_09_30_MZT_S4_MZT,Paola Boggiatto,,,,,775.6228070175439,782.6842105263158,,,MZT,779.1535087719299,"[{'expand on existing idea': 'Paola is expanding on the discussion about data collection and analysis, suggesting that the need for new infrastructure is a key point, building on the previous discussion about the challenges of big data and the need for uniform data collection.'}, {'propose decision': ""Paola proposes that the discussion about data collection and analysis should fall under the umbrella of 'new infrastructure', suggesting a concrete choice for the group to consider.""}]",56590.0,237,0
2021_09_30_MZT_S4,2021_09_30_MZT_S4,,,"We don't, you know, if we're talking about remote sensing, we probably don't have the infrastructure even within a barn space to do that yet, right?",,2021_09_30_MZT_S4_MZT,Paola Boggiatto,,,,,782.6842105263157,791.7719298245614,,,MZT,787.2280701754386,"[{'expand on existing idea': 'Paola is expanding on the discussion about data collection and analysis, suggesting that the need for new infrastructure is a key point, building on the previous discussion about the challenges of big data and the need for uniform data collection.'}, {'propose decision': ""Paola proposes that the discussion about data collection and analysis should fall under the umbrella of 'new infrastructure', suggesting a concrete choice for the group to consider.""}]",56590.0,238,0
2021_09_30_MZT_S4,2021_09_30_MZT_S4,,,So I think infrastructure as a whole is going to be one important thing depending on which technology technology we choose to utilize.,,2021_09_30_MZT_S4_MZT,Paola Boggiatto,,,,,791.7719298245613,800.0,,,MZT,795.8859649122807,"[{'expand on existing idea': 'Paola is expanding on the discussion about data collection and analysis, suggesting that the need for new infrastructure is a key point, building on the previous discussion about the challenges of big data and the need for uniform data collection.'}, {'propose decision': ""Paola proposes that the discussion about data collection and analysis should fall under the umbrella of 'new infrastructure', suggesting a concrete choice for the group to consider.""}]",56590.0,239,0
2021_09_30_MZT_S4,2021_09_30_MZT_S4,,,"So if I may um Claudia, did you have something to say?",,2021_09_30_MZT_S4_MZT,Paola Boggiatto,,,,,725.9999999999999,729.0280373831775,,,MZT,727.5140186915887,"[{'encourage participation': 'Paola is inviting Claudia to speak, noticing that she might have wanted to contribute earlier.'}]",57316.0,240,0
2021_09_30_MZT_S4,2021_09_30_MZT_S4,,,I thought I thought you'd raised your hand before but,,2021_09_30_MZT_S4_MZT,Paola Boggiatto,,,,,729.0280373831777,732.0,,,MZT,730.5140186915888,"[{'encourage participation': 'Paola is inviting Claudia to speak, noticing that she might have wanted to contribute earlier.'}]",57316.0,241,0
2021_09_30_MZT_S4,2021_09_30_MZT_S4,,,There we go.,,2021_09_30_MZT_S4_MZT,Paola Boggiatto,,,,,626.0,626.7352941176471,,,MZT,626.3676470588235,"{'ask clarifying question': 'The speaker is asking if the proposed solution (from previous turns) addresses the need for rapid and low-cost detection, which was a question raised earlier in the discussion.', 'expand on existing idea': ""The speaker expands on the idea of a sensor system by clarifying that even if it doesn't identify the specific pathogen, it can still serve as an early warning system, prompting further investigation, building on the previous discussion about surveillance and detection methods."", 'propose decision': ""The speaker is proposing that the group should consider a system that provides an early warning of pathogen emergence, even if it doesn't identify the specific pathogen, suggesting a direction for their work.""}",57942.0,242,0
2021_09_30_MZT_S4,2021_09_30_MZT_S4,,,"Um, okay, so is that the answer to the question, right?",,2021_09_30_MZT_S4_MZT,Paola Boggiatto,,,,,626.7352941176471,630.1053921568628,,,MZT,628.4203431372549,"{'ask clarifying question': 'The speaker is asking if the proposed solution (from previous turns) addresses the need for rapid and low-cost detection, which was a question raised earlier in the discussion.', 'expand on existing idea': ""The speaker expands on the idea of a sensor system by clarifying that even if it doesn't identify the specific pathogen, it can still serve as an early warning system, prompting further investigation, building on the previous discussion about surveillance and detection methods."", 'propose decision': ""The speaker is proposing that the group should consider a system that provides an early warning of pathogen emergence, even if it doesn't identify the specific pathogen, suggesting a direction for their work.""}",57942.0,243,0
2021_09_30_MZT_S4,2021_09_30_MZT_S4,,,Can can can it be rapid?,,2021_09_30_MZT_S4_MZT,Paola Boggiatto,,,,,630.1053921568628,631.5759803921569,,,MZT,630.8406862745098,"{'ask clarifying question': 'The speaker is asking if the proposed solution (from previous turns) addresses the need for rapid and low-cost detection, which was a question raised earlier in the discussion.', 'expand on existing idea': ""The speaker expands on the idea of a sensor system by clarifying that even if it doesn't identify the specific pathogen, it can still serve as an early warning system, prompting further investigation, building on the previous discussion about surveillance and detection methods."", 'propose decision': ""The speaker is proposing that the group should consider a system that provides an early warning of pathogen emergence, even if it doesn't identify the specific pathogen, suggesting a direction for their work.""}",57942.0,244,0
2021_09_30_MZT_S4,2021_09_30_MZT_S4,,,Can it be low cost?,,2021_09_30_MZT_S4_MZT,Paola Boggiatto,,,,,631.5759803921569,632.7401960784314,,,MZT,632.1580882352941,"{'ask clarifying question': 'The speaker is asking if the proposed solution (from previous turns) addresses the need for rapid and low-cost detection, which was a question raised earlier in the discussion.', 'expand on existing idea': ""The speaker expands on the idea of a sensor system by clarifying that even if it doesn't identify the specific pathogen, it can still serve as an early warning system, prompting further investigation, building on the previous discussion about surveillance and detection methods."", 'propose decision': ""The speaker is proposing that the group should consider a system that provides an early warning of pathogen emergence, even if it doesn't identify the specific pathogen, suggesting a direction for their work.""}",57942.0,245,0
2021_09_30_MZT_S4,2021_09_30_MZT_S4,,,"Um, and maybe it doesn't tell you the pathogen that's emerging, but it's telling you that a pathogen has emerged or that a pathogen is going through the herd and at least that's the, you know, sort of the first red flag that something may be happening and then you take, you know, subsequent steps.",,2021_09_30_MZT_S4_MZT,Paola Boggiatto,,,,,632.7401960784314,651.0,,,MZT,641.8700980392157,"{'ask clarifying question': 'The speaker is asking if the proposed solution (from previous turns) addresses the need for rapid and low-cost detection, which was a question raised earlier in the discussion.', 'expand on existing idea': ""The speaker expands on the idea of a sensor system by clarifying that even if it doesn't identify the specific pathogen, it can still serve as an early warning system, prompting further investigation, building on the previous discussion about surveillance and detection methods."", 'propose decision': ""The speaker is proposing that the group should consider a system that provides an early warning of pathogen emergence, even if it doesn't identify the specific pathogen, suggesting a direction for their work.""}",57942.0,246,0
2021_09_30_MZT_S4,2021_09_30_MZT_S4,,,Who's going to pay for it.,,2021_09_30_MZT_S4_MZT,Paola Boggiatto,,,,,58216.0,58216.0,,,MZT,58216.0,"{'ask clarifying question': 'This utterance is a question about the financial aspect of the project, specifically inquiring about the funding source, which is a clarifying question about the practical implementation of the discussed ideas.'}",58216.0,247,0
2021_09_30_MZT_S4,2021_09_30_MZT_S4,,,"Yeah, and I think you can probably combine sort of remote sensing machine learning AI as a, I kind of, I don't know, I kind of see all those things sort of working together perhaps.",,2021_09_30_MZT_S4_MZT,Paola Boggiatto,,,,,721.0,736.0,,,MZT,728.5,"{'expand on existing idea': 'Paola builds on the previous discussion about remote sensing and surveillance by suggesting combining remote sensing, machine learning, and AI, expanding on the idea of how to approach the problem.'}",58937.0,248,0
2021_09_30_MZT_S4,2021_09_30_MZT_S4,,,"Yeah, sorry, I didn't I didn't mean to interrupt you.",,2021_09_30_MZT_S4_MZT,Paola Boggiatto,,,,,1055.0,1057.6482577251809,,,MZT,1056.3241288625904,"[{'present new idea': 'Paola introduces the idea of an implantable sensor that measures interferon gamma to detect infections in animals, which is a novel concept in the discussion.', 'expand on existing idea': ""Paola builds upon the previous discussion about sentinel surveillance and sensors by providing details about the sensor's functionality, including measuring interferon gamma, detecting viral infections, and sending radio frequency signals."", 'provide supporting evidence': 'Paola supports the feasibility of the sensor idea by stating that the technology is available to implement it.'}]",59271.0,249,0
2021_09_30_MZT_S4,2021_09_30_MZT_S4,,,"So, um, well, two things because after you finished what you're saying that got me thinking about something else.",,2021_09_30_MZT_S4_MZT,Paola Boggiatto,,,,,1057.6482577251809,1063.2945430637737,,,MZT,1060.4714003944773,"[{'present new idea': 'Paola introduces the idea of an implantable sensor that measures interferon gamma to detect infections in animals, which is a novel concept in the discussion.', 'expand on existing idea': ""Paola builds upon the previous discussion about sentinel surveillance and sensors by providing details about the sensor's functionality, including measuring interferon gamma, detecting viral infections, and sending radio frequency signals."", 'provide supporting evidence': 'Paola supports the feasibility of the sensor idea by stating that the technology is available to implement it.'}]",59271.0,250,0
2021_09_30_MZT_S4,2021_09_30_MZT_S4,,,"But, um, so I I'm currently working on a sensor that is an implantable sensor that would measure say interfering gamma, right?",,2021_09_30_MZT_S4_MZT,Paola Boggiatto,,,,,1063.294543063774,1069.5904010519396,,,MZT,1066.4424720578568,"[{'present new idea': 'Paola introduces the idea of an implantable sensor that measures interferon gamma to detect infections in animals, which is a novel concept in the discussion.', 'expand on existing idea': ""Paola builds upon the previous discussion about sentinel surveillance and sensors by providing details about the sensor's functionality, including measuring interferon gamma, detecting viral infections, and sending radio frequency signals."", 'provide supporting evidence': 'Paola supports the feasibility of the sensor idea by stating that the technology is available to implement it.'}]",59271.0,251,0
2021_09_30_MZT_S4,2021_09_30_MZT_S4,,,"So interfering gamma, I mean that could be anything, right?",,2021_09_30_MZT_S4_MZT,Paola Boggiatto,,,,,1069.5904010519394,1072.5384615384614,,,MZT,1071.0644312952004,"[{'present new idea': 'Paola introduces the idea of an implantable sensor that measures interferon gamma to detect infections in animals, which is a novel concept in the discussion.', 'expand on existing idea': ""Paola builds upon the previous discussion about sentinel surveillance and sensors by providing details about the sensor's functionality, including measuring interferon gamma, detecting viral infections, and sending radio frequency signals."", 'provide supporting evidence': 'Paola supports the feasibility of the sensor idea by stating that the technology is available to implement it.'}]",59271.0,252,0
2021_09_30_MZT_S4,2021_09_30_MZT_S4,,,"Could be viral, could be parasitic, could be bacterial.",,2021_09_30_MZT_S4_MZT,Paola Boggiatto,,,,,1072.5384615384617,1075.2866535174228,,,MZT,1073.9125575279422,"[{'present new idea': 'Paola introduces the idea of an implantable sensor that measures interferon gamma to detect infections in animals, which is a novel concept in the discussion.', 'expand on existing idea': ""Paola builds upon the previous discussion about sentinel surveillance and sensors by providing details about the sensor's functionality, including measuring interferon gamma, detecting viral infections, and sending radio frequency signals."", 'provide supporting evidence': 'Paola supports the feasibility of the sensor idea by stating that the technology is available to implement it.'}]",59271.0,253,0
2021_09_30_MZT_S4,2021_09_30_MZT_S4,,,"Um, but maybe we we switch it over, right?",,2021_09_30_MZT_S4_MZT,Paola Boggiatto,,,,,1075.286653517423,1077.3852728468114,,,MZT,1076.3359631821172,"[{'present new idea': 'Paola introduces the idea of an implantable sensor that measures interferon gamma to detect infections in animals, which is a novel concept in the discussion.', 'expand on existing idea': ""Paola builds upon the previous discussion about sentinel surveillance and sensors by providing details about the sensor's functionality, including measuring interferon gamma, detecting viral infections, and sending radio frequency signals."", 'provide supporting evidence': 'Paola supports the feasibility of the sensor idea by stating that the technology is available to implement it.'}]",59271.0,254,0
2021_09_30_MZT_S4,2021_09_30_MZT_S4,,,"We make it, okay, it's going to be type one interference.",,2021_09_30_MZT_S4_MZT,Paola Boggiatto,,,,,1077.3852728468112,1080.233399079553,,,MZT,1078.809335963182,"[{'present new idea': 'Paola introduces the idea of an implantable sensor that measures interferon gamma to detect infections in animals, which is a novel concept in the discussion.', 'expand on existing idea': ""Paola builds upon the previous discussion about sentinel surveillance and sensors by providing details about the sensor's functionality, including measuring interferon gamma, detecting viral infections, and sending radio frequency signals."", 'provide supporting evidence': 'Paola supports the feasibility of the sensor idea by stating that the technology is available to implement it.'}]",59271.0,255,0
2021_09_30_MZT_S4,2021_09_30_MZT_S4,,,"So, you know, you you put this under the skin of an animal and when that animal gets a viral infection, you don't know what that infection is, uh, that sensor is capable of detecting circulating type one interferon alpha, let's say.",,2021_09_30_MZT_S4_MZT,Paola Boggiatto,,,,,1080.2333990795528,1091.8257725180802,,,MZT,1086.0295857988165,"[{'present new idea': 'Paola introduces the idea of an implantable sensor that measures interferon gamma to detect infections in animals, which is a novel concept in the discussion.', 'expand on existing idea': ""Paola builds upon the previous discussion about sentinel surveillance and sensors by providing details about the sensor's functionality, including measuring interferon gamma, detecting viral infections, and sending radio frequency signals."", 'provide supporting evidence': 'Paola supports the feasibility of the sensor idea by stating that the technology is available to implement it.'}]",59271.0,256,0
2021_09_30_MZT_S4,2021_09_30_MZT_S4,,,"And it triggers a change in that receptor, sends a radio frequency signal that can be read from an, you know, from an RF reader say at a water tank.",,2021_09_30_MZT_S4_MZT,Paola Boggiatto,,,,,1091.8257725180802,1099.2209072978303,,,MZT,1095.5233399079552,"[{'present new idea': 'Paola introduces the idea of an implantable sensor that measures interferon gamma to detect infections in animals, which is a novel concept in the discussion.', 'expand on existing idea': ""Paola builds upon the previous discussion about sentinel surveillance and sensors by providing details about the sensor's functionality, including measuring interferon gamma, detecting viral infections, and sending radio frequency signals."", 'provide supporting evidence': 'Paola supports the feasibility of the sensor idea by stating that the technology is available to implement it.'}]",59271.0,257,0
2021_09_30_MZT_S4,2021_09_30_MZT_S4,,,"Um, you know, inside a dairy at the milking parlor, right?",,2021_09_30_MZT_S4_MZT,Paola Boggiatto,,,,,1099.2209072978305,1102.1190006574623,,,MZT,1100.6699539776464,"[{'present new idea': 'Paola introduces the idea of an implantable sensor that measures interferon gamma to detect infections in animals, which is a novel concept in the discussion.', 'expand on existing idea': ""Paola builds upon the previous discussion about sentinel surveillance and sensors by providing details about the sensor's functionality, including measuring interferon gamma, detecting viral infections, and sending radio frequency signals."", 'provide supporting evidence': 'Paola supports the feasibility of the sensor idea by stating that the technology is available to implement it.'}]",59271.0,258,0
2021_09_30_MZT_S4,2021_09_30_MZT_S4,,,"And it tells you that that animal isn't like something is going on with that animal, right?",,2021_09_30_MZT_S4_MZT,Paola Boggiatto,,,,,1102.119000657462,1106.6660092044708,,,MZT,1104.3925049309664,"[{'present new idea': 'Paola introduces the idea of an implantable sensor that measures interferon gamma to detect infections in animals, which is a novel concept in the discussion.', 'expand on existing idea': ""Paola builds upon the previous discussion about sentinel surveillance and sensors by providing details about the sensor's functionality, including measuring interferon gamma, detecting viral infections, and sending radio frequency signals."", 'provide supporting evidence': 'Paola supports the feasibility of the sensor idea by stating that the technology is available to implement it.'}]",59271.0,259,0
2021_09_30_MZT_S4,2021_09_30_MZT_S4,,,"And it may not tell you what it is, but it tells you that something is wrong with that animal.",,2021_09_30_MZT_S4_MZT,Paola Boggiatto,,,,,1106.6660092044706,1111.36291913215,,,MZT,1109.0144641683103,"[{'present new idea': 'Paola introduces the idea of an implantable sensor that measures interferon gamma to detect infections in animals, which is a novel concept in the discussion.', 'expand on existing idea': ""Paola builds upon the previous discussion about sentinel surveillance and sensors by providing details about the sensor's functionality, including measuring interferon gamma, detecting viral infections, and sending radio frequency signals."", 'provide supporting evidence': 'Paola supports the feasibility of the sensor idea by stating that the technology is available to implement it.'}]",59271.0,260,0
2021_09_30_MZT_S4,2021_09_30_MZT_S4,,,"And again, you can you can um utilize that information with a bunch of other things, right?",,2021_09_30_MZT_S4_MZT,Paola Boggiatto,,,,,1111.3629191321497,1115.9099276791585,,,MZT,1113.636423405654,"[{'present new idea': 'Paola introduces the idea of an implantable sensor that measures interferon gamma to detect infections in animals, which is a novel concept in the discussion.', 'expand on existing idea': ""Paola builds upon the previous discussion about sentinel surveillance and sensors by providing details about the sensor's functionality, including measuring interferon gamma, detecting viral infections, and sending radio frequency signals."", 'provide supporting evidence': 'Paola supports the feasibility of the sensor idea by stating that the technology is available to implement it.'}]",59271.0,261,0
2021_09_30_MZT_S4,2021_09_30_MZT_S4,,,"As I was mentioning before, you know, motion sensor activity, temperature as was being suggested earlier, right?",,2021_09_30_MZT_S4_MZT,Paola Boggiatto,,,,,1115.9099276791583,1121.5062458908612,,,MZT,1118.7080867850098,"[{'present new idea': 'Paola introduces the idea of an implantable sensor that measures interferon gamma to detect infections in animals, which is a novel concept in the discussion.', 'expand on existing idea': ""Paola builds upon the previous discussion about sentinel surveillance and sensors by providing details about the sensor's functionality, including measuring interferon gamma, detecting viral infections, and sending radio frequency signals."", 'provide supporting evidence': 'Paola supports the feasibility of the sensor idea by stating that the technology is available to implement it.'}]",59271.0,262,0
2021_09_30_MZT_S4,2021_09_30_MZT_S4,,,"You can have all these things that are feeding, they're sort of feeding the system.",,2021_09_30_MZT_S4_MZT,Paola Boggiatto,,,,,1121.5062458908612,1125.653517422748,,,MZT,1123.5798816568047,"[{'present new idea': 'Paola introduces the idea of an implantable sensor that measures interferon gamma to detect infections in animals, which is a novel concept in the discussion.', 'expand on existing idea': ""Paola builds upon the previous discussion about sentinel surveillance and sensors by providing details about the sensor's functionality, including measuring interferon gamma, detecting viral infections, and sending radio frequency signals."", 'provide supporting evidence': 'Paola supports the feasibility of the sensor idea by stating that the technology is available to implement it.'}]",59271.0,263,0
2021_09_30_MZT_S4,2021_09_30_MZT_S4,,,"Um, and and yeah, sure.",,2021_09_30_MZT_S4_MZT,Paola Boggiatto,,,,,1125.6535174227479,1126.8027613412228,,,MZT,1126.2281393819853,"[{'present new idea': 'Paola introduces the idea of an implantable sensor that measures interferon gamma to detect infections in animals, which is a novel concept in the discussion.', 'expand on existing idea': ""Paola builds upon the previous discussion about sentinel surveillance and sensors by providing details about the sensor's functionality, including measuring interferon gamma, detecting viral infections, and sending radio frequency signals."", 'provide supporting evidence': 'Paola supports the feasibility of the sensor idea by stating that the technology is available to implement it.'}]",59271.0,264,0
2021_09_30_MZT_S4,2021_09_30_MZT_S4,,,"I I think the answer is, yeah, I think the technology is there, we we could do that.",,2021_09_30_MZT_S4_MZT,Paola Boggiatto,,,,,1126.8027613412228,1131.0,,,MZT,1128.9013806706114,"[{'present new idea': 'Paola introduces the idea of an implantable sensor that measures interferon gamma to detect infections in animals, which is a novel concept in the discussion.', 'expand on existing idea': ""Paola builds upon the previous discussion about sentinel surveillance and sensors by providing details about the sensor's functionality, including measuring interferon gamma, detecting viral infections, and sending radio frequency signals."", 'provide supporting evidence': 'Paola supports the feasibility of the sensor idea by stating that the technology is available to implement it.'}]",59271.0,265,0
2021_09_30_MZT_S4,2021_09_30_MZT_S4,,,"Yeah, that's true.",,2021_09_30_MZT_S4_MZT,Paola Boggiatto,,,,,740.0000000000001,741.5652173913044,,,MZT,740.7826086956522,"[{'express agreement': ""Paola agrees with Laurene's statement that machine learning will go everywhere.""}]",60011.0,266,0
2021_09_30_MZT_S4,2021_09_30_MZT_S4,,,Yeah.,,2021_09_30_MZT_S4_MZT,Paola Boggiatto,,,,,741.5652173913043,742.0,,,MZT,741.7826086956521,"[{'express agreement': ""Paola agrees with Laurene's statement that machine learning will go everywhere.""}]",60011.0,267,0
2021_09_30_MZT_S4,2021_09_30_MZT_S4,,,Yes.,,2021_09_30_MZT_S4_MZT,Paola Boggiatto,,,,,60214.0,60214.0,,,MZT,60214.0,"{'express agreement': ""Paola explicitly agrees with a prior statement, as indicated by her saying 'Yes'.""}",60214.0,268,0
2021_09_30_MZT_S4,2021_09_30_MZT_S4,,,Yes.,,2021_09_30_MZT_S4_MZT,Paola Boggiatto,,,,,60271.0,60271.0,,,MZT,60271.0,{'express agreement': 'Paola explicitly agrees with a prior statement.'},60271.0,269,0
2021_09_30_MZT_S4,2021_09_30_MZT_S4,,,"information that would need to be recorded and sort of fed into a program, an algorithm that can tell you, hey, uh, weather patterns are changing, so it's likely that you're going to have, you know, vector movement.",,2021_09_30_MZT_S4_MZT,Paola Boggiatto,,,,,599.0,611.1953781512605,,,MZT,605.0976890756302,"[{'present new idea': 'Paola introduces the idea of recording information and feeding it into a program to predict vector movement based on changing weather patterns, which is a novel concept in the conversation so far.', 'ask clarifying question': 'Paola asks if there is a way to simplify the complicated process of predicting vector movement based on weather patterns, seeking a solution to the complexity she describes.'}]",60870.0,270,0
2021_09_30_MZT_S4,2021_09_30_MZT_S4,,,"And if we have vector movement, then you probably have more, you know, interaction with the host, you know, etc.",,2021_09_30_MZT_S4_MZT,Paola Boggiatto,,,,,611.1953781512606,617.5483193277311,,,MZT,614.3718487394958,"[{'present new idea': 'Paola introduces the idea of recording information and feeding it into a program to predict vector movement based on changing weather patterns, which is a novel concept in the conversation so far.', 'ask clarifying question': 'Paola asks if there is a way to simplify the complicated process of predicting vector movement based on weather patterns, seeking a solution to the complexity she describes.'}]",60870.0,271,0
2021_09_30_MZT_S4,2021_09_30_MZT_S4,,,"So, so we start to get complicated.",,2021_09_30_MZT_S4_MZT,Paola Boggiatto,,,,,617.5483193277311,619.5336134453781,,,MZT,618.5409663865546,"[{'present new idea': 'Paola introduces the idea of recording information and feeding it into a program to predict vector movement based on changing weather patterns, which is a novel concept in the conversation so far.', 'ask clarifying question': 'Paola asks if there is a way to simplify the complicated process of predicting vector movement based on weather patterns, seeking a solution to the complexity she describes.'}]",60870.0,272,0
2021_09_30_MZT_S4,2021_09_30_MZT_S4,,,"So is there a way that we can simplify that process and and I don't know what the answer to that is, honestly, so.",,2021_09_30_MZT_S4_MZT,Paola Boggiatto,,,,,619.5336134453783,626.0,,,MZT,622.7668067226891,"[{'present new idea': 'Paola introduces the idea of recording information and feeding it into a program to predict vector movement based on changing weather patterns, which is a novel concept in the conversation so far.', 'ask clarifying question': 'Paola asks if there is a way to simplify the complicated process of predicting vector movement based on weather patterns, seeking a solution to the complexity she describes.'}]",60870.0,273,0
2021_09_30_MZT_S4,2021_09_30_MZT_S4,,,I work on food matrix and each one is another one set of problem.,,2021_09_30_MZT_S4_MZT,Prashant Singh,,,,,649.9999999999999,655.4347826086956,,,MZT,652.7173913043478,"{'present new idea': ""The speaker introduces the idea of developing a universal method that works for everything, which hasn't been explicitly discussed before."", 'explain or define term or concept': ""The speaker defines 'UDP universal dual label proof essays', which is a term they use for their method."", 'provide supporting evidence': 'The speaker supports the idea of a universal method by mentioning they are doing validation for all S tech zero groups and salmonella and foodborne pathogens, and that it helps to reduce the cost and scale it up.', 'expand on existing idea': 'The speaker expands on the idea of a universal method by discussing the trade-offs and challenges associated with it, such as it not working as great as a specific one but being more scalable and cost-effective.'}",60921.0,274,0
2021_09_30_MZT_S4,2021_09_30_MZT_S4,,,But what I have been working and I just finished writing the manuscript.,,2021_09_30_MZT_S4_MZT,Prashant Singh,,,,,655.4347826086957,661.4548494983278,,,MZT,658.4448160535118,"{'present new idea': ""The speaker introduces the idea of developing a universal method that works for everything, which hasn't been explicitly discussed before."", 'explain or define term or concept': ""The speaker defines 'UDP universal dual label proof essays', which is a term they use for their method."", 'provide supporting evidence': 'The speaker supports the idea of a universal method by mentioning they are doing validation for all S tech zero groups and salmonella and foodborne pathogens, and that it helps to reduce the cost and scale it up.', 'expand on existing idea': 'The speaker expands on the idea of a universal method by discussing the trade-offs and challenges associated with it, such as it not working as great as a specific one but being more scalable and cost-effective.'}",60921.0,275,0
2021_09_30_MZT_S4,2021_09_30_MZT_S4,,,The idea was to develop something universal so which works for everything.,,2021_09_30_MZT_S4_MZT,Prashant Singh,,,,,661.4548494983277,667.6421404682275,,,MZT,664.5484949832776,"{'present new idea': ""The speaker introduces the idea of developing a universal method that works for everything, which hasn't been explicitly discussed before."", 'explain or define term or concept': ""The speaker defines 'UDP universal dual label proof essays', which is a term they use for their method."", 'provide supporting evidence': 'The speaker supports the idea of a universal method by mentioning they are doing validation for all S tech zero groups and salmonella and foodborne pathogens, and that it helps to reduce the cost and scale it up.', 'expand on existing idea': 'The speaker expands on the idea of a universal method by discussing the trade-offs and challenges associated with it, such as it not working as great as a specific one but being more scalable and cost-effective.'}",60921.0,276,0
2021_09_30_MZT_S4,2021_09_30_MZT_S4,,,"So yeah, there's a when we go universal route, there's a trade off that it cannot it won't work as great as the specific one, but it helps to reduce the cost and then it helps to scale it up.",,2021_09_30_MZT_S4_MZT,Prashant Singh,,,,,667.6421404682275,683.6120401337793,,,MZT,675.6270903010034,"{'present new idea': ""The speaker introduces the idea of developing a universal method that works for everything, which hasn't been explicitly discussed before."", 'explain or define term or concept': ""The speaker defines 'UDP universal dual label proof essays', which is a term they use for their method."", 'provide supporting evidence': 'The speaker supports the idea of a universal method by mentioning they are doing validation for all S tech zero groups and salmonella and foodborne pathogens, and that it helps to reduce the cost and scale it up.', 'expand on existing idea': 'The speaker expands on the idea of a universal method by discussing the trade-offs and challenges associated with it, such as it not working as great as a specific one but being more scalable and cost-effective.'}",60921.0,277,0
2021_09_30_MZT_S4,2021_09_30_MZT_S4,,,So we worked about method and we are doing validation for all S tech zero groups and salmonella and foodborne pathogens.,,2021_09_30_MZT_S4_MZT,Prashant Singh,,,,,683.6120401337791,693.6454849498327,,,MZT,688.6287625418059,"{'present new idea': ""The speaker introduces the idea of developing a universal method that works for everything, which hasn't been explicitly discussed before."", 'explain or define term or concept': ""The speaker defines 'UDP universal dual label proof essays', which is a term they use for their method."", 'provide supporting evidence': 'The speaker supports the idea of a universal method by mentioning they are doing validation for all S tech zero groups and salmonella and foodborne pathogens, and that it helps to reduce the cost and scale it up.', 'expand on existing idea': 'The speaker expands on the idea of a universal method by discussing the trade-offs and challenges associated with it, such as it not working as great as a specific one but being more scalable and cost-effective.'}",60921.0,278,0
2021_09_30_MZT_S4,2021_09_30_MZT_S4,,,So we call it UDP universal dual label proof essays.,,2021_09_30_MZT_S4_MZT,Prashant Singh,,,,,693.6454849498327,697.9933110367892,,,MZT,695.819397993311,"{'present new idea': ""The speaker introduces the idea of developing a universal method that works for everything, which hasn't been explicitly discussed before."", 'explain or define term or concept': ""The speaker defines 'UDP universal dual label proof essays', which is a term they use for their method."", 'provide supporting evidence': 'The speaker supports the idea of a universal method by mentioning they are doing validation for all S tech zero groups and salmonella and foodborne pathogens, and that it helps to reduce the cost and scale it up.', 'expand on existing idea': 'The speaker expands on the idea of a universal method by discussing the trade-offs and challenges associated with it, such as it not working as great as a specific one but being more scalable and cost-effective.'}",60921.0,279,0
2021_09_30_MZT_S4,2021_09_30_MZT_S4,,,"So what we found that we have challenges when we go into complicated matrix, but they were working fine with the all pure culture isolates.",,2021_09_30_MZT_S4_MZT,Prashant Singh,,,,,697.9933110367894,709.6153846153846,,,MZT,703.804347826087,"{'present new idea': ""The speaker introduces the idea of developing a universal method that works for everything, which hasn't been explicitly discussed before."", 'explain or define term or concept': ""The speaker defines 'UDP universal dual label proof essays', which is a term they use for their method."", 'provide supporting evidence': 'The speaker supports the idea of a universal method by mentioning they are doing validation for all S tech zero groups and salmonella and foodborne pathogens, and that it helps to reduce the cost and scale it up.', 'expand on existing idea': 'The speaker expands on the idea of a universal method by discussing the trade-offs and challenges associated with it, such as it not working as great as a specific one but being more scalable and cost-effective.'}",60921.0,280,0
2021_09_30_MZT_S4,2021_09_30_MZT_S4,,,So that's what I am up to.,,2021_09_30_MZT_S4_MZT,Prashant Singh,,,,,709.6153846153846,711.7892976588629,,,MZT,710.7023411371238,"{'present new idea': ""The speaker introduces the idea of developing a universal method that works for everything, which hasn't been explicitly discussed before."", 'explain or define term or concept': ""The speaker defines 'UDP universal dual label proof essays', which is a term they use for their method."", 'provide supporting evidence': 'The speaker supports the idea of a universal method by mentioning they are doing validation for all S tech zero groups and salmonella and foodborne pathogens, and that it helps to reduce the cost and scale it up.', 'expand on existing idea': 'The speaker expands on the idea of a universal method by discussing the trade-offs and challenges associated with it, such as it not working as great as a specific one but being more scalable and cost-effective.'}",60921.0,281,0
2021_09_30_MZT_S4,2021_09_30_MZT_S4,,,"And I think I figured out the challenges with food also, so that will be wrapping it up that one way to solve it something universal which is mass producible.",,2021_09_30_MZT_S4_MZT,Prashant Singh,,,,,711.7892976588628,725.0,,,MZT,718.3946488294314,"{'present new idea': ""The speaker introduces the idea of developing a universal method that works for everything, which hasn't been explicitly discussed before."", 'explain or define term or concept': ""The speaker defines 'UDP universal dual label proof essays', which is a term they use for their method."", 'provide supporting evidence': 'The speaker supports the idea of a universal method by mentioning they are doing validation for all S tech zero groups and salmonella and foodborne pathogens, and that it helps to reduce the cost and scale it up.', 'expand on existing idea': 'The speaker expands on the idea of a universal method by discussing the trade-offs and challenges associated with it, such as it not working as great as a specific one but being more scalable and cost-effective.'}",60921.0,282,0
2021_09_30_MZT_S4,2021_09_30_MZT_S4,,,Screening.,,2021_09_30_MZT_S4_MZT,Prashant Singh,,,,,61201.0,61201.0,,,MZT,61201.0,"[{'present new idea': ""Prashant is suggesting 'screening' as a new idea, likely in the context of the discussion about disease detection systems and infrastructure needs.""}]",61201.0,283,0
2021_09_30_MZT_S4,2021_09_30_MZT_S4,,,Then we have data to normalize it.,,2021_09_30_MZT_S4_MZT,Prashant Singh,,,,,660.0,663.7777777777778,,,MZT,661.8888888888889,"[{'provide supporting evidence': 'Prashant states that they have data to normalize, which supports the idea of using body temperature as a simple indicator, building on his previous turn.'}, {'explain or define term or concept': ""Prashant explains what he means by 'ever normal' in the context of collecting data regularly, clarifying the concept for the group.""}]",61861.0,284,0
2021_09_30_MZT_S4,2021_09_30_MZT_S4,,,This is ever normal.,,2021_09_30_MZT_S4_MZT,Prashant Singh,,,,,663.7777777777778,666.0,,,MZT,664.8888888888889,"[{'provide supporting evidence': 'Prashant states that they have data to normalize, which supports the idea of using body temperature as a simple indicator, building on his previous turn.'}, {'explain or define term or concept': ""Prashant explains what he means by 'ever normal' in the context of collecting data regularly, clarifying the concept for the group.""}]",61861.0,285,0
2021_09_30_MZT_S4,2021_09_30_MZT_S4,,,"behavior, we just need one simple thing, something simple as body temp.",,2021_09_30_MZT_S4_MZT,Prashant Singh,,,,,630.0,636.7127272727273,,,MZT,633.3563636363637,"{'present new idea': ""Prashant introduces the idea of using body temperature as a simple metric for surveillance, which hasn't been explicitly discussed before."", 'provide supporting evidence': 'Prashant supports his idea by mentioning the availability of gadgets that can easily collect and transmit body temperature data from animals on a farm, implying feasibility and practicality.', 'expand on existing idea': 'Prashant expands on the idea of using body temperature by explaining how regular data collection can establish a baseline for normal body temperature in animals, allowing for the detection of deviations.'}",62491.0,286,0
2021_09_30_MZT_S4,2021_09_30_MZT_S4,,,"So we collect the data because there are gadgets which will send the body temp to it's easy to collect on a farm and these animals have ever normal, like if we are collecting data regularly, we know that.",,2021_09_30_MZT_S4_MZT,Prashant Singh,,,,,636.7127272727273,656.0,,,MZT,646.3563636363637,"{'present new idea': ""Prashant introduces the idea of using body temperature as a simple metric for surveillance, which hasn't been explicitly discussed before."", 'provide supporting evidence': 'Prashant supports his idea by mentioning the availability of gadgets that can easily collect and transmit body temperature data from animals on a farm, implying feasibility and practicality.', 'expand on existing idea': 'Prashant expands on the idea of using body temperature by explaining how regular data collection can establish a baseline for normal body temperature in animals, allowing for the detection of deviations.'}",62491.0,287,0
2021_09_30_MZT_S4,2021_09_30_MZT_S4,,,"I think if the formatting is such that you can't can't um just kind of back space to get rid of that white space, sometimes if you go and you shift and enter at the same time, it will get rid of that white space so that you don't have that big gap.",,2021_09_30_MZT_S4_MZT,Sandra Laney,,,,,1010.0,1025.0,,,MZT,1017.5,"[{'explain or define term or concept': 'Sandra is explaining a specific formatting tip to remove white space, which is a technical concept related to document editing.'}]",62871.0,288,0
2021_09_30_MZT_S4,2021_09_30_MZT_S4,,,"Right. maybe some preliminary testing, you know, pre scanning.",,2021_09_30_MZT_S4_MZT,Yanling Chang,,,,,967.0,975.0,,,MZT,971.0,"{'expand on existing idea': ""Chang is expanding on Laurene's idea to use machine learning and AI, suggesting preliminary testing or pre-scanning as a specific application of those technologies.""}",63838.0,289,0
2021_09_30_MZT_S4,2021_09_30_MZT_S4,,,"Yeah, or maybe also include the human resources.",,2021_09_30_MZT_S4_MZT,Yanling Chang,,,,,870.0,876.0,,,MZT,873.0,{'expand on existing idea': 'Chang is building on the previous discussion about infrastructure needs for detection systems by suggesting the inclusion of human resources as a key component.'},64708.0,290,0
