conference,session,source_row_index,sent_index_in_row,sentence,dialogue_act,global_session,speaker,timestamp,global_start_sec,global_end_sec,clip_number,sent_start_sec_est,sent_end_sec_est,global_start_sec_y,global_end_sec_y,session_core,sent_time_sec,annotations,global_timestamp_sec,_utter_row,_sent_idx
2021_05_20_ABI_S4,2021_05_20_ABI_S4,,,"Hi, I'm Alex.",,2021_05_20_ABI_S4_ABI,Alexandra Walsh,,,,,763.9999999999999,764.952229299363,,,ABI,764.4761146496814,"{'explain or define term or concept': 'The speaker explains that they are looking at label free stuff, which are molecules already in cells like NADH and FAD, to study cellular metabolism, clarifying the type of microscopy they use.'}",764.0,0,0
2021_05_20_ABI_S4,2021_05_20_ABI_S4,,,I'm at Texas A&M University and I do optical microscopy.,,2021_05_20_ABI_S4_ABI,Alexandra Walsh,,,,,764.9522292993631,769.0541401273886,,,ABI,767.0031847133758,"{'explain or define term or concept': 'The speaker explains that they are looking at label free stuff, which are molecules already in cells like NADH and FAD, to study cellular metabolism, clarifying the type of microscopy they use.'}",764.0,1,0
2021_05_20_ABI_S4,2021_05_20_ABI_S4,,,"Mostly looking at label free stuff, so molecules that are already in your cells like NADH and FAD to study cellular metabolism.",,2021_05_20_ABI_S4_ABI,Alexandra Walsh,,,,,769.0541401273886,778.3566878980891,,,ABI,773.7054140127389,"{'explain or define term or concept': 'The speaker explains that they are looking at label free stuff, which are molecules already in cells like NADH and FAD, to study cellular metabolism, clarifying the type of microscopy they use.'}",764.0,2,0
2021_05_20_ABI_S4,2021_05_20_ABI_S4,,,And we do that for a variety of applications including drug response in cancer and studying laser tissue interactions.,,2021_05_20_ABI_S4_ABI,Alexandra Walsh,,,,,778.3566878980891,787.0,,,ABI,782.6783439490446,"{'explain or define term or concept': 'The speaker explains that they are looking at label free stuff, which are molecules already in cells like NADH and FAD, to study cellular metabolism, clarifying the type of microscopy they use.'}",764.0,3,0
2021_05_20_ABI_S4,2021_05_20_ABI_S4,,,Right.,,2021_05_20_ABI_S4_ABI,Alexandra Walsh,,,,,665.0,665.5454545454545,,,ABI,665.2727272727273,"[{'express agreement': ""Alex Walsh is expressing agreement with Maryellen Giger's statement about having domain experts, which was confirmed in the previous turn.""}]",1429.0,4,0
2021_05_20_ABI_S4,2021_05_20_ABI_S4,,,Yeah.,,2021_05_20_ABI_S4_ABI,Alexandra Walsh,,,,,665.5454545454545,666.0,,,ABI,665.7727272727273,"[{'express agreement': ""Alex Walsh is expressing agreement with Maryellen Giger's statement about having domain experts, which was confirmed in the previous turn.""}]",1429.0,5,0
2021_05_20_ABI_S4,2021_05_20_ABI_S4,,,"Yeah, I think my limitations are how much data do I need and we already have that on there.",,2021_05_20_ABI_S4_ABI,Alexandra Walsh,,,,,653.0,660.0,,,ABI,656.5,"[{'acknowledge contribution': 'Alex acknowledges that the question of how much data is needed has already been brought up, recognizing a prior contribution to the discussion.'}]",2082.0,6,0
2021_05_20_ABI_S4,2021_05_20_ABI_S4,,,"Yeah, we do a lot of circling cells.",,2021_05_20_ABI_S4_ABI,Alexandra Walsh,,,,,739.0,741.6547811993516,,,ABI,740.3273905996758,"[{'provide supporting evidence': 'Alex describes their experience with auto fluorescence imaging and the challenges of low signal-to-noise ratios, supporting the need for AI in processing such data, which was previously discussed.'}, {'express agreement': ""Alex explicitly agrees with Paris's point about integrating domain knowledge into AI pipelines, indicating agreement with a previously stated idea.""}, {'expand on existing idea': ""Alex expands on the idea of integrating domain knowledge by providing a specific example of how biological and physical boundaries can be incorporated into AI for cell segmentation, building upon Paris's earlier point.""}, {'offer constructive criticism': ""Alex offers constructive criticism by suggesting that AI systems should flag segmentation results that violate known biological or physical boundaries, aiming to improve the accuracy and reliability of the AI's output.""}]",2168.0,7,0
2021_05_20_ABI_S4,2021_05_20_ABI_S4,,,"Um, yeah, we do auto fluorescence imaging, so it's low very low signal to noise and that creates a challenge for automated ways to process our data.",,2021_05_20_ABI_S4_ABI,Alexandra Walsh,,,,,741.6547811993518,752.5688816855753,,,ABI,747.1118314424635,"[{'provide supporting evidence': 'Alex describes their experience with auto fluorescence imaging and the challenges of low signal-to-noise ratios, supporting the need for AI in processing such data, which was previously discussed.'}, {'express agreement': ""Alex explicitly agrees with Paris's point about integrating domain knowledge into AI pipelines, indicating agreement with a previously stated idea.""}, {'expand on existing idea': ""Alex expands on the idea of integrating domain knowledge by providing a specific example of how biological and physical boundaries can be incorporated into AI for cell segmentation, building upon Paris's earlier point.""}, {'offer constructive criticism': ""Alex offers constructive criticism by suggesting that AI systems should flag segmentation results that violate known biological or physical boundaries, aiming to improve the accuracy and reliability of the AI's output.""}]",2168.0,8,0
2021_05_20_ABI_S4,2021_05_20_ABI_S4,,,"And so we can see the patterns, but it's very hard to train traditional pipelines to do the segmentation.",,2021_05_20_ABI_S4_ABI,Alexandra Walsh,,,,,752.5688816855753,760.3119935170179,,,ABI,756.4404376012966,"[{'provide supporting evidence': 'Alex describes their experience with auto fluorescence imaging and the challenges of low signal-to-noise ratios, supporting the need for AI in processing such data, which was previously discussed.'}, {'express agreement': ""Alex explicitly agrees with Paris's point about integrating domain knowledge into AI pipelines, indicating agreement with a previously stated idea.""}, {'expand on existing idea': ""Alex expands on the idea of integrating domain knowledge by providing a specific example of how biological and physical boundaries can be incorporated into AI for cell segmentation, building upon Paris's earlier point.""}, {'offer constructive criticism': ""Alex offers constructive criticism by suggesting that AI systems should flag segmentation results that violate known biological or physical boundaries, aiming to improve the accuracy and reliability of the AI's output.""}]",2168.0,9,0
2021_05_20_ABI_S4,2021_05_20_ABI_S4,,,So that's why we've been working with AI.,,2021_05_20_ABI_S4_ABI,Alexandra Walsh,,,,,760.3119935170179,763.3354943273906,,,ABI,761.8237439222042,"[{'provide supporting evidence': 'Alex describes their experience with auto fluorescence imaging and the challenges of low signal-to-noise ratios, supporting the need for AI in processing such data, which was previously discussed.'}, {'express agreement': ""Alex explicitly agrees with Paris's point about integrating domain knowledge into AI pipelines, indicating agreement with a previously stated idea.""}, {'expand on existing idea': ""Alex expands on the idea of integrating domain knowledge by providing a specific example of how biological and physical boundaries can be incorporated into AI for cell segmentation, building upon Paris's earlier point.""}, {'offer constructive criticism': ""Alex offers constructive criticism by suggesting that AI systems should flag segmentation results that violate known biological or physical boundaries, aiming to improve the accuracy and reliability of the AI's output.""}]",2168.0,10,0
2021_05_20_ABI_S4,2021_05_20_ABI_S4,,,"And actually, I really like Paris's point and you worded that much better than I was going to.",,2021_05_20_ABI_S4_ABI,Alexandra Walsh,,,,,763.3354943273905,770.2674230145867,,,ABI,766.8014586709886,"[{'provide supporting evidence': 'Alex describes their experience with auto fluorescence imaging and the challenges of low signal-to-noise ratios, supporting the need for AI in processing such data, which was previously discussed.'}, {'express agreement': ""Alex explicitly agrees with Paris's point about integrating domain knowledge into AI pipelines, indicating agreement with a previously stated idea.""}, {'expand on existing idea': ""Alex expands on the idea of integrating domain knowledge by providing a specific example of how biological and physical boundaries can be incorporated into AI for cell segmentation, building upon Paris's earlier point.""}, {'offer constructive criticism': ""Alex offers constructive criticism by suggesting that AI systems should flag segmentation results that violate known biological or physical boundaries, aiming to improve the accuracy and reliability of the AI's output.""}]",2168.0,11,0
2021_05_20_ABI_S4,2021_05_20_ABI_S4,,,"Um, but my first interactions with AI and microscopy was stuff to for noise removal and um improving resolution and lowering laser power and stuff and I was just blown away by that work.",,2021_05_20_ABI_S4_ABI,Alexandra Walsh,,,,,770.2674230145868,783.9837925445705,,,ABI,777.1256077795787,"[{'provide supporting evidence': 'Alex describes their experience with auto fluorescence imaging and the challenges of low signal-to-noise ratios, supporting the need for AI in processing such data, which was previously discussed.'}, {'express agreement': ""Alex explicitly agrees with Paris's point about integrating domain knowledge into AI pipelines, indicating agreement with a previously stated idea.""}, {'expand on existing idea': ""Alex expands on the idea of integrating domain knowledge by providing a specific example of how biological and physical boundaries can be incorporated into AI for cell segmentation, building upon Paris's earlier point.""}, {'offer constructive criticism': ""Alex offers constructive criticism by suggesting that AI systems should flag segmentation results that violate known biological or physical boundaries, aiming to improve the accuracy and reliability of the AI's output.""}]",2168.0,12,0
2021_05_20_ABI_S4,2021_05_20_ABI_S4,,,"And but I have right the same we know we know physical and biological boundaries on these conditions and I would like to see more integration of that into AI like if I'm segmenting a cell and it puts the nucleus, you know, right up against the edge of the cell, that's probably not where the nucleus is, right?",,2021_05_20_ABI_S4_ABI,Alexandra Walsh,,,,,783.9837925445705,806.8444084278768,,,ABI,795.4141004862237,"[{'provide supporting evidence': 'Alex describes their experience with auto fluorescence imaging and the challenges of low signal-to-noise ratios, supporting the need for AI in processing such data, which was previously discussed.'}, {'express agreement': ""Alex explicitly agrees with Paris's point about integrating domain knowledge into AI pipelines, indicating agreement with a previously stated idea.""}, {'expand on existing idea': ""Alex expands on the idea of integrating domain knowledge by providing a specific example of how biological and physical boundaries can be incorporated into AI for cell segmentation, building upon Paris's earlier point.""}, {'offer constructive criticism': ""Alex offers constructive criticism by suggesting that AI systems should flag segmentation results that violate known biological or physical boundaries, aiming to improve the accuracy and reliability of the AI's output.""}]",2168.0,13,0
2021_05_20_ABI_S4,2021_05_20_ABI_S4,,,It's more in the center.,,2021_05_20_ABI_S4_ABI,Alexandra Walsh,,,,,806.8444084278768,808.614262560778,,,ABI,807.7293354943274,"[{'provide supporting evidence': 'Alex describes their experience with auto fluorescence imaging and the challenges of low signal-to-noise ratios, supporting the need for AI in processing such data, which was previously discussed.'}, {'express agreement': ""Alex explicitly agrees with Paris's point about integrating domain knowledge into AI pipelines, indicating agreement with a previously stated idea.""}, {'expand on existing idea': ""Alex expands on the idea of integrating domain knowledge by providing a specific example of how biological and physical boundaries can be incorporated into AI for cell segmentation, building upon Paris's earlier point.""}, {'offer constructive criticism': ""Alex offers constructive criticism by suggesting that AI systems should flag segmentation results that violate known biological or physical boundaries, aiming to improve the accuracy and reliability of the AI's output.""}]",2168.0,14,0
2021_05_20_ABI_S4,2021_05_20_ABI_S4,,,So how can we incorporate these things that we know um are are biological or physical boundaries and have the AI say like flag that oh that can't be right.,,2021_05_20_ABI_S4_ABI,Alexandra Walsh,,,,,808.614262560778,820.0445705024312,,,ABI,814.3294165316046,"[{'provide supporting evidence': 'Alex describes their experience with auto fluorescence imaging and the challenges of low signal-to-noise ratios, supporting the need for AI in processing such data, which was previously discussed.'}, {'express agreement': ""Alex explicitly agrees with Paris's point about integrating domain knowledge into AI pipelines, indicating agreement with a previously stated idea.""}, {'expand on existing idea': ""Alex expands on the idea of integrating domain knowledge by providing a specific example of how biological and physical boundaries can be incorporated into AI for cell segmentation, building upon Paris's earlier point.""}, {'offer constructive criticism': ""Alex offers constructive criticism by suggesting that AI systems should flag segmentation results that violate known biological or physical boundaries, aiming to improve the accuracy and reliability of the AI's output.""}]",2168.0,15,0
2021_05_20_ABI_S4,2021_05_20_ABI_S4,,,Let's try again.,,2021_05_20_ABI_S4_ABI,Alexandra Walsh,,,,,820.044570502431,821.2244732576985,,,ABI,820.6345218800648,"[{'provide supporting evidence': 'Alex describes their experience with auto fluorescence imaging and the challenges of low signal-to-noise ratios, supporting the need for AI in processing such data, which was previously discussed.'}, {'express agreement': ""Alex explicitly agrees with Paris's point about integrating domain knowledge into AI pipelines, indicating agreement with a previously stated idea.""}, {'expand on existing idea': ""Alex expands on the idea of integrating domain knowledge by providing a specific example of how biological and physical boundaries can be incorporated into AI for cell segmentation, building upon Paris's earlier point.""}, {'offer constructive criticism': ""Alex offers constructive criticism by suggesting that AI systems should flag segmentation results that violate known biological or physical boundaries, aiming to improve the accuracy and reliability of the AI's output.""}]",2168.0,16,0
2021_05_20_ABI_S4,2021_05_20_ABI_S4,,,"Um, I think that gets into your errors, you know, what errors do we tolerate and how can we improve and minimize those.",,2021_05_20_ABI_S4_ABI,Alexandra Walsh,,,,,821.2244732576985,830.0,,,ABI,825.6122366288492,"[{'provide supporting evidence': 'Alex describes their experience with auto fluorescence imaging and the challenges of low signal-to-noise ratios, supporting the need for AI in processing such data, which was previously discussed.'}, {'express agreement': ""Alex explicitly agrees with Paris's point about integrating domain knowledge into AI pipelines, indicating agreement with a previously stated idea.""}, {'expand on existing idea': ""Alex expands on the idea of integrating domain knowledge by providing a specific example of how biological and physical boundaries can be incorporated into AI for cell segmentation, building upon Paris's earlier point.""}, {'offer constructive criticism': ""Alex offers constructive criticism by suggesting that AI systems should flag segmentation results that violate known biological or physical boundaries, aiming to improve the accuracy and reliability of the AI's output.""}]",2168.0,17,0
2021_05_20_ABI_S4,2021_05_20_ABI_S4,,,"Um probably better images, right?",,2021_05_20_ABI_S4_ABI,Carolyn Bayer,,,,,923.0000000000001,925.2871287128713,,,ABI,924.1435643564357,"{'expand on existing idea': 'Carolyn is expanding on the previous discussion about the challenges of knowing the ground truth when imaging biological processes and clinical images, suggesting that better images would improve the situation.', 'provide supporting evidence': 'Carolyn supports her idea by stating that they are all looking at the problem through the ""image lens"", implying that the quality of the images is a fundamental factor in their work.'}",2352.0,18,0
2021_05_20_ABI_S4,2021_05_20_ABI_S4,,,"Like since we're we're all looking at it with the image lens, right?",,2021_05_20_ABI_S4_ABI,Carolyn Bayer,,,,,925.2871287128712,930.0,,,ABI,927.6435643564356,"{'expand on existing idea': 'Carolyn is expanding on the previous discussion about the challenges of knowing the ground truth when imaging biological processes and clinical images, suggesting that better images would improve the situation.', 'provide supporting evidence': 'Carolyn supports her idea by stating that they are all looking at the problem through the ""image lens"", implying that the quality of the images is a fundamental factor in their work.'}",2352.0,19,0
2021_05_20_ABI_S4,2021_05_20_ABI_S4,,,"Yeah, I think I feel like since we're often imaging biological processes and looking at clinical images, um really knowing what ground truth is, um can be very challenging.",,2021_05_20_ABI_S4_ABI,Carolyn Bayer,,,,,880.0,895.1477272727273,,,ABI,887.5738636363636,"{'present new idea': 'The speaker introduces the challenge of knowing the ground truth when imaging biological processes and clinical images, which is a novel point in the discussion.', 'provide supporting evidence': 'The speaker supports the idea that knowing the ground truth is challenging by mentioning that pathology, which is often correlated to the result, may not always be accurate.'}",3232.0,20,0
2021_05_20_ABI_S4,2021_05_20_ABI_S4,,,"Um it's not, you know, often the result might be correlated to pathology for example, if you're looking at cancer, but you don't really know that that pathology is accurate either.",,2021_05_20_ABI_S4_ABI,Carolyn Bayer,,,,,895.1477272727273,911.0,,,ABI,903.0738636363636,"{'present new idea': 'The speaker introduces the challenge of knowing the ground truth when imaging biological processes and clinical images, which is a novel point in the discussion.', 'provide supporting evidence': 'The speaker supports the idea that knowing the ground truth is challenging by mentioning that pathology, which is often correlated to the result, may not always be accurate.'}",3232.0,21,0
2021_05_20_ABI_S4,2021_05_20_ABI_S4,,,"Yeah, I'm Carolyn Bayer.",,2021_05_20_ABI_S4_ABI,Carolyn Bayer,,,,,687.0,688.9521531100479,,,ABI,687.976076555024,"[{'explain or define term or concept': 'Carolyn is introducing herself and her research area, which involves explaining her field of study.'}]",3919.0,22,0
2021_05_20_ABI_S4,2021_05_20_ABI_S4,,,Um my research is in photoacoustic imaging.,,2021_05_20_ABI_S4_ABI,Carolyn Bayer,,,,,688.9521531100478,692.4497607655502,,,ABI,690.700956937799,"[{'explain or define term or concept': 'Carolyn is introducing herself and her research area, which involves explaining her field of study.'}]",3919.0,23,0
2021_05_20_ABI_S4,2021_05_20_ABI_S4,,,Um I'm at Tulane University.,,2021_05_20_ABI_S4_ABI,Carolyn Bayer,,,,,692.4497607655503,694.7272727272727,,,ABI,693.5885167464115,"[{'explain or define term or concept': 'Carolyn is introducing herself and her research area, which involves explaining her field of study.'}]",3919.0,24,0
2021_05_20_ABI_S4,2021_05_20_ABI_S4,,,Um much of our work is focused on imaging the placenta for pregnancy and development.,,2021_05_20_ABI_S4_ABI,Carolyn Bayer,,,,,694.7272727272726,701.6411483253588,,,ABI,698.1842105263157,"[{'explain or define term or concept': 'Carolyn is introducing herself and her research area, which involves explaining her field of study.'}]",3919.0,25,0
2021_05_20_ABI_S4,2021_05_20_ABI_S4,,,Um but nice meeting everyone.,,2021_05_20_ABI_S4_ABI,Carolyn Bayer,,,,,701.6411483253589,704.0,,,ABI,702.8205741626795,"[{'explain or define term or concept': 'Carolyn is introducing herself and her research area, which involves explaining her field of study.'}]",3919.0,26,0
2021_05_20_ABI_S4,2021_05_20_ABI_S4,,,"Yeah, no, so I was nodding because um so I I'm also focused more on the imaging and instrumentation side.",,2021_05_20_ABI_S4_ABI,Carolyn Bayer,,,,,928.0,939.6170212765958,,,ABI,933.8085106382979,"[{'express agreement': ""Carolyn agrees with Maryellen's point about preprocessing data to help AI learn, indicating that the idea resonates with her experience.""}]",4160.0,27,0
2021_05_20_ABI_S4,2021_05_20_ABI_S4,,,"Um, but I work with collaborators that um do more of the sort of machine learning or, you know, neural network development.",,2021_05_20_ABI_S4_ABI,Carolyn Bayer,,,,,939.6170212765957,953.2255319148936,,,ABI,946.4212765957446,"[{'express agreement': ""Carolyn agrees with Maryellen's point about preprocessing data to help AI learn, indicating that the idea resonates with her experience.""}]",4160.0,28,0
2021_05_20_ABI_S4,2021_05_20_ABI_S4,,,"And um, you know, that's that definitely resonates that you have sometimes picked a data set to show a specific thing, right?",,2021_05_20_ABI_S4_ABI,Carolyn Bayer,,,,,953.2255319148937,967.0553191489362,,,ABI,960.140425531915,"[{'express agreement': ""Carolyn agrees with Maryellen's point about preprocessing data to help AI learn, indicating that the idea resonates with her experience.""}]",4160.0,29,0
2021_05_20_ABI_S4,2021_05_20_ABI_S4,,,"Um, and that data set obviously then may not be representative of what that algorithm is actually going to encounter.",,2021_05_20_ABI_S4_ABI,Carolyn Bayer,,,,,967.0553191489362,980.0,,,ABI,973.5276595744681,"[{'express agreement': ""Carolyn agrees with Maryellen's point about preprocessing data to help AI learn, indicating that the idea resonates with her experience.""}]",4160.0,30,0
2021_05_20_ABI_S4,2021_05_20_ABI_S4,,,"Hi yes, so I'm Gergis Obaid.",,2021_05_20_ABI_S4_ABI,Gergis Obaid,,,,,736.0,739.4111675126903,,,ABI,737.7055837563452,"{'explain or define term or concept': 'Gergis is explaining his role and research area to the group, defining his focus on molecular targeted nanoparticles for photodynamic cancer therapy, which is a concept that may be new to some members.'}",4896.0,31,0
2021_05_20_ABI_S4,2021_05_20_ABI_S4,,,I'm assistant professor at University of Texas at Dallas.,,2021_05_20_ABI_S4_ABI,Gergis Obaid,,,,,739.4111675126904,746.3553299492386,,,ABI,742.8832487309645,"{'explain or define term or concept': 'Gergis is explaining his role and research area to the group, defining his focus on molecular targeted nanoparticles for photodynamic cancer therapy, which is a concept that may be new to some members.'}",4896.0,32,0
2021_05_20_ABI_S4,2021_05_20_ABI_S4,,,Been here about a year.,,2021_05_20_ABI_S4_ABI,Gergis Obaid,,,,,746.3553299492385,749.1573604060914,,,ABI,747.7563451776649,"{'explain or define term or concept': 'Gergis is explaining his role and research area to the group, defining his focus on molecular targeted nanoparticles for photodynamic cancer therapy, which is a concept that may be new to some members.'}",4896.0,33,0
2021_05_20_ABI_S4,2021_05_20_ABI_S4,,,I work predominantly on molecular targeted nanoparticles for photodynamic cancer therapy.,,2021_05_20_ABI_S4_ABI,Gergis Obaid,,,,,749.1573604060914,760.0,,,ABI,754.5786802030457,"{'explain or define term or concept': 'Gergis is explaining his role and research area to the group, defining his focus on molecular targeted nanoparticles for photodynamic cancer therapy, which is a concept that may be new to some members.'}",4896.0,34,0
2021_05_20_ABI_S4,2021_05_20_ABI_S4,,,"Thank you, Alex.",,2021_05_20_ABI_S4_ABI,Gergis Obaid,,,,,4920.0,4920.0,,,ABI,4920.0,"{'acknowledge contribution': ""Gergis acknowledges Alex's contribution, likely for introducing him.""}",4920.0,35,0
2021_05_20_ABI_S4,2021_05_20_ABI_S4,,,But maybe the generalizability part of things.,,2021_05_20_ABI_S4_ABI,Girgis Obaid,,,,,915.0,917.8976377952756,,,ABI,916.4488188976378,"{'expand on existing idea': 'Girgis is expanding on the previous discussion about generalizability, but applying it to the context of contrast agents rather than patient images, building on the topic of generalizability that was already brought up.', 'acknowledge contribution': 'Girgis acknowledges that others are using patient images, which is a recognition of their work, but he is not agreeing or expanding on their specific approaches.'}",5075.0,36,0
2021_05_20_ABI_S4,2021_05_20_ABI_S4,,,"And again, I I see it from a whole different perspective.",,2021_05_20_ABI_S4_ABI,Girgis Obaid,,,,,917.8976377952755,921.488188976378,,,ABI,919.6929133858267,"{'expand on existing idea': 'Girgis is expanding on the previous discussion about generalizability, but applying it to the context of contrast agents rather than patient images, building on the topic of generalizability that was already brought up.', 'acknowledge contribution': 'Girgis acknowledges that others are using patient images, which is a recognition of their work, but he is not agreeing or expanding on their specific approaches.'}",5075.0,37,0
2021_05_20_ABI_S4,2021_05_20_ABI_S4,,,"I know a lot of folks here use um patient images, but I'm talking more about the generalizability again of the contrast agent and how that will behave.",,2021_05_20_ABI_S4_ABI,Girgis Obaid,,,,,921.4881889763778,931.0,,,ABI,926.2440944881889,"{'expand on existing idea': 'Girgis is expanding on the previous discussion about generalizability, but applying it to the context of contrast agents rather than patient images, building on the topic of generalizability that was already brought up.', 'acknowledge contribution': 'Girgis acknowledges that others are using patient images, which is a recognition of their work, but he is not agreeing or expanding on their specific approaches.'}",5075.0,38,0
2021_05_20_ABI_S4,2021_05_20_ABI_S4,,,I I guess it probably it probably ties in with the with the ground truth to a certain extent.,,2021_05_20_ABI_S4_ABI,Girgis Obaid,,,,,909.0,915.0,,,ABI,912.0,"{'expand on existing idea': 'Girgis is building upon the previous discussion about ground truth, suggesting his point relates to that topic.'}",5984.0,39,0
2021_05_20_ABI_S4,2021_05_20_ABI_S4,,,It's it's more about so it's it's hard for me to to explain without going into details.,,2021_05_20_ABI_S4_ABI,Girgis Obaid,,,,,782.0000000000001,787.1026392961877,,,ABI,784.5513196480939,"[{'explain or define term or concept': 'The speaker is explaining the concept of using nanoparticle contrast agents for optical imaging and their application in tumor detection and image-guided surgery, providing context for the subsequent discussion on potential errors.', 'provide supporting evidence': 'The speaker mentions clinical trials that suggest the use of nanoparticle contrast agents for positive tumor detection and image-guided surgery, providing evidence for the application of these agents.', 'expand on existing idea': ""The speaker expands on the idea of using AI in imaging by discussing secondary biological factors that contribute to errors and how the interaction of the contrast agent with the tissue can lead to false positives, building on the earlier discussion about AI's role in image interpretation.""}]",6766.0,40,0
2021_05_20_ABI_S4,2021_05_20_ABI_S4,,,But let's let's take nanoparticle contrast agents um for optical imaging.,,2021_05_20_ABI_S4_ABI,Girgis Obaid,,,,,787.1026392961877,791.3841642228739,,,ABI,789.2434017595308,"[{'explain or define term or concept': 'The speaker is explaining the concept of using nanoparticle contrast agents for optical imaging and their application in tumor detection and image-guided surgery, providing context for the subsequent discussion on potential errors.', 'provide supporting evidence': 'The speaker mentions clinical trials that suggest the use of nanoparticle contrast agents for positive tumor detection and image-guided surgery, providing evidence for the application of these agents.', 'expand on existing idea': ""The speaker expands on the idea of using AI in imaging by discussing secondary biological factors that contribute to errors and how the interaction of the contrast agent with the tissue can lead to false positives, building on the earlier discussion about AI's role in image interpretation.""}]",6766.0,41,0
2021_05_20_ABI_S4,2021_05_20_ABI_S4,,,That's one of the things that we look into.,,2021_05_20_ABI_S4_ABI,Girgis Obaid,,,,,791.3841642228739,793.9061583577712,,,ABI,792.6451612903226,"[{'explain or define term or concept': 'The speaker is explaining the concept of using nanoparticle contrast agents for optical imaging and their application in tumor detection and image-guided surgery, providing context for the subsequent discussion on potential errors.', 'provide supporting evidence': 'The speaker mentions clinical trials that suggest the use of nanoparticle contrast agents for positive tumor detection and image-guided surgery, providing evidence for the application of these agents.', 'expand on existing idea': ""The speaker expands on the idea of using AI in imaging by discussing secondary biological factors that contribute to errors and how the interaction of the contrast agent with the tissue can lead to false positives, building on the earlier discussion about AI's role in image interpretation.""}]",6766.0,42,0
2021_05_20_ABI_S4,2021_05_20_ABI_S4,,,And there are clinical trials that suggest that you can use these contrast these nanoparticles as contrast agents for positive tumor detection and image guided surgery.,,2021_05_20_ABI_S4_ABI,Girgis Obaid,,,,,793.9061583577713,803.7595307917888,,,ABI,798.8328445747801,"[{'explain or define term or concept': 'The speaker is explaining the concept of using nanoparticle contrast agents for optical imaging and their application in tumor detection and image-guided surgery, providing context for the subsequent discussion on potential errors.', 'provide supporting evidence': 'The speaker mentions clinical trials that suggest the use of nanoparticle contrast agents for positive tumor detection and image-guided surgery, providing evidence for the application of these agents.', 'expand on existing idea': ""The speaker expands on the idea of using AI in imaging by discussing secondary biological factors that contribute to errors and how the interaction of the contrast agent with the tissue can lead to false positives, building on the earlier discussion about AI's role in image interpretation.""}]",6766.0,43,0
2021_05_20_ABI_S4,2021_05_20_ABI_S4,,,And that's all very well and good.,,2021_05_20_ABI_S4_ABI,Girgis Obaid,,,,,803.7595307917888,805.7536656891496,,,ABI,804.7565982404692,"[{'explain or define term or concept': 'The speaker is explaining the concept of using nanoparticle contrast agents for optical imaging and their application in tumor detection and image-guided surgery, providing context for the subsequent discussion on potential errors.', 'provide supporting evidence': 'The speaker mentions clinical trials that suggest the use of nanoparticle contrast agents for positive tumor detection and image-guided surgery, providing evidence for the application of these agents.', 'expand on existing idea': ""The speaker expands on the idea of using AI in imaging by discussing secondary biological factors that contribute to errors and how the interaction of the contrast agent with the tissue can lead to false positives, building on the earlier discussion about AI's role in image interpretation.""}]",6766.0,44,0
2021_05_20_ABI_S4,2021_05_20_ABI_S4,,,"You can see the image, you can probably use AI to delineate the uh tumor boundary to be a little bit better.",,2021_05_20_ABI_S4_ABI,Girgis Obaid,,,,,805.7536656891497,812.0879765395895,,,ABI,808.9208211143696,"[{'explain or define term or concept': 'The speaker is explaining the concept of using nanoparticle contrast agents for optical imaging and their application in tumor detection and image-guided surgery, providing context for the subsequent discussion on potential errors.', 'provide supporting evidence': 'The speaker mentions clinical trials that suggest the use of nanoparticle contrast agents for positive tumor detection and image-guided surgery, providing evidence for the application of these agents.', 'expand on existing idea': ""The speaker expands on the idea of using AI in imaging by discussing secondary biological factors that contribute to errors and how the interaction of the contrast agent with the tissue can lead to false positives, building on the earlier discussion about AI's role in image interpretation.""}]",6766.0,45,0
2021_05_20_ABI_S4,2021_05_20_ABI_S4,,,But there are secondary biological factors um that contribute to errors that haven't been considered right at the start.,,2021_05_20_ABI_S4_ABI,Girgis Obaid,,,,,812.0879765395895,819.1260997067449,,,ABI,815.6070381231672,"[{'explain or define term or concept': 'The speaker is explaining the concept of using nanoparticle contrast agents for optical imaging and their application in tumor detection and image-guided surgery, providing context for the subsequent discussion on potential errors.', 'provide supporting evidence': 'The speaker mentions clinical trials that suggest the use of nanoparticle contrast agents for positive tumor detection and image-guided surgery, providing evidence for the application of these agents.', 'expand on existing idea': ""The speaker expands on the idea of using AI in imaging by discussing secondary biological factors that contribute to errors and how the interaction of the contrast agent with the tissue can lead to false positives, building on the earlier discussion about AI's role in image interpretation.""}]",6766.0,46,0
2021_05_20_ABI_S4,2021_05_20_ABI_S4,,,"So we try and hit it on both ends, not just what the image actually tells us, but what the agent that we're administering, how that's going to interact with the tissue and how that then contributes to a false positive.",,2021_05_20_ABI_S4_ABI,Girgis Obaid,,,,,819.1260997067449,831.9120234604105,,,ABI,825.5190615835777,"[{'explain or define term or concept': 'The speaker is explaining the concept of using nanoparticle contrast agents for optical imaging and their application in tumor detection and image-guided surgery, providing context for the subsequent discussion on potential errors.', 'provide supporting evidence': 'The speaker mentions clinical trials that suggest the use of nanoparticle contrast agents for positive tumor detection and image-guided surgery, providing evidence for the application of these agents.', 'expand on existing idea': ""The speaker expands on the idea of using AI in imaging by discussing secondary biological factors that contribute to errors and how the interaction of the contrast agent with the tissue can lead to false positives, building on the earlier discussion about AI's role in image interpretation.""}]",6766.0,47,0
2021_05_20_ABI_S4,2021_05_20_ABI_S4,,,And so then feeding in information about what false positive materials or materials that give false positives is actually going to look like when you finally get the image.,,2021_05_20_ABI_S4_ABI,Girgis Obaid,,,,,831.9120234604106,842.0,,,ABI,836.9560117302053,"[{'explain or define term or concept': 'The speaker is explaining the concept of using nanoparticle contrast agents for optical imaging and their application in tumor detection and image-guided surgery, providing context for the subsequent discussion on potential errors.', 'provide supporting evidence': 'The speaker mentions clinical trials that suggest the use of nanoparticle contrast agents for positive tumor detection and image-guided surgery, providing evidence for the application of these agents.', 'expand on existing idea': ""The speaker expands on the idea of using AI in imaging by discussing secondary biological factors that contribute to errors and how the interaction of the contrast agent with the tissue can lead to false positives, building on the earlier discussion about AI's role in image interpretation.""}]",6766.0,48,0
2021_05_20_ABI_S4,2021_05_20_ABI_S4,,,"Well, I kind of I kind of agree with Carolyn's point about the uh ground truth, like what really is the ground truth?",,2021_05_20_ABI_S4_ABI,Girgis Obaid,,,,,999.0,1006.4637931034483,,,ABI,1002.7318965517242,"[{'express agreement': ""Girgis agrees with Carolyn's point about the difficulty of defining ground truth, showing agreement with a previously stated idea."", 'present new idea': 'Girgis presents the idea of multiplexing the final yes/no answer by combining pathologist input, molecular markers, proteomics, and genomic data to work towards a more reliable ground truth, which is a novel approach not previously discussed.', 'expand on existing idea': 'Girgis expands on the discussion about ground truth by suggesting that multiplexing outputs at the end, such as histology, pathologist input, molecular markers, proteomics, and genomic data, can help train the intermediate steps, building upon the previous discussion about the challenges of defining ground truth.'}]",6983.0,49,0
2021_05_20_ABI_S4,2021_05_20_ABI_S4,,,Um the way I see it is multiplexing the uh final yes no answer.,,2021_05_20_ABI_S4_ABI,Girgis Obaid,,,,,1006.4637931034482,1010.4827586206897,,,ABI,1008.4732758620689,"[{'express agreement': ""Girgis agrees with Carolyn's point about the difficulty of defining ground truth, showing agreement with a previously stated idea."", 'present new idea': 'Girgis presents the idea of multiplexing the final yes/no answer by combining pathologist input, molecular markers, proteomics, and genomic data to work towards a more reliable ground truth, which is a novel approach not previously discussed.', 'expand on existing idea': 'Girgis expands on the discussion about ground truth by suggesting that multiplexing outputs at the end, such as histology, pathologist input, molecular markers, proteomics, and genomic data, can help train the intermediate steps, building upon the previous discussion about the challenges of defining ground truth.'}]",6983.0,50,0
2021_05_20_ABI_S4,2021_05_20_ABI_S4,,,"So the input, let's say for example if it was histology, getting the manual input of the pathologist as well as some maybe molecular markers of the histological sections could be, you know, proteomics in addition to some genomic data, multiplexing the ground truth, well, getting working closer towards a ground truth by multiplexing the outputs at the end in order to train the intermediate.",,2021_05_20_ABI_S4_ABI,Girgis Obaid,,,,,1010.4827586206895,1035.4896551724137,,,ABI,1022.9862068965516,"[{'express agreement': ""Girgis agrees with Carolyn's point about the difficulty of defining ground truth, showing agreement with a previously stated idea."", 'present new idea': 'Girgis presents the idea of multiplexing the final yes/no answer by combining pathologist input, molecular markers, proteomics, and genomic data to work towards a more reliable ground truth, which is a novel approach not previously discussed.', 'expand on existing idea': 'Girgis expands on the discussion about ground truth by suggesting that multiplexing outputs at the end, such as histology, pathologist input, molecular markers, proteomics, and genomic data, can help train the intermediate steps, building upon the previous discussion about the challenges of defining ground truth.'}]",6983.0,51,0
2021_05_20_ABI_S4,2021_05_20_ABI_S4,,,In my opinion is the best because I don't really know if there really is going to be a ground truth at that point because everything to a certain extent is either uh subjective to the observer if there's a pathologist or to uh experimental bias or fluctuations if you're going to get false positives or false negatives in the in the markers or the genomics themselves.,,2021_05_20_ABI_S4_ABI,Girgis Obaid,,,,,1035.489655172414,1058.9655172413793,,,ABI,1047.2275862068966,"[{'express agreement': ""Girgis agrees with Carolyn's point about the difficulty of defining ground truth, showing agreement with a previously stated idea."", 'present new idea': 'Girgis presents the idea of multiplexing the final yes/no answer by combining pathologist input, molecular markers, proteomics, and genomic data to work towards a more reliable ground truth, which is a novel approach not previously discussed.', 'expand on existing idea': 'Girgis expands on the discussion about ground truth by suggesting that multiplexing outputs at the end, such as histology, pathologist input, molecular markers, proteomics, and genomic data, can help train the intermediate steps, building upon the previous discussion about the challenges of defining ground truth.'}]",6983.0,52,0
2021_05_20_ABI_S4,2021_05_20_ABI_S4,,,"So yeah, I'm I'm a little bit I'm kind of leaning more towards having building up the information at the at the end first in order to then bridge that gap because if you don't have that then it doesn't really make sense.",,2021_05_20_ABI_S4_ABI,Girgis Obaid,,,,,1058.9655172413795,1073.0,,,ABI,1065.9827586206898,"[{'express agreement': ""Girgis agrees with Carolyn's point about the difficulty of defining ground truth, showing agreement with a previously stated idea."", 'present new idea': 'Girgis presents the idea of multiplexing the final yes/no answer by combining pathologist input, molecular markers, proteomics, and genomic data to work towards a more reliable ground truth, which is a novel approach not previously discussed.', 'expand on existing idea': 'Girgis expands on the discussion about ground truth by suggesting that multiplexing outputs at the end, such as histology, pathologist input, molecular markers, proteomics, and genomic data, can help train the intermediate steps, building upon the previous discussion about the challenges of defining ground truth.'}]",6983.0,53,0
2021_05_20_ABI_S4,2021_05_20_ABI_S4,,,"Yeah, that that's that pretty much.",,2021_05_20_ABI_S4_ABI,Girgis Obaid,,,,,1091.0,1093.0,,,ABI,1092.0,"[{'express agreement': ""Girgis confirms that Maryellen's summary of his point about AI being model-driven by the physics, chemistry, and biology of contrast agent properties is accurate.""}]",7075.0,54,0
2021_05_20_ABI_S4,2021_05_20_ABI_S4,,,"Yeah, well, so so our our approach uh at least machine learning from a completely different perspective.",,2021_05_20_ABI_S4_ABI,Girgis Obaid,,,,,668.0,674.0372398685652,,,ABI,671.0186199342826,"[{'expand on existing idea': ""Girgis expands on the discussion about domain expertise and data requirements by describing his team's approach to machine learning for nanoparticle accumulation in tumors, building on Maryellen's question about access to domain experts and how to decide what to input into the algorithm.""}, {'present new idea': 'Girgis presents the idea of incorporating nanotech expertise to identify potential false positives based on the contrast agent used, which is a novel approach not previously discussed.'}]",7743.0,55,0
2021_05_20_ABI_S4,2021_05_20_ABI_S4,,,So we collaborate with some folks here uh trying to understand how nanoparticles will accumulate into tumors and what that actually means.,,2021_05_20_ABI_S4_ABI,Girgis Obaid,,,,,674.0372398685652,682.0481927710844,,,ABI,678.0427163198248,"[{'expand on existing idea': ""Girgis expands on the discussion about domain expertise and data requirements by describing his team's approach to machine learning for nanoparticle accumulation in tumors, building on Maryellen's question about access to domain experts and how to decide what to input into the algorithm.""}, {'present new idea': 'Girgis presents the idea of incorporating nanotech expertise to identify potential false positives based on the contrast agent used, which is a novel approach not previously discussed.'}]",7743.0,56,0
2021_05_20_ABI_S4,2021_05_20_ABI_S4,,,"And the problem at least from the perspective of the the domain experts is not necessarily that yes, this is a tumor, but it's more about the technology that's being developed.",,2021_05_20_ABI_S4_ABI,Girgis Obaid,,,,,682.0481927710842,692.2650602409639,,,ABI,687.156626506024,"[{'expand on existing idea': ""Girgis expands on the discussion about domain expertise and data requirements by describing his team's approach to machine learning for nanoparticle accumulation in tumors, building on Maryellen's question about access to domain experts and how to decide what to input into the algorithm.""}, {'present new idea': 'Girgis presents the idea of incorporating nanotech expertise to identify potential false positives based on the contrast agent used, which is a novel approach not previously discussed.'}]",7743.0,57,0
2021_05_20_ABI_S4,2021_05_20_ABI_S4,,,"So if you use a a certain type of particle or contrast agent and suggest that this is tumor selective, the interpretation that's being presented at least in the primary literature is very biased by a lot of um I guess you could you could say misinterpretation that's that's been perpetuated over a couple of decades.",,2021_05_20_ABI_S4_ABI,Girgis Obaid,,,,,692.2650602409639,710.6089813800658,,,ABI,701.4370208105148,"[{'expand on existing idea': ""Girgis expands on the discussion about domain expertise and data requirements by describing his team's approach to machine learning for nanoparticle accumulation in tumors, building on Maryellen's question about access to domain experts and how to decide what to input into the algorithm.""}, {'present new idea': 'Girgis presents the idea of incorporating nanotech expertise to identify potential false positives based on the contrast agent used, which is a novel approach not previously discussed.'}]",7743.0,58,0
2021_05_20_ABI_S4,2021_05_20_ABI_S4,,,"So people will assume that certain types of materials will always accumulate in tumors and if it does, then yes, we have a tumor.",,2021_05_20_ABI_S4_ABI,Girgis Obaid,,,,,710.6089813800656,718.0974808324206,,,ABI,714.3532311062431,"[{'expand on existing idea': ""Girgis expands on the discussion about domain expertise and data requirements by describing his team's approach to machine learning for nanoparticle accumulation in tumors, building on Maryellen's question about access to domain experts and how to decide what to input into the algorithm.""}, {'present new idea': 'Girgis presents the idea of incorporating nanotech expertise to identify potential false positives based on the contrast agent used, which is a novel approach not previously discussed.'}]",7743.0,59,0
2021_05_20_ABI_S4,2021_05_20_ABI_S4,,,"So the problem is not necessarily just on the on the image interpretation side, but it's more about the the contrast agent itself.",,2021_05_20_ABI_S4_ABI,Girgis Obaid,,,,,718.0974808324206,725.644030668127,,,ABI,721.8707557502738,"[{'expand on existing idea': ""Girgis expands on the discussion about domain expertise and data requirements by describing his team's approach to machine learning for nanoparticle accumulation in tumors, building on Maryellen's question about access to domain experts and how to decide what to input into the algorithm.""}, {'present new idea': 'Girgis presents the idea of incorporating nanotech expertise to identify potential false positives based on the contrast agent used, which is a novel approach not previously discussed.'}]",7743.0,60,0
2021_05_20_ABI_S4,2021_05_20_ABI_S4,,,And so the way that we approach it is that the input that we need needs to be built up as well.,,2021_05_20_ABI_S4_ABI,Girgis Obaid,,,,,725.644030668127,731.158817086528,,,ABI,728.4014238773275,"[{'expand on existing idea': ""Girgis expands on the discussion about domain expertise and data requirements by describing his team's approach to machine learning for nanoparticle accumulation in tumors, building on Maryellen's question about access to domain experts and how to decide what to input into the algorithm.""}, {'present new idea': 'Girgis presents the idea of incorporating nanotech expertise to identify potential false positives based on the contrast agent used, which is a novel approach not previously discussed.'}]",7743.0,61,0
2021_05_20_ABI_S4,2021_05_20_ABI_S4,,,"It's not just a contrast agent, but it's more using some nanotech experts to suggest that okay, well, this contrast agent will also accumulate similarly to another contrast agent.",,2021_05_20_ABI_S4_ABI,Girgis Obaid,,,,,731.1588170865278,741.5498357064622,,,ABI,736.354326396495,"[{'expand on existing idea': ""Girgis expands on the discussion about domain expertise and data requirements by describing his team's approach to machine learning for nanoparticle accumulation in tumors, building on Maryellen's question about access to domain experts and how to decide what to input into the algorithm.""}, {'present new idea': 'Girgis presents the idea of incorporating nanotech expertise to identify potential false positives based on the contrast agent used, which is a novel approach not previously discussed.'}]",7743.0,62,0
2021_05_20_ABI_S4,2021_05_20_ABI_S4,,,"So you have to put um a second uh piece of information into the input of the algorithm itself to suggest that if you see this kind of a trend, this is a false positive.",,2021_05_20_ABI_S4_ABI,Girgis Obaid,,,,,741.5498357064622,751.302300109529,,,ABI,746.4260679079956,"[{'expand on existing idea': ""Girgis expands on the discussion about domain expertise and data requirements by describing his team's approach to machine learning for nanoparticle accumulation in tumors, building on Maryellen's question about access to domain experts and how to decide what to input into the algorithm.""}, {'present new idea': 'Girgis presents the idea of incorporating nanotech expertise to identify potential false positives based on the contrast agent used, which is a novel approach not previously discussed.'}]",7743.0,63,0
2021_05_20_ABI_S4,2021_05_20_ABI_S4,,,So you're teaching it what a false positive is based on the material that you're using as a contrast agent right from the very start from the get go so that you don't end up with false positives at the end.,,2021_05_20_ABI_S4_ABI,Girgis Obaid,,,,,751.3023001095289,763.2606790799562,,,ABI,757.2814895947425,"[{'expand on existing idea': ""Girgis expands on the discussion about domain expertise and data requirements by describing his team's approach to machine learning for nanoparticle accumulation in tumors, building on Maryellen's question about access to domain experts and how to decide what to input into the algorithm.""}, {'present new idea': 'Girgis presents the idea of incorporating nanotech expertise to identify potential false positives based on the contrast agent used, which is a novel approach not previously discussed.'}]",7743.0,64,0
2021_05_20_ABI_S4,2021_05_20_ABI_S4,,,So it's we're kind of more on the front end of things and and and in my field the domain experts that are lacking is more on the on the material well nanobio interaction side of things.,,2021_05_20_ABI_S4_ABI,Girgis Obaid,,,,,763.2606790799562,774.0,,,ABI,768.6303395399781,"[{'expand on existing idea': ""Girgis expands on the discussion about domain expertise and data requirements by describing his team's approach to machine learning for nanoparticle accumulation in tumors, building on Maryellen's question about access to domain experts and how to decide what to input into the algorithm.""}, {'present new idea': 'Girgis presents the idea of incorporating nanotech expertise to identify potential false positives based on the contrast agent used, which is a novel approach not previously discussed.'}]",7743.0,65,0
2021_05_20_ABI_S4,2021_05_20_ABI_S4,,,And then I'm really interested in like improving sensitivity and then quantitative accuracy of these imaging modalities.,,2021_05_20_ABI_S4_ABI,Jim Mitchell,,,,,679.0,695.0,,,ABI,687.0,"{'present new idea': 'Jim introduces his interest in improving sensitivity and quantitative accuracy of imaging modalities, which is a new focus not explicitly mentioned by others before.', 'expand on existing idea': ""Jim's statement builds upon the previous discussion about imaging techniques and validation, adding a specific interest in improving sensitivity and quantitative accuracy.""}",7754.0,66,0
2021_05_20_ABI_S4,2021_05_20_ABI_S4,,,Thank you back.,,2021_05_20_ABI_S4_ABI,Jim Mitchell,,,,,738.0,739.0,,,ABI,738.5,"{'acknowledge contribution': ""The speaker is acknowledging Beck's contribution for pointing out that Jim had a question.""}",7813.0,67,0
2021_05_20_ABI_S4,2021_05_20_ABI_S4,,,"Yeah, I have I have a question quickly.",,2021_05_20_ABI_S4_ABI,Jim Mitchell,,,,,637.9999999999999,641.0674157303371,,,ABI,639.5337078651685,"[{'ask clarifying question': ""The speaker is asking if there is crowd sourcing of images in the medical imaging domain, similar to Tesla's autopilot work, to improve AI models, which is a request for information.""}, {'provide supporting evidence': ""The speaker mentions Tesla's autopilot work and how crowd sourcing of images has helped them improve, providing an example from another domain to support the potential benefits of crowd sourcing in medical imaging.""}]",8451.0,68,0
2021_05_20_ABI_S4,2021_05_20_ABI_S4,,,"I know in other domains, um, you know, I know a lot about the Tesla autopilot work.",,2021_05_20_ABI_S4_ABI,Jim Mitchell,,,,,641.0674157303372,647.5955056179776,,,ABI,644.3314606741574,"[{'ask clarifying question': ""The speaker is asking if there is crowd sourcing of images in the medical imaging domain, similar to Tesla's autopilot work, to improve AI models, which is a request for information.""}, {'provide supporting evidence': ""The speaker mentions Tesla's autopilot work and how crowd sourcing of images has helped them improve, providing an example from another domain to support the potential benefits of crowd sourcing in medical imaging.""}]",8451.0,69,0
2021_05_20_ABI_S4,2021_05_20_ABI_S4,,,The crowd sourcing of images and and so on has helped them a lot to improve that.,,2021_05_20_ABI_S4_ABI,Jim Mitchell,,,,,647.5955056179774,653.9662921348314,,,ABI,650.7808988764044,"[{'ask clarifying question': ""The speaker is asking if there is crowd sourcing of images in the medical imaging domain, similar to Tesla's autopilot work, to improve AI models, which is a request for information.""}, {'provide supporting evidence': ""The speaker mentions Tesla's autopilot work and how crowd sourcing of images has helped them improve, providing an example from another domain to support the potential benefits of crowd sourcing in medical imaging.""}]",8451.0,70,0
2021_05_20_ABI_S4,2021_05_20_ABI_S4,,,Is there crowd sourcing going on here and and and where do those images end up residing that everybody could have access to the same large set of images?,,2021_05_20_ABI_S4_ABI,Jim Mitchell,,,,,653.9662921348315,666.0,,,ABI,659.9831460674158,"[{'ask clarifying question': ""The speaker is asking if there is crowd sourcing of images in the medical imaging domain, similar to Tesla's autopilot work, to improve AI models, which is a request for information.""}, {'provide supporting evidence': ""The speaker mentions Tesla's autopilot work and how crowd sourcing of images has helped them improve, providing an example from another domain to support the potential benefits of crowd sourcing in medical imaging.""}]",8451.0,71,0
2021_05_20_ABI_S4,2021_05_20_ABI_S4,,,And not all of us are in a place where we can do that.,,2021_05_20_ABI_S4_ABI,Katy Keenan,,,,,940.0000000000001,943.5357142857143,,,ABI,941.7678571428572,"[{'express frustration': 'Katy expresses frustration about not having access to resources, specifically not being at a medical institution, which limits her ability to collaborate with radiologists and domain experts, a point that Maryellen emphasized as crucial for determining the best input for AI algorithms.'}, {'ask clarifying question': ""Katy is asking how to gain access to resources and expertise, specifically how to collaborate with radiologists and domain experts when not affiliated with a medical institution, which is relevant to Maryellen's point about the importance of human-AI collaboration.""}]",8753.0,72,0
2021_05_20_ABI_S4,2021_05_20_ABI_S4,,,Right?,,2021_05_20_ABI_S4_ABI,Katy Keenan,,,,,943.5357142857143,943.9285714285714,,,ABI,943.7321428571429,"[{'express frustration': 'Katy expresses frustration about not having access to resources, specifically not being at a medical institution, which limits her ability to collaborate with radiologists and domain experts, a point that Maryellen emphasized as crucial for determining the best input for AI algorithms.'}, {'ask clarifying question': ""Katy is asking how to gain access to resources and expertise, specifically how to collaborate with radiologists and domain experts when not affiliated with a medical institution, which is relevant to Maryellen's point about the importance of human-AI collaboration.""}]",8753.0,73,0
2021_05_20_ABI_S4,2021_05_20_ABI_S4,,,Like I'm not at a medical institution.,,2021_05_20_ABI_S4_ABI,Katy Keenan,,,,,943.9285714285714,946.4166666666666,,,ABI,945.172619047619,"[{'express frustration': 'Katy expresses frustration about not having access to resources, specifically not being at a medical institution, which limits her ability to collaborate with radiologists and domain experts, a point that Maryellen emphasized as crucial for determining the best input for AI algorithms.'}, {'ask clarifying question': ""Katy is asking how to gain access to resources and expertise, specifically how to collaborate with radiologists and domain experts when not affiliated with a medical institution, which is relevant to Maryellen's point about the importance of human-AI collaboration.""}]",8753.0,74,0
2021_05_20_ABI_S4,2021_05_20_ABI_S4,,,And so how do I get that access?,,2021_05_20_ABI_S4_ABI,Katy Keenan,,,,,946.4166666666667,948.5119047619048,,,ABI,947.4642857142858,"[{'express frustration': 'Katy expresses frustration about not having access to resources, specifically not being at a medical institution, which limits her ability to collaborate with radiologists and domain experts, a point that Maryellen emphasized as crucial for determining the best input for AI algorithms.'}, {'ask clarifying question': ""Katy is asking how to gain access to resources and expertise, specifically how to collaborate with radiologists and domain experts when not affiliated with a medical institution, which is relevant to Maryellen's point about the importance of human-AI collaboration.""}]",8753.0,75,0
2021_05_20_ABI_S4,2021_05_20_ABI_S4,,,How do I that's not a resource I have.,,2021_05_20_ABI_S4_ABI,Katy Keenan,,,,,948.5119047619048,951.0,,,ABI,949.7559523809524,"[{'express frustration': 'Katy expresses frustration about not having access to resources, specifically not being at a medical institution, which limits her ability to collaborate with radiologists and domain experts, a point that Maryellen emphasized as crucial for determining the best input for AI algorithms.'}, {'ask clarifying question': ""Katy is asking how to gain access to resources and expertise, specifically how to collaborate with radiologists and domain experts when not affiliated with a medical institution, which is relevant to Maryellen's point about the importance of human-AI collaboration.""}]",8753.0,76,0
2021_05_20_ABI_S4,2021_05_20_ABI_S4,,,"Hi, I'm at the National Institute of Standards and Technology.",,2021_05_20_ABI_S4_ABI,Katy Keenan,,,,,636.0,641.0741687979539,,,ABI,638.537084398977,"{'explain or define term or concept': ""The speaker explains NIST's role in imaging, specifically MRI validation across centers, to provide context about their work."", 'expand on existing idea': ""The speaker expands on NIST's role by mentioning their current expansion into validating techniques and exploring lower magnetic field strengths, building upon the initial description of their work.""}",9389.0,77,0
2021_05_20_ABI_S4,2021_05_20_ABI_S4,,,NIST's first role in imaging was around for MRI and validating results across centers.,,2021_05_20_ABI_S4_ABI,Katy Keenan,,,,,641.0741687979539,648.1125319693094,,,ABI,644.5933503836317,"{'explain or define term or concept': ""The speaker explains NIST's role in imaging, specifically MRI validation across centers, to provide context about their work."", 'expand on existing idea': ""The speaker expands on NIST's role by mentioning their current expansion into validating techniques and exploring lower magnetic field strengths, building upon the initial description of their work.""}",9389.0,78,0
2021_05_20_ABI_S4,2021_05_20_ABI_S4,,,So we try to use quantitative techniques.,,2021_05_20_ABI_S4_ABI,Katy Keenan,,,,,648.1125319693094,651.468030690537,,,ABI,649.7902813299232,"{'explain or define term or concept': ""The speaker explains NIST's role in imaging, specifically MRI validation across centers, to provide context about their work."", 'expand on existing idea': ""The speaker expands on NIST's role by mentioning their current expansion into validating techniques and exploring lower magnetic field strengths, building upon the initial description of their work.""}",9389.0,79,0
2021_05_20_ABI_S4,2021_05_20_ABI_S4,,,We don't always get the same answer when we try them places.,,2021_05_20_ABI_S4_ABI,Katy Keenan,,,,,651.468030690537,656.3785166240409,,,ABI,653.923273657289,"{'explain or define term or concept': ""The speaker explains NIST's role in imaging, specifically MRI validation across centers, to provide context about their work."", 'expand on existing idea': ""The speaker expands on NIST's role by mentioning their current expansion into validating techniques and exploring lower magnetic field strengths, building upon the initial description of their work.""}",9389.0,80,0
2021_05_20_ABI_S4,2021_05_20_ABI_S4,,,And now we're expanding into more validation of some of these techniques and also exploring what's possible at lower magnetic field strengths.,,2021_05_20_ABI_S4_ABI,Katy Keenan,,,,,656.3785166240409,668.0,,,ABI,662.1892583120205,"{'explain or define term or concept': ""The speaker explains NIST's role in imaging, specifically MRI validation across centers, to provide context about their work."", 'expand on existing idea': ""The speaker expands on NIST's role by mentioning their current expansion into validating techniques and exploring lower magnetic field strengths, building upon the initial description of their work.""}",9389.0,81,0
2021_05_20_ABI_S4,2021_05_20_ABI_S4,,,I think it's a little bit as a barrier because I don't think that you we have enough resources to answer some of those questions.,,2021_05_20_ABI_S4_ABI,Katy Keenan,,,,,915.0000000000001,922.5882352941177,,,ABI,918.7941176470589,"[{'express frustration': 'The speaker expresses frustration about the limitations in resources to address certain questions, indicating a barrier to progress.'}]",9668.0,82,0
2021_05_20_ABI_S4,2021_05_20_ABI_S4,,,Sometimes they're still driven by what you have access to.,,2021_05_20_ABI_S4_ABI,Katy Keenan,,,,,922.5882352941176,926.0,,,ABI,924.2941176470588,"[{'express frustration': 'The speaker expresses frustration about the limitations in resources to address certain questions, indicating a barrier to progress.'}]",9668.0,83,0
2021_05_20_ABI_S4,2021_05_20_ABI_S4,,,Oh.,,2021_05_20_ABI_S4_ABI,Katy Keenan,,,,,9852.0,9852.0,,,ABI,9852.0,"{'acknowledge contribution': ""The speaker is acknowledging the previous speaker's point, but not necessarily agreeing or expanding on it, as Maryellen Giger just asked Paris what he was thinking about.""}",9852.0,84,0
2021_05_20_ABI_S4,2021_05_20_ABI_S4,,,"Okay, thank you.",,2021_05_20_ABI_S4_ABI,Katy Keenan,,,,,1018.0,1021.0,,,ABI,1019.5,"[{'acknowledge contribution': ""Katy Keenan is acknowledging Maryellen Giger's previous statement.""}]",10870.0,85,0
2021_05_20_ABI_S4,2021_05_20_ABI_S4,,,There's a question around like um there's kind of a high barrier to entry as far as solving those sorts of problems because you want to have access to all the data types in order to solve that sort of problem.,,2021_05_20_ABI_S4_ABI,Katy Keenan,,,,,1019.0000000000001,1033.9674479166667,,,ABI,1026.4837239583335,"[{'present new idea': 'The speaker introduces the idea that there is a high barrier to entry for solving problems related to AI in imaging due to limited access to diverse data types, which has not been explicitly mentioned before.', 'expand on existing idea': 'The speaker expands on the existing idea of what data is required to effectively train AI/ML algorithms by stating that access to all data types is needed, which builds on the previous discussion about the challenges of training AI models with limited data.', 'express frustration': 'The speaker expresses frustration about the difficulty of accessing diverse data types needed to solve AI problems in imaging, highlighting the limitations of single-institution data and vendor-specific systems.'}]",10871.0,86,0
2021_05_20_ABI_S4,2021_05_20_ABI_S4,,,"And uh like when you operate at a single institution, you're limited to the vendor system that you have access to.",,2021_05_20_ABI_S4_ABI,Katy Keenan,,,,,1033.9674479166667,1042.1315104166667,,,ABI,1038.0494791666667,"[{'present new idea': 'The speaker introduces the idea that there is a high barrier to entry for solving problems related to AI in imaging due to limited access to diverse data types, which has not been explicitly mentioned before.', 'expand on existing idea': 'The speaker expands on the existing idea of what data is required to effectively train AI/ML algorithms by stating that access to all data types is needed, which builds on the previous discussion about the challenges of training AI models with limited data.', 'express frustration': 'The speaker expresses frustration about the difficulty of accessing diverse data types needed to solve AI problems in imaging, highlighting the limitations of single-institution data and vendor-specific systems.'}]",10871.0,87,0
2021_05_20_ABI_S4,2021_05_20_ABI_S4,,,"Or uh you know, in medical imaging when the vendors develop something, they're pulling it off of all of their own image sets and then it's not generalizable to the other vendors.",,2021_05_20_ABI_S4_ABI,Katy Keenan,,,,,1042.1315104166665,1054.87890625,,,ABI,1048.5052083333333,"[{'present new idea': 'The speaker introduces the idea that there is a high barrier to entry for solving problems related to AI in imaging due to limited access to diverse data types, which has not been explicitly mentioned before.', 'expand on existing idea': 'The speaker expands on the existing idea of what data is required to effectively train AI/ML algorithms by stating that access to all data types is needed, which builds on the previous discussion about the challenges of training AI models with limited data.', 'express frustration': 'The speaker expresses frustration about the difficulty of accessing diverse data types needed to solve AI problems in imaging, highlighting the limitations of single-institution data and vendor-specific systems.'}]",10871.0,88,0
2021_05_20_ABI_S4,2021_05_20_ABI_S4,,,"So when I was, you know, thinking about the first bullet point, it was like uh like what data is required?",,2021_05_20_ABI_S4_ABI,Katy Keenan,,,,,1054.8789062499998,1062.4700520833333,,,ABI,1058.6744791666665,"[{'present new idea': 'The speaker introduces the idea that there is a high barrier to entry for solving problems related to AI in imaging due to limited access to diverse data types, which has not been explicitly mentioned before.', 'expand on existing idea': 'The speaker expands on the existing idea of what data is required to effectively train AI/ML algorithms by stating that access to all data types is needed, which builds on the previous discussion about the challenges of training AI models with limited data.', 'express frustration': 'The speaker expresses frustration about the difficulty of accessing diverse data types needed to solve AI problems in imaging, highlighting the limitations of single-institution data and vendor-specific systems.'}]",10871.0,89,0
2021_05_20_ABI_S4,2021_05_20_ABI_S4,,,"I mean, you kind of want all the things.",,2021_05_20_ABI_S4_ABI,Katy Keenan,,,,,1062.4700520833333,1065.3346354166667,,,ABI,1063.90234375,"[{'present new idea': 'The speaker introduces the idea that there is a high barrier to entry for solving problems related to AI in imaging due to limited access to diverse data types, which has not been explicitly mentioned before.', 'expand on existing idea': 'The speaker expands on the existing idea of what data is required to effectively train AI/ML algorithms by stating that access to all data types is needed, which builds on the previous discussion about the challenges of training AI models with limited data.', 'express frustration': 'The speaker expresses frustration about the difficulty of accessing diverse data types needed to solve AI problems in imaging, highlighting the limitations of single-institution data and vendor-specific systems.'}]",10871.0,90,0
2021_05_20_ABI_S4,2021_05_20_ABI_S4,,,Uh and so I think that's a big challenge is how to and then how do we get it to people?,,2021_05_20_ABI_S4_ABI,Katy Keenan,,,,,1065.3346354166667,1071.5651041666667,,,ABI,1068.4498697916667,"[{'present new idea': 'The speaker introduces the idea that there is a high barrier to entry for solving problems related to AI in imaging due to limited access to diverse data types, which has not been explicitly mentioned before.', 'expand on existing idea': 'The speaker expands on the existing idea of what data is required to effectively train AI/ML algorithms by stating that access to all data types is needed, which builds on the previous discussion about the challenges of training AI models with limited data.', 'express frustration': 'The speaker expresses frustration about the difficulty of accessing diverse data types needed to solve AI problems in imaging, highlighting the limitations of single-institution data and vendor-specific systems.'}]",10871.0,91,0
2021_05_20_ABI_S4,2021_05_20_ABI_S4,,,Um there's a lot of access issues.,,2021_05_20_ABI_S4_ABI,Katy Keenan,,,,,1071.5651041666665,1074.0,,,ABI,1072.7825520833333,"[{'present new idea': 'The speaker introduces the idea that there is a high barrier to entry for solving problems related to AI in imaging due to limited access to diverse data types, which has not been explicitly mentioned before.', 'expand on existing idea': 'The speaker expands on the existing idea of what data is required to effectively train AI/ML algorithms by stating that access to all data types is needed, which builds on the previous discussion about the challenges of training AI models with limited data.', 'express frustration': 'The speaker expresses frustration about the difficulty of accessing diverse data types needed to solve AI problems in imaging, highlighting the limitations of single-institution data and vendor-specific systems.'}]",10871.0,92,0
2021_05_20_ABI_S4,2021_05_20_ABI_S4,,,Um do you think Carolyn that it's like having uh the expert lead on it or are you um like what would make it more true?,,2021_05_20_ABI_S4_ABI,Katy Keenan,,,,,912.0,922.0,,,ABI,917.0,"{'ask clarifying question': 'Katy is asking Carolyn a clarifying question about what would make the ground truth more accurate when imaging biological processes and clinical images, after Carolyn mentioned the challenge of knowing what ground truth is.'}",11783.0,93,0
2021_05_20_ABI_S4,2021_05_20_ABI_S4,,,We're using like a DICOM.,,2021_05_20_ABI_S4_ABI,Katy Keenan,,,,,832.0,834.0,,,ABI,833.0,"{'explain or define term or concept': 'The utterance explains the term DICOM, which is relevant to the discussion about medical imaging data.'}",12615.0,94,0
2021_05_20_ABI_S4,2021_05_20_ABI_S4,,,"Yeah, thank you added it and they all got lost.",,2021_05_20_ABI_S4_ABI,Katy Keenan,,,,,1009.0,1014.0,,,ABI,1011.5,"[{'acknowledge contribution': 'Katy Keenan acknowledges that someone added something, showing recognition of their input.'}]",12792.0,95,0
2021_05_20_ABI_S4,2021_05_20_ABI_S4,,,I am Lou Wei.,,2021_05_20_ABI_S4_ABI,Lu Wei,,,,,791.0,792.402489626556,,,ABI,791.701244813278,"[{'explain or define term or concept': 'The speaker is defining their area of expertise, which includes optical imaging and vibrational microscopy on biological cells, clarifying their focus for the group.'}]",13583.0,96,0
2021_05_20_ABI_S4,2021_05_20_ABI_S4,,,I'm assistant professor of chemistry here at Caltech.,,2021_05_20_ABI_S4_ABI,Lu Wei,,,,,792.4024896265561,798.1203319502075,,,ABI,795.2614107883818,"[{'explain or define term or concept': 'The speaker is defining their area of expertise, which includes optical imaging and vibrational microscopy on biological cells, clarifying their focus for the group.'}]",13583.0,97,0
2021_05_20_ABI_S4,2021_05_20_ABI_S4,,,"We perform optical imaging, particular vibrational microscopy on biological cells and we're interested in small molecule imaging mostly understanding the metabolic activities.",,2021_05_20_ABI_S4_ABI,Lu Wei,,,,,798.1203319502074,817.0,,,ABI,807.5601659751037,"[{'explain or define term or concept': 'The speaker is defining their area of expertise, which includes optical imaging and vibrational microscopy on biological cells, clarifying their focus for the group.'}]",13583.0,98,0
2021_05_20_ABI_S4,2021_05_20_ABI_S4,,,"Right, yeah, so I I'm more of imaging than AI.",,2021_05_20_ABI_S4_ABI,Lu Wei,,,,,656.0,659.875,,,ABI,657.9375,"[{'explain or define term or concept': 'Lu Wei explains that they are more focused on imaging but are trying to learn about AI to help with image interpretation and segmentation, clarifying their background and goals.'}, {'ask clarifying question': 'Lu Wei asks about the lack of benchmarks for comparing different AI networks and the required signal-to-noise ratios and resolution limitations for training and prediction sets, seeking guidance on AI model selection and training parameters.'}, {'encourage particpatioin': 'Lu Wei states that they are there to ask questions and learn, inviting others to provide insights based on their expertise.'}]",14239.0,99,0
2021_05_20_ABI_S4,2021_05_20_ABI_S4,,,I'm here actually um trying to learn some um questions or or abilities for AI that could help us to interpretate uh imaging and do imaging segmentation.,,2021_05_20_ABI_S4_ABI,Lu Wei,,,,,659.875,672.679347826087,,,ABI,666.2771739130435,"[{'explain or define term or concept': 'Lu Wei explains that they are more focused on imaging but are trying to learn about AI to help with image interpretation and segmentation, clarifying their background and goals.'}, {'ask clarifying question': 'Lu Wei asks about the lack of benchmarks for comparing different AI networks and the required signal-to-noise ratios and resolution limitations for training and prediction sets, seeking guidance on AI model selection and training parameters.'}, {'encourage particpatioin': 'Lu Wei states that they are there to ask questions and learn, inviting others to provide insights based on their expertise.'}]",14239.0,100,0
2021_05_20_ABI_S4,2021_05_20_ABI_S4,,,So um I'm new to the AI field.,,2021_05_20_ABI_S4_ABI,Lu Wei,,,,,672.679347826087,675.2065217391305,,,ABI,673.9429347826087,"[{'explain or define term or concept': 'Lu Wei explains that they are more focused on imaging but are trying to learn about AI to help with image interpretation and segmentation, clarifying their background and goals.'}, {'ask clarifying question': 'Lu Wei asks about the lack of benchmarks for comparing different AI networks and the required signal-to-noise ratios and resolution limitations for training and prediction sets, seeking guidance on AI model selection and training parameters.'}, {'encourage particpatioin': 'Lu Wei states that they are there to ask questions and learn, inviting others to provide insights based on their expertise.'}]",14239.0,101,0
2021_05_20_ABI_S4,2021_05_20_ABI_S4,,,We're trying to adopting uh different networks for um um training and uh one part of the research in my lab is we do uh label free imaging um such that there's um a ton of uh images but not so much specific contrast.,,2021_05_20_ABI_S4_ABI,Lu Wei,,,,,675.2065217391305,693.4021739130435,,,ABI,684.304347826087,"[{'explain or define term or concept': 'Lu Wei explains that they are more focused on imaging but are trying to learn about AI to help with image interpretation and segmentation, clarifying their background and goals.'}, {'ask clarifying question': 'Lu Wei asks about the lack of benchmarks for comparing different AI networks and the required signal-to-noise ratios and resolution limitations for training and prediction sets, seeking guidance on AI model selection and training parameters.'}, {'encourage particpatioin': 'Lu Wei states that they are there to ask questions and learn, inviting others to provide insights based on their expertise.'}]",14239.0,102,0
2021_05_20_ABI_S4,2021_05_20_ABI_S4,,,So we're trying to use an AI to allow us to uh do specific imaging.,,2021_05_20_ABI_S4_ABI,Lu Wei,,,,,693.4021739130434,699.0461956521739,,,ABI,696.2241847826086,"[{'explain or define term or concept': 'Lu Wei explains that they are more focused on imaging but are trying to learn about AI to help with image interpretation and segmentation, clarifying their background and goals.'}, {'ask clarifying question': 'Lu Wei asks about the lack of benchmarks for comparing different AI networks and the required signal-to-noise ratios and resolution limitations for training and prediction sets, seeking guidance on AI model selection and training parameters.'}, {'encourage particpatioin': 'Lu Wei states that they are there to ask questions and learn, inviting others to provide insights based on their expertise.'}]",14239.0,103,0
2021_05_20_ABI_S4,2021_05_20_ABI_S4,,,Um so I guess the question I have is uh there are a lot of different networks out there.,,2021_05_20_ABI_S4_ABI,Lu Wei,,,,,699.046195652174,706.4592391304348,,,ABI,702.7527173913044,"[{'explain or define term or concept': 'Lu Wei explains that they are more focused on imaging but are trying to learn about AI to help with image interpretation and segmentation, clarifying their background and goals.'}, {'ask clarifying question': 'Lu Wei asks about the lack of benchmarks for comparing different AI networks and the required signal-to-noise ratios and resolution limitations for training and prediction sets, seeking guidance on AI model selection and training parameters.'}, {'encourage particpatioin': 'Lu Wei states that they are there to ask questions and learn, inviting others to provide insights based on their expertise.'}]",14239.0,104,0
2021_05_20_ABI_S4,2021_05_20_ABI_S4,,,Um well with with or specifically with very fine um um um differences.,,2021_05_20_ABI_S4_ABI,Lu Wei,,,,,706.4592391304349,712.3559782608696,,,ABI,709.4076086956522,"[{'explain or define term or concept': 'Lu Wei explains that they are more focused on imaging but are trying to learn about AI to help with image interpretation and segmentation, clarifying their background and goals.'}, {'ask clarifying question': 'Lu Wei asks about the lack of benchmarks for comparing different AI networks and the required signal-to-noise ratios and resolution limitations for training and prediction sets, seeking guidance on AI model selection and training parameters.'}, {'encourage particpatioin': 'Lu Wei states that they are there to ask questions and learn, inviting others to provide insights based on their expertise.'}]",14239.0,105,0
2021_05_20_ABI_S4,2021_05_20_ABI_S4,,,Um but there's not much of the benchmark um to allow us to compare um unless we're trying to use our own data to train it and then um to compare with of course different uh um um basically to adopt each of the techniques and compare it with our own data.,,2021_05_20_ABI_S4_ABI,Lu Wei,,,,,712.3559782608696,733.7527173913044,,,ABI,723.054347826087,"[{'explain or define term or concept': 'Lu Wei explains that they are more focused on imaging but are trying to learn about AI to help with image interpretation and segmentation, clarifying their background and goals.'}, {'ask clarifying question': 'Lu Wei asks about the lack of benchmarks for comparing different AI networks and the required signal-to-noise ratios and resolution limitations for training and prediction sets, seeking guidance on AI model selection and training parameters.'}, {'encourage particpatioin': 'Lu Wei states that they are there to ask questions and learn, inviting others to provide insights based on their expertise.'}]",14239.0,106,0
2021_05_20_ABI_S4,2021_05_20_ABI_S4,,,Um before that there's really no way to know specifically what would be the best candidate for us.,,2021_05_20_ABI_S4_ABI,Lu Wei,,,,,733.7527173913043,742.008152173913,,,ABI,737.8804347826086,"[{'explain or define term or concept': 'Lu Wei explains that they are more focused on imaging but are trying to learn about AI to help with image interpretation and segmentation, clarifying their background and goals.'}, {'ask clarifying question': 'Lu Wei asks about the lack of benchmarks for comparing different AI networks and the required signal-to-noise ratios and resolution limitations for training and prediction sets, seeking guidance on AI model selection and training parameters.'}, {'encourage particpatioin': 'Lu Wei states that they are there to ask questions and learn, inviting others to provide insights based on their expertise.'}]",14239.0,107,0
2021_05_20_ABI_S4,2021_05_20_ABI_S4,,,Um and also another thing um related to um I guess the uh um um validity of the interpretation is uh what kind of signal noise ratios do we need as both training set and also the prediction set and um is there any uh limitations on resolutions um that we should be aware of um before we do the um training.,,2021_05_20_ABI_S4_ABI,Lu Wei,,,,,742.008152173913,767.7853260869565,,,ABI,754.8967391304348,"[{'explain or define term or concept': 'Lu Wei explains that they are more focused on imaging but are trying to learn about AI to help with image interpretation and segmentation, clarifying their background and goals.'}, {'ask clarifying question': 'Lu Wei asks about the lack of benchmarks for comparing different AI networks and the required signal-to-noise ratios and resolution limitations for training and prediction sets, seeking guidance on AI model selection and training parameters.'}, {'encourage particpatioin': 'Lu Wei states that they are there to ask questions and learn, inviting others to provide insights based on their expertise.'}]",14239.0,108,0
2021_05_20_ABI_S4,2021_05_20_ABI_S4,,,So so I guess I'm here more of to uh looking to the possibilities and asking questions then then providing some of the insights.,,2021_05_20_ABI_S4_ABI,Lu Wei,,,,,767.7853260869565,778.5679347826087,,,ABI,773.1766304347826,"[{'explain or define term or concept': 'Lu Wei explains that they are more focused on imaging but are trying to learn about AI to help with image interpretation and segmentation, clarifying their background and goals.'}, {'ask clarifying question': 'Lu Wei asks about the lack of benchmarks for comparing different AI networks and the required signal-to-noise ratios and resolution limitations for training and prediction sets, seeking guidance on AI model selection and training parameters.'}, {'encourage particpatioin': 'Lu Wei states that they are there to ask questions and learn, inviting others to provide insights based on their expertise.'}]",14239.0,109,0
2021_05_20_ABI_S4,2021_05_20_ABI_S4,,,Sorry about that.,,2021_05_20_ABI_S4_ABI,Lu Wei,,,,,778.5679347826087,780.0,,,ABI,779.2839673913044,"[{'explain or define term or concept': 'Lu Wei explains that they are more focused on imaging but are trying to learn about AI to help with image interpretation and segmentation, clarifying their background and goals.'}, {'ask clarifying question': 'Lu Wei asks about the lack of benchmarks for comparing different AI networks and the required signal-to-noise ratios and resolution limitations for training and prediction sets, seeking guidance on AI model selection and training parameters.'}, {'encourage particpatioin': 'Lu Wei states that they are there to ask questions and learn, inviting others to provide insights based on their expertise.'}]",14239.0,110,0
2021_05_20_ABI_S4,2021_05_20_ABI_S4,,,Thank you and Paris.,,2021_05_20_ABI_S4_ABI,Lu Wei,,,,,14400.0,14400.0,,,ABI,14400.0,"{'acknowledge contribution': ""Lu Wei is acknowledging Maryellen Giger's contribution of introducing him, but not agreeing or expanding on any ideas.""}",14400.0,111,0
2021_05_20_ABI_S4,2021_05_20_ABI_S4,,,A DICOM.,,2021_05_20_ABI_S4_ABI,Maryellen Giger,,,,,834.0,834.6174055829229,,,ABI,834.3087027914614,"{'explain or define term or concept': 'The speaker is explaining different types of DICOM fields and image processing techniques (subtracted images, MIP) in the context of breast MRI data, clarifying the options available for inputting data into AI algorithms.', 'provide supporting evidence': 'The speaker mentions that inputting MIP (Maximum Intensity Projection) images gives better performance than inputting just the subtraction image, providing empirical evidence based on their experience.', 'ask clarifying question': 'The speaker ends the utterance by asking if others have run into the same issues regarding data preprocessing and its impact on AI algorithm performance, seeking to understand if others have similar experiences.'}",14417.0,112,0
2021_05_20_ABI_S4,2021_05_20_ABI_S4,,,"But say for example with um breast MRI, you could have DICOM fields of the raw data, you could have it showing subtracted images after uptake of a contrast, you could have a image where you've collapsed it into a MIP.",,2021_05_20_ABI_S4_ABI,Maryellen Giger,,,,,834.6174055829229,851.3645320197045,,,ABI,842.9909688013137,"{'explain or define term or concept': 'The speaker is explaining different types of DICOM fields and image processing techniques (subtracted images, MIP) in the context of breast MRI data, clarifying the options available for inputting data into AI algorithms.', 'provide supporting evidence': 'The speaker mentions that inputting MIP (Maximum Intensity Projection) images gives better performance than inputting just the subtraction image, providing empirical evidence based on their experience.', 'ask clarifying question': 'The speaker ends the utterance by asking if others have run into the same issues regarding data preprocessing and its impact on AI algorithm performance, seeking to understand if others have similar experiences.'}",14417.0,113,0
2021_05_20_ABI_S4,2021_05_20_ABI_S4,,,"We find for example inputting the MIP gives you better performance than inputting just the subtraction image or and and things like if you have volume data, do you input the volume data or do you input the slices of the volume data.",,2021_05_20_ABI_S4_ABI,Maryellen Giger,,,,,851.3645320197044,869.2692939244663,,,ABI,860.3169129720853,"{'explain or define term or concept': 'The speaker is explaining different types of DICOM fields and image processing techniques (subtracted images, MIP) in the context of breast MRI data, clarifying the options available for inputting data into AI algorithms.', 'provide supporting evidence': 'The speaker mentions that inputting MIP (Maximum Intensity Projection) images gives better performance than inputting just the subtraction image, providing empirical evidence based on their experience.', 'ask clarifying question': 'The speaker ends the utterance by asking if others have run into the same issues regarding data preprocessing and its impact on AI algorithm performance, seeking to understand if others have similar experiences.'}",14417.0,114,0
2021_05_20_ABI_S4,2021_05_20_ABI_S4,,,All those are before you even get to your algorithm and I don't know if people spend enough time on that.,,2021_05_20_ABI_S4_ABI,Maryellen Giger,,,,,869.2692939244663,877.3727422003284,,,ABI,873.3210180623973,"{'explain or define term or concept': 'The speaker is explaining different types of DICOM fields and image processing techniques (subtracted images, MIP) in the context of breast MRI data, clarifying the options available for inputting data into AI algorithms.', 'provide supporting evidence': 'The speaker mentions that inputting MIP (Maximum Intensity Projection) images gives better performance than inputting just the subtraction image, providing empirical evidence based on their experience.', 'ask clarifying question': 'The speaker ends the utterance by asking if others have run into the same issues regarding data preprocessing and its impact on AI algorithm performance, seeking to understand if others have similar experiences.'}",14417.0,115,0
2021_05_20_ABI_S4,2021_05_20_ABI_S4,,,That's how I see it.,,2021_05_20_ABI_S4_ABI,Maryellen Giger,,,,,877.3727422003283,878.9162561576354,,,ABI,878.1444991789818,"{'explain or define term or concept': 'The speaker is explaining different types of DICOM fields and image processing techniques (subtracted images, MIP) in the context of breast MRI data, clarifying the options available for inputting data into AI algorithms.', 'provide supporting evidence': 'The speaker mentions that inputting MIP (Maximum Intensity Projection) images gives better performance than inputting just the subtraction image, providing empirical evidence based on their experience.', 'ask clarifying question': 'The speaker ends the utterance by asking if others have run into the same issues regarding data preprocessing and its impact on AI algorithm performance, seeking to understand if others have similar experiences.'}",14417.0,116,0
2021_05_20_ABI_S4,2021_05_20_ABI_S4,,,"Um, have you run into that?",,2021_05_20_ABI_S4_ABI,Maryellen Giger,,,,,878.9162561576354,881.0,,,ABI,879.9581280788177,"{'explain or define term or concept': 'The speaker is explaining different types of DICOM fields and image processing techniques (subtracted images, MIP) in the context of breast MRI data, clarifying the options available for inputting data into AI algorithms.', 'provide supporting evidence': 'The speaker mentions that inputting MIP (Maximum Intensity Projection) images gives better performance than inputting just the subtraction image, providing empirical evidence based on their experience.', 'ask clarifying question': 'The speaker ends the utterance by asking if others have run into the same issues regarding data preprocessing and its impact on AI algorithm performance, seeking to understand if others have similar experiences.'}",14417.0,117,0
2021_05_20_ABI_S4,2021_05_20_ABI_S4,,,Ah.,,2021_05_20_ABI_S4_ABI,Maryellen Giger,,,,,785.0,787.0,,,ABI,786.0,"{'acknowledge contribution': ""Maryellen Giger is acknowledging Shannon's previous statement about her setup with the iPad and desktop, but is not agreeing or expanding on it.""}",15202.0,118,0
2021_05_20_ABI_S4,2021_05_20_ABI_S4,,,"All right, but that's what the 35",,2021_05_20_ABI_S4_ABI,Maryellen Giger,,,,,637.0,638.0,,,ABI,637.5,"{'explain or define term or concept': ""Maryellen is about to explain what the 35% certainty means in the context of the algorithm's output, building on the previous discussion about uncertainty quantification.""}",15839.0,119,0
2021_05_20_ABI_S4,2021_05_20_ABI_S4,,,And I I think the example of giving the AI algorithm an image that radio humans find easier to read could save you a lot of training time and data when you're doing your AI.,,2021_05_20_ABI_S4_ABI,Maryellen Giger,,,,,821.0,828.492125984252,,,ABI,824.746062992126,"[{'expand on existing idea': 'This builds upon the previous discussion about the challenges of training AI models with limited data, suggesting that providing AI algorithms with images that are easier for humans to interpret could reduce training time and data requirements.'}, {'ask clarifying question': 'This asks how many of the participants train on medical images, seeking to understand the prevalence of this practice within the group.'}]",16023.0,120,0
2021_05_20_ABI_S4,2021_05_20_ABI_S4,,,How many of you train on medical images?,,2021_05_20_ABI_S4_ABI,Maryellen Giger,,,,,828.4921259842519,830.2244094488188,,,ABI,829.3582677165354,"[{'expand on existing idea': 'This builds upon the previous discussion about the challenges of training AI models with limited data, suggesting that providing AI algorithms with images that are easier for humans to interpret could reduce training time and data requirements.'}, {'ask clarifying question': 'This asks how many of the participants train on medical images, seeking to understand the prevalence of this practice within the group.'}]",16023.0,121,0
2021_05_20_ABI_S4,2021_05_20_ABI_S4,,,I think Katie does and Shannon and Shiva.,,2021_05_20_ABI_S4_ABI,Maryellen Giger,,,,,830.224409448819,832.0,,,ABI,831.1122047244095,"[{'expand on existing idea': 'This builds upon the previous discussion about the challenges of training AI models with limited data, suggesting that providing AI algorithms with images that are easier for humans to interpret could reduce training time and data requirements.'}, {'ask clarifying question': 'This asks how many of the participants train on medical images, seeking to understand the prevalence of this practice within the group.'}]",16023.0,122,0
2021_05_20_ABI_S4,2021_05_20_ABI_S4,,,Are those major topics that,,2021_05_20_ABI_S4_ABI,Maryellen Giger,,,,,16722.0,16722.0,,,ABI,16722.0,"{'ask clarifying question': 'Maryellen is asking if the topics discussed are major topics, seeking confirmation and clarity on the direction of the conversation.'}",16722.0,123,0
2021_05_20_ABI_S4,2021_05_20_ABI_S4,,,Are you have domain expert issues?,,2021_05_20_ABI_S4_ABI,Maryellen Giger,,,,,990.0,992.0,,,ABI,991.0,"{'ask clarifying question': 'Maryellen is asking Shannon and Shiva if they are having issues related to access to domain experts, following a discussion about the importance of domain expertise in AI development.'}",17013.0,124,0
2021_05_20_ABI_S4,2021_05_20_ABI_S4,,,Because I like seeing everyone while we're having a discussion and I know I can kind of make the slide part very small and still see you all.,,2021_05_20_ABI_S4_ABI,Maryellen Giger,,,,,798.0,812.4810810810811,,,ABI,805.2405405405406,"{'encourage particpatioin': 'Maryellen is encouraging participation by expressing her preference for seeing everyone during the discussion, suggesting it aids visual feedback and thus, better engagement.'}",17811.0,125,0
2021_05_20_ABI_S4,2021_05_20_ABI_S4,,,Um but I think we need that visual feedback.,,2021_05_20_ABI_S4_ABI,Maryellen Giger,,,,,812.4810810810811,817.0,,,ABI,814.7405405405406,"{'encourage particpatioin': 'Maryellen is encouraging participation by expressing her preference for seeing everyone during the discussion, suggesting it aids visual feedback and thus, better engagement.'}",17811.0,126,0
2021_05_20_ABI_S4,2021_05_20_ABI_S4,,,But the format.,,2021_05_20_ABI_S4_ABI,Maryellen Giger,,,,,895.0,896.0,,,ABI,895.5,"{'ask clarifying question': 'Maryellen is asking for clarification on the format of the data being used for the algorithm, following a discussion about the choice between volumetric data and slices.'}",17908.0,127,0
2021_05_20_ABI_S4,2021_05_20_ABI_S4,,,"But we don't have that especially in um the medical biomedical field, you know, you know, for things like image net, there's lots of pictures of cats and dogs and cars and light poles and all, but we don't have a lot of that annotated in the medical field even though we're generating so many medical images per day.",,2021_05_20_ABI_S4_ABI,Maryellen Giger,,,,,855.0,871.0,,,ABI,863.0,"{'provide supporting evidence': 'The utterance provides supporting evidence for the challenges in training AI in the medical field by contrasting it with the availability of annotated data in other fields like ImageNet, where there are abundant labeled images of common objects.', 'expand on existing idea': 'This utterance expands on the existing idea of the challenges in training AI for medical imaging, which was previously discussed in the context of ground truth and data limitations.'}",18763.0,128,0
2021_05_20_ABI_S4,2021_05_20_ABI_S4,,,Can you download the PowerPoint to your computer?,,2021_05_20_ABI_S4_ABI,Maryellen Giger,,,,,1049.0,1055.0493827160494,,,ABI,1052.0246913580247,"[{'propose decision': 'Maryellen proposes downloading the PowerPoint to the computer, suggesting a course of action for Shannon to take.'}]",18957.0,129,0
2021_05_20_ABI_S4,2021_05_20_ABI_S4,,,Um I'm actually just going to draft I'm going to draft it out in the Google Doc.,,2021_05_20_ABI_S4_ABI,Maryellen Giger,,,,,1055.0493827160492,1064.9259259259259,,,ABI,1059.9876543209875,"[{'propose decision': 'Maryellen proposes downloading the PowerPoint to the computer, suggesting a course of action for Shannon to take.'}]",18957.0,130,0
2021_05_20_ABI_S4,2021_05_20_ABI_S4,,,Okay.,,2021_05_20_ABI_S4_ABI,Maryellen Giger,,,,,1064.925925925926,1065.5432098765432,,,ABI,1065.2345679012346,"[{'propose decision': 'Maryellen proposes downloading the PowerPoint to the computer, suggesting a course of action for Shannon to take.'}]",18957.0,131,0
2021_05_20_ABI_S4,2021_05_20_ABI_S4,,,Okay.,,2021_05_20_ABI_S4_ABI,Maryellen Giger,,,,,1065.5432098765434,1066.1604938271605,,,ABI,1065.851851851852,"[{'propose decision': 'Maryellen proposes downloading the PowerPoint to the computer, suggesting a course of action for Shannon to take.'}]",18957.0,132,0
2021_05_20_ABI_S4,2021_05_20_ABI_S4,,,Um Now I forgot what um,,2021_05_20_ABI_S4_ABI,Maryellen Giger,,,,,1066.1604938271603,1069.0,,,ABI,1067.5802469135801,"[{'propose decision': 'Maryellen proposes downloading the PowerPoint to the computer, suggesting a course of action for Shannon to take.'}]",18957.0,133,0
2021_05_20_ABI_S4,2021_05_20_ABI_S4,,,"Caroline, what do you think of that?",,2021_05_20_ABI_S4_ABI,Maryellen Giger,,,,,19885.0,19885.0,,,ABI,19885.0,"{'encourage particpatioin': 'Maryellen Giger is directly asking Caroline for her opinion, encouraging her to contribute to the discussion.'}",19885.0,134,0
2021_05_20_ABI_S4,2021_05_20_ABI_S4,,,Does anyone have any other thoughts on the first bullet which is in a way kind of our discussion blended into the third bullet?,,2021_05_20_ABI_S4_ABI,Maryellen Giger,,,,,840.9999999999999,851.7244444444444,,,ABI,846.3622222222222,"{'encourage particpatioin': 'Maryellen is asking if anyone has any other thoughts, encouraging others to contribute to the discussion.', 'expand on existing idea': 'Maryellen is elaborating on the first bullet point by connecting it to the third and discussing errors, performance measurement, variation, bias, and generalization, building upon the initial topic of 3D imaging and massive datasets.', 'explain or define term or concept': 'Maryellen is explaining the concept of acceptable errors and how they are quantified by the metrology of the system.'}",20726.0,135,0
2021_05_20_ABI_S4,2021_05_20_ABI_S4,,,"You know, we talked about um what kind of errors, you know, if we think about errors that are acceptable, those are quantitated by the metrology of the system. how are you going to measure the performance?",,2021_05_20_ABI_S4_ABI,Maryellen Giger,,,,,851.7244444444444,869.0355555555556,,,ABI,860.38,"{'encourage particpatioin': 'Maryellen is asking if anyone has any other thoughts, encouraging others to contribute to the discussion.', 'expand on existing idea': 'Maryellen is elaborating on the first bullet point by connecting it to the third and discussing errors, performance measurement, variation, bias, and generalization, building upon the initial topic of 3D imaging and massive datasets.', 'explain or define term or concept': 'Maryellen is explaining the concept of acceptable errors and how they are quantified by the metrology of the system.'}",20726.0,136,0
2021_05_20_ABI_S4,2021_05_20_ABI_S4,,,How are you going to measure the variation of your system?,,2021_05_20_ABI_S4_ABI,Maryellen Giger,,,,,869.0355555555556,873.9333333333333,,,ABI,871.4844444444444,"{'encourage particpatioin': 'Maryellen is asking if anyone has any other thoughts, encouraging others to contribute to the discussion.', 'expand on existing idea': 'Maryellen is elaborating on the first bullet point by connecting it to the third and discussing errors, performance measurement, variation, bias, and generalization, building upon the initial topic of 3D imaging and massive datasets.', 'explain or define term or concept': 'Maryellen is explaining the concept of acceptable errors and how they are quantified by the metrology of the system.'}",20726.0,137,0
2021_05_20_ABI_S4,2021_05_20_ABI_S4,,,How will you measure how unbiased or general your system is?,,2021_05_20_ABI_S4_ABI,Maryellen Giger,,,,,873.9333333333334,879.0,,,ABI,876.4666666666667,"{'encourage particpatioin': 'Maryellen is asking if anyone has any other thoughts, encouraging others to contribute to the discussion.', 'expand on existing idea': 'Maryellen is elaborating on the first bullet point by connecting it to the third and discussing errors, performance measurement, variation, bias, and generalization, building upon the initial topic of 3D imaging and massive datasets.', 'explain or define term or concept': 'Maryellen is explaining the concept of acceptable errors and how they are quantified by the metrology of the system.'}",20726.0,138,0
2021_05_20_ABI_S4,2021_05_20_ABI_S4,,,Gergis.,,2021_05_20_ABI_S4_ABI,Maryellen Giger,,,,,733.0,735.0,,,ABI,734.0,"{'acknowledge contribution': ""Maryellen Giger acknowledges Gergis's presence in the meeting, but does not agree or expand on any idea.""}",21459.0,139,0
2021_05_20_ABI_S4,2021_05_20_ABI_S4,,,"Girgis, do you have that?",,2021_05_20_ABI_S4_ABI,Maryellen Giger,,,,,666.0,668.0,,,ABI,667.0,"{'encourage particpatioin': 'Maryellen is encouraging Girgis to participate in the discussion, likely asking if he has access to the domain experts he needs, similar to the previous discussion with Alex.'}",22125.0,140,0
2021_05_20_ABI_S4,2021_05_20_ABI_S4,,,"Help us, where would you put it and how would you put it?",,2021_05_20_ABI_S4_ABI,Maryellen Giger,,,,,907.0,908.0,,,ABI,907.5,"{'encourage particpatioin': 'Maryellen is encouraging someone to contribute to the Google Doc, seeking their input on where and how to incorporate a specific point.'}",22366.0,141,0
2021_05_20_ABI_S4,2021_05_20_ABI_S4,,,How do you decide what goes into your algorithm?,,2021_05_20_ABI_S4_ABI,Maryellen Giger,,,,,23247.0,23247.0,,,ABI,23247.0,"{'ask clarifying question': 'Maryellen is asking a question to understand the decision-making process behind selecting inputs for an algorithm, following a discussion about preprocessing images to help AI learn with limited data.'}",23247.0,142,0
2021_05_20_ABI_S4,2021_05_20_ABI_S4,,,"I always, you know, I mentioned I I like to think like a human and I think the inputs and the outputs should be very similar.",,2021_05_20_ABI_S4_ABI,Maryellen Giger,,,,,694.0,708.4389438943895,,,ABI,701.2194719471947,"[{'present new idea': 'Maryellen introduces the idea that AI inputs and outputs should be similar to human inputs and outputs, which is a novel concept in the context of the discussion.'}, {'expand on existing idea': 'Maryellen expands on the discussion about AI by expressing her preference for handcrafted methods and how she merges them with deep learning, building on the previous discussion about AI pipelines and data requirements.'}]",23941.0,143,0
2021_05_20_ABI_S4,2021_05_20_ABI_S4,,,I'm a big fan of handcrafted.,,2021_05_20_ABI_S4_ABI,Maryellen Giger,,,,,708.4389438943895,711.7887788778878,,,ABI,710.1138613861386,"[{'present new idea': 'Maryellen introduces the idea that AI inputs and outputs should be similar to human inputs and outputs, which is a novel concept in the context of the discussion.'}, {'expand on existing idea': 'Maryellen expands on the discussion about AI by expressing her preference for handcrafted methods and how she merges them with deep learning, building on the previous discussion about AI pipelines and data requirements.'}]",23941.0,144,0
2021_05_20_ABI_S4,2021_05_20_ABI_S4,,,"In fact, I I think it's the world will not just be all deep learning.",,2021_05_20_ABI_S4_ABI,Maryellen Giger,,,,,711.7887788778877,719.7590759075907,,,ABI,715.7739273927392,"[{'present new idea': 'Maryellen introduces the idea that AI inputs and outputs should be similar to human inputs and outputs, which is a novel concept in the context of the discussion.'}, {'expand on existing idea': 'Maryellen expands on the discussion about AI by expressing her preference for handcrafted methods and how she merges them with deep learning, building on the previous discussion about AI pipelines and data requirements.'}]",23941.0,145,0
2021_05_20_ABI_S4,2021_05_20_ABI_S4,,,I grew up with handcrafted and I now incorporate deep learning and I merge them.,,2021_05_20_ABI_S4_ABI,Maryellen Giger,,,,,719.7590759075908,729.0,,,ABI,724.3795379537954,"[{'present new idea': 'Maryellen introduces the idea that AI inputs and outputs should be similar to human inputs and outputs, which is a novel concept in the context of the discussion.'}, {'expand on existing idea': 'Maryellen expands on the discussion about AI by expressing her preference for handcrafted methods and how she merges them with deep learning, building on the previous discussion about AI pipelines and data requirements.'}]",23941.0,146,0
2021_05_20_ABI_S4,2021_05_20_ABI_S4,,,I got a new floor.,,2021_05_20_ABI_S4_ABI,Maryellen Giger,,,,,706.0,707.8,,,ABI,706.9,"[{'express humor': ""Maryellen makes a joke about forgetting Shannon's name, indicating she got a new floor, which is a humorous way to acknowledge her mistake.""}]",23953.0,147,0
2021_05_20_ABI_S4,2021_05_20_ABI_S4,,,I'm Shannon.,,2021_05_20_ABI_S4_ABI,Maryellen Giger,,,,,707.8,709.0,,,ABI,708.4,"[{'express humor': ""Maryellen makes a joke about forgetting Shannon's name, indicating she got a new floor, which is a humorous way to acknowledge her mistake.""}]",23953.0,148,0
2021_05_20_ABI_S4,2021_05_20_ABI_S4,,,I guess so.,,2021_05_20_ABI_S4_ABI,Maryellen Giger,,,,,937.0,938.0,,,ABI,937.5,"[{'express agreement': ""Maryellen agrees with Girgis's point about generalizability and the relationship of the model to the physics, chemistry, and biology of the imaging situation.""}]",24184.0,149,0
2021_05_20_ABI_S4,2021_05_20_ABI_S4,,,I know I do.,,2021_05_20_ABI_S4_ABI,Maryellen Giger,,,,,1020.9999999999999,1022.6363636363636,,,ABI,1021.8181818181818,"{'express agreement': 'Maryellen agrees with the implicit question of whether people work with massive datasets, based on the previous turn where she asked ""So how many of you do work with massive data sets?"".'}",24268.0,150,0
2021_05_20_ABI_S4,2021_05_20_ABI_S4,,,"Big, yeah.",,2021_05_20_ABI_S4_ABI,Maryellen Giger,,,,,1022.6363636363637,1024.0,,,ABI,1023.3181818181819,"{'express agreement': 'Maryellen agrees with the implicit question of whether people work with massive datasets, based on the previous turn where she asked ""So how many of you do work with massive data sets?"".'}",24268.0,151,0
2021_05_20_ABI_S4,2021_05_20_ABI_S4,,,I that's a a very good point.,,2021_05_20_ABI_S4_ABI,Maryellen Giger,,,,,831.0,833.4250871080139,,,ABI,832.212543554007,"{'acknowledge contribution': {'Explanation': 'The phrase ""that\'s a very good point"" acknowledges Alex\'s prior contribution about integrating biological and physical boundaries into AI.'}, 'expand on existing idea': {'Explanation': ""Maryellen expands on Alex's point about integrating domain knowledge into AI by suggesting taking advantage of a priori knowledge and the input image during AI training.""}}",25099.0,152,0
2021_05_20_ABI_S4,2021_05_20_ABI_S4,,,"Um, when when I find when training AI, you should take advantage of a priori knowledge as well as what image are you inputting?",,2021_05_20_ABI_S4_ABI,Maryellen Giger,,,,,833.4250871080139,844.0452961672474,,,ABI,838.7351916376307,"{'acknowledge contribution': {'Explanation': 'The phrase ""that\'s a very good point"" acknowledges Alex\'s prior contribution about integrating biological and physical boundaries into AI.'}, 'expand on existing idea': {'Explanation': ""Maryellen expands on Alex's point about integrating domain knowledge into AI by suggesting taking advantage of a priori knowledge and the input image during AI training.""}}",25099.0,153,0
2021_05_20_ABI_S4,2021_05_20_ABI_S4,,,"Yes, one could say if I have infinite amount of data, infinite amount of truth, I can train it if I I just let it chug away, right?",,2021_05_20_ABI_S4_ABI,Maryellen Giger,,,,,844.0452961672474,855.0,,,ABI,849.5226480836237,"{'acknowledge contribution': {'Explanation': 'The phrase ""that\'s a very good point"" acknowledges Alex\'s prior contribution about integrating biological and physical boundaries into AI.'}, 'expand on existing idea': {'Explanation': ""Maryellen expands on Alex's point about integrating domain knowledge into AI by suggesting taking advantage of a priori knowledge and the input image during AI training.""}}",25099.0,154,0
2021_05_20_ABI_S4,2021_05_20_ABI_S4,,,I think,,2021_05_20_ABI_S4_ABI,Maryellen Giger,,,,,25335.0,25335.0,,,ABI,25335.0,[{'None': 'No code applies to this utterance.'}],25335.0,155,0
2021_05_20_ABI_S4,2021_05_20_ABI_S4,,,I think we have to go back to the application and what is the task?,,2021_05_20_ABI_S4_ABI,Maryellen Giger,,,,,940.0,948.2536231884058,,,ABI,944.1268115942029,"[{'explain or define term or concept': ""The speaker is explaining the concept of 'truth' in the context of image segmentation and how it relates to the application and task at hand, particularly in relation to pathology as the final truth.""}, {'expand on existing idea': 'The speaker is expanding on the discussion about ground truth by relating it to segmentation and evaluation metrics like the dice coefficient, building on the previous discussion about the challenges of defining ground truth in biological and clinical images.'}]",26275.0,156,0
2021_05_20_ABI_S4,2021_05_20_ABI_S4,,,And I think the truth um I'm going to throw this out.,,2021_05_20_ABI_S4_ABI,Maryellen Giger,,,,,948.2536231884056,954.7826086956521,,,ABI,951.5181159420289,"[{'explain or define term or concept': ""The speaker is explaining the concept of 'truth' in the context of image segmentation and how it relates to the application and task at hand, particularly in relation to pathology as the final truth.""}, {'expand on existing idea': 'The speaker is expanding on the discussion about ground truth by relating it to segmentation and evaluation metrics like the dice coefficient, building on the previous discussion about the challenges of defining ground truth in biological and clinical images.'}]",26275.0,157,0
2021_05_20_ABI_S4,2021_05_20_ABI_S4,,,"So a lot of us probably do segmentation, right?",,2021_05_20_ABI_S4_ABI,Maryellen Giger,,,,,954.7826086956522,960.572463768116,,,ABI,957.6775362318841,"[{'explain or define term or concept': ""The speaker is explaining the concept of 'truth' in the context of image segmentation and how it relates to the application and task at hand, particularly in relation to pathology as the final truth.""}, {'expand on existing idea': 'The speaker is expanding on the discussion about ground truth by relating it to segmentation and evaluation metrics like the dice coefficient, building on the previous discussion about the challenges of defining ground truth in biological and clinical images.'}]",26275.0,158,0
2021_05_20_ABI_S4,2021_05_20_ABI_S4,,,"And then you ask, well how do you evaluate it?",,2021_05_20_ABI_S4_ABI,Maryellen Giger,,,,,960.5724637681159,966.2391304347826,,,ABI,963.4057971014493,"[{'explain or define term or concept': ""The speaker is explaining the concept of 'truth' in the context of image segmentation and how it relates to the application and task at hand, particularly in relation to pathology as the final truth.""}, {'expand on existing idea': 'The speaker is expanding on the discussion about ground truth by relating it to segmentation and evaluation metrics like the dice coefficient, building on the previous discussion about the challenges of defining ground truth in biological and clinical images.'}]",26275.0,159,0
2021_05_20_ABI_S4,2021_05_20_ABI_S4,,,"Well, maybe you use a dice coefficient or something like that.",,2021_05_20_ABI_S4_ABI,Maryellen Giger,,,,,966.2391304347826,973.8768115942029,,,ABI,970.0579710144928,"[{'explain or define term or concept': ""The speaker is explaining the concept of 'truth' in the context of image segmentation and how it relates to the application and task at hand, particularly in relation to pathology as the final truth.""}, {'expand on existing idea': 'The speaker is expanding on the discussion about ground truth by relating it to segmentation and evaluation metrics like the dice coefficient, building on the previous discussion about the challenges of defining ground truth in biological and clinical images.'}]",26275.0,160,0
2021_05_20_ABI_S4,2021_05_20_ABI_S4,,,"But it there's also the more broader picture saying, well, my segment works depending on my final truth, which might be based on pathology.",,2021_05_20_ABI_S4_ABI,Maryellen Giger,,,,,973.876811594203,991.0,,,ABI,982.4384057971015,"[{'explain or define term or concept': ""The speaker is explaining the concept of 'truth' in the context of image segmentation and how it relates to the application and task at hand, particularly in relation to pathology as the final truth.""}, {'expand on existing idea': 'The speaker is expanding on the discussion about ground truth by relating it to segmentation and evaluation metrics like the dice coefficient, building on the previous discussion about the challenges of defining ground truth in biological and clinical images.'}]",26275.0,161,0
2021_05_20_ABI_S4,2021_05_20_ABI_S4,,,"I think you're doing a great job here, Shannon.",,2021_05_20_ABI_S4_ABI,Maryellen Giger,,,,,1073.0,1074.4242424242425,,,ABI,1073.7121212121212,"[{'acknowledge contribution': ""Maryellen acknowledges Shannon's work by saying she is doing a great job."", 'encourage particpatioin': 'Maryellen encourages Shannon to participate by asking her where she sees things can be merged.'}]",26408.0,162,0
2021_05_20_ABI_S4,2021_05_20_ABI_S4,,,"Shannon, where do you see things can be move merged?",,2021_05_20_ABI_S4_ABI,Maryellen Giger,,,,,1074.4242424242425,1076.0,,,ABI,1075.2121212121212,"[{'acknowledge contribution': ""Maryellen acknowledges Shannon's work by saying she is doing a great job."", 'encourage particpatioin': 'Maryellen encourages Shannon to participate by asking her where she sees things can be merged.'}]",26408.0,163,0
2021_05_20_ABI_S4,2021_05_20_ABI_S4,,,I use human human aided AI development.,,2021_05_20_ABI_S4_ABI,Maryellen Giger,,,,,939.0,940.0,,,ABI,939.5,"{'explain or define term or concept': ""Maryellen is explaining her approach to AI development, which involves human input and collaboration, building on the previous discussion about the importance of domain expertise and understanding the end user's needs.""}",27347.0,164,0
2021_05_20_ABI_S4,2021_05_20_ABI_S4,,,Is it supposed to be a separate recorder and um reporter?,,2021_05_20_ABI_S4_ABI,Maryellen Giger,,,,,922.0,925.0,,,ABI,923.5,"{'ask clarifying question': ""Maryellen is asking a question to clarify whether the roles of recorder and reporter should be held by different people, which is relevant to the meeting's organization.""}",28269.0,165,0
2021_05_20_ABI_S4,2021_05_20_ABI_S4,,,It it it will save you tons of time.,,2021_05_20_ABI_S4_ABI,Maryellen Giger,,,,,987.0,988.0,,,ABI,987.5,{'express enthusiasm': 'Maryellen expresses enthusiasm that connecting AI developers with domain experts will save time.'},28334.0,166,0
2021_05_20_ABI_S4,2021_05_20_ABI_S4,,,"Okay, I I agree explainability and then to the end user interpretability.",,2021_05_20_ABI_S4_ABI,Maryellen Giger,,,,,757.0,761.0,,,ABI,759.0,"{'express agreement': ""Maryellen explicitly agrees with Shiva's point about the importance of explainability in AI/ML models, building on the previous discussion about training AI/ML algorithms and adapting models to different datasets."", 'expand on existing idea': ""Maryellen expands on Shiva's idea of explainability by adding the concept of interpretability for the end user, building on the previous discussion about training AI/ML algorithms and adapting models to different datasets.""}",29091.0,167,0
2021_05_20_ABI_S4,2021_05_20_ABI_S4,,,"Okay, are you are you okay with that, Shannon?",,2021_05_20_ABI_S4_ABI,Maryellen Giger,,,,,942.0,948.0,,,ABI,945.0,"{'confirm decision': 'Maryellen is checking if Shannon is okay with the suggestion that one person can take notes and report, which was just discussed.'}",29276.0,168,0
2021_05_20_ABI_S4,2021_05_20_ABI_S4,,,"Okay, good.",,2021_05_20_ABI_S4_ABI,Maryellen Giger,,,,,1068.0,1069.0,,,ABI,1068.5,{'express agreement': 'Maryellen is explicitly agreeing with the previous statement made by Shiva about the need for infrastructure to provide a path for AI developers to connect with domain experts.'},29402.0,169,0
2021_05_20_ABI_S4,2021_05_20_ABI_S4,,,"Okay, good.",,2021_05_20_ABI_S4_ABI,Maryellen Giger,,,,,29404.0,29404.0,,,ABI,29404.0,"[{'express agreement': 'Maryellen expresses agreement with the previous statement, likely summarizing or affirming a point made in the discussion.'}]",29404.0,170,0
2021_05_20_ABI_S4,2021_05_20_ABI_S4,,,"Okay, good.",,2021_05_20_ABI_S4_ABI,Maryellen Giger,,,,,1103.0,1104.0,,,ABI,1103.5,"{'express agreement': 'Maryellen Giger is expressing agreement with a prior statement, likely in response to the ongoing discussion.'}",29437.0,171,0
2021_05_20_ABI_S4,2021_05_20_ABI_S4,,,"Okay, great, thank you.",,2021_05_20_ABI_S4_ABI,Maryellen Giger,,,,,948.0,951.0,,,ABI,949.5,"{'express agreement': ""Maryellen expresses agreement with Shannon's willingness to take on the task of both recorder and reporter, as discussed in the previous turns.""}",30385.0,172,0
2021_05_20_ABI_S4,2021_05_20_ABI_S4,,,"Okay, great.",,2021_05_20_ABI_S4_ABI,Maryellen Giger,,,,,649.0,651.0,,,ABI,650.0,"{'express agreement': ""Maryellen expresses agreement with Sandra's statement about observing and leaving the meeting early.""}",31034.0,173,0
2021_05_20_ABI_S4,2021_05_20_ABI_S4,,,"Okay, should I close my eyes and pick on the screen and I end up on Shannon.",,2021_05_20_ABI_S4_ABI,Maryellen Giger,,,,,880.9999999999999,888.4347826086956,,,ABI,884.7173913043478,"{'express humor': 'Maryellen makes a joke about randomly selecting someone to present, congratulating Shannon in advance, which expresses humor.'}",31266.0,174,0
2021_05_20_ABI_S4,2021_05_20_ABI_S4,,,Congratulations.,,2021_05_20_ABI_S4_ABI,Maryellen Giger,,,,,888.4347826086957,890.0,,,ABI,889.2173913043479,"{'express humor': 'Maryellen makes a joke about randomly selecting someone to present, congratulating Shannon in advance, which expresses humor.'}",31266.0,175,0
2021_05_20_ABI_S4,2021_05_20_ABI_S4,,,"Okay, so",,2021_05_20_ABI_S4_ABI,Maryellen Giger,,,,,31336.0,31336.0,,,ABI,31336.0,[{'None': 'No code applies to this utterance.'}],31336.0,176,0
2021_05_20_ABI_S4,2021_05_20_ABI_S4,,,"Okay, so you have your domain experts.",,2021_05_20_ABI_S4_ABI,Maryellen Giger,,,,,660.9999999999999,662.5405405405405,,,ABI,661.7702702702702,"{'acknowledge contribution': {'Explanation': 'Maryellen acknowledges that Alex has access to domain experts and biologists, recognizing his input in the discussion.'}}",31997.0,177,0
2021_05_20_ABI_S4,2021_05_20_ABI_S4,,,You have your biologist right there.,,2021_05_20_ABI_S4_ABI,Maryellen Giger,,,,,662.5405405405406,664.0,,,ABI,663.2702702702703,"{'acknowledge contribution': {'Explanation': 'Maryellen acknowledges that Alex has access to domain experts and biologists, recognizing his input in the discussion.'}}",31997.0,178,0
2021_05_20_ABI_S4,2021_05_20_ABI_S4,,,"Okay, thank you, Katie.",,2021_05_20_ABI_S4_ABI,Maryellen Giger,,,,,631.0,632.0,,,ABI,631.5,"{'acknowledge contribution': ""Maryellen acknowledges Katie's introduction, showing recognition of her input.""}",32628.0,179,0
2021_05_20_ABI_S4,2021_05_20_ABI_S4,,,"Okay, this yeah.",,2021_05_20_ABI_S4_ABI,Maryellen Giger,,,,,1066.0,1067.0,,,ABI,1066.5,"{'express agreement': ""Maryellen is agreeing with Shiva's statement about the need for infrastructure to provide a path to access data and domain experts, which is a critical path for success.""}",33063.0,180,0
2021_05_20_ABI_S4,2021_05_20_ABI_S4,,,"Okay, well that's that's major.",,2021_05_20_ABI_S4_ABI,Maryellen Giger,,,,,951.9999999999999,955.6046511627907,,,ABI,953.8023255813953,"{'acknowledge contribution': {'Explanation': ""Maryellen acknowledges Katy's point about the lack of access to domain experts as a major barrier for AI developers.""}, 'present new idea': {'Explanation': ""Maryellen presents the idea that a network is needed to connect AI developers with domain experts in imaging tasks, which hasn't been explicitly stated before.""}}",34015.0,181,0
2021_05_20_ABI_S4,2021_05_20_ABI_S4,,,"To me, that's a barrier.",,2021_05_20_ABI_S4_ABI,Maryellen Giger,,,,,955.6046511627907,958.3953488372093,,,ABI,957.0,"{'acknowledge contribution': {'Explanation': ""Maryellen acknowledges Katy's point about the lack of access to domain experts as a major barrier for AI developers.""}, 'present new idea': {'Explanation': ""Maryellen presents the idea that a network is needed to connect AI developers with domain experts in imaging tasks, which hasn't been explicitly stated before.""}}",34015.0,182,0
2021_05_20_ABI_S4,2021_05_20_ABI_S4,,,You um AI developers need um um need that.,,2021_05_20_ABI_S4_ABI,Maryellen Giger,,,,,958.3953488372093,963.2790697674419,,,ABI,960.8372093023256,"{'acknowledge contribution': {'Explanation': ""Maryellen acknowledges Katy's point about the lack of access to domain experts as a major barrier for AI developers.""}, 'present new idea': {'Explanation': ""Maryellen presents the idea that a network is needed to connect AI developers with domain experts in imaging tasks, which hasn't been explicitly stated before.""}}",34015.0,183,0
2021_05_20_ABI_S4,2021_05_20_ABI_S4,,,"I I get that access all the time that's why I like where I am, but um that's that's really important that the network network needs to connect the AI developer with the domain expert of that imaging task.",,2021_05_20_ABI_S4_ABI,Maryellen Giger,,,,,963.2790697674418,987.0,,,ABI,975.1395348837209,"{'acknowledge contribution': {'Explanation': ""Maryellen acknowledges Katy's point about the lack of access to domain experts as a major barrier for AI developers.""}, 'present new idea': {'Explanation': ""Maryellen presents the idea that a network is needed to connect AI developers with domain experts in imaging tasks, which hasn't been explicitly stated before.""}}",34015.0,184,0
2021_05_20_ABI_S4,2021_05_20_ABI_S4,,,"Okay, yes, and when I say think like a human, I'm thinking more of input and output.",,2021_05_20_ABI_S4_ABI,Maryellen Giger,,,,,755.0,760.0,,,ABI,757.5,"{'explain or define term or concept': 'Maryellen is clarifying what she means by ""think like a human"", stating that she is referring to the input and output of the AI system, not necessarily the internal workings.'}",34770.0,185,0
2021_05_20_ABI_S4,2021_05_20_ABI_S4,,,Okay.,,2021_05_20_ABI_S4_ABI,Maryellen Giger,,,,,34861.0,34861.0,,,ABI,34861.0,"{'acknowledge contribution': ""Maryellen Giger acknowledges the previous speaker's introduction, signaling a transition to the next speaker or topic.""}",34861.0,186,0
2021_05_20_ABI_S4,2021_05_20_ABI_S4,,,Okay.,,2021_05_20_ABI_S4_ABI,Maryellen Giger,,,,,35040.0,35040.0,,,ABI,35040.0,"[{'acknowledge contribution': 'Maryellen Giger is acknowledging a previous statement or action, but without necessarily agreeing or expanding on it; this is a general acknowledgement.'}]",35040.0,187,0
2021_05_20_ABI_S4,2021_05_20_ABI_S4,,,Okay.,,2021_05_20_ABI_S4_ABI,Maryellen Giger,,,,,35088.0,35088.0,,,ABI,35088.0,"[{'Okay': 'This utterance simply acknowledges the previous statement, indicating agreement or understanding.'}]",35088.0,188,0
2021_05_20_ABI_S4,2021_05_20_ABI_S4,,,Okay.,,2021_05_20_ABI_S4_ABI,Maryellen Giger,,,,,1009.0,1009.2991452991453,,,ABI,1009.1495726495726,"[{'encourage particpatioin': 'Maryellen is encouraging Shannon to summarize the points, inviting her to contribute to the discussion.'}]",36097.0,189,0
2021_05_20_ABI_S4,2021_05_20_ABI_S4,,,"Um, do you want us to go through?",,2021_05_20_ABI_S4_ABI,Maryellen Giger,,,,,1009.2991452991454,1011.2735042735043,,,ABI,1010.2863247863248,"[{'encourage particpatioin': 'Maryellen is encouraging Shannon to summarize the points, inviting her to contribute to the discussion.'}]",36097.0,190,0
2021_05_20_ABI_S4,2021_05_20_ABI_S4,,,Do you want to kind of summarize for us and then we can so so the topic here is,,2021_05_20_ABI_S4_ABI,Maryellen Giger,,,,,1011.2735042735044,1016.0,,,ABI,1013.6367521367522,"[{'encourage particpatioin': 'Maryellen is encouraging Shannon to summarize the points, inviting her to contribute to the discussion.'}]",36097.0,191,0
2021_05_20_ABI_S4,2021_05_20_ABI_S4,,,Or do you want someone to,,2021_05_20_ABI_S4_ABI,Maryellen Giger,,,,,819.0,821.0,,,ABI,820.0,{'encourage particpatioin': 'Maryellen is asking a question to encourage someone else to contribute to the discussion about how to share notes.'},36916.0,192,0
2021_05_20_ABI_S4,2021_05_20_ABI_S4,,,"Right, Google Doc, I'm sorry.",,2021_05_20_ABI_S4_ABI,Maryellen Giger,,,,,824.9999999999999,827.6524390243902,,,ABI,826.326219512195,"{'confirm decision': 'Maryellen confirms the decision to use a Google Doc for note-taking, which was previously suggested by Shannon and agreed upon by Beck.', 'explain or define term or concept': ""Maryellen clarifies that she meant 'Google Doc' instead of 'Google Drive', ensuring everyone understands the tool being discussed."", 'express enthusiasm': 'Maryellen expresses that using the Google Doc would be useful for the discussion.'}",36922.0,193,0
2021_05_20_ABI_S4,2021_05_20_ABI_S4,,,"So if you send that link in the chat, we can just click on it and then it's as if we're viewing the screen.",,2021_05_20_ABI_S4_ABI,Maryellen Giger,,,,,827.6524390243903,837.439024390244,,,ABI,832.5457317073171,"{'confirm decision': 'Maryellen confirms the decision to use a Google Doc for note-taking, which was previously suggested by Shannon and agreed upon by Beck.', 'explain or define term or concept': ""Maryellen clarifies that she meant 'Google Doc' instead of 'Google Drive', ensuring everyone understands the tool being discussed."", 'express enthusiasm': 'Maryellen expresses that using the Google Doc would be useful for the discussion.'}",36922.0,194,0
2021_05_20_ABI_S4,2021_05_20_ABI_S4,,,That would be useful because,,2021_05_20_ABI_S4_ABI,Maryellen Giger,,,,,837.439024390244,840.0,,,ABI,838.719512195122,"{'confirm decision': 'Maryellen confirms the decision to use a Google Doc for note-taking, which was previously suggested by Shannon and agreed upon by Beck.', 'explain or define term or concept': ""Maryellen clarifies that she meant 'Google Doc' instead of 'Google Drive', ensuring everyone understands the tool being discussed."", 'express enthusiasm': 'Maryellen expresses that using the Google Doc would be useful for the discussion.'}",36922.0,195,0
2021_05_20_ABI_S4,2021_05_20_ABI_S4,,,Right.,,2021_05_20_ABI_S4_ABI,Maryellen Giger,,,,,911.0,912.0,,,ABI,911.5,"[{'express agreement': ""Maryellen agrees with Beck's previous statement about the format of the data being application and collaborator dependent.""}]",37008.0,196,0
2021_05_20_ABI_S4,2021_05_20_ABI_S4,,,Right.,,2021_05_20_ABI_S4_ABI,Maryellen Giger,,,,,951.0,952.0,,,ABI,951.5,"[{'express agreement': ""Maryellen Giger is agreeing with the previous speaker, Katy Keenan, who stated that they don't have enough resources to answer some questions and that their work is sometimes driven by what they have access to.""}]",37048.0,197,0
2021_05_20_ABI_S4,2021_05_20_ABI_S4,,,Right.,,2021_05_20_ABI_S4_ABI,Maryellen Giger,,,,,899.9999999999999,900.1666666666666,,,ABI,900.0833333333333,"{'ask clarifying question': 'Maryellen is asking about what data to input into the algorithm, and is now clarifying that she is not asking about the format of the data, but something else.'}",37948.0,198,0
2021_05_20_ABI_S4,2021_05_20_ABI_S4,,,"What are well, not the format.",,2021_05_20_ABI_S4_ABI,Maryellen Giger,,,,,900.1666666666667,901.0,,,ABI,900.5833333333334,"{'ask clarifying question': 'Maryellen is asking about what data to input into the algorithm, and is now clarifying that she is not asking about the format of the data, but something else.'}",37948.0,199,0
2021_05_20_ABI_S4,2021_05_20_ABI_S4,,,Right.,,2021_05_20_ABI_S4_ABI,Maryellen Giger,,,,,643.9999999999999,644.3898305084746,,,ABI,644.1949152542372,"[{'explain or define term or concept': ""Maryellen explains the concept of reproducibility and repeatability studies in the context of AI certainty, building on Beck's question about trusting the certainty of AI predictions."", 'express agreement': 'Maryellen explicitly agrees with the need for AI to provide a measure of certainty, building on the discussion about the reliability of AI predictions.'}]",38592.0,200,0
2021_05_20_ABI_S4,2021_05_20_ABI_S4,,,"You have to do the reproducibility, repeatability studies to get that.",,2021_05_20_ABI_S4_ABI,Maryellen Giger,,,,,644.3898305084745,648.9378531073446,,,ABI,646.6638418079095,"[{'explain or define term or concept': ""Maryellen explains the concept of reproducibility and repeatability studies in the context of AI certainty, building on Beck's question about trusting the certainty of AI predictions."", 'express agreement': 'Maryellen explicitly agrees with the need for AI to provide a measure of certainty, building on the discussion about the reliability of AI predictions.'}]",38592.0,201,0
2021_05_20_ABI_S4,2021_05_20_ABI_S4,,,But that's telling you that the computer is only 35%.,,2021_05_20_ABI_S4_ABI,Maryellen Giger,,,,,648.9378531073446,652.3813559322034,,,ABI,650.659604519774,"[{'explain or define term or concept': ""Maryellen explains the concept of reproducibility and repeatability studies in the context of AI certainty, building on Beck's question about trusting the certainty of AI predictions."", 'express agreement': 'Maryellen explicitly agrees with the need for AI to provide a measure of certainty, building on the discussion about the reliability of AI predictions.'}]",38592.0,202,0
2021_05_20_ABI_S4,2021_05_20_ABI_S4,,,"It's like you go to the your doctor's office and he says like, you know, you got 85% sure chance you have a chipped tooth, but I'm only 20% sure.",,2021_05_20_ABI_S4_ABI,Maryellen Giger,,,,,652.3813559322034,661.8022598870057,,,ABI,657.0918079096045,"[{'explain or define term or concept': ""Maryellen explains the concept of reproducibility and repeatability studies in the context of AI certainty, building on Beck's question about trusting the certainty of AI predictions."", 'express agreement': 'Maryellen explicitly agrees with the need for AI to provide a measure of certainty, building on the discussion about the reliability of AI predictions.'}]",38592.0,203,0
2021_05_20_ABI_S4,2021_05_20_ABI_S4,,,How do you feel?,,2021_05_20_ABI_S4_ABI,Maryellen Giger,,,,,661.8022598870057,662.8418079096045,,,ABI,662.3220338983051,"[{'explain or define term or concept': ""Maryellen explains the concept of reproducibility and repeatability studies in the context of AI certainty, building on Beck's question about trusting the certainty of AI predictions."", 'express agreement': 'Maryellen explicitly agrees with the need for AI to provide a measure of certainty, building on the discussion about the reliability of AI predictions.'}]",38592.0,204,0
2021_05_20_ABI_S4,2021_05_20_ABI_S4,,,So that's what but the AI has to also kind of do that.,,2021_05_20_ABI_S4_ABI,Maryellen Giger,,,,,662.8418079096044,666.3502824858757,,,ABI,664.5960451977401,"[{'explain or define term or concept': ""Maryellen explains the concept of reproducibility and repeatability studies in the context of AI certainty, building on Beck's question about trusting the certainty of AI predictions."", 'express agreement': 'Maryellen explicitly agrees with the need for AI to provide a measure of certainty, building on the discussion about the reliability of AI predictions.'}]",38592.0,205,0
2021_05_20_ABI_S4,2021_05_20_ABI_S4,,,I I agree.,,2021_05_20_ABI_S4_ABI,Maryellen Giger,,,,,666.3502824858756,667.0,,,ABI,666.6751412429378,"[{'explain or define term or concept': ""Maryellen explains the concept of reproducibility and repeatability studies in the context of AI certainty, building on Beck's question about trusting the certainty of AI predictions."", 'express agreement': 'Maryellen explicitly agrees with the need for AI to provide a measure of certainty, building on the discussion about the reliability of AI predictions.'}]",38592.0,206,0
2021_05_20_ABI_S4,2021_05_20_ABI_S4,,,Shannon.,,2021_05_20_ABI_S4_ABI,Maryellen Giger,,,,,705.0,706.0,,,ABI,705.5,"{'acknowledge contribution': ""Maryellen acknowledges Shannon's presence after Shannon clarified that she was being referred to, recognizing her participation in the meeting.""}",38653.0,207,0
2021_05_20_ABI_S4,2021_05_20_ABI_S4,,,So I I think we're um all in this together.,,2021_05_20_ABI_S4_ABI,Maryellen Giger,,,,,999.0,1001.9655172413793,,,ABI,1000.4827586206897,"[{'propose decision': 'Maryellen proposes to start with the first bullet point, which is about 3D imaging yielding massive datasets, to guide the discussion.'}]",38947.0,208,0
2021_05_20_ABI_S4,2021_05_20_ABI_S4,,,"So let's start with the first one, um 3D imaging can yield massive data sets too large to quantitate and fully scrutinize manually.",,2021_05_20_ABI_S4_ABI,Maryellen Giger,,,,,1001.9655172413793,1011.0,,,ABI,1006.4827586206897,"[{'propose decision': 'Maryellen proposes to start with the first bullet point, which is about 3D imaging yielding massive datasets, to guide the discussion.'}]",38947.0,209,0
2021_05_20_ABI_S4,2021_05_20_ABI_S4,,,So I always think of AI as having two types of components.,,2021_05_20_ABI_S4_ABI,Maryellen Giger,,,,,843.9999999999999,848.3413173652694,,,ABI,846.1706586826347,"{'present new idea': {'Explanation': ""Maryellen introduces a novel concept of AI having two types of components: one model-driven with physical and chemical limitations, and another built on biological principles, which hasn't been explicitly discussed in this manner before.""}, 'expand on existing idea': {'Explanation': 'Maryellen expands on the idea of incorporating domain knowledge into AI, building on previous discussions about the importance of a priori knowledge and constraints in AI models.'}}",39791.0,210,0
2021_05_20_ABI_S4,2021_05_20_ABI_S4,,,"One is where it's model driven where it has these physical limitations, chemistry limitations, but it when biology um where it's it's model driven and um the model is built on these principles.",,2021_05_20_ABI_S4_ABI,Maryellen Giger,,,,,848.3413173652693,862.7874251497005,,,ABI,855.5643712574849,"{'present new idea': {'Explanation': ""Maryellen introduces a novel concept of AI having two types of components: one model-driven with physical and chemical limitations, and another built on biological principles, which hasn't been explicitly discussed in this manner before.""}, 'expand on existing idea': {'Explanation': 'Maryellen expands on the idea of incorporating domain knowledge into AI, building on previous discussions about the importance of a priori knowledge and constraints in AI models.'}}",39791.0,211,0
2021_05_20_ABI_S4,2021_05_20_ABI_S4,,,"You could use deep learning in it, but in the end you have these constraints on it.",,2021_05_20_ABI_S4_ABI,Maryellen Giger,,,,,862.7874251497005,869.0,,,ABI,865.8937125748503,"{'present new idea': {'Explanation': ""Maryellen introduces a novel concept of AI having two types of components: one model-driven with physical and chemical limitations, and another built on biological principles, which hasn't been explicitly discussed in this manner before.""}, 'expand on existing idea': {'Explanation': 'Maryellen expands on the idea of incorporating domain knowledge into AI, building on previous discussions about the importance of a priori knowledge and constraints in AI models.'}}",39791.0,212,0
2021_05_20_ABI_S4,2021_05_20_ABI_S4,,,So I think that's about a minute.,,2021_05_20_ABI_S4_ABI,Maryellen Giger,,,,,651.0,653.5,,,ABI,652.25,"{'assign task': 'Maryellen assigns the task of introducing herself to Carolyn, directing her to speak next.', 'encourage particpatioin': 'Maryellen encourages Carolyn to participate by asking her to introduce herself.', 'explain or define term or concept': 'Maryellen introduces herself as an example of the brief introduction she is requesting from others.'}",40442.0,213,0
2021_05_20_ABI_S4,2021_05_20_ABI_S4,,,So hopefully you'll be able to jot some notes down and the next thing we want to do is do a brief introduction.,,2021_05_20_ABI_S4_ABI,Maryellen Giger,,,,,653.4999999999999,661.9090909090909,,,ABI,657.7045454545454,"{'assign task': 'Maryellen assigns the task of introducing herself to Carolyn, directing her to speak next.', 'encourage particpatioin': 'Maryellen encourages Carolyn to participate by asking her to introduce herself.', 'explain or define term or concept': 'Maryellen introduces herself as an example of the brief introduction she is requesting from others.'}",40442.0,214,0
2021_05_20_ABI_S4,2021_05_20_ABI_S4,,,"For example, I will give you mine.",,2021_05_20_ABI_S4_ABI,Maryellen Giger,,,,,661.909090909091,664.4848484848485,,,ABI,663.1969696969697,"{'assign task': 'Maryellen assigns the task of introducing herself to Carolyn, directing her to speak next.', 'encourage particpatioin': 'Maryellen encourages Carolyn to participate by asking her to introduce herself.', 'explain or define term or concept': 'Maryellen introduces herself as an example of the brief introduction she is requesting from others.'}",40442.0,215,0
2021_05_20_ABI_S4,2021_05_20_ABI_S4,,,"I'm Mary Ellen Giger, I'm at the University of Chicago.",,2021_05_20_ABI_S4_ABI,Maryellen Giger,,,,,664.4848484848484,668.6515151515151,,,ABI,666.5681818181818,"{'assign task': 'Maryellen assigns the task of introducing herself to Carolyn, directing her to speak next.', 'encourage particpatioin': 'Maryellen encourages Carolyn to participate by asking her to introduce herself.', 'explain or define term or concept': 'Maryellen introduces herself as an example of the brief introduction she is requesting from others.'}",40442.0,216,0
2021_05_20_ABI_S4,2021_05_20_ABI_S4,,,My research is in biomedical engineering and I do this for medical reasons to develop new diagnostic but also in biology with cellular data to help um facilitate discoveries.,,2021_05_20_ABI_S4_ABI,Maryellen Giger,,,,,668.6515151515151,681.8333333333334,,,ABI,675.2424242424242,"{'assign task': 'Maryellen assigns the task of introducing herself to Carolyn, directing her to speak next.', 'encourage particpatioin': 'Maryellen encourages Carolyn to participate by asking her to introduce herself.', 'explain or define term or concept': 'Maryellen introduces herself as an example of the brief introduction she is requesting from others.'}",40442.0,217,0
2021_05_20_ABI_S4,2021_05_20_ABI_S4,,,"Carolyn, can you introduce yourself?",,2021_05_20_ABI_S4_ABI,Maryellen Giger,,,,,681.8333333333333,684.560606060606,,,ABI,683.1969696969696,"{'assign task': 'Maryellen assigns the task of introducing herself to Carolyn, directing her to speak next.', 'encourage particpatioin': 'Maryellen encourages Carolyn to participate by asking her to introduce herself.', 'explain or define term or concept': 'Maryellen introduces herself as an example of the brief introduction she is requesting from others.'}",40442.0,218,0
2021_05_20_ABI_S4,2021_05_20_ABI_S4,,,You got 30 seconds.,,2021_05_20_ABI_S4_ABI,Maryellen Giger,,,,,684.560606060606,686.0,,,ABI,685.280303030303,"{'assign task': 'Maryellen assigns the task of introducing herself to Carolyn, directing her to speak next.', 'encourage particpatioin': 'Maryellen encourages Carolyn to participate by asking her to introduce herself.', 'explain or define term or concept': 'Maryellen introduces herself as an example of the brief introduction she is requesting from others.'}",40442.0,219,0
2021_05_20_ABI_S4,2021_05_20_ABI_S4,,,So I think we we all as a group um um maybe uh Paris.,,2021_05_20_ABI_S4_ABI,Maryellen Giger,,,,,1104.0,1112.0,,,ABI,1108.0,"[{'encourage particpatioin': 'Maryellen Giger is inviting Paris to contribute to the discussion, as she has done with other participants previously.'}]",40895.0,220,0
2021_05_20_ABI_S4,2021_05_20_ABI_S4,,,So do you do you all want to do a uh Google Drive?,,2021_05_20_ABI_S4_ABI,Maryellen Giger,,,,,817.0,819.0,,,ABI,818.0,"{'propose decision': ""Maryellen is suggesting a concrete choice for the group, which is to use a Google Drive for sharing notes, following Shannon's explanation of her note-taking setup.""}",41712.0,221,0
2021_05_20_ABI_S4,2021_05_20_ABI_S4,,,So how do we use metrology to appropriately measure how we're doing in our development as well as in the end product so that it is generalizable?,,2021_05_20_ABI_S4_ABI,Maryellen Giger,,,,,681.0,691.6422018348624,,,ABI,686.3211009174312,"{'ask clarifying question': 'The speaker is asking how to use metrology to measure development and the end product to ensure generalizability, unbiasedness, and fairness, seeking clarification on how to achieve these goals.', 'acknowledge contribution': ""The speaker acknowledges that her question relates to the previous speaker's point about data or model adaptation.""}",42393.0,222,0
2021_05_20_ABI_S4,2021_05_20_ABI_S4,,,I think that's what you were getting at as well as say unbiased and fair.,,2021_05_20_ABI_S4_ABI,Maryellen Giger,,,,,691.6422018348624,697.0,,,ABI,694.3211009174312,"{'ask clarifying question': 'The speaker is asking how to use metrology to measure development and the end product to ensure generalizability, unbiasedness, and fairness, seeking clarification on how to achieve these goals.', 'acknowledge contribution': ""The speaker acknowledges that her question relates to the previous speaker's point about data or model adaptation.""}",42393.0,223,0
2021_05_20_ABI_S4,2021_05_20_ABI_S4,,,So how many of you do work with massive data sets?,,2021_05_20_ABI_S4_ABI,Maryellen Giger,,,,,1016.0,1020.0,,,ABI,1018.0,"{'ask clarifying question': ""Maryellen is initiating the discussion on the topic of 3D imaging and massive datasets, and she is asking how many people work with massive datasets to gauge the group's experience with the topic.""}",42728.0,224,0
2021_05_20_ABI_S4,2021_05_20_ABI_S4,,,"So if we had our database, our messy database, we could include both, we can include them of different spatial resolution, we can include AI to do the reconstruction.",,2021_05_20_ABI_S4_ABI,Maryellen Giger,,,,,981.0,990.1544117647059,,,ABI,985.5772058823529,"[{'encourage particpatioin': 'Maryellen asks Shannon about the progress of the list, encouraging her participation.'}, {'express enthusiasm': ""Maryellen expresses enthusiasm about the list's progress, noting it looks good and longer than three minutes.""}]",43709.0,225,0
2021_05_20_ABI_S4,2021_05_20_ABI_S4,,,"Um, so Shannon, how's this list coming?",,2021_05_20_ABI_S4_ABI,Maryellen Giger,,,,,990.154411764706,992.3051470588235,,,ABI,991.2297794117648,"[{'encourage particpatioin': 'Maryellen asks Shannon about the progress of the list, encouraging her participation.'}, {'express enthusiasm': ""Maryellen expresses enthusiasm about the list's progress, noting it looks good and longer than three minutes.""}]",43709.0,226,0
2021_05_20_ABI_S4,2021_05_20_ABI_S4,,,It looks good.,,2021_05_20_ABI_S4_ABI,Maryellen Giger,,,,,992.3051470588234,993.0772058823529,,,ABI,992.6911764705882,"[{'encourage particpatioin': 'Maryellen asks Shannon about the progress of the list, encouraging her participation.'}, {'express enthusiasm': ""Maryellen expresses enthusiasm about the list's progress, noting it looks good and longer than three minutes.""}]",43709.0,227,0
2021_05_20_ABI_S4,2021_05_20_ABI_S4,,,Looks longer than three minutes.,,2021_05_20_ABI_S4_ABI,Maryellen Giger,,,,,993.0772058823529,994.8419117647059,,,ABI,993.9595588235294,"[{'encourage particpatioin': 'Maryellen asks Shannon about the progress of the list, encouraging her participation.'}, {'express enthusiasm': ""Maryellen expresses enthusiasm about the list's progress, noting it looks good and longer than three minutes.""}]",43709.0,228,0
2021_05_20_ABI_S4,2021_05_20_ABI_S4,,,It looks really good.,,2021_05_20_ABI_S4_ABI,Maryellen Giger,,,,,994.8419117647059,996.0,,,ABI,995.4209558823529,"[{'encourage particpatioin': 'Maryellen asks Shannon about the progress of the list, encouraging her participation.'}, {'express enthusiasm': ""Maryellen expresses enthusiasm about the list's progress, noting it looks good and longer than three minutes.""}]",43709.0,229,0
2021_05_20_ABI_S4,2021_05_20_ABI_S4,,,"So if you were to ask me how do I figure out what to input to the network, my answer would be I sit with the radiologist.",,2021_05_20_ABI_S4_ABI,Maryellen Giger,,,,,926.0,934.0255102040817,,,ABI,930.0127551020408,"{'explain or define term or concept': 'Maryellen is explaining her process for determining the appropriate input for a neural network, which involves consulting with domain experts.', 'provide supporting evidence': 'Maryellen is providing her method of consulting with radiologists and domain experts as a way to determine the best input for a network, supporting the idea that domain knowledge is important.'}",44635.0,230,0
2021_05_20_ABI_S4,2021_05_20_ABI_S4,,,I sit with the domain expert on imaging.,,2021_05_20_ABI_S4_ABI,Maryellen Giger,,,,,934.0255102040816,936.6785714285714,,,ABI,935.3520408163265,"{'explain or define term or concept': 'Maryellen is explaining her process for determining the appropriate input for a neural network, which involves consulting with domain experts.', 'provide supporting evidence': 'Maryellen is providing her method of consulting with radiologists and domain experts as a way to determine the best input for a network, supporting the idea that domain knowledge is important.'}",44635.0,231,0
2021_05_20_ABI_S4,2021_05_20_ABI_S4,,,I sit with the human AI instrument.,,2021_05_20_ABI_S4_ABI,Maryellen Giger,,,,,936.6785714285713,939.0,,,ABI,937.8392857142857,"{'explain or define term or concept': 'Maryellen is explaining her process for determining the appropriate input for a neural network, which involves consulting with domain experts.', 'provide supporting evidence': 'Maryellen is providing her method of consulting with radiologists and domain experts as a way to determine the best input for a network, supporting the idea that domain knowledge is important.'}",44635.0,232,0
2021_05_20_ABI_S4,2021_05_20_ABI_S4,,,So it's something relationship of the model to the physics chemistry and biology of the imaging situation.,,2021_05_20_ABI_S4_ABI,Maryellen Giger,,,,,931.0,937.0,,,ABI,934.0,"{'explain or define term or concept': 'This utterance is defining the relationship between the model and the physics, chemistry, and biology of the imaging situation, which is a concept being discussed.'}",44640.0,233,0
2021_05_20_ABI_S4,2021_05_20_ABI_S4,,,So no one hits save.,,2021_05_20_ABI_S4_ABI,Maryellen Giger,,,,,998.0000000000001,999.4965986394558,,,ABI,998.748299319728,"[{'assign task': 'Maryellen assigns the task of focusing on the conversation to Shannon, offering to add names to the document herself so Shannon can focus on the conversation.'}]",44707.0,234,0
2021_05_20_ABI_S4,2021_05_20_ABI_S4,,,How's that?,,2021_05_20_ABI_S4_ABI,Maryellen Giger,,,,,999.4965986394558,1000.3197278911565,,,ABI,999.9081632653061,"[{'assign task': 'Maryellen assigns the task of focusing on the conversation to Shannon, offering to add names to the document herself so Shannon can focus on the conversation.'}]",44707.0,235,0
2021_05_20_ABI_S4,2021_05_20_ABI_S4,,,It kicks people in other groups.,,2021_05_20_ABI_S4_ABI,Maryellen Giger,,,,,1000.3197278911565,1002.7142857142857,,,ABI,1001.5170068027211,"[{'assign task': 'Maryellen assigns the task of focusing on the conversation to Shannon, offering to add names to the document herself so Shannon can focus on the conversation.'}]",44707.0,236,0
2021_05_20_ABI_S4,2021_05_20_ABI_S4,,,"Shannon, if you want, I can add the names so that you can focus on the conversation.",,2021_05_20_ABI_S4_ABI,Maryellen Giger,,,,,1002.7142857142858,1009.0,,,ABI,1005.8571428571429,"[{'assign task': 'Maryellen assigns the task of focusing on the conversation to Shannon, offering to add names to the document herself so Shannon can focus on the conversation.'}]",44707.0,237,0
2021_05_20_ABI_S4,2021_05_20_ABI_S4,,,"So now let's go in the beginning of the session, you all had the one minute to kind of collect your thoughts on the topics and we will start with the three bullets that are listed, but if any of you think that there's a major other bullet that you think would be useful to look into, we can go there too.",,2021_05_20_ABI_S4_ABI,Maryellen Giger,,,,,951.0,981.0151898734177,,,ABI,966.0075949367089,"[{'propose decision': 'Maryellen proposes to start with the three listed bullets but also allows for the introduction of other major topics, suggesting a direction for the discussion.'}, {'present new idea': 'Maryellen introduces the idea that they all do computational science, which is a new observation based on the introductions.'}]",45658.0,238,0
2021_05_20_ABI_S4,2021_05_20_ABI_S4,,,"One thing I drew from listening to all your introductions, we all do computational science.",,2021_05_20_ABI_S4_ABI,Maryellen Giger,,,,,981.0151898734177,990.0,,,ABI,985.5075949367089,"[{'propose decision': 'Maryellen proposes to start with the three listed bullets but also allows for the introduction of other major topics, suggesting a direction for the discussion.'}, {'present new idea': 'Maryellen introduces the idea that they all do computational science, which is a new observation based on the introductions.'}]",45658.0,239,0
2021_05_20_ABI_S4,2021_05_20_ABI_S4,,,So we're looking at,,2021_05_20_ABI_S4_ABI,Maryellen Giger,,,,,892.0,895.0,,,ABI,893.5,"{'encourage particpatioin': 'Maryellen is encouraging someone to participate by indicating that they are about to start looking at something together, likely prompting the other person to contribute their thoughts.'}",46550.0,240,0
2021_05_20_ABI_S4,2021_05_20_ABI_S4,,,"So what if you just take yeah, okay.",,2021_05_20_ABI_S4_ABI,Maryellen Giger,,,,,1046.0,1049.0,,,ABI,1047.5,"[{'acknowledge contribution': 'Maryellen acknowledges the previous discussion and prepares to move on, indicating she has heard and understood the points made.'}]",46704.0,241,0
2021_05_20_ABI_S4,2021_05_20_ABI_S4,,,So you're doing your AI based on knowledge of known biology and chemistry?,,2021_05_20_ABI_S4_ABI,Maryellen Giger,,,,,775.0,779.9807692307693,,,ABI,777.4903846153846,"{'ask clarifying question': ""Maryellen is asking for confirmation that her understanding of Girgis's approach to AI development, which incorporates knowledge of biology and chemistry, is accurate.""}",47479.0,242,0
2021_05_20_ABI_S4,2021_05_20_ABI_S4,,,Would that be correct wording?,,2021_05_20_ABI_S4_ABI,Maryellen Giger,,,,,779.9807692307693,782.0,,,ABI,780.9903846153846,"{'ask clarifying question': ""Maryellen is asking for confirmation that her understanding of Girgis's approach to AI development, which incorporates knowledge of biology and chemistry, is accurate.""}",47479.0,243,0
2021_05_20_ABI_S4,2021_05_20_ABI_S4,,,"So you're saying the tools, the AI tools are not good enough?",,2021_05_20_ABI_S4_ABI,Maryellen Giger,,,,,1178.0,1181.0,,,ABI,1179.5,"{'ask clarifying question': 'Maryellen is asking Paris to confirm if he means that the current AI tools are inadequate, following his statement about the need for a hybrid approach and specialized systems.'}",47882.0,244,0
2021_05_20_ABI_S4,2021_05_20_ABI_S4,,,"So, um Shannon, would you want to share your screen and we could all pull it over so we can still see each other, but that way we can give you is that useful or not?",,2021_05_20_ABI_S4_ABI,Maryellen Giger,,,,,761.9999999999999,773.5116279069767,,,ABI,767.7558139534883,"[{'encourage particpatioin': 'Maryellen is directly asking Shannon if she wants to share her screen, encouraging her to participate in the discussion.'}, {'ask clarifying question': 'Maryellen is asking if sharing the screen would be useful for Shannon, seeking clarification on her needs for note-taking.'}]",48644.0,245,0
2021_05_20_ABI_S4,2021_05_20_ABI_S4,,,"I don't know what notes you're taking, that's why.",,2021_05_20_ABI_S4_ABI,Maryellen Giger,,,,,773.5116279069769,777.0,,,ABI,775.2558139534884,"[{'encourage particpatioin': 'Maryellen is directly asking Shannon if she wants to share her screen, encouraging her to participate in the discussion.'}, {'ask clarifying question': 'Maryellen is asking if sharing the screen would be useful for Shannon, seeking clarification on her needs for note-taking.'}]",48644.0,246,0
2021_05_20_ABI_S4,2021_05_20_ABI_S4,,,Sounds good.,,2021_05_20_ABI_S4_ABI,Maryellen Giger,,,,,48955.0,48955.0,,,ABI,48955.0,"{'confirm decision': 'Maryellen Giger confirms a decision that was previously proposed, indicating agreement and finalization.'}",48955.0,247,0
2021_05_20_ABI_S4,2021_05_20_ABI_S4,,,Thank you and Lou.,,2021_05_20_ABI_S4_ABI,Maryellen Giger,,,,,787.0,788.0,,,ABI,787.5,"{'acknowledge contribution': ""Maryellen Giger is acknowledging Lou's upcoming introduction, similar to how she acknowledged previous speakers.""}",49742.0,248,0
2021_05_20_ABI_S4,2021_05_20_ABI_S4,,,Thank you and Paris.,,2021_05_20_ABI_S4_ABI,Maryellen Giger,,,,,818.0,819.0,,,ABI,818.5,"{'acknowledge contribution': ""Maryellen Giger is acknowledging Paris's introduction, but not agreeing or expanding on it.""}",49773.0,249,0
2021_05_20_ABI_S4,2021_05_20_ABI_S4,,,"Thank you and Shiva, I'm going to cross my Hollywood squares here.",,2021_05_20_ABI_S4_ABI,Maryellen Giger,,,,,668.0,672.0,,,ABI,670.0,"{'express humor': 'Maryellen makes a joke about crossing her ""Hollywood squares"", which is a reference to the game show, to express humor.'}",50441.0,250,0
2021_05_20_ABI_S4,2021_05_20_ABI_S4,,,Thank you and we have five visitors which I was told hop in and out.,,2021_05_20_ABI_S4_ABI,Maryellen Giger,,,,,835.0,839.6172839506173,,,ABI,837.3086419753087,{'encourage particpatioin': 'Maryellen is inviting the five visitors to introduce themselves if they wish to participate.'},50608.0,251,0
2021_05_20_ABI_S4,2021_05_20_ABI_S4,,,Um if you would mind to say something you can or else we're going to get right to the purpose.,,2021_05_20_ABI_S4_ABI,Maryellen Giger,,,,,839.6172839506173,846.0,,,ABI,842.8086419753087,{'encourage particpatioin': 'Maryellen is inviting the five visitors to introduce themselves if they wish to participate.'},50608.0,252,0
2021_05_20_ABI_S4,2021_05_20_ABI_S4,,,"Thank you, Alex.",,2021_05_20_ABI_S4_ABI,Maryellen Giger,,,,,760.0,764.0,,,ABI,762.0,"{'acknowledge contribution': ""Maryellen is verbally recognizing Alex's input after he spoke, but not agreeing or expanding on it.""}",51368.0,253,0
2021_05_20_ABI_S4,2021_05_20_ABI_S4,,,"Thank you, Shayna.",,2021_05_20_ABI_S4_ABI,Maryellen Giger,,,,,695.0,699.0,,,ABI,697.0,"{'acknowledge contribution': ""Maryellen Giger acknowledges Shayna's introduction, recognizing her input to the conversation.""}",52063.0,254,0
2021_05_20_ABI_S4,2021_05_20_ABI_S4,,,That's is it a clinical question?,,2021_05_20_ABI_S4_ABI,Maryellen Giger,,,,,1038.0000000000002,1040.357142857143,,,ABI,1039.1785714285716,"[{'ask clarifying question': ""Maryellen is asking for clarification on whether the previous statement was a clinical question, seeking to understand the speaker's intention.""}]",52406.0,255,0
2021_05_20_ABI_S4,2021_05_20_ABI_S4,,,What do you mean on the,,2021_05_20_ABI_S4_ABI,Maryellen Giger,,,,,1040.3571428571427,1042.0,,,ABI,1041.1785714285713,"[{'ask clarifying question': ""Maryellen is asking for clarification on whether the previous statement was a clinical question, seeking to understand the speaker's intention.""}]",52406.0,256,0
2021_05_20_ABI_S4,2021_05_20_ABI_S4,,,"The other type of AI is in general you can think of it as statistical, you know, it's the deep learning, it's um uh having the machine actually learn and I personally believe that in the future we need a mixture of these.",,2021_05_20_ABI_S4_ABI,Maryellen Giger,,,,,869.0,886.0,,,ABI,877.5,"{'explain or define term or concept': 'The speaker explains the two types of AI: statistical (deep learning) and model-driven (physical limitations), to clarify the different approaches to AI.', 'express enthusiasm': ""The speaker expresses enthusiasm about the idea of applying both types of AI to Girgis' situation, indicating excitement about the potential of this approach."", 'encourage particpatioin': 'The speaker encourages Girgis to bring up the point in the Google Doc, inviting him to contribute his perspective to the discussion.'}",53275.0,257,0
2021_05_20_ABI_S4,2021_05_20_ABI_S4,,,"I think it would be extremely interesting to have like um both types applied to your situation Girgis because you have you know, a lot of times it's hard to find the person with the model.",,2021_05_20_ABI_S4_ABI,Maryellen Giger,,,,,885.9999999999999,900.4615384615385,,,ABI,893.2307692307692,"{'explain or define term or concept': 'The speaker explains the two types of AI: statistical (deep learning) and model-driven (physical limitations), to clarify the different approaches to AI.', 'express enthusiasm': ""The speaker expresses enthusiasm about the idea of applying both types of AI to Girgis' situation, indicating excitement about the potential of this approach."", 'encourage particpatioin': 'The speaker encourages Girgis to bring up the point in the Google Doc, inviting him to contribute his perspective to the discussion.'}",53275.0,258,0
2021_05_20_ABI_S4,2021_05_20_ABI_S4,,,"You know, it's um but how do you want to bring that point up in this this Google Doc?",,2021_05_20_ABI_S4_ABI,Maryellen Giger,,,,,900.4615384615386,907.0,,,ABI,903.7307692307693,"{'explain or define term or concept': 'The speaker explains the two types of AI: statistical (deep learning) and model-driven (physical limitations), to clarify the different approaches to AI.', 'express enthusiasm': ""The speaker expresses enthusiasm about the idea of applying both types of AI to Girgis' situation, indicating excitement about the potential of this approach."", 'encourage particpatioin': 'The speaker encourages Girgis to bring up the point in the Google Doc, inviting him to contribute his perspective to the discussion.'}",53275.0,259,0
2021_05_20_ABI_S4,2021_05_20_ABI_S4,,,"Uh Shannon, that's a um, uh, I I think that's definitely what kind of outputs do you want?",,2021_05_20_ABI_S4_ABI,Maryellen Giger,,,,,666.9999999999999,673.2326869806094,,,ABI,670.1163434903046,"[{'acknowledge contribution': ""Maryellen acknowledges Shannon's contribution by saying 'that's a' after Shannon spoke about self-supervised learning and uncertainty quantification."", 'explain or define term or concept': 'Maryellen explains that the desired outputs from AI will differ depending on whether the AI is used for biological image discovery or for patient output, clarifying the importance of considering the application when designing AI systems.', 'encourage particpatioin': ""Maryellen encourages participation by saying 'I'm going to ask more folks to talk here', inviting others to contribute to the discussion."", 'ask clarifying question': ""Maryellen asks 'I don't know what when do we finish? I just want to make sure we're not running out of time', seeking clarification on the meeting's end time.""}]",53942.0,260,0
2021_05_20_ABI_S4,2021_05_20_ABI_S4,,,And I think that will differ for if you're doing um AI on biological images for discovery or are you doing it for a patient output.,,2021_05_20_ABI_S4_ABI,Maryellen Giger,,,,,673.2326869806094,682.3047091412742,,,ABI,677.7686980609418,"[{'acknowledge contribution': ""Maryellen acknowledges Shannon's contribution by saying 'that's a' after Shannon spoke about self-supervised learning and uncertainty quantification."", 'explain or define term or concept': 'Maryellen explains that the desired outputs from AI will differ depending on whether the AI is used for biological image discovery or for patient output, clarifying the importance of considering the application when designing AI systems.', 'encourage particpatioin': ""Maryellen encourages participation by saying 'I'm going to ask more folks to talk here', inviting others to contribute to the discussion."", 'ask clarifying question': ""Maryellen asks 'I don't know what when do we finish? I just want to make sure we're not running out of time', seeking clarification on the meeting's end time.""}]",53942.0,261,0
2021_05_20_ABI_S4,2021_05_20_ABI_S4,,,"I'm going to ask um, um, more folks to talk here.",,2021_05_20_ABI_S4_ABI,Maryellen Giger,,,,,682.3047091412742,685.6980609418282,,,ABI,684.0013850415512,"[{'acknowledge contribution': ""Maryellen acknowledges Shannon's contribution by saying 'that's a' after Shannon spoke about self-supervised learning and uncertainty quantification."", 'explain or define term or concept': 'Maryellen explains that the desired outputs from AI will differ depending on whether the AI is used for biological image discovery or for patient output, clarifying the importance of considering the application when designing AI systems.', 'encourage particpatioin': ""Maryellen encourages participation by saying 'I'm going to ask more folks to talk here', inviting others to contribute to the discussion."", 'ask clarifying question': ""Maryellen asks 'I don't know what when do we finish? I just want to make sure we're not running out of time', seeking clarification on the meeting's end time.""}]",53942.0,262,0
2021_05_20_ABI_S4,2021_05_20_ABI_S4,,,I don't know what when do we finish?,,2021_05_20_ABI_S4_ABI,Maryellen Giger,,,,,685.6980609418283,688.1911357340721,,,ABI,686.9445983379502,"[{'acknowledge contribution': ""Maryellen acknowledges Shannon's contribution by saying 'that's a' after Shannon spoke about self-supervised learning and uncertainty quantification."", 'explain or define term or concept': 'Maryellen explains that the desired outputs from AI will differ depending on whether the AI is used for biological image discovery or for patient output, clarifying the importance of considering the application when designing AI systems.', 'encourage particpatioin': ""Maryellen encourages participation by saying 'I'm going to ask more folks to talk here', inviting others to contribute to the discussion."", 'ask clarifying question': ""Maryellen asks 'I don't know what when do we finish? I just want to make sure we're not running out of time', seeking clarification on the meeting's end time.""}]",53942.0,263,0
2021_05_20_ABI_S4,2021_05_20_ABI_S4,,,I just want to make sure we're not running out of time.,,2021_05_20_ABI_S4_ABI,Maryellen Giger,,,,,688.1911357340721,692.0,,,ABI,690.095567867036,"[{'acknowledge contribution': ""Maryellen acknowledges Shannon's contribution by saying 'that's a' after Shannon spoke about self-supervised learning and uncertainty quantification."", 'explain or define term or concept': 'Maryellen explains that the desired outputs from AI will differ depending on whether the AI is used for biological image discovery or for patient output, clarifying the importance of considering the application when designing AI systems.', 'encourage particpatioin': ""Maryellen encourages participation by saying 'I'm going to ask more folks to talk here', inviting others to contribute to the discussion."", 'ask clarifying question': ""Maryellen asks 'I don't know what when do we finish? I just want to make sure we're not running out of time', seeking clarification on the meeting's end time.""}]",53942.0,264,0
2021_05_20_ABI_S4,2021_05_20_ABI_S4,,,"Uh for the person who just joined, uh we're taking a minute to uh go through the topics and jot down a few ideas for discussion on our own.",,2021_05_20_ABI_S4_ABI,Maryellen Giger,,,,,622.0,632.0,,,ABI,627.0,"{'explain or define term or concept': ""The speaker is explaining the current activity to someone who just joined the meeting, clarifying what 'we're taking a minute to do' means in this context."", 'assign task': 'The speaker is assigning the task of jotting down ideas for discussion to the team members.'}",54564.0,265,0
2021_05_20_ABI_S4,2021_05_20_ABI_S4,,,"Uh, there is crowd sourcing in radiology.",,2021_05_20_ABI_S4_ABI,Maryellen Giger,,,,,666.0,670.0493827160494,,,ABI,668.0246913580247,"[{'provide supporting evidence': 'Maryellen provides an example of crowd sourcing in radiology, where radiologists annotate chest images, to support the idea that technically, a lot can be done.'}, {'acknowledge contribution': ""Maryellen acknowledges Jim's question about crowd sourcing of images.""}, {'encourage particpatioin': 'Maryellen encourages those in cellular imaging to talk about their experience and asks Alex about it, inviting them to contribute to the discussion.'}]",54608.0,266,0
2021_05_20_ABI_S4,2021_05_20_ABI_S4,,,They do it at radiology meetings and also across the web where they they recruit some one project had over 180 radiologists who did multiple annotations on uh chest images.,,2021_05_20_ABI_S4_ABI,Maryellen Giger,,,,,670.0493827160493,687.0370370370371,,,ABI,678.5432098765432,"[{'provide supporting evidence': 'Maryellen provides an example of crowd sourcing in radiology, where radiologists annotate chest images, to support the idea that technically, a lot can be done.'}, {'acknowledge contribution': ""Maryellen acknowledges Jim's question about crowd sourcing of images.""}, {'encourage particpatioin': 'Maryellen encourages those in cellular imaging to talk about their experience and asks Alex about it, inviting them to contribute to the discussion.'}]",54608.0,267,0
2021_05_20_ABI_S4,2021_05_20_ABI_S4,,,So they can do it.,,2021_05_20_ABI_S4_ABI,Maryellen Giger,,,,,687.037037037037,688.8148148148148,,,ABI,687.9259259259259,"[{'provide supporting evidence': 'Maryellen provides an example of crowd sourcing in radiology, where radiologists annotate chest images, to support the idea that technically, a lot can be done.'}, {'acknowledge contribution': ""Maryellen acknowledges Jim's question about crowd sourcing of images.""}, {'encourage particpatioin': 'Maryellen encourages those in cellular imaging to talk about their experience and asks Alex about it, inviting them to contribute to the discussion.'}]",54608.0,268,0
2021_05_20_ABI_S4,2021_05_20_ABI_S4,,,So and that's what I think I meant by technically all we can do a lot.,,2021_05_20_ABI_S4_ABI,Maryellen Giger,,,,,688.8148148148148,695.7283950617284,,,ABI,692.2716049382716,"[{'provide supporting evidence': 'Maryellen provides an example of crowd sourcing in radiology, where radiologists annotate chest images, to support the idea that technically, a lot can be done.'}, {'acknowledge contribution': ""Maryellen acknowledges Jim's question about crowd sourcing of images.""}, {'encourage particpatioin': 'Maryellen encourages those in cellular imaging to talk about their experience and asks Alex about it, inviting them to contribute to the discussion.'}]",54608.0,269,0
2021_05_20_ABI_S4,2021_05_20_ABI_S4,,,It it it it we're in a very technical field and we're hindered by data and culture.,,2021_05_20_ABI_S4_ABI,Maryellen Giger,,,,,695.7283950617284,703.9259259259259,,,ABI,699.8271604938271,"[{'provide supporting evidence': 'Maryellen provides an example of crowd sourcing in radiology, where radiologists annotate chest images, to support the idea that technically, a lot can be done.'}, {'acknowledge contribution': ""Maryellen acknowledges Jim's question about crowd sourcing of images.""}, {'encourage particpatioin': 'Maryellen encourages those in cellular imaging to talk about their experience and asks Alex about it, inviting them to contribute to the discussion.'}]",54608.0,270,0
2021_05_20_ABI_S4,2021_05_20_ABI_S4,,,"Um, your other question even in um cellular images, many of you are in cellular.",,2021_05_20_ABI_S4_ABI,Maryellen Giger,,,,,703.925925925926,711.8271604938271,,,ABI,707.8765432098766,"[{'provide supporting evidence': 'Maryellen provides an example of crowd sourcing in radiology, where radiologists annotate chest images, to support the idea that technically, a lot can be done.'}, {'acknowledge contribution': ""Maryellen acknowledges Jim's question about crowd sourcing of images.""}, {'encourage particpatioin': 'Maryellen encourages those in cellular imaging to talk about their experience and asks Alex about it, inviting them to contribute to the discussion.'}]",54608.0,271,0
2021_05_20_ABI_S4,2021_05_20_ABI_S4,,,"I don't know you talk about your experience there and I'm going to ask Alex about that, but you have to",,2021_05_20_ABI_S4_ABI,Maryellen Giger,,,,,711.8271604938273,722.0,,,ABI,716.9135802469136,"[{'provide supporting evidence': 'Maryellen provides an example of crowd sourcing in radiology, where radiologists annotate chest images, to support the idea that technically, a lot can be done.'}, {'acknowledge contribution': ""Maryellen acknowledges Jim's question about crowd sourcing of images.""}, {'encourage particpatioin': 'Maryellen encourages those in cellular imaging to talk about their experience and asks Alex about it, inviting them to contribute to the discussion.'}]",54608.0,272,0
2021_05_20_ABI_S4,2021_05_20_ABI_S4,,,Um,,2021_05_20_ABI_S4_ABI,Maryellen Giger,,,,,840.0,841.0,,,ABI,840.5,"{'None': 'This utterance does not fit any of the codes in the codebook because it is an incomplete sentence and does not express any idea, question, or action.'}",54782.0,273,0
2021_05_20_ABI_S4,2021_05_20_ABI_S4,,,Um,,2021_05_20_ABI_S4_ABI,Maryellen Giger,,,,,55011.0,55011.0,,,ABI,55011.0,[{'None': 'No code applies to this utterance.'}],55011.0,274,0
2021_05_20_ABI_S4,2021_05_20_ABI_S4,,,Um,,2021_05_20_ABI_S4_ABI,Maryellen Giger,,,,,1074.0,1075.0,,,ABI,1074.5,{'None': 'No code applies to this utterance.'},55016.0,275,0
2021_05_20_ABI_S4,2021_05_20_ABI_S4,,,"Um, I could do it randomly or we can have a volunteer.",,2021_05_20_ABI_S4_ABI,Maryellen Giger,,,,,861.0,865.5473684210526,,,ABI,863.2736842105263,"[{'propose decision': 'Maryellen proposes two options for selecting a recorder and presenter: randomly or by volunteer.'}, {'encourage particpatioin': 'Maryellen encourages someone to volunteer by mentioning that it is great training for facilitating in their senior career cycle.'}]",55877.0,276,0
2021_05_20_ABI_S4,2021_05_20_ABI_S4,,,Um you you should be able to get to the Google Drive and um this is great training when you're facilitating in your senior career cycle.,,2021_05_20_ABI_S4_ABI,Maryellen Giger,,,,,865.5473684210526,877.0,,,ABI,871.2736842105263,"[{'propose decision': 'Maryellen proposes two options for selecting a recorder and presenter: randomly or by volunteer.'}, {'encourage particpatioin': 'Maryellen encourages someone to volunteer by mentioning that it is great training for facilitating in their senior career cycle.'}]",55877.0,277,0
2021_05_20_ABI_S4,2021_05_20_ABI_S4,,,"Um, and I I I I appreciate um these comments on the a priori because we we need to help the AI.",,2021_05_20_ABI_S4_ABI,Maryellen Giger,,,,,871.0000000000001,876.0188679245283,,,ABI,873.5094339622642,"[{'expand on existing idea': 'Maryellen expands on the idea of incorporating prior knowledge into AI training, which Alex had just discussed, by emphasizing the importance of helping the AI and thinking like a human.'}]",55887.0,278,0
2021_05_20_ABI_S4,2021_05_20_ABI_S4,,,"I you know, sometimes I tell my students think like a human because if you know that um image presentation A is better for the human to look at than image presentation B.",,2021_05_20_ABI_S4_ABI,Maryellen Giger,,,,,876.0188679245282,885.0,,,ABI,880.5094339622641,"[{'expand on existing idea': 'Maryellen expands on the idea of incorporating prior knowledge into AI training, which Alex had just discussed, by emphasizing the importance of helping the AI and thinking like a human.'}]",55887.0,279,0
2021_05_20_ABI_S4,2021_05_20_ABI_S4,,,"Um, and probably some work in 2D and some in 3D.",,2021_05_20_ABI_S4_ABI,Maryellen Giger,,,,,994.0,996.2429906542056,,,ABI,995.1214953271028,"[{'explain or define term or concept': 'Maryellen is explaining the commonality between the participants, which is that they all do computational science of images, some in 2D and some in 3D.'}]",56010.0,280,0
2021_05_20_ABI_S4,2021_05_20_ABI_S4,,,But we all do computational science of images at one point.,,2021_05_20_ABI_S4_ABI,Maryellen Giger,,,,,996.2429906542056,999.0,,,ABI,997.6214953271028,"[{'explain or define term or concept': 'Maryellen is explaining the commonality between the participants, which is that they all do computational science of images, some in 2D and some in 3D.'}]",56010.0,281,0
2021_05_20_ABI_S4,2021_05_20_ABI_S4,,,"Um, but if you think how radiologist are that their job is to interpret medical images.",,2021_05_20_ABI_S4_ABI,Maryellen Giger,,,,,761.0,768.0827679782903,,,ABI,764.5413839891452,"[{'explain or define term or concept': 'The speaker explains how radiologists are trained, starting with textbooks and then learning from attending radiologists, which is relevant to the discussion of AI training and the need for ground truth data.'}, {'express humor': 'The speaker makes a humorous remark about radiologists who may not be good at finding Waldo, suggesting that some people may not be suited for the profession, similar to how some AI algorithms may not be suitable for certain tasks.'}]",56771.0,282,0
2021_05_20_ABI_S4,2021_05_20_ABI_S4,,,And what how do they get trained?,,2021_05_20_ABI_S4_ABI,Maryellen Giger,,,,,768.0827679782905,770.7693351424695,,,ABI,769.42605156038,"[{'explain or define term or concept': 'The speaker explains how radiologists are trained, starting with textbooks and then learning from attending radiologists, which is relevant to the discussion of AI training and the need for ground truth data.'}, {'express humor': 'The speaker makes a humorous remark about radiologists who may not be good at finding Waldo, suggesting that some people may not be suited for the profession, similar to how some AI algorithms may not be suitable for certain tasks.'}]",56771.0,283,0
2021_05_20_ABI_S4,2021_05_20_ABI_S4,,,"First as a resident, they have a textbook and they go through that textbook and they learn this is what a cancer looks like.",,2021_05_20_ABI_S4_ABI,Maryellen Giger,,,,,770.7693351424695,780.8643147896879,,,ABI,775.8168249660787,"[{'explain or define term or concept': 'The speaker explains how radiologists are trained, starting with textbooks and then learning from attending radiologists, which is relevant to the discussion of AI training and the need for ground truth data.'}, {'express humor': 'The speaker makes a humorous remark about radiologists who may not be good at finding Waldo, suggesting that some people may not be suited for the profession, similar to how some AI algorithms may not be suitable for certain tasks.'}]",56771.0,284,0
2021_05_20_ABI_S4,2021_05_20_ABI_S4,,,This that's handcrafted.,,2021_05_20_ABI_S4_ABI,Maryellen Giger,,,,,780.8643147896879,782.8181818181819,,,ABI,781.8412483039349,"[{'explain or define term or concept': 'The speaker explains how radiologists are trained, starting with textbooks and then learning from attending radiologists, which is relevant to the discussion of AI training and the need for ground truth data.'}, {'express humor': 'The speaker makes a humorous remark about radiologists who may not be good at finding Waldo, suggesting that some people may not be suited for the profession, similar to how some AI algorithms may not be suitable for certain tasks.'}]",56771.0,285,0
2021_05_20_ABI_S4,2021_05_20_ABI_S4,,,Get a little hand waving here.,,2021_05_20_ABI_S4_ABI,Maryellen Giger,,,,,782.8181818181818,785.2605156037991,,,ABI,784.0393487109905,"[{'explain or define term or concept': 'The speaker explains how radiologists are trained, starting with textbooks and then learning from attending radiologists, which is relevant to the discussion of AI training and the need for ground truth data.'}, {'express humor': 'The speaker makes a humorous remark about radiologists who may not be good at finding Waldo, suggesting that some people may not be suited for the profession, similar to how some AI algorithms may not be suitable for certain tasks.'}]",56771.0,286,0
2021_05_20_ABI_S4,2021_05_20_ABI_S4,,,"And then they sit with their attending radiologist and they read day in and day out and they're told, oh, you're wrong.",,2021_05_20_ABI_S4_ABI,Maryellen Giger,,,,,785.2605156037991,794.9484396200814,,,ABI,790.1044776119403,"[{'explain or define term or concept': 'The speaker explains how radiologists are trained, starting with textbooks and then learning from attending radiologists, which is relevant to the discussion of AI training and the need for ground truth data.'}, {'express humor': 'The speaker makes a humorous remark about radiologists who may not be good at finding Waldo, suggesting that some people may not be suited for the profession, similar to how some AI algorithms may not be suitable for certain tasks.'}]",56771.0,287,0
2021_05_20_ABI_S4,2021_05_20_ABI_S4,,,"No, that's a false positive.",,2021_05_20_ABI_S4_ABI,Maryellen Giger,,,,,794.9484396200814,797.2279511533243,,,ABI,796.0881953867029,"[{'explain or define term or concept': 'The speaker explains how radiologists are trained, starting with textbooks and then learning from attending radiologists, which is relevant to the discussion of AI training and the need for ground truth data.'}, {'express humor': 'The speaker makes a humorous remark about radiologists who may not be good at finding Waldo, suggesting that some people may not be suited for the profession, similar to how some AI algorithms may not be suitable for certain tasks.'}]",56771.0,288,0
2021_05_20_ABI_S4,2021_05_20_ABI_S4,,,That's the deep learning and that's of the radiologist brain.,,2021_05_20_ABI_S4_ABI,Maryellen Giger,,,,,797.2279511533242,802.1940298507462,,,ABI,799.7109905020352,"[{'explain or define term or concept': 'The speaker explains how radiologists are trained, starting with textbooks and then learning from attending radiologists, which is relevant to the discussion of AI training and the need for ground truth data.'}, {'express humor': 'The speaker makes a humorous remark about radiologists who may not be good at finding Waldo, suggesting that some people may not be suited for the profession, similar to how some AI algorithms may not be suitable for certain tasks.'}]",56771.0,289,0
2021_05_20_ABI_S4,2021_05_20_ABI_S4,,,And then we have different structures of the brain.,,2021_05_20_ABI_S4_ABI,Maryellen Giger,,,,,802.1940298507462,806.3459972862958,,,ABI,804.270013568521,"[{'explain or define term or concept': 'The speaker explains how radiologists are trained, starting with textbooks and then learning from attending radiologists, which is relevant to the discussion of AI training and the need for ground truth data.'}, {'express humor': 'The speaker makes a humorous remark about radiologists who may not be good at finding Waldo, suggesting that some people may not be suited for the profession, similar to how some AI algorithms may not be suitable for certain tasks.'}]",56771.0,290,0
2021_05_20_ABI_S4,2021_05_20_ABI_S4,,,Some are really good at finding Waldo and weirds Waldo and some aren't.,,2021_05_20_ABI_S4_ABI,Maryellen Giger,,,,,806.3459972862959,812.1261872455902,,,ABI,809.2360922659431,"[{'explain or define term or concept': 'The speaker explains how radiologists are trained, starting with textbooks and then learning from attending radiologists, which is relevant to the discussion of AI training and the need for ground truth data.'}, {'express humor': 'The speaker makes a humorous remark about radiologists who may not be good at finding Waldo, suggesting that some people may not be suited for the profession, similar to how some AI algorithms may not be suitable for certain tasks.'}]",56771.0,291,0
2021_05_20_ABI_S4,2021_05_20_ABI_S4,,,Maybe they shouldn't have been radiologist.,,2021_05_20_ABI_S4_ABI,Maryellen Giger,,,,,812.1261872455902,815.6268656716418,,,ABI,813.876526458616,"[{'explain or define term or concept': 'The speaker explains how radiologists are trained, starting with textbooks and then learning from attending radiologists, which is relevant to the discussion of AI training and the need for ground truth data.'}, {'express humor': 'The speaker makes a humorous remark about radiologists who may not be good at finding Waldo, suggesting that some people may not be suited for the profession, similar to how some AI algorithms may not be suitable for certain tasks.'}]",56771.0,292,0
2021_05_20_ABI_S4,2021_05_20_ABI_S4,,,Just like there's probably computer vision AI algorithms that way.,,2021_05_20_ABI_S4_ABI,Maryellen Giger,,,,,815.6268656716418,821.0,,,ABI,818.3134328358209,"[{'explain or define term or concept': 'The speaker explains how radiologists are trained, starting with textbooks and then learning from attending radiologists, which is relevant to the discussion of AI training and the need for ground truth data.'}, {'express humor': 'The speaker makes a humorous remark about radiologists who may not be good at finding Waldo, suggesting that some people may not be suited for the profession, similar to how some AI algorithms may not be suitable for certain tasks.'}]",56771.0,293,0
2021_05_20_ABI_S4,2021_05_20_ABI_S4,,,"Um, just what do you think?",,2021_05_20_ABI_S4_ABI,Maryellen Giger,,,,,991.0,998.0,,,ABI,994.5,"{'encourage particpatioin': ""Maryellen Giger is asking for someone's opinion on the topic being discussed, which is related to ground truth in imaging and its evaluation, encouraging participation from the group.""}",57001.0,294,0
2021_05_20_ABI_S4,2021_05_20_ABI_S4,,,"Um, no probably a little past 20.",,2021_05_20_ABI_S4_ABI,Maryellen Giger,,,,,910.0,915.5,,,ABI,912.75,"{'explain or define term or concept': 'Maryellen is clarifying the slide number in the PowerPoint deck that Shannon should be looking at, providing a more precise location than the previous estimate.'}",57911.0,295,0
2021_05_20_ABI_S4,2021_05_20_ABI_S4,,,23.,,2021_05_20_ABI_S4_ABI,Maryellen Giger,,,,,915.5,916.0,,,ABI,915.75,"{'explain or define term or concept': 'Maryellen is clarifying the slide number in the PowerPoint deck that Shannon should be looking at, providing a more precise location than the previous estimate.'}",57911.0,296,0
2021_05_20_ABI_S4,2021_05_20_ABI_S4,,,"Um, uh and it seems that some are at more of a macro scale, some are at micro scale.",,2021_05_20_ABI_S4_ABI,Maryellen Giger,,,,,990.0,994.0,,,ABI,992.0,"{'explain or define term or concept': 'Maryellen is explaining the different scales at which the computational science is being applied, macro and micro, to summarize the introductions.'}",57991.0,297,0
2021_05_20_ABI_S4,2021_05_20_ABI_S4,,,We got to bring this down to three bullets.,,2021_05_20_ABI_S4_ABI,Maryellen Giger,,,,,1116.0,1117.0,,,ABI,1116.5,[{'propose decision': 'Maryellen is suggesting a concrete choice for the group to summarize the discussion into three main points.'}],58117.0,298,0
2021_05_20_ABI_S4,2021_05_20_ABI_S4,,,We'll get right to the purpose.,,2021_05_20_ABI_S4_ABI,Maryellen Giger,,,,,846.0,849.2068965517242,,,ABI,847.6034482758621,"{'propose decision': 'The utterance proposes the need for a recorder and someone to present in three minutes, suggesting a concrete choice for the group to make regarding meeting logistics.'}",58963.0,299,0
2021_05_20_ABI_S4,2021_05_20_ABI_S4,,,"So, we have um oh next order is we need a recorder and who would also then present in three minutes for the group.",,2021_05_20_ABI_S4_ABI,Maryellen Giger,,,,,849.2068965517242,861.0,,,ABI,855.1034482758621,"{'propose decision': 'The utterance proposes the need for a recorder and someone to present in three minutes, suggesting a concrete choice for the group to make regarding meeting logistics.'}",58963.0,300,0
2021_05_20_ABI_S4,2021_05_20_ABI_S4,,,"Well, I see a little red dock by the word generalizable.",,2021_05_20_ABI_S4_ABI,Maryellen Giger,,,,,975.0,978.0,,,ABI,976.5,"{'acknowledge contribution': ""Maryellen acknowledges Shannon's cursor position on the Google Doc, recognizing her contribution to the shared document.""}",59092.0,301,0
2021_05_20_ABI_S4,2021_05_20_ABI_S4,,,What about Shannon and Shiva?,,2021_05_20_ABI_S4_ABI,Maryellen Giger,,,,,988.0000000000001,989.0357142857143,,,ABI,988.5178571428572,"[{'encourage particpatioin': 'Maryellen Giger is explicitly asking Shannon and Shiva to share their experiences, encouraging them to contribute to the discussion.'}, {'ask clarifying question': 'Maryellen Giger is asking Shannon and Shiva how they obtain their images, seeking to understand their data acquisition process.'}]",59105.0,302,0
2021_05_20_ABI_S4,2021_05_20_ABI_S4,,,How do you get your images?,,2021_05_20_ABI_S4_ABI,Maryellen Giger,,,,,989.0357142857142,990.0,,,ABI,989.5178571428571,"[{'encourage particpatioin': 'Maryellen Giger is explicitly asking Shannon and Shiva to share their experiences, encouraging them to contribute to the discussion.'}, {'ask clarifying question': 'Maryellen Giger is asking Shannon and Shiva how they obtain their images, seeking to understand their data acquisition process.'}]",59105.0,303,0
2021_05_20_ABI_S4,2021_05_20_ABI_S4,,,What data are required to effectively train AI ML algorithms to assess these data sets.,,2021_05_20_ABI_S4_ABI,Maryellen Giger,,,,,1011.0,1016.0,,,ABI,1013.5,"{'ask clarifying question': 'Maryellen is asking what data is required to train AI/ML algorithms, seeking clarification on the necessary data inputs given the context of 3D imaging producing large datasets.'}",59128.0,304,0
2021_05_20_ABI_S4,2021_05_20_ABI_S4,,,Where do you have the domain expert issue?,,2021_05_20_ABI_S4_ABI,Maryellen Giger,,,,,1076.0,1077.0,,,ABI,1076.5,"{'ask clarifying question': ""Maryellen is asking Shannon to clarify if she has issues accessing domain experts, following a discussion about the importance of domain expertise in AI development and Katy Keenan's statement about not having access to medical experts.""}",59193.0,305,0
2021_05_20_ABI_S4,2021_05_20_ABI_S4,,,Why give the AI raw data?,,2021_05_20_ABI_S4_ABI,Maryellen Giger,,,,,884.9999999999999,888.3489096573209,,,ABI,886.6744548286604,"{'explain or define term or concept': 'Maryellen is explaining the concept of using preprocessed images instead of raw data for AI training, drawing an analogy to how humans are trained to read images over many years.', 'present new idea': 'Maryellen introduces the idea of preprocessing images before feeding them to AI, suggesting it can help the AI learn better with limited data.', 'ask clarifying question': 'Maryellen is asking how many of the participants consider what image they are giving to the AI and if they preprocess the data to help the AI learn, seeking to understand the current practices of the group.'}",60078.0,306,0
2021_05_20_ABI_S4,2021_05_20_ABI_S4,,,"In a way, you're you're training in files, the training of all these humans has they have been reading images for many, many years.",,2021_05_20_ABI_S4_ABI,Maryellen Giger,,,,,888.3489096573207,905.8971962616822,,,ABI,897.1230529595015,"{'explain or define term or concept': 'Maryellen is explaining the concept of using preprocessed images instead of raw data for AI training, drawing an analogy to how humans are trained to read images over many years.', 'present new idea': 'Maryellen introduces the idea of preprocessing images before feeding them to AI, suggesting it can help the AI learn better with limited data.', 'ask clarifying question': 'Maryellen is asking how many of the participants consider what image they are giving to the AI and if they preprocess the data to help the AI learn, seeking to understand the current practices of the group.'}",60078.0,307,0
2021_05_20_ABI_S4,2021_05_20_ABI_S4,,,So how many of you in a sense consider what image am I giving to the AI and do you sometimes do the preprocessing to help the AI learn because you have limited data?,,2021_05_20_ABI_S4_ABI,Maryellen Giger,,,,,905.8971962616822,928.0,,,ABI,916.9485981308411,"{'explain or define term or concept': 'Maryellen is explaining the concept of using preprocessed images instead of raw data for AI training, drawing an analogy to how humans are trained to read images over many years.', 'present new idea': 'Maryellen introduces the idea of preprocessing images before feeding them to AI, suggesting it can help the AI learn better with limited data.', 'ask clarifying question': 'Maryellen is asking how many of the participants consider what image they are giving to the AI and if they preprocess the data to help the AI learn, seeking to understand the current practices of the group.'}",60078.0,308,0
2021_05_20_ABI_S4,2021_05_20_ABI_S4,,,Yeah and are you able to open up your the slide deck to put in at least the final three points?,,2021_05_20_ABI_S4_ABI,Maryellen Giger,,,,,1021.0,1027.0,,,ABI,1024.0,"{'assign task': ""Maryellen is assigning Shannon the task of opening the slide deck and adding the final three points, following up on Shannon's role as the designated note-taker and reporter.""}",60214.0,309,0
2021_05_20_ABI_S4,2021_05_20_ABI_S4,,,"Yeah, I think we need to train and test with messy data because that's what the real world is.",,2021_05_20_ABI_S4_ABI,Maryellen Giger,,,,,1117.0,1124.0660592255126,,,ABI,1120.5330296127563,"[{'provide supporting evidence': ""The speaker supports the idea of training with messy data by providing an example of developing a filter in a continuous domain that doesn't work perfectly when applied to the pixelated and quantized image domain, suggesting that real-world data is inherently messy.""}]",60310.0,310,0
2021_05_20_ABI_S4,2021_05_20_ABI_S4,,,"And sometimes, you know, we can do initial development, it's we do initial development of a filter in continuous domain, um but then when we go to actual image domain is pixelated and quantized, it doesn't quite work, but it gets you maybe 80, 85% there.",,2021_05_20_ABI_S4_ABI,Maryellen Giger,,,,,1124.0660592255124,1143.1594533029613,,,ABI,1133.6127562642369,"[{'provide supporting evidence': ""The speaker supports the idea of training with messy data by providing an example of developing a filter in a continuous domain that doesn't work perfectly when applied to the pixelated and quantized image domain, suggesting that real-world data is inherently messy.""}]",60310.0,311,0
2021_05_20_ABI_S4,2021_05_20_ABI_S4,,,"Um, you know, we start in the ideal world and then um make it work in the messy real world.",,2021_05_20_ABI_S4_ABI,Maryellen Giger,,,,,1143.159453302961,1150.0,,,ABI,1146.5797266514805,"[{'provide supporting evidence': ""The speaker supports the idea of training with messy data by providing an example of developing a filter in a continuous domain that doesn't work perfectly when applied to the pixelated and quantized image domain, suggesting that real-world data is inherently messy.""}]",60310.0,312,0
2021_05_20_ABI_S4,2021_05_20_ABI_S4,,,"Yeah, that to me that's a night and day um that helps you.",,2021_05_20_ABI_S4_ABI,Maryellen Giger,,,,,615.9999999999999,620.5991189427313,,,ABI,618.2995594713656,"[{'encourage particpatioin': 'Maryellen Giger is trying to get more people involved in the discussion by asking for their opinions and experiences, specifically directing the question to Alex and Girgis.'}, {'acknowledge contribution': 'Maryellen Giger acknowledges the difficulty of the situation for those who lack access to domain experts, showing empathy for their challenges.'}, {'ask clarifying question': 'Maryellen Giger is asking about the challenges faced by those working on biological imaging, specifically inquiring about what is holding them up and whether they have access to the necessary experts.'}]",60926.0,313,0
2021_05_20_ABI_S4,2021_05_20_ABI_S4,,,"I I I um I always, you know, feel for you guys that in that situation.",,2021_05_20_ABI_S4_ABI,Maryellen Giger,,,,,620.5991189427314,626.1497797356828,,,ABI,623.3744493392071,"[{'encourage particpatioin': 'Maryellen Giger is trying to get more people involved in the discussion by asking for their opinions and experiences, specifically directing the question to Alex and Girgis.'}, {'acknowledge contribution': 'Maryellen Giger acknowledges the difficulty of the situation for those who lack access to domain experts, showing empathy for their challenges.'}, {'ask clarifying question': 'Maryellen Giger is asking about the challenges faced by those working on biological imaging, specifically inquiring about what is holding them up and whether they have access to the necessary experts.'}]",60926.0,314,0
2021_05_20_ABI_S4,2021_05_20_ABI_S4,,,"How about the biology people, the image people doing AI on bio imaging, biological imaging, cellular imaging.",,2021_05_20_ABI_S4_ABI,Maryellen Giger,,,,,626.1497797356828,634.7929515418502,,,ABI,630.4713656387665,"[{'encourage particpatioin': 'Maryellen Giger is trying to get more people involved in the discussion by asking for their opinions and experiences, specifically directing the question to Alex and Girgis.'}, {'acknowledge contribution': 'Maryellen Giger acknowledges the difficulty of the situation for those who lack access to domain experts, showing empathy for their challenges.'}, {'ask clarifying question': 'Maryellen Giger is asking about the challenges faced by those working on biological imaging, specifically inquiring about what is holding them up and whether they have access to the necessary experts.'}]",60926.0,315,0
2021_05_20_ABI_S4,2021_05_20_ABI_S4,,,What's what's holding you up?,,2021_05_20_ABI_S4_ABI,Maryellen Giger,,,,,634.7929515418501,637.0925110132158,,,ABI,635.942731277533,"[{'encourage particpatioin': 'Maryellen Giger is trying to get more people involved in the discussion by asking for their opinions and experiences, specifically directing the question to Alex and Girgis.'}, {'acknowledge contribution': 'Maryellen Giger acknowledges the difficulty of the situation for those who lack access to domain experts, showing empathy for their challenges.'}, {'ask clarifying question': 'Maryellen Giger is asking about the challenges faced by those working on biological imaging, specifically inquiring about what is holding them up and whether they have access to the necessary experts.'}]",60926.0,316,0
2021_05_20_ABI_S4,2021_05_20_ABI_S4,,,You have access I would assume to biologist much easier than they have access to medical imaging people.,,2021_05_20_ABI_S4_ABI,Maryellen Giger,,,,,637.0925110132158,645.3392070484582,,,ABI,641.215859030837,"[{'encourage particpatioin': 'Maryellen Giger is trying to get more people involved in the discussion by asking for their opinions and experiences, specifically directing the question to Alex and Girgis.'}, {'acknowledge contribution': 'Maryellen Giger acknowledges the difficulty of the situation for those who lack access to domain experts, showing empathy for their challenges.'}, {'ask clarifying question': 'Maryellen Giger is asking about the challenges faced by those working on biological imaging, specifically inquiring about what is holding them up and whether they have access to the necessary experts.'}]",60926.0,317,0
2021_05_20_ABI_S4,2021_05_20_ABI_S4,,,"Alex, do you have access to who you need to talk to?",,2021_05_20_ABI_S4_ABI,Maryellen Giger,,,,,645.3392070484582,649.4625550660793,,,ABI,647.4008810572687,"[{'encourage particpatioin': 'Maryellen Giger is trying to get more people involved in the discussion by asking for their opinions and experiences, specifically directing the question to Alex and Girgis.'}, {'acknowledge contribution': 'Maryellen Giger acknowledges the difficulty of the situation for those who lack access to domain experts, showing empathy for their challenges.'}, {'ask clarifying question': 'Maryellen Giger is asking about the challenges faced by those working on biological imaging, specifically inquiring about what is holding them up and whether they have access to the necessary experts.'}]",60926.0,318,0
2021_05_20_ABI_S4,2021_05_20_ABI_S4,,,"And then also Girgis, I can ask.",,2021_05_20_ABI_S4_ABI,Maryellen Giger,,,,,649.4625550660794,652.0,,,ABI,650.7312775330397,"[{'encourage particpatioin': 'Maryellen Giger is trying to get more people involved in the discussion by asking for their opinions and experiences, specifically directing the question to Alex and Girgis.'}, {'acknowledge contribution': 'Maryellen Giger acknowledges the difficulty of the situation for those who lack access to domain experts, showing empathy for their challenges.'}, {'ask clarifying question': 'Maryellen Giger is asking about the challenges faced by those working on biological imaging, specifically inquiring about what is holding them up and whether they have access to the necessary experts.'}]",60926.0,319,0
2021_05_20_ABI_S4,2021_05_20_ABI_S4,,,"Yeah, when I think of imaging, I think of both acquisition and interpretation.",,2021_05_20_ABI_S4_ABI,Maryellen Giger,,,,,934.0,940.0,,,ABI,937.0,"{'explain or define term or concept': ""Maryellen is defining what she means by 'imaging' to include both acquisition and interpretation, clarifying the scope of the discussion.""}",61244.0,320,0
2021_05_20_ABI_S4,2021_05_20_ABI_S4,,,"Yeah, you sure can.",,2021_05_20_ABI_S4_ABI,Maryellen Giger,,,,,985.0000000000001,985.5757575757576,,,ABI,985.2878787878789,"[{'encourage particpatioin': 'Maryellen Giger is encouraging everyone to contribute to the Google Doc that Shannon Quinn is sharing, building on the previous discussion about generalizability and the relationship of the model to the physics, chemistry, and biology of the imaging situation.'}]",61295.0,321,0
2021_05_20_ABI_S4,2021_05_20_ABI_S4,,,Everybody can.,,2021_05_20_ABI_S4_ABI,Maryellen Giger,,,,,985.5757575757575,986.0,,,ABI,985.7878787878788,"[{'encourage particpatioin': 'Maryellen Giger is encouraging everyone to contribute to the Google Doc that Shannon Quinn is sharing, building on the previous discussion about generalizability and the relationship of the model to the physics, chemistry, and biology of the imaging situation.'}]",61295.0,322,0
2021_05_20_ABI_S4,2021_05_20_ABI_S4,,,Yeah.,,2021_05_20_ABI_S4_ABI,Maryellen Giger,,,,,1067.0,1068.0,,,ABI,1067.5,"[{'express agreement': 'Maryellen Giger says ""Yeah"" in response to a prior statement, indicating agreement.'}]",61377.0,323,0
2021_05_20_ABI_S4,2021_05_20_ABI_S4,,,Yeah.,,2021_05_20_ABI_S4_ABI,Maryellen Giger,,,,,61426.0,61426.0,,,ABI,61426.0,"{'express agreement': 'Maryellen agrees with the point that there are tolerable errors in the training data, which was brought up by Beck in the previous turn.'}",61426.0,324,0
2021_05_20_ABI_S4,2021_05_20_ABI_S4,,,"Yes, so if you go to the and it's the if you you continue to around slide 20 or so you should you should find it should say um",,2021_05_20_ABI_S4_ABI,Maryellen Giger,,,,,895.0,902.0,,,ABI,898.5,"[{'explain or define term or concept': 'Maryellen is explaining where to find the relevant information in the PowerPoint deck, specifically around slide 20.'}]",62321.0,325,0
2021_05_20_ABI_S4,2021_05_20_ABI_S4,,,"Yes, well model driven by the um physics chemistry and biology of the um uh contrast agents properties?",,2021_05_20_ABI_S4_ABI,Maryellen Giger,,,,,1069.0,1084.9044117647059,,,ABI,1076.952205882353,"{'explain or define term or concept': 'Maryellen is trying to define or explain the concept of a model being driven by the physics, chemistry, and biology of contrast agents, which is a concept that Girgis was discussing in the prior turn.'}",62495.0,326,0
2021_05_20_ABI_S4,2021_05_20_ABI_S4,,,I don't know if I got that right.,,2021_05_20_ABI_S4_ABI,Maryellen Giger,,,,,1084.9044117647059,1090.0,,,ABI,1087.452205882353,"{'explain or define term or concept': 'Maryellen is trying to define or explain the concept of a model being driven by the physics, chemistry, and biology of contrast agents, which is a concept that Girgis was discussing in the prior turn.'}",62495.0,327,0
2021_05_20_ABI_S4,2021_05_20_ABI_S4,,,"actually talk about having, you know, let's say the algorithm says, uh, you have 65% chance of having cancer, I am 35% sure and I am a slightly biased algorithm.",,2021_05_20_ABI_S4_ABI,Maryellen Giger,,,,,615.0,628.2328767123288,,,ABI,621.6164383561644,"{'expand on existing idea': 'Maryellen is expanding on the idea of uncertainty quantification that Shannon introduced, adding the concept of algorithm bias to the uncertainty output.', 'present new idea': ""Maryellen introduces the idea of an algorithm providing three outputs: the probability of a condition (e.g., cancer), the algorithm's certainty in that probability, and a statement about the algorithm's bias, which is a novel concept in the discussion.""}",63110.0,328,0
2021_05_20_ABI_S4,2021_05_20_ABI_S4,,,"So those are the three outputs I usually like, um, because",,2021_05_20_ABI_S4_ABI,Maryellen Giger,,,,,628.2328767123288,633.0,,,ABI,630.6164383561644,"{'expand on existing idea': 'Maryellen is expanding on the idea of uncertainty quantification that Shannon introduced, adding the concept of algorithm bias to the uncertainty output.', 'present new idea': ""Maryellen introduces the idea of an algorithm providing three outputs: the probability of a condition (e.g., cancer), the algorithm's certainty in that probability, and a statement about the algorithm's bias, which is a novel concept in the discussion.""}",63110.0,329,0
2021_05_20_ABI_S4,2021_05_20_ABI_S4,,,"have many you all are smart, you all have great AI technologies, but I think we're looking at the issues of how do we bring it all together?",,2021_05_20_ABI_S4_ABI,Maryellen Giger,,,,,615.0,625.0,,,ABI,620.0,"{'acknowledge contribution': {'Explanation': 'The speaker acknowledges the intelligence and AI capabilities of the group members, recognizing their contributions to the field.'}, 'present new idea': {'Explanation': 'The speaker introduces the idea of bringing all the AI technologies together to address the challenges in the field, which is a novel concept in the context of the discussion.'}, 'encourage particpatioin': {'Explanation': 'The speaker directly addresses Alex, apologizing for not including him in the discussion and inviting him to participate.'}}",63110.0,330,0
2021_05_20_ABI_S4,2021_05_20_ABI_S4,,,"Um, um, to me, that's the challenge.",,2021_05_20_ABI_S4_ABI,Maryellen Giger,,,,,624.9999999999999,627.5714285714286,,,ABI,626.2857142857142,"{'acknowledge contribution': {'Explanation': 'The speaker acknowledges the intelligence and AI capabilities of the group members, recognizing their contributions to the field.'}, 'present new idea': {'Explanation': 'The speaker introduces the idea of bringing all the AI technologies together to address the challenges in the field, which is a novel concept in the context of the discussion.'}, 'encourage particpatioin': {'Explanation': 'The speaker directly addresses Alex, apologizing for not including him in the discussion and inviting him to participate.'}}",63110.0,331,0
2021_05_20_ABI_S4,2021_05_20_ABI_S4,,,"Alex, I haven't put you on the spot.",,2021_05_20_ABI_S4_ABI,Maryellen Giger,,,,,627.5714285714284,630.1428571428571,,,ABI,628.8571428571428,"{'acknowledge contribution': {'Explanation': 'The speaker acknowledges the intelligence and AI capabilities of the group members, recognizing their contributions to the field.'}, 'present new idea': {'Explanation': 'The speaker introduces the idea of bringing all the AI technologies together to address the challenges in the field, which is a novel concept in the context of the discussion.'}, 'encourage particpatioin': {'Explanation': 'The speaker directly addresses Alex, apologizing for not including him in the discussion and inviting him to participate.'}}",63110.0,332,0
2021_05_20_ABI_S4,2021_05_20_ABI_S4,,,"I'm sorry, you're right in the middle of my screen and I keep going.",,2021_05_20_ABI_S4_ABI,Maryellen Giger,,,,,630.1428571428571,635.0,,,ABI,632.5714285714286,"{'acknowledge contribution': {'Explanation': 'The speaker acknowledges the intelligence and AI capabilities of the group members, recognizing their contributions to the field.'}, 'present new idea': {'Explanation': 'The speaker introduces the idea of bringing all the AI technologies together to address the challenges in the field, which is a novel concept in the context of the discussion.'}, 'encourage particpatioin': {'Explanation': 'The speaker directly addresses Alex, apologizing for not including him in the discussion and inviting him to participate.'}}",63110.0,333,0
2021_05_20_ABI_S4,2021_05_20_ABI_S4,,,knowledge wrong?,,2021_05_20_ABI_S4_ABI,Maryellen Giger,,,,,1093.0,1095.0,,,ABI,1094.0,"{'ask clarifying question': 'Maryellen is asking if she got the knowledge wrong, seeking confirmation or correction on her understanding of the previous discussion about model-driven AI and contrast agents.'}",63588.0,334,0
2021_05_20_ABI_S4,2021_05_20_ABI_S4,,,so and that's what I think I meant by technically all we can do a lot.,,2021_05_20_ABI_S4_ABI,Maryellen Giger,,,,,722.0,723.4747191011236,,,ABI,722.7373595505618,"[{'acknowledge contribution': {'Explanation': 'The phrase ""Good point, Jim"" acknowledges Jim\'s prior question about crowd sourcing of images.'}}, {'assign task': {'Explanation': 'The phrase ""I\'m going to ask Alex about that"" assigns Alex the task of talking about their experience with cellular images.'}}, {'explain or define term or concept': {'Explanation': 'The speaker explains the concept of people manually circling cells to create data, relating it back to the earlier discussion about the amount of data needed for algorithms.'}}]",64310.0,335,0
2021_05_20_ABI_S4,2021_05_20_ABI_S4,,,It it it it we're in a very technical field and we're hindered by data and culture.,,2021_05_20_ABI_S4_ABI,Maryellen Giger,,,,,723.4747191011237,725.2233146067416,,,ABI,724.3490168539327,"[{'acknowledge contribution': {'Explanation': 'The phrase ""Good point, Jim"" acknowledges Jim\'s prior question about crowd sourcing of images.'}}, {'assign task': {'Explanation': 'The phrase ""I\'m going to ask Alex about that"" assigns Alex the task of talking about their experience with cellular images.'}}, {'explain or define term or concept': {'Explanation': 'The speaker explains the concept of people manually circling cells to create data, relating it back to the earlier discussion about the amount of data needed for algorithms.'}}]",64310.0,336,0
2021_05_20_ABI_S4,2021_05_20_ABI_S4,,,"Um, your other question even in um cellular images, many of you are in cellular.",,2021_05_20_ABI_S4_ABI,Maryellen Giger,,,,,725.2233146067416,726.9087078651686,,,ABI,726.0660112359551,"[{'acknowledge contribution': {'Explanation': 'The phrase ""Good point, Jim"" acknowledges Jim\'s prior question about crowd sourcing of images.'}}, {'assign task': {'Explanation': 'The phrase ""I\'m going to ask Alex about that"" assigns Alex the task of talking about their experience with cellular images.'}}, {'explain or define term or concept': {'Explanation': 'The speaker explains the concept of people manually circling cells to create data, relating it back to the earlier discussion about the amount of data needed for algorithms.'}}]",64310.0,337,0
2021_05_20_ABI_S4,2021_05_20_ABI_S4,,,"I don't know you talk about your experience there and I'm going to ask Alex about that, but you have to people sit and circle cells. crazy just to create data and that gets back to bullet one.",,2021_05_20_ABI_S4_ABI,Maryellen Giger,,,,,726.9087078651686,730.9536516853933,,,ABI,728.931179775281,"[{'acknowledge contribution': {'Explanation': 'The phrase ""Good point, Jim"" acknowledges Jim\'s prior question about crowd sourcing of images.'}}, {'assign task': {'Explanation': 'The phrase ""I\'m going to ask Alex about that"" assigns Alex the task of talking about their experience with cellular images.'}}, {'explain or define term or concept': {'Explanation': 'The speaker explains the concept of people manually circling cells to create data, relating it back to the earlier discussion about the amount of data needed for algorithms.'}}]",64310.0,338,0
2021_05_20_ABI_S4,2021_05_20_ABI_S4,,,How many cells do you have to circle to have enough data to algorithm.,,2021_05_20_ABI_S4_ABI,Maryellen Giger,,,,,730.9536516853933,732.4283707865169,,,ABI,731.6910112359551,"[{'acknowledge contribution': {'Explanation': 'The phrase ""Good point, Jim"" acknowledges Jim\'s prior question about crowd sourcing of images.'}}, {'assign task': {'Explanation': 'The phrase ""I\'m going to ask Alex about that"" assigns Alex the task of talking about their experience with cellular images.'}}, {'explain or define term or concept': {'Explanation': 'The speaker explains the concept of people manually circling cells to create data, relating it back to the earlier discussion about the amount of data needed for algorithms.'}}]",64310.0,339,0
2021_05_20_ABI_S4,2021_05_20_ABI_S4,,,"Um, but yes, the crowd sourcing it does it does exist, but it's it's not on a massive um scale.",,2021_05_20_ABI_S4_ABI,Maryellen Giger,,,,,732.4283707865168,734.4297752808989,,,ABI,733.4290730337078,"[{'acknowledge contribution': {'Explanation': 'The phrase ""Good point, Jim"" acknowledges Jim\'s prior question about crowd sourcing of images.'}}, {'assign task': {'Explanation': 'The phrase ""I\'m going to ask Alex about that"" assigns Alex the task of talking about their experience with cellular images.'}}, {'explain or define term or concept': {'Explanation': 'The speaker explains the concept of people manually circling cells to create data, relating it back to the earlier discussion about the amount of data needed for algorithms.'}}]",64310.0,340,0
2021_05_20_ABI_S4,2021_05_20_ABI_S4,,,"Good point, Jim.",,2021_05_20_ABI_S4_ABI,Maryellen Giger,,,,,734.4297752808988,734.7668539325842,,,ABI,734.5983146067415,"[{'acknowledge contribution': {'Explanation': 'The phrase ""Good point, Jim"" acknowledges Jim\'s prior question about crowd sourcing of images.'}}, {'assign task': {'Explanation': 'The phrase ""I\'m going to ask Alex about that"" assigns Alex the task of talking about their experience with cellular images.'}}, {'explain or define term or concept': {'Explanation': 'The speaker explains the concept of people manually circling cells to create data, relating it back to the earlier discussion about the amount of data needed for algorithms.'}}]",64310.0,341,0
2021_05_20_ABI_S4,2021_05_20_ABI_S4,,,And sorry I didn't see your hand ready.,,2021_05_20_ABI_S4_ABI,Maryellen Giger,,,,,734.7668539325842,735.5884831460675,,,ABI,735.1776685393259,"[{'acknowledge contribution': {'Explanation': 'The phrase ""Good point, Jim"" acknowledges Jim\'s prior question about crowd sourcing of images.'}}, {'assign task': {'Explanation': 'The phrase ""I\'m going to ask Alex about that"" assigns Alex the task of talking about their experience with cellular images.'}}, {'explain or define term or concept': {'Explanation': 'The speaker explains the concept of people manually circling cells to create data, relating it back to the earlier discussion about the amount of data needed for algorithms.'}}]",64310.0,342,0
2021_05_20_ABI_S4,2021_05_20_ABI_S4,,,"So I'm used to this, not the stationary one that they have on.",,2021_05_20_ABI_S4_ABI,Maryellen Giger,,,,,735.5884831460673,736.8946629213483,,,ABI,736.2415730337078,"[{'acknowledge contribution': {'Explanation': 'The phrase ""Good point, Jim"" acknowledges Jim\'s prior question about crowd sourcing of images.'}}, {'assign task': {'Explanation': 'The phrase ""I\'m going to ask Alex about that"" assigns Alex the task of talking about their experience with cellular images.'}}, {'explain or define term or concept': {'Explanation': 'The speaker explains the concept of people manually circling cells to create data, relating it back to the earlier discussion about the amount of data needed for algorithms.'}}]",64310.0,343,0
2021_05_20_ABI_S4,2021_05_20_ABI_S4,,,Alex.,,2021_05_20_ABI_S4_ABI,Maryellen Giger,,,,,736.8946629213483,737.0,,,ABI,736.9473314606741,"[{'acknowledge contribution': {'Explanation': 'The phrase ""Good point, Jim"" acknowledges Jim\'s prior question about crowd sourcing of images.'}}, {'assign task': {'Explanation': 'The phrase ""I\'m going to ask Alex about that"" assigns Alex the task of talking about their experience with cellular images.'}}, {'explain or define term or concept': {'Explanation': 'The speaker explains the concept of people manually circling cells to create data, relating it back to the earlier discussion about the amount of data needed for algorithms.'}}]",64310.0,344,0
2021_05_20_ABI_S4,2021_05_20_ABI_S4,,,um what's the next big thing for this field?,,2021_05_20_ABI_S4_ABI,Maryellen Giger,,,,,1016.0000000000001,1020.8351648351648,,,ABI,1018.4175824175825,"[{'propose decision': 'Maryellen is proposing a direction for the discussion, asking about the next big thing for the field, which is a concrete choice for the group to discuss.', 'assign task': 'Maryellen is assigning the task of thinking about the future of the field to the group.'}]",64604.0,345,0
2021_05_20_ABI_S4,2021_05_20_ABI_S4,,,How can you what would be your dream of where it would go and um uh near the and I'll tell you how I've been trying to do my dream models.,,2021_05_20_ABI_S4_ABI,Maryellen Giger,,,,,1020.8351648351648,1036.0,,,ABI,1028.4175824175825,"[{'propose decision': 'Maryellen is proposing a direction for the discussion, asking about the next big thing for the field, which is a concrete choice for the group to discuss.', 'assign task': 'Maryellen is assigning the task of thinking about the future of the field to the group.'}]",64604.0,346,0
2021_05_20_ABI_S4,2021_05_20_ABI_S4,,,"Because you know, earlier we talked about this pipeline of the AI pipeline, we we talked about for example segmentation, do you measure it while you're segmenting it or you look at the end point and the end point depends on the end user.",,2021_05_20_ABI_S4_ABI,Maryellen Giger UChicago,,,,,795.0000000000001,817.3978021978022,,,ABI,806.1989010989012,"{'expand on existing idea': 'The speaker expands on the previously discussed AI pipeline, specifically segmentation, and how its evaluation depends on the end user.', 'explain or define term or concept': 'The speaker explains that the endpoint of the AI pipeline depends on the end user, even in autonomous systems, to clarify the importance of the end user perspective.', 'present new idea': 'The speaker introduces the idea that the AI field is still very young because a lot of the work being done is very focused, which is a novel concept in the context of the discussion.'}",65399.0,347,0
2021_05_20_ABI_S4,2021_05_20_ABI_S4,,,"And even if um even if it's an autonomous AI system, there's an end user somewhere.",,2021_05_20_ABI_S4_ABI,Maryellen Giger UChicago,,,,,817.3978021978022,825.2417582417582,,,ABI,821.3197802197802,"{'expand on existing idea': 'The speaker expands on the previously discussed AI pipeline, specifically segmentation, and how its evaluation depends on the end user.', 'explain or define term or concept': 'The speaker explains that the endpoint of the AI pipeline depends on the end user, even in autonomous systems, to clarify the importance of the end user perspective.', 'present new idea': 'The speaker introduces the idea that the AI field is still very young because a lot of the work being done is very focused, which is a novel concept in the context of the discussion.'}",65399.0,348,0
2021_05_20_ABI_S4,2021_05_20_ABI_S4,,,Somewhere it's affecting it and I think uh this field is still very young because a lot of the work being done is very um very focused.,,2021_05_20_ABI_S4_ABI,Maryellen Giger UChicago,,,,,825.2417582417581,838.0,,,ABI,831.6208791208791,"{'expand on existing idea': 'The speaker expands on the previously discussed AI pipeline, specifically segmentation, and how its evaluation depends on the end user.', 'explain or define term or concept': 'The speaker explains that the endpoint of the AI pipeline depends on the end user, even in autonomous systems, to clarify the importance of the end user perspective.', 'present new idea': 'The speaker introduces the idea that the AI field is still very young because a lot of the work being done is very focused, which is a novel concept in the context of the discussion.'}",65399.0,349,0
2021_05_20_ABI_S4,2021_05_20_ABI_S4,,,But if we had a massive method or so we we can do that.,,2021_05_20_ABI_S4_ABI,Maryellen Giger UChicago,,,,,1089.0000000000002,1093.0740740740741,,,ABI,1091.0370370370372,"{'encourage particpatioin': 'Maryellen Giger saw Paris shaking his head and then asked him what he was thinking about, inviting him to contribute to the discussion.'}",65693.0,350,0
2021_05_20_ABI_S4,2021_05_20_ABI_S4,,,I saw Paris shaking his head.,,2021_05_20_ABI_S4_ABI,Maryellen Giger UChicago,,,,,1093.074074074074,1095.2222222222222,,,ABI,1094.148148148148,"{'encourage particpatioin': 'Maryellen Giger saw Paris shaking his head and then asked him what he was thinking about, inviting him to contribute to the discussion.'}",65693.0,351,0
2021_05_20_ABI_S4,2021_05_20_ABI_S4,,,I think big mistake.,,2021_05_20_ABI_S4_ABI,Maryellen Giger UChicago,,,,,1095.2222222222224,1096.7037037037037,,,ABI,1095.962962962963,"{'encourage particpatioin': 'Maryellen Giger saw Paris shaking his head and then asked him what he was thinking about, inviting him to contribute to the discussion.'}",65693.0,352,0
2021_05_20_ABI_S4,2021_05_20_ABI_S4,,,So what are you thinking about?,,2021_05_20_ABI_S4_ABI,Maryellen Giger UChicago,,,,,1096.703703703704,1099.0,,,ABI,1097.851851851852,"{'encourage particpatioin': 'Maryellen Giger saw Paris shaking his head and then asked him what he was thinking about, inviting him to contribute to the discussion.'}",65693.0,353,0
2021_05_20_ABI_S4,2021_05_20_ABI_S4,,,Great.,,2021_05_20_ABI_S4_ABI,Maryellen Giger UChicago,,,,,965.0,965.2926829268292,,,ABI,965.1463414634146,"{'propose decision': {'Explanation': 'Maryellen suggests optimizing the AI pipeline both individually and as a whole, proposing a concrete choice for the group to consider.'}}",66658.0,354,0
2021_05_20_ABI_S4,2021_05_20_ABI_S4,,,So maybe optimizing along the pipeline individually and then the whole item.,,2021_05_20_ABI_S4_ABI,Maryellen Giger UChicago,,,,,965.2926829268292,969.0,,,ABI,967.1463414634146,"{'propose decision': {'Explanation': 'Maryellen suggests optimizing the AI pipeline both individually and as a whole, proposing a concrete choice for the group to consider.'}}",66658.0,355,0
2021_05_20_ABI_S4,2021_05_20_ABI_S4,,,"Oh, okay.",,2021_05_20_ABI_S4_ABI,Maryellen Giger UChicago,,,,,912.0,912.9152542372881,,,ABI,912.457627118644,"[{'express enthusiasm': 'Maryellen expresses enthusiasm by saying ""Interesting. Okay, we have a happy group here. Good."", showing a positive reaction to Shiva\'s previous statement.'}]",67570.0,356,0
2021_05_20_ABI_S4,2021_05_20_ABI_S4,,,Interesting.,,2021_05_20_ABI_S4_ABI,Maryellen Giger UChicago,,,,,912.9152542372881,914.1355932203389,,,ABI,913.5254237288135,"[{'express enthusiasm': 'Maryellen expresses enthusiasm by saying ""Interesting. Okay, we have a happy group here. Good."", showing a positive reaction to Shiva\'s previous statement.'}]",67570.0,357,0
2021_05_20_ABI_S4,2021_05_20_ABI_S4,,,"Okay, we have a happy group here.",,2021_05_20_ABI_S4_ABI,Maryellen Giger UChicago,,,,,914.135593220339,917.4915254237288,,,ABI,915.8135593220339,"[{'express enthusiasm': 'Maryellen expresses enthusiasm by saying ""Interesting. Okay, we have a happy group here. Good."", showing a positive reaction to Shiva\'s previous statement.'}]",67570.0,358,0
2021_05_20_ABI_S4,2021_05_20_ABI_S4,,,Good.,,2021_05_20_ABI_S4_ABI,Maryellen Giger UChicago,,,,,917.4915254237287,918.0,,,ABI,917.7457627118644,"[{'express enthusiasm': 'Maryellen expresses enthusiasm by saying ""Interesting. Okay, we have a happy group here. Good."", showing a positive reaction to Shiva\'s previous statement.'}]",67570.0,359,0
2021_05_20_ABI_S4,2021_05_20_ABI_S4,,,Right.,,2021_05_20_ABI_S4_ABI,Maryellen Giger UChicago,,,,,67747.0,67747.0,,,ABI,67747.0,"{'express agreement': ""The utterance 'Right' expresses agreement with the previous statement made by Katy Keenan about the need for all data to solve problems related to AI in imaging.""}",67747.0,360,0
2021_05_20_ABI_S4,2021_05_20_ABI_S4,,,So we want all the data.,,2021_05_20_ABI_S4_ABI,Maryellen Giger UChicago,,,,,1074.0,1076.0,,,ABI,1075.0,"{'express agreement': ""Maryellen is agreeing with Katy's point in the previous turn that solving the problem of generalizability requires access to all data types.""}",68821.0,361,0
2021_05_20_ABI_S4,2021_05_20_ABI_S4,,,That's one of the they asked us what do we want?,,2021_05_20_ABI_S4_ABI,Maryellen Giger UChicago,,,,,1076.0,1078.9433962264152,,,ABI,1077.4716981132076,"{'present new idea': ""Maryellen introduces the idea that the group wants 'all the data' to solve problems, which hasn't been explicitly stated before, framing it as a requirement."", 'express frustration': 'Maryellen expresses frustration that they are limited by data and culture, specifically the giving and sharing of data, which is hindering their progress.', 'expand on existing idea': ""Maryellen expands on Katy's point about the data needed to solve problems, stating that they want all the data but are limited by data access and sharing culture, building on the previous discussion about data limitations.""}",68823.0,362,0
2021_05_20_ABI_S4,2021_05_20_ABI_S4,,,We want all the data and we you you there technically we could do a lot.,,2021_05_20_ABI_S4_ABI,Maryellen Giger UChicago,,,,,1078.9433962264152,1083.3584905660377,,,ABI,1081.1509433962265,"{'present new idea': ""Maryellen introduces the idea that the group wants 'all the data' to solve problems, which hasn't been explicitly stated before, framing it as a requirement."", 'express frustration': 'Maryellen expresses frustration that they are limited by data and culture, specifically the giving and sharing of data, which is hindering their progress.', 'expand on existing idea': ""Maryellen expands on Katy's point about the data needed to solve problems, stating that they want all the data but are limited by data access and sharing culture, building on the previous discussion about data limitations.""}",68823.0,363,0
2021_05_20_ABI_S4,2021_05_20_ABI_S4,,,We are limited by data and culture I would say.,,2021_05_20_ABI_S4_ABI,Maryellen Giger UChicago,,,,,1083.3584905660377,1086.2405660377358,,,ABI,1084.7995283018868,"{'present new idea': ""Maryellen introduces the idea that the group wants 'all the data' to solve problems, which hasn't been explicitly stated before, framing it as a requirement."", 'express frustration': 'Maryellen expresses frustration that they are limited by data and culture, specifically the giving and sharing of data, which is hindering their progress.', 'expand on existing idea': ""Maryellen expands on Katy's point about the data needed to solve problems, stating that they want all the data but are limited by data access and sharing culture, building on the previous discussion about data limitations.""}",68823.0,364,0
2021_05_20_ABI_S4,2021_05_20_ABI_S4,,,"The giving of data, the sharing of data even.",,2021_05_20_ABI_S4_ABI,Maryellen Giger UChicago,,,,,1086.2405660377358,1089.0,,,ABI,1087.620283018868,"{'present new idea': ""Maryellen introduces the idea that the group wants 'all the data' to solve problems, which hasn't been explicitly stated before, framing it as a requirement."", 'express frustration': 'Maryellen expresses frustration that they are limited by data and culture, specifically the giving and sharing of data, which is hindering their progress.', 'expand on existing idea': ""Maryellen expands on Katy's point about the data needed to solve problems, stating that they want all the data but are limited by data access and sharing culture, building on the previous discussion about data limitations.""}",68823.0,365,0
2021_05_20_ABI_S4,2021_05_20_ABI_S4,,,This is a major problem.,,2021_05_20_ABI_S4_ABI,Maryellen Giger UChicago,,,,,614.9999999999999,617.5492227979274,,,ABI,616.2746113989637,"[{'acknowledge contribution': 'Maryellen acknowledges the importance of the problem of generalizability and bias in AI, which builds upon the previous discussion about errors in ground truth and training data.', 'explain or define term or concept': 'Maryellen is defining the problem of generalizability and bias in AI, which is important for the group to understand.', 'encourage particpatioin': 'Maryellen encourages Lou to participate by asking what would be needed to make the dream work, even acknowledging that Lou might be more focused on imaging than AI.'}]",69438.0,366,0
2021_05_20_ABI_S4,2021_05_20_ABI_S4,,,"I mean this problem and even uh it um the aspects about um the generalizability, um the bias that biases an AI is is really important.",,2021_05_20_ABI_S4_ABI,Maryellen Giger UChicago,,,,,617.5492227979274,631.7823834196892,,,ABI,624.6658031088083,"[{'acknowledge contribution': 'Maryellen acknowledges the importance of the problem of generalizability and bias in AI, which builds upon the previous discussion about errors in ground truth and training data.', 'explain or define term or concept': 'Maryellen is defining the problem of generalizability and bias in AI, which is important for the group to understand.', 'encourage particpatioin': 'Maryellen encourages Lou to participate by asking what would be needed to make the dream work, even acknowledging that Lou might be more focused on imaging than AI.'}]",69438.0,367,0
2021_05_20_ABI_S4,2021_05_20_ABI_S4,,,"Um, what would you need to make this dream work?",,2021_05_20_ABI_S4_ABI,Maryellen Giger UChicago,,,,,631.7823834196892,636.880829015544,,,ABI,634.3316062176166,"[{'acknowledge contribution': 'Maryellen acknowledges the importance of the problem of generalizability and bias in AI, which builds upon the previous discussion about errors in ground truth and training data.', 'explain or define term or concept': 'Maryellen is defining the problem of generalizability and bias in AI, which is important for the group to understand.', 'encourage particpatioin': 'Maryellen encourages Lou to participate by asking what would be needed to make the dream work, even acknowledging that Lou might be more focused on imaging than AI.'}]",69438.0,368,0
2021_05_20_ABI_S4,2021_05_20_ABI_S4,,,And I'm going to ask Lou.,,2021_05_20_ABI_S4_ABI,Maryellen Giger UChicago,,,,,636.8808290155441,639.5362694300518,,,ABI,638.208549222798,"[{'acknowledge contribution': 'Maryellen acknowledges the importance of the problem of generalizability and bias in AI, which builds upon the previous discussion about errors in ground truth and training data.', 'explain or define term or concept': 'Maryellen is defining the problem of generalizability and bias in AI, which is important for the group to understand.', 'encourage particpatioin': 'Maryellen encourages Lou to participate by asking what would be needed to make the dream work, even acknowledging that Lou might be more focused on imaging than AI.'}]",69438.0,369,0
2021_05_20_ABI_S4,2021_05_20_ABI_S4,,,"What what would take uh well maybe um you're more imaging than AI, right?",,2021_05_20_ABI_S4_ABI,Maryellen Giger UChicago,,,,,639.5362694300518,647.2901554404145,,,ABI,643.4132124352332,"[{'acknowledge contribution': 'Maryellen acknowledges the importance of the problem of generalizability and bias in AI, which builds upon the previous discussion about errors in ground truth and training data.', 'explain or define term or concept': 'Maryellen is defining the problem of generalizability and bias in AI, which is important for the group to understand.', 'encourage particpatioin': 'Maryellen encourages Lou to participate by asking what would be needed to make the dream work, even acknowledging that Lou might be more focused on imaging than AI.'}]",69438.0,370,0
2021_05_20_ABI_S4,2021_05_20_ABI_S4,,,"Yeah, so I I well, you could take a pass if you want, but go ahead if you want to.",,2021_05_20_ABI_S4_ABI,Maryellen Giger UChicago,,,,,647.2901554404145,656.0,,,ABI,651.6450777202073,"[{'acknowledge contribution': 'Maryellen acknowledges the importance of the problem of generalizability and bias in AI, which builds upon the previous discussion about errors in ground truth and training data.', 'explain or define term or concept': 'Maryellen is defining the problem of generalizability and bias in AI, which is important for the group to understand.', 'encourage particpatioin': 'Maryellen encourages Lou to participate by asking what would be needed to make the dream work, even acknowledging that Lou might be more focused on imaging than AI.'}]",69438.0,371,0
2021_05_20_ABI_S4,2021_05_20_ABI_S4,,,We got to do all that together as opposed we got everyone doing little niches here and there.,,2021_05_20_ABI_S4_ABI,Maryellen Giger UChicago,,,,,980.0000000000001,988.5190839694657,,,ABI,984.2595419847329,"[{'propose decision': ""Maryellen proposes that the group should work together on the entire AI pipeline, from patient to treatment, instead of focusing on individual niches, suggesting a concrete choice for the group's approach.""}, {'express agreement': 'Maryellen explicitly agrees with a previously mentioned idea or decision, indicating alignment and support.'}]",69803.0,372,0
2021_05_20_ABI_S4,2021_05_20_ABI_S4,,,So um that would be good.,,2021_05_20_ABI_S4_ABI,Maryellen Giger UChicago,,,,,988.5190839694658,990.8091603053435,,,ABI,989.6641221374047,"[{'propose decision': ""Maryellen proposes that the group should work together on the entire AI pipeline, from patient to treatment, instead of focusing on individual niches, suggesting a concrete choice for the group's approach.""}, {'express agreement': 'Maryellen explicitly agrees with a previously mentioned idea or decision, indicating alignment and support.'}]",69803.0,373,0
2021_05_20_ABI_S4,2021_05_20_ABI_S4,,,"So yes, back.",,2021_05_20_ABI_S4_ABI,Maryellen Giger UChicago,,,,,990.8091603053435,992.0,,,ABI,991.4045801526718,"[{'propose decision': ""Maryellen proposes that the group should work together on the entire AI pipeline, from patient to treatment, instead of focusing on individual niches, suggesting a concrete choice for the group's approach.""}, {'express agreement': 'Maryellen explicitly agrees with a previously mentioned idea or decision, indicating alignment and support.'}]",69803.0,374,0
2021_05_20_ABI_S4,2021_05_20_ABI_S4,,,"Well no, I think that's very useful.",,2021_05_20_ABI_S4_ABI,Maryellen Giger UChicago,,,,,780.0,782.5961538461538,,,ABI,781.2980769230769,"[{'acknowledge contribution': ""Maryellen acknowledges Lu Wei's contribution by stating that her input is very useful, recognizing her perspective as an imaging expert seeking AI solutions.""}]",70583.0,375,0
2021_05_20_ABI_S4,2021_05_20_ABI_S4,,,You're telling us what you want and some of us in it in AI research and development kind of have to um work to uh uh give that to you.,,2021_05_20_ABI_S4_ABI,Maryellen Giger UChicago,,,,,782.5961538461539,792.2596153846154,,,ABI,787.4278846153846,"[{'acknowledge contribution': ""Maryellen acknowledges Lu Wei's contribution by stating that her input is very useful, recognizing her perspective as an imaging expert seeking AI solutions.""}]",70583.0,376,0
2021_05_20_ABI_S4,2021_05_20_ABI_S4,,,We we need to understand the end user.,,2021_05_20_ABI_S4_ABI,Maryellen Giger UChicago,,,,,792.2596153846155,795.0,,,ABI,793.6298076923077,"[{'acknowledge contribution': ""Maryellen acknowledges Lu Wei's contribution by stating that her input is very useful, recognizing her perspective as an imaging expert seeking AI solutions.""}]",70583.0,377,0
2021_05_20_ABI_S4,2021_05_20_ABI_S4,,,Which includes acquisition and interpretation and then interpretation is by AI or human or AI aided human.,,2021_05_20_ABI_S4_ABI,Maryellen Giger UChicago,,,,,968.9999999999999,975.0729166666666,,,ABI,972.0364583333333,"{'expand on existing idea': ""Maryellen expands on the idea of optimizing the AI pipeline, adding that it includes acquisition and interpretation, whether by AI, human, or AI-aided human, and extends from the patient's initial imaging exam to the final treatment decision, building upon the previous discussion about extending the AI pipeline."", 'present new idea': ""Maryellen presents the new idea of considering the entire process from patient exam to treatment as part of the AI pipeline, which hasn't been explicitly mentioned in this comprehensive way before."", 'explain or define term or concept': 'Maryellen clarifies that the interpretation stage of the AI pipeline can involve AI, humans, or AI-aided humans, explaining the different possibilities for how the interpretation is done.'}",70772.0,378,0
2021_05_20_ABI_S4,2021_05_20_ABI_S4,,,But so patient um coming in for an imaging exam all the way to deciding the treatment.,,2021_05_20_ABI_S4_ABI,Maryellen Giger UChicago,,,,,975.0729166666667,980.0,,,ABI,977.5364583333334,"{'expand on existing idea': ""Maryellen expands on the idea of optimizing the AI pipeline, adding that it includes acquisition and interpretation, whether by AI, human, or AI-aided human, and extends from the patient's initial imaging exam to the final treatment decision, building upon the previous discussion about extending the AI pipeline."", 'present new idea': ""Maryellen presents the new idea of considering the entire process from patient exam to treatment as part of the AI pipeline, which hasn't been explicitly mentioned in this comprehensive way before."", 'explain or define term or concept': 'Maryellen clarifies that the interpretation stage of the AI pipeline can involve AI, humans, or AI-aided humans, explaining the different possibilities for how the interpretation is done.'}",70772.0,379,0
2021_05_20_ABI_S4,2021_05_20_ABI_S4,,,"Yes, I to me domain knowledge, domain expertise, what you know, all of us here if we're in imaging and AI in biology or medicine, we are working in an interdisciplinary field.",,2021_05_20_ABI_S4_ABI,Maryellen Giger UChicago,,,,,1157.0,1169.0,,,ABI,1163.0,"[{'express agreement': ""Maryellen agrees with Paris's point about integrating domain knowledge into the AI pipeline, building on the previous discussion about the limitations of relying solely on data and AI.""}, {'expand on existing idea': 'Maryellen expands on the idea of domain knowledge by emphasizing the interdisciplinary nature of the field, connecting it to the expertise of the people in the meeting.'}]",70960.0,380,0
2021_05_20_ABI_S4,2021_05_20_ABI_S4,,,Yes.,,2021_05_20_ABI_S4_ABI,Maryellen Giger UChicago,,,,,71871.0,71871.0,,,ABI,71871.0,[{'express agreement': 'Maryellen explicitly agrees with a prior statement.'}],71871.0,381,0
2021_05_20_ABI_S4,2021_05_20_ABI_S4,,,"You know, you'll read the papers it was for this task with this database, maybe from different institutions, but it's just the the needle in a in a big haystack of all the other questions going on in medicine and biology.",,2021_05_20_ABI_S4_ABI,Maryellen Giger UChicago,,,,,838.0,852.302304964539,,,ABI,845.1511524822695,"[{'explain or define term or concept': 'The speaker is explaining the concept of an AI pipeline and how it can be extended to include the entire process from patient acquisition to interpretation, which is meant to clarify the scope of AI in imaging.'}, {'propose decision': 'The speaker proposes that the AI pipeline should be extended to start with acquisition and the patient, suggesting a concrete choice for the group to consider.'}]",72709.0,382,0
2021_05_20_ABI_S4,2021_05_20_ABI_S4,,,"Um, but we can but many of the techniques, many of the metrology, the way to evaluate them, you know, how do you get around ground truth?",,2021_05_20_ABI_S4_ABI,Maryellen Giger UChicago,,,,,852.3023049645391,861.168439716312,,,ABI,856.7353723404256,"[{'explain or define term or concept': 'The speaker is explaining the concept of an AI pipeline and how it can be extended to include the entire process from patient acquisition to interpretation, which is meant to clarify the scope of AI in imaging.'}, {'propose decision': 'The speaker proposes that the AI pipeline should be extended to start with acquisition and the patient, suggesting a concrete choice for the group to consider.'}]",72709.0,383,0
2021_05_20_ABI_S4,2021_05_20_ABI_S4,,,"Those I think there's um, I don't want to say a menu, but there is I think a short list and for me, um, though I have a lot of things that I would like in the world, I would like everyone to have access to this really clear short list of how how do I do all these things.",,2021_05_20_ABI_S4_ABI,Maryellen Giger UChicago,,,,,861.168439716312,878.706560283688,,,ABI,869.9375,"[{'explain or define term or concept': 'The speaker is explaining the concept of an AI pipeline and how it can be extended to include the entire process from patient acquisition to interpretation, which is meant to clarify the scope of AI in imaging.'}, {'propose decision': 'The speaker proposes that the AI pipeline should be extended to start with acquisition and the patient, suggesting a concrete choice for the group to consider.'}]",72709.0,384,0
2021_05_20_ABI_S4,2021_05_20_ABI_S4,,,"Um, oh one of the things um I I don't want to forget before time goes by is we should look at bullet number two.",,2021_05_20_ABI_S4_ABI,Maryellen Giger UChicago,,,,,878.706560283688,885.9547872340426,,,ABI,882.3306737588653,"[{'explain or define term or concept': 'The speaker is explaining the concept of an AI pipeline and how it can be extended to include the entire process from patient acquisition to interpretation, which is meant to clarify the scope of AI in imaging.'}, {'propose decision': 'The speaker proposes that the AI pipeline should be extended to start with acquisition and the patient, suggesting a concrete choice for the group to consider.'}]",72709.0,385,0
2021_05_20_ABI_S4,2021_05_20_ABI_S4,,,"And to me can can we extend our AI pipeline so it's very long, so it starts with acquisition, starts with the patient.",,2021_05_20_ABI_S4_ABI,Maryellen Giger UChicago,,,,,885.9547872340426,893.5913120567376,,,ABI,889.7730496453901,"[{'explain or define term or concept': 'The speaker is explaining the concept of an AI pipeline and how it can be extended to include the entire process from patient acquisition to interpretation, which is meant to clarify the scope of AI in imaging.'}, {'propose decision': 'The speaker proposes that the AI pipeline should be extended to start with acquisition and the patient, suggesting a concrete choice for the group to consider.'}]",72709.0,386,0
2021_05_20_ABI_S4,2021_05_20_ABI_S4,,,"In fact, someone thing by us is called closed loop imaging where this is that this is the what the patient needs, the patient gets it all the way to getting it and then doing the interpretation.",,2021_05_20_ABI_S4_ABI,Maryellen Giger UChicago,,,,,893.5913120567375,906.1462765957447,,,ABI,899.8687943262411,"[{'explain or define term or concept': 'The speaker is explaining the concept of an AI pipeline and how it can be extended to include the entire process from patient acquisition to interpretation, which is meant to clarify the scope of AI in imaging.'}, {'propose decision': 'The speaker proposes that the AI pipeline should be extended to start with acquisition and the patient, suggesting a concrete choice for the group to consider.'}]",72709.0,387,0
2021_05_20_ABI_S4,2021_05_20_ABI_S4,,,To me that's you have to extend your AI to go through that entire pipeline.,,2021_05_20_ABI_S4_ABI,Maryellen Giger UChicago,,,,,906.1462765957447,911.0,,,ABI,908.5731382978723,"[{'explain or define term or concept': 'The speaker is explaining the concept of an AI pipeline and how it can be extended to include the entire process from patient acquisition to interpretation, which is meant to clarify the scope of AI in imaging.'}, {'propose decision': 'The speaker proposes that the AI pipeline should be extended to start with acquisition and the patient, suggesting a concrete choice for the group to consider.'}]",72709.0,388,0
2021_05_20_ABI_S4,2021_05_20_ABI_S4,,,"Hello, I'm at the University of Pennsylvania.",,2021_05_20_ABI_S4_ABI,Paris Perdikaris,,,,,820.0,822.7551020408164,,,ABI,821.3775510204082,"{'explain or define term or concept': 'The speaker is explaining his expertise in computational science and machine learning, providing context for his contributions to the discussion.'}",73529.0,389,0
2021_05_20_ABI_S4,2021_05_20_ABI_S4,,,My expertise is in computational science and machine learning.,,2021_05_20_ABI_S4_ABI,Paris Perdikaris,,,,,822.7551020408163,826.5510204081633,,,ABI,824.6530612244898,"{'explain or define term or concept': 'The speaker is explaining his expertise in computational science and machine learning, providing context for his contributions to the discussion.'}",73529.0,390,0
2021_05_20_ABI_S4,2021_05_20_ABI_S4,,,And basically I'm developing computational methods for modeling and simulation of biological systems with a focus on cardiovascular flows.,,2021_05_20_ABI_S4_ABI,Paris Perdikaris,,,,,826.5510204081634,835.0,,,ABI,830.7755102040817,"{'explain or define term or concept': 'The speaker is explaining his expertise in computational science and machine learning, providing context for his contributions to the discussion.'}",73529.0,391,0
2021_05_20_ABI_S4,2021_05_20_ABI_S4,,,So the only question is who do we train and how do we train them to work in this interface and contribute the tools that we need in the future.,,2021_05_20_ABI_S4_ABI,Paris Perdikaris,,,,,1166.0,1178.0,,,ABI,1172.0,"{'propose decision': {'Explanation': 'This utterance proposes a concrete choice for the group to consider: who should be trained and how to train them to work at the interface of data-driven and model-based approaches, which is a decision about future training strategies.'}}",73875.0,392,0
2021_05_20_ABI_S4,2021_05_20_ABI_S4,,,Uh it's a great discussion so far.,,2021_05_20_ABI_S4_ABI,Paris Perdikaris,,,,,1104.0,1109.139534883721,,,ABI,1106.5697674418604,"[{'express enthusiasm': 'Paris expresses enthusiasm about the discussion so far, indicating a positive sentiment towards the ongoing conversation.', 'express alternative decision': 'Paris expresses an alternative decision by stating he is less optimistic that data and AI alone will address all the issues, suggesting a different perspective from the previous discussion.', 'present new idea': ""Paris presents a new idea by suggesting integrating domain knowledge into the AI pipeline to provide informative prior information, which hasn't been explicitly discussed before.""}]",74979.0,393,0
2021_05_20_ABI_S4,2021_05_20_ABI_S4,,,"I mean I'm a little bit on the less optimistic side on the front that you know, data and AI by alone will address all those issues.",,2021_05_20_ABI_S4_ABI,Paris Perdikaris,,,,,1109.1395348837207,1128.9418604651162,,,ABI,1119.0406976744184,"[{'express enthusiasm': 'Paris expresses enthusiasm about the discussion so far, indicating a positive sentiment towards the ongoing conversation.', 'express alternative decision': 'Paris expresses an alternative decision by stating he is less optimistic that data and AI alone will address all the issues, suggesting a different perspective from the previous discussion.', 'present new idea': ""Paris presents a new idea by suggesting integrating domain knowledge into the AI pipeline to provide informative prior information, which hasn't been explicitly discussed before.""}]",74979.0,394,0
2021_05_20_ABI_S4,2021_05_20_ABI_S4,,,And perhaps one thing to think about is how we integrate domain knowledge into this pipeline in a way that is informative and gives us the right sort of prior information we need.,,2021_05_20_ABI_S4_ABI,Paris Perdikaris,,,,,1128.9418604651164,1156.0,,,ABI,1142.4709302325582,"[{'express enthusiasm': 'Paris expresses enthusiasm about the discussion so far, indicating a positive sentiment towards the ongoing conversation.', 'express alternative decision': 'Paris expresses an alternative decision by stating he is less optimistic that data and AI alone will address all the issues, suggesting a different perspective from the previous discussion.', 'present new idea': ""Paris presents a new idea by suggesting integrating domain knowledge into the AI pipeline to provide informative prior information, which hasn't been explicitly discussed before.""}]",74979.0,395,0
2021_05_20_ABI_S4,2021_05_20_ABI_S4,,,"Uh, sure, maybe one comment that just to follow up to what you what was just discussed, which may be interesting is I totally agree with you that, you know, kind of the future lies in this hybrid approach where statistical learning or purely data driven learning will be interfaced with model based uh principles and domain knowledge.",,2021_05_20_ABI_S4_ABI,Paris Perdikaris,,,,,1117.0,1142.571875,,,ABI,1129.7859375,"[{'express agreement': ""Paris agrees with Maryellen's point about the future lying in a hybrid approach of statistical and model-based learning, building on the discussion about integrating domain knowledge into AI pipelines.""}, {'expand on existing idea': 'Paris expands on the idea of a hybrid approach by stating that algorithms for general classification tasks cannot be directly applied to specialized domains like medical imaging, and that computer scientists cannot be expected to master all the necessary domain knowledge.'}]",74992.0,396,0
2021_05_20_ABI_S4,2021_05_20_ABI_S4,,,"Now the question is to get us there, obviously, you know, one cannot expect that we can just take an algorithm developed to classify dogs and cats and that will work.",,2021_05_20_ABI_S4_ABI,Paris Perdikaris,,,,,1142.571875,1155.28125,,,ABI,1148.9265625,"[{'express agreement': ""Paris agrees with Maryellen's point about the future lying in a hybrid approach of statistical and model-based learning, building on the discussion about integrating domain knowledge into AI pipelines.""}, {'expand on existing idea': 'Paris expands on the idea of a hybrid approach by stating that algorithms for general classification tasks cannot be directly applied to specialized domains like medical imaging, and that computer scientists cannot be expected to master all the necessary domain knowledge.'}]",74992.0,397,0
2021_05_20_ABI_S4,2021_05_20_ABI_S4,,,So and also we cannot expect that the computer scientist will learn chemistry and biology and will actually develop this specialized system.,,2021_05_20_ABI_S4_ABI,Paris Perdikaris,,,,,1155.28125,1166.0,,,ABI,1160.640625,"[{'express agreement': ""Paris agrees with Maryellen's point about the future lying in a hybrid approach of statistical and model-based learning, building on the discussion about integrating domain knowledge into AI pipelines.""}, {'expand on existing idea': 'Paris expands on the idea of a hybrid approach by stating that algorithms for general classification tasks cannot be directly applied to specialized domains like medical imaging, and that computer scientists cannot be expected to master all the necessary domain knowledge.'}]",74992.0,398,0
2021_05_20_ABI_S4,2021_05_20_ABI_S4,,,"Well, I'm saying that that the way things have been working is we borrow a system that is successful in classifying dogs and cats and now we're trying to use it to segment cancer cells.",,2021_05_20_ABI_S4_ABI,Paris Perdikaris,,,,,1180.9999999999998,1193.142857142857,,,ABI,1187.0714285714284,"[{'offer constructive criticism': 'Paris critiques the current approach of borrowing systems successful in other domains (like classifying dogs and cats) and applying them to segmenting cancer cells, suggesting a need for more specialized systems tailored to specific tasks.'}, {'present new idea': 'Paris presents the idea of developing more specialized AI systems that incorporate domain knowledge and are tailored to specific tasks, moving beyond simply borrowing systems from other fields.'}, {'ask clarifying question': 'Paris asks who will develop these specialized systems, who has the expertise, and how will people be trained to acquire the necessary expertise, seeking clarity on the path forward for developing more domain-specific AI tools.'}]",75056.0,399,0
2021_05_20_ABI_S4,2021_05_20_ABI_S4,,,"And maybe that works to some extent, but if we want to sort of develop more specialized systems that bring in this domain knowledge and you know, um are tailored or more specialized to a given task, who is going to do this and who has the expertise to do this and how do we train people to actually have that expertise to to do that.",,2021_05_20_ABI_S4_ABI,Paris Perdikaris,,,,,1193.1428571428573,1215.0,,,ABI,1204.0714285714287,"[{'offer constructive criticism': 'Paris critiques the current approach of borrowing systems successful in other domains (like classifying dogs and cats) and applying them to segmenting cancer cells, suggesting a need for more specialized systems tailored to specific tasks.'}, {'present new idea': 'Paris presents the idea of developing more specialized AI systems that incorporate domain knowledge and are tailored to specific tasks, moving beyond simply borrowing systems from other fields.'}, {'ask clarifying question': 'Paris asks who will develop these specialized systems, who has the expertise, and how will people be trained to acquire the necessary expertise, seeking clarity on the path forward for developing more domain-specific AI tools.'}]",75056.0,400,0
2021_05_20_ABI_S4,2021_05_20_ABI_S4,,,"Yeah, I think",,2021_05_20_ABI_S4_ABI,Paris Perdikaris,,,,,1113.0,1116.0,,,ABI,1114.5,"[{'express agreement': 'Paris is agreeing with a prior statement, indicated by the phrase ""Yeah, I think"".'}]",76169.0,401,0
2021_05_20_ABI_S4,2021_05_20_ABI_S4,,,Yes.,,2021_05_20_ABI_S4_ABI,Paris Perdikaris,,,,,76212.0,76212.0,,,ABI,76212.0,"{'express agreement': 'Paris explicitly agrees with the prior statement about the limitations of data and AI alone, and the need to integrate domain knowledge.'}",76212.0,402,0
2021_05_20_ABI_S4,2021_05_20_ABI_S4,,,"One one person can do it and one person can do both, I think.",,2021_05_20_ABI_S4_ABI,Richard Wiener,,,,,930.0000000000001,932.6142857142858,,,ABI,931.3071428571429,"[{'propose decision': 'Richard is suggesting how the task of recording and reporting can be handled, proposing that one person can do both or that the notes can be taken separately and then condensed.'}, {'expand on existing idea': 'Richard is elaborating on the process of recording and reporting, adding details about how notes can be taken, shared, and then condensed into a PowerPoint slide.'}]",77142.0,403,0
2021_05_20_ABI_S4,2021_05_20_ABI_S4,,,"Yeah, and you can take the notes, you don't have to put the notes into the PowerPoint yet, you can take those, share it with people, they can add and then can condense them into the PowerPoint so that there's one slide.",,2021_05_20_ABI_S4_ABI,Richard Wiener,,,,,932.6142857142856,942.0,,,ABI,937.3071428571428,"[{'propose decision': 'Richard is suggesting how the task of recording and reporting can be handled, proposing that one person can do both or that the notes can be taken separately and then condensed.'}, {'expand on existing idea': 'Richard is elaborating on the process of recording and reporting, adding details about how notes can be taken, shared, and then condensed into a PowerPoint slide.'}]",77142.0,404,0
2021_05_20_ABI_S4,2021_05_20_ABI_S4,,,Sounds good.,,2021_05_20_ABI_S4_ABI,Richard Wiener,,,,,77154.0,77154.0,,,ABI,77154.0,"{'confirm decision': 'Richard confirms the decision that one person can take notes and another can report, or one person can do both.'}",77154.0,405,0
2021_05_20_ABI_S4,2021_05_20_ABI_S4,,,"Okay, that gives me a great opportunity to just say that I'm here as a butterfly on the wall as an observer.",,2021_05_20_ABI_S4_ABI,Sandra Laney,,,,,632.0,639.2283464566929,,,ABI,635.6141732283464,"{'explain or define term or concept': ""The speaker explains their role as 'a butterfly on the wall as an observer', clarifying their presence as a non-participating observer."", 'acknowledge contribution': 'The speaker is acknowledging the opportunity to speak, but not agreeing or expanding on any prior idea.', 'assign task': 'The speaker is assigning the task of understanding their limited participation to the team members.'}",77786.0,406,0
2021_05_20_ABI_S4,2021_05_20_ABI_S4,,,"I'm from the a foundation and um I will actually be jumping off so no offense to anybody, but I have to jump off at at the top of the hour.",,2021_05_20_ABI_S4_ABI,Sandra Laney,,,,,639.2283464566929,648.5314960629921,,,ABI,643.8799212598425,"{'explain or define term or concept': ""The speaker explains their role as 'a butterfly on the wall as an observer', clarifying their presence as a non-participating observer."", 'acknowledge contribution': 'The speaker is acknowledging the opportunity to speak, but not agreeing or expanding on any prior idea.', 'assign task': 'The speaker is assigning the task of understanding their limited participation to the team members.'}",77786.0,407,0
2021_05_20_ABI_S4,2021_05_20_ABI_S4,,,Thanks.,,2021_05_20_ABI_S4_ABI,Sandra Laney,,,,,648.5314960629921,649.0,,,ABI,648.7657480314961,"{'explain or define term or concept': ""The speaker explains their role as 'a butterfly on the wall as an observer', clarifying their presence as a non-participating observer."", 'acknowledge contribution': 'The speaker is acknowledging the opportunity to speak, but not agreeing or expanding on any prior idea.', 'assign task': 'The speaker is assigning the task of understanding their limited participation to the team members.'}",77786.0,408,0
2021_05_20_ABI_S4,2021_05_20_ABI_S4,,,So is one taking the notes and one reporting?,,2021_05_20_ABI_S4_ABI,Sandra Laney,,,,,926.0,929.0,,,ABI,927.5,"{'ask clarifying question': ""Sandra is asking to clarify if the roles of note-taker and reporter are separate, following Maryellen's request for a recorder and presenter.""}",78080.0,409,0
2021_05_20_ABI_S4,2021_05_20_ABI_S4,,,"Ah, yes.",,2021_05_20_ABI_S4_ABI,Shannon Quinn,,,,,917.0,918.0,,,ABI,917.5,{'express agreement': 'Shannon Quinn expresses agreement after Maryellen Giger directed her to slide 23 in the PowerPoint deck.'},78997.0,410,0
2021_05_20_ABI_S4,2021_05_20_ABI_S4,,,I guess I guess for me I actually want to take it one step further and almost,,2021_05_20_ABI_S4_ABI,Shannon Quinn,,,,,1090.0,1096.0,,,ABI,1093.0,{'expand on existing idea': 'Shannon is building upon the previous discussion about data requirements and expressing a desire to extend the conversation further.'},79170.0,411,0
2021_05_20_ABI_S4,2021_05_20_ABI_S4,,,I would not be able to throw that together.,,2021_05_20_ABI_S4_ABI,Shannon Quinn,,,,,1072.0,1073.0,,,ABI,1072.5,"[{'express agreement': ""Shannon Quinn agrees with Maryellen Giger's statement that the list looks good and longer than three minutes, indicating that she acknowledges the difficulty of summarizing the discussion in a short time.""}]",80242.0,412,0
2021_05_20_ABI_S4,2021_05_20_ABI_S4,,,I'm I'm unfortunately on Zoom on an iPad and taking notes on a desktop with the monitors right behind it.,,2021_05_20_ABI_S4_ABI,Shannon Quinn,,,,,778.0,785.0,,,ABI,781.5,"{'express frustration': 'Shannon expresses frustration about her current setup, being on Zoom on an iPad while taking notes on a desktop, which seems inconvenient for screen sharing.'}",81020.0,413,0
2021_05_20_ABI_S4,2021_05_20_ABI_S4,,,"I'm Shannon Quinn, I'm an assistant professor in computer science and cell bio at University of Georgia.",,2021_05_20_ABI_S4_ABI,Shannon Quinn,,,,,709.9999999999999,715.9738903394256,,,ABI,712.9869451697127,"{'explain or define term or concept': 'Shannon is introducing herself and her background, which serves to explain her expertise and role in the collaboration.', 'present new idea': 'Shannon mentions developing new artificial intelligence techniques for a unified representation of spatial and temporal signals, which is a novel concept introduced by her.', 'expand on existing idea': 'Shannon expands on her work in biomedical imaging by adding that she works in computational modeling of cellular and subcellular systems.'}",81730.0,414,0
2021_05_20_ABI_S4,2021_05_20_ABI_S4,,,I work in biomedical imaging and computational modeling of cellular and subcellular systems.,,2021_05_20_ABI_S4_ABI,Shannon Quinn,,,,,715.9738903394256,721.2584856396867,,,ABI,718.6161879895561,"{'explain or define term or concept': 'Shannon is introducing herself and her background, which serves to explain her expertise and role in the collaboration.', 'present new idea': 'Shannon mentions developing new artificial intelligence techniques for a unified representation of spatial and temporal signals, which is a novel concept introduced by her.', 'expand on existing idea': 'Shannon expands on her work in biomedical imaging by adding that she works in computational modeling of cellular and subcellular systems.'}",81730.0,415,0
2021_05_20_ABI_S4,2021_05_20_ABI_S4,,,I develop new artificial intelligence techniques for a unified representation of spatial and temporal signals and I work in the construction of open source software for domain scientists.,,2021_05_20_ABI_S4_ABI,Shannon Quinn,,,,,721.2584856396868,732.0,,,ABI,726.6292428198434,"{'explain or define term or concept': 'Shannon is introducing herself and her background, which serves to explain her expertise and role in the collaboration.', 'present new idea': 'Shannon mentions developing new artificial intelligence techniques for a unified representation of spatial and temporal signals, which is a novel concept introduced by her.', 'expand on existing idea': 'Shannon expands on her work in biomedical imaging by adding that she works in computational modeling of cellular and subcellular systems.'}",81730.0,416,0
2021_05_20_ABI_S4,2021_05_20_ABI_S4,,,I'm trying to get the main points.,,2021_05_20_ABI_S4_ABI,Shannon Quinn,,,,,1006.0,1009.0,,,ABI,1007.5,"{'acknowledge contribution': 'Shannon is acknowledging the request to summarize the discussion, but not agreeing or expanding on it.'}",82026.0,417,0
2021_05_20_ABI_S4,2021_05_20_ABI_S4,,,It's 17 right now.,,2021_05_20_ABI_S4_ABI,Shannon Quinn,,,,,909.0,910.0,,,ABI,909.5,"{'explain or define term or concept': 'Shannon is clarifying the slide number in the PowerPoint deck that Maryellen is referring to, ensuring everyone is on the same page.'}",82935.0,418,0
2021_05_20_ABI_S4,2021_05_20_ABI_S4,,,"No, that's what I'm talking about.",,2021_05_20_ABI_S4_ABI,Shannon Quinn,,,,,1027.0,1031.062893081761,,,ABI,1029.0314465408806,"[{'express frustration': 'Shannon expresses frustration that she is unable to edit the slide deck, which is interfering with her task of summarizing the discussion.'}]",83053.0,419,0
2021_05_20_ABI_S4,2021_05_20_ABI_S4,,,The Google Doc is fine.,,2021_05_20_ABI_S4_ABI,Shannon Quinn,,,,,1031.0628930817609,1033.811320754717,,,ABI,1032.437106918239,"[{'express frustration': 'Shannon expresses frustration that she is unable to edit the slide deck, which is interfering with her task of summarizing the discussion.'}]",83053.0,420,0
2021_05_20_ABI_S4,2021_05_20_ABI_S4,,,Please edit away there.,,2021_05_20_ABI_S4_ABI,Shannon Quinn,,,,,1033.811320754717,1036.559748427673,,,ABI,1035.185534591195,"[{'express frustration': 'Shannon expresses frustration that she is unable to edit the slide deck, which is interfering with her task of summarizing the discussion.'}]",83053.0,421,0
2021_05_20_ABI_S4,2021_05_20_ABI_S4,,,It's the slide deck that keeps kicking me out every time I try to make an edit.,,2021_05_20_ABI_S4_ABI,Shannon Quinn,,,,,1036.5597484276727,1046.0,,,ABI,1041.2798742138364,"[{'express frustration': 'Shannon expresses frustration that she is unable to edit the slide deck, which is interfering with her task of summarizing the discussion.'}]",83053.0,422,0
2021_05_20_ABI_S4,2021_05_20_ABI_S4,,,"Oh, that's that's not me.",,2021_05_20_ABI_S4_ABI,Shannon Quinn,,,,,978.9999999999999,981.3076923076923,,,ABI,980.1538461538461,[{'acknowledge contribution': {'Explanation': 'Shannon Quinn is acknowledging that the red dock by the word generalizable was not her doing.'}}],84032.0,423,0
2021_05_20_ABI_S4,2021_05_20_ABI_S4,,,But yeah.,,2021_05_20_ABI_S4_ABI,Shannon Quinn,,,,,981.3076923076924,982.1384615384616,,,ABI,981.723076923077,[{'acknowledge contribution': {'Explanation': 'Shannon Quinn is acknowledging that the red dock by the word generalizable was not her doing.'}}],84032.0,424,0
2021_05_20_ABI_S4,2021_05_20_ABI_S4,,,"Um sorry, I was I was trying to",,2021_05_20_ABI_S4_ABI,Shannon Quinn,,,,,982.1384615384616,985.0,,,ABI,983.5692307692308,[{'acknowledge contribution': {'Explanation': 'Shannon Quinn is acknowledging that the red dock by the word generalizable was not her doing.'}}],84032.0,425,0
2021_05_20_ABI_S4,2021_05_20_ABI_S4,,,Okay.,,2021_05_20_ABI_S4_ABI,Shannon Quinn,,,,,918.0000000000001,918.5357142857143,,,ABI,918.2678571428572,"{'acknowledge contribution': ""Shannon is acknowledging Maryellen's guidance on the slide number to look at in the PowerPoint deck.""}",84950.0,426,0
2021_05_20_ABI_S4,2021_05_20_ABI_S4,,,"20, 24 in fact.",,2021_05_20_ABI_S4_ABI,Shannon Quinn,,,,,918.5357142857142,920.1428571428571,,,ABI,919.3392857142857,"{'acknowledge contribution': ""Shannon is acknowledging Maryellen's guidance on the slide number to look at in the PowerPoint deck.""}",84950.0,427,0
2021_05_20_ABI_S4,2021_05_20_ABI_S4,,,So yeah.,,2021_05_20_ABI_S4_ABI,Shannon Quinn,,,,,920.1428571428571,921.0,,,ABI,920.5714285714286,"{'acknowledge contribution': ""Shannon is acknowledging Maryellen's guidance on the slide number to look at in the PowerPoint deck.""}",84950.0,428,0
2021_05_20_ABI_S4,2021_05_20_ABI_S4,,,So we're looking at,,2021_05_20_ABI_S4_ABI,Shannon Quinn,,,,,85842.0,85842.0,,,ABI,85842.0,"{'explain or define term or concept': 'Shannon is likely going to explain or define a term or concept, as indicated by the phrase ""So we\'re looking at"", which suggests she is about to introduce a topic or concept.'}",85842.0,429,0
2021_05_20_ABI_S4,2021_05_20_ABI_S4,,,"So, um I could turn it into a Google Doc that I can then share a link to with everybody in here if that would be preferable.",,2021_05_20_ABI_S4_ABI,Shannon Quinn,,,,,789.0,798.0,,,ABI,793.5,"{'propose decision': 'Shannon proposes to turn her notes into a Google Doc and share the link, offering a concrete choice for the group on how to share the notes.'}",86631.0,430,0
2021_05_20_ABI_S4,2021_05_20_ABI_S4,,,"Sorry, where is my cursor?",,2021_05_20_ABI_S4_ABI,Shannon Quinn,,,,,938.0,940.0,,,ABI,939.0,"{'express humor': 'Shannon Quinn expresses humor by apologizing for not knowing where her cursor is, which is a lighthearted comment in the context of sharing her screen.'}",86780.0,431,0
2021_05_20_ABI_S4,2021_05_20_ABI_S4,,,Thankfully.,,2021_05_20_ABI_S4_ABI,Shannon Quinn,,,,,1071.0,1072.0,,,ABI,1071.5,"[{'express enthusiasm': 'Shannon expresses relief that they have 20 minutes remaining in the meeting, indicating a positive sentiment about the time available.'}]",86913.0,432,0
2021_05_20_ABI_S4,2021_05_20_ABI_S4,,,"Um sorry, the people are editing the presentation and I'm not able to make any changes.",,2021_05_20_ABI_S4_ABI,Shannon Quinn,,,,,986.0,994.0307692307692,,,ABI,990.0153846153846,"[{'express frustration': 'Shannon expresses frustration that others are editing the presentation and she is unable to make changes, indicating a problem with the collaborative process.'}]",87899.0,433,0
2021_05_20_ABI_S4,2021_05_20_ABI_S4,,,That's what I've been trying to figure out.,,2021_05_20_ABI_S4_ABI,Shannon Quinn,,,,,994.0307692307692,998.0,,,ABI,996.0153846153846,"[{'express frustration': 'Shannon expresses frustration that others are editing the presentation and she is unable to make changes, indicating a problem with the collaborative process.'}]",87899.0,434,0
2021_05_20_ABI_S4,2021_05_20_ABI_S4,,,We've got 20 minutes.,,2021_05_20_ABI_S4_ABI,Shannon Quinn,,,,,1070.0,1071.0,,,ABI,1070.5,"{'None': 'This utterance does not fit into any of the codes provided in the codebook, as it is simply stating the remaining time.'}",87983.0,435,0
2021_05_20_ABI_S4,2021_05_20_ABI_S4,,,Well,,2021_05_20_ABI_S4_ABI,Shannon Quinn,,,,,88002.0,88002.0,,,ABI,88002.0,"[{'encourage particpatioin': 'Shannon is about to speak, likely responding to a question or prompt from Maryellen or Beck, encouraging her participation in the discussion.'}]",88002.0,436,0
2021_05_20_ABI_S4,2021_05_20_ABI_S4,,,Yeah.,,2021_05_20_ABI_S4_ABI,Shannon Quinn,,,,,1069.0,1070.0,,,ABI,1069.5,"[{'express agreement': 'Shannon Quinn says ""Yeah"", which expresses agreement with the previous statement.'}]",89071.0,437,0
2021_05_20_ABI_S4,2021_05_20_ABI_S4,,,Yep.,,2021_05_20_ABI_S4_ABI,Shannon Quinn,,,,,90019.0,90019.0,,,ABI,90019.0,"{'confirm decision': 'Shannon confirms that she is okay with taking notes and reporting, as suggested by Richard.'}",90019.0,438,0
2021_05_20_ABI_S4,2021_05_20_ABI_S4,,,Yep.,,2021_05_20_ABI_S4_ABI,Shannon Quinn,,,,,1014.0,1014.5,,,ABI,1014.25,"[{'confirm decision': 'Shannon confirms that she can turn the notes into a Google Doc that she can then share a link to with everybody in here, which was proposed in the prior turn.'}]",90085.0,439,0
2021_05_20_ABI_S4,2021_05_20_ABI_S4,,,Yeah.,,2021_05_20_ABI_S4_ABI,Shannon Quinn,,,,,1014.5,1015.125,,,ABI,1014.8125,"[{'confirm decision': 'Shannon confirms that she can turn the notes into a Google Doc that she can then share a link to with everybody in here, which was proposed in the prior turn.'}]",90085.0,440,0
2021_05_20_ABI_S4,2021_05_20_ABI_S4,,,"Yeah, so I can do that.",,2021_05_20_ABI_S4_ABI,Shannon Quinn,,,,,1015.125,1018.0,,,ABI,1016.5625,"[{'confirm decision': 'Shannon confirms that she can turn the notes into a Google Doc that she can then share a link to with everybody in here, which was proposed in the prior turn.'}]",90085.0,441,0
2021_05_20_ABI_S4,2021_05_20_ABI_S4,,,Yes.,,2021_05_20_ABI_S4_ABI,Shannon Quinn,,,,,90791.0,90791.0,,,ABI,90791.0,{'express agreement': 'Shannon Quinn is explicitly agreeing with Maryellen Giger that she is referring to her.'},90791.0,442,0
2021_05_20_ABI_S4,2021_05_20_ABI_S4,,,You referring to me?,,2021_05_20_ABI_S4_ABI,Shannon Quinn,,,,,703.0,704.25,,,ABI,703.625,"{'ask clarifying question': 'Shannon asks if Maryellen was referring to her, seeking clarification on the intended recipient of the previous statement.'}",91494.0,443,0
2021_05_20_ABI_S4,2021_05_20_ABI_S4,,,I'm Shannon.,,2021_05_20_ABI_S4_ABI,Shannon Quinn,,,,,704.25,705.0,,,ABI,704.625,"{'ask clarifying question': 'Shannon asks if Maryellen was referring to her, seeking clarification on the intended recipient of the previous statement.'}",91494.0,444,0
2021_05_20_ABI_S4,2021_05_20_ABI_S4,,,You were going to mention something about generalizability.,,2021_05_20_ABI_S4_ABI,Shannon Quinn,,,,,1055.0,1056.0,,,ABI,1055.5,"{'ask clarifying question': 'Shannon is asking Maryellen to elaborate on her previous point about generalizability, seeking further information on the topic.'}",91846.0,445,0
2021_05_20_ABI_S4,2021_05_20_ABI_S4,,,almost take data out of the equation entirely and,,2021_05_20_ABI_S4_ABI,Shannon Quinn,,,,,1096.0,1099.0,,,ABI,1097.5,"{'present new idea': 'Shannon is introducing a novel concept of minimizing the reliance on data, which has not been previously discussed in the conversation.'}",91887.0,446,0
2021_05_20_ABI_S4,2021_05_20_ABI_S4,,,let me let me explain a bit where we've been talking a lot about,,2021_05_20_ABI_S4_ABI,Shannon Quinn,,,,,1099.0,1105.0,,,ABI,1102.0,"{'explain or define term or concept': 'Shannon is about to explain something, likely related to the ongoing discussion about data requirements for AI in imaging.'}",91890.0,447,0
2021_05_20_ABI_S4,2021_05_20_ABI_S4,,,the PowerPoint deck?,,2021_05_20_ABI_S4_ABI,Shannon Quinn,,,,,92785.0,92785.0,,,ABI,92785.0,"{'ask clarifying question': ""Shannon asks a clarifying question to confirm if they should be looking at the PowerPoint deck, given Maryellen's previous statement about 'looking at'.""}",92785.0,448,0
2021_05_20_ABI_S4,2021_05_20_ABI_S4,,,"you know, we need a lot of data, we need a lot of ground truth.",,2021_05_20_ABI_S4_ABI,Shannon Quinn,,,,,1105.0000000000002,1109.5405405405406,,,ABI,1107.2702702702704,"[{'present new idea': 'Shannon introduces the idea of using self-supervised learning, few-shot learning, and anomaly detection as alternatives to relying solely on large datasets and ground truth, which is a novel concept in the context of the discussion about data requirements for AI models.', 'expand on existing idea': 'Shannon expands on the discussion about data requirements by suggesting that new methods like self-supervised learning and few-shot learning could reduce the need for massive datasets, building upon the previous discussion about the challenges of obtaining sufficient data and ground truth.', 'provide supporting evidence': 'Shannon supports the idea of alternative learning methods by mentioning uncertainty quantification as a way to inform the end user even with limited data, providing a practical benefit of these approaches.', 'express alternative decision': 'Shannon expresses an alternative to the idea that more data is always the solution, suggesting that new methods like self-supervised learning might be more effective, which goes against the earlier discussion about the need for massive datasets.'}]",92995.0,449,0
2021_05_20_ABI_S4,2021_05_20_ABI_S4,,,"Given an infinite amount of data, um that was an interesting point to me because I still wonder like would the model still learn what we wanted to learn?",,2021_05_20_ABI_S4_ABI,Shannon Quinn,,,,,1109.5405405405404,1120.5675675675675,,,ABI,1115.054054054054,"[{'present new idea': 'Shannon introduces the idea of using self-supervised learning, few-shot learning, and anomaly detection as alternatives to relying solely on large datasets and ground truth, which is a novel concept in the context of the discussion about data requirements for AI models.', 'expand on existing idea': 'Shannon expands on the discussion about data requirements by suggesting that new methods like self-supervised learning and few-shot learning could reduce the need for massive datasets, building upon the previous discussion about the challenges of obtaining sufficient data and ground truth.', 'provide supporting evidence': 'Shannon supports the idea of alternative learning methods by mentioning uncertainty quantification as a way to inform the end user even with limited data, providing a practical benefit of these approaches.', 'express alternative decision': 'Shannon expresses an alternative to the idea that more data is always the solution, suggesting that new methods like self-supervised learning might be more effective, which goes against the earlier discussion about the need for massive datasets.'}]",92995.0,450,0
2021_05_20_ABI_S4,2021_05_20_ABI_S4,,,And I'm not I hesitate before answering and I feel like that hesitation by itself says that even our models aren't quite there yet and that maybe more data isn't exactly the problem that we're looking at.,,2021_05_20_ABI_S4_ABI,Shannon Quinn,,,,,1120.5675675675677,1135.2702702702702,,,ABI,1127.918918918919,"[{'present new idea': 'Shannon introduces the idea of using self-supervised learning, few-shot learning, and anomaly detection as alternatives to relying solely on large datasets and ground truth, which is a novel concept in the context of the discussion about data requirements for AI models.', 'expand on existing idea': 'Shannon expands on the discussion about data requirements by suggesting that new methods like self-supervised learning and few-shot learning could reduce the need for massive datasets, building upon the previous discussion about the challenges of obtaining sufficient data and ground truth.', 'provide supporting evidence': 'Shannon supports the idea of alternative learning methods by mentioning uncertainty quantification as a way to inform the end user even with limited data, providing a practical benefit of these approaches.', 'express alternative decision': 'Shannon expresses an alternative to the idea that more data is always the solution, suggesting that new methods like self-supervised learning might be more effective, which goes against the earlier discussion about the need for massive datasets.'}]",92995.0,451,0
2021_05_20_ABI_S4,2021_05_20_ABI_S4,,,Maybe I just I keep I keep thinking of like these new methods involving self-supervised learning and few shot learning and anomaly detection where it's less about how much data you can throw at the problem and more about how we can build this architecture that without it becoming kind of a handcrafted algorithm has very specific features that it looks for.,,2021_05_20_ABI_S4_ABI,Shannon Quinn,,,,,1135.2702702702702,1161.0720720720722,,,ABI,1148.1711711711712,"[{'present new idea': 'Shannon introduces the idea of using self-supervised learning, few-shot learning, and anomaly detection as alternatives to relying solely on large datasets and ground truth, which is a novel concept in the context of the discussion about data requirements for AI models.', 'expand on existing idea': 'Shannon expands on the discussion about data requirements by suggesting that new methods like self-supervised learning and few-shot learning could reduce the need for massive datasets, building upon the previous discussion about the challenges of obtaining sufficient data and ground truth.', 'provide supporting evidence': 'Shannon supports the idea of alternative learning methods by mentioning uncertainty quantification as a way to inform the end user even with limited data, providing a practical benefit of these approaches.', 'express alternative decision': 'Shannon expresses an alternative to the idea that more data is always the solution, suggesting that new methods like self-supervised learning might be more effective, which goes against the earlier discussion about the need for massive datasets.'}]",92995.0,452,0
2021_05_20_ABI_S4,2021_05_20_ABI_S4,,,"And so as a result, you don't need this lengthy training process, you don't need terabytes and terabytes of data, but what you can have to again sort of inform the end user if they don't have enough data is some sort of uncertainty quantification at the end.",,2021_05_20_ABI_S4_ABI,Shannon Quinn,,,,,1161.0720720720722,1179.6666666666667,,,ABI,1170.3693693693695,"[{'present new idea': 'Shannon introduces the idea of using self-supervised learning, few-shot learning, and anomaly detection as alternatives to relying solely on large datasets and ground truth, which is a novel concept in the context of the discussion about data requirements for AI models.', 'expand on existing idea': 'Shannon expands on the discussion about data requirements by suggesting that new methods like self-supervised learning and few-shot learning could reduce the need for massive datasets, building upon the previous discussion about the challenges of obtaining sufficient data and ground truth.', 'provide supporting evidence': 'Shannon supports the idea of alternative learning methods by mentioning uncertainty quantification as a way to inform the end user even with limited data, providing a practical benefit of these approaches.', 'express alternative decision': 'Shannon expresses an alternative to the idea that more data is always the solution, suggesting that new methods like self-supervised learning might be more effective, which goes against the earlier discussion about the need for massive datasets.'}]",92995.0,453,0
2021_05_20_ABI_S4,2021_05_20_ABI_S4,,,"So for instance, if you're trying to do some kind of segmentation and you have your data set, you don't necessarily need to do a kind of calculation of how much data do I need, you just kind of give it to the algorithm, the algorithm does its few shot semi or self-supervised training and then at the end of that spits out, okay, here's the segmentation that I did and here's my certainty that it's correct.",,2021_05_20_ABI_S4_ABI,Shannon Quinn,,,,,1179.6666666666665,1209.0,,,ABI,1194.3333333333333,"[{'present new idea': 'Shannon introduces the idea of using self-supervised learning, few-shot learning, and anomaly detection as alternatives to relying solely on large datasets and ground truth, which is a novel concept in the context of the discussion about data requirements for AI models.', 'expand on existing idea': 'Shannon expands on the discussion about data requirements by suggesting that new methods like self-supervised learning and few-shot learning could reduce the need for massive datasets, building upon the previous discussion about the challenges of obtaining sufficient data and ground truth.', 'provide supporting evidence': 'Shannon supports the idea of alternative learning methods by mentioning uncertainty quantification as a way to inform the end user even with limited data, providing a practical benefit of these approaches.', 'express alternative decision': 'Shannon expresses an alternative to the idea that more data is always the solution, suggesting that new methods like self-supervised learning might be more effective, which goes against the earlier discussion about the need for massive datasets.'}]",92995.0,454,0
2021_05_20_ABI_S4,2021_05_20_ABI_S4,,,"And then make it more explainable is going to help us to see what are the different information that the data is leading to give us our accurate output and then as we learn and as we try to make it more explainable, that's become a tools for us to just try to focus in the information that we need.",,2021_05_20_ABI_S4_ABI,Shiva Abbaszadeh,,,,,727.0,757.0,,,ABI,742.0,"[{'expand on existing idea': 'This utterance builds upon the previous discussion about data and model adaptation by suggesting that explainability should be added to the discussion, which is a way to improve the development and generalization of AI/ML models.'}]",93722.0,455,0
2021_05_20_ABI_S4,2021_05_20_ABI_S4,,,But then like we have to.,,2021_05_20_ABI_S4_ABI,Shiva Abbaszadeh,,,,,1049.0,1051.6898734177216,,,ABI,1050.3449367088608,"[{'express enthusiasm': 'Shiva expresses enthusiasm for finding a way to get access to the resources needed for research, building on the prior discussion about the difficulty of accessing data and domain experts.'}]",94044.0,456,0
2021_05_20_ABI_S4,2021_05_20_ABI_S4,,,We have to find a way to just get to that.,,2021_05_20_ABI_S4_ABI,Shiva Abbaszadeh,,,,,1051.6898734177216,1056.2088607594937,,,ABI,1053.9493670886077,"[{'express enthusiasm': 'Shiva expresses enthusiasm for finding a way to get access to the resources needed for research, building on the prior discussion about the difficulty of accessing data and domain experts.'}]",94044.0,457,0
2021_05_20_ABI_S4,2021_05_20_ABI_S4,,,"So then if we had more infrastructure to provide a path for that, it could be really great.",,2021_05_20_ABI_S4_ABI,Shiva Abbaszadeh,,,,,1056.2088607594937,1066.0,,,ABI,1061.1044303797469,"[{'express enthusiasm': 'Shiva expresses enthusiasm for finding a way to get access to the resources needed for research, building on the prior discussion about the difficulty of accessing data and domain experts.'}]",94044.0,458,0
2021_05_20_ABI_S4,2021_05_20_ABI_S4,,,"Hi, this is Shiva.",,2021_05_20_ABI_S4_ABI,Shiva Abbaszadeh,,,,,672.9999999999999,673.734693877551,,,ABI,673.3673469387754,"{'explain or define term or concept': 'Shiva is explaining her area of expertise, which is instrumentation for positron emission tomography and x-ray imaging, to provide context for the group.'}",94717.0,459,0
2021_05_20_ABI_S4,2021_05_20_ABI_S4,,,"I'm from University of California, Santa Cruz.",,2021_05_20_ABI_S4_ABI,Shiva Abbaszadeh,,,,,673.734693877551,675.6122448979592,,,ABI,674.6734693877551,"{'explain or define term or concept': 'Shiva is explaining her area of expertise, which is instrumentation for positron emission tomography and x-ray imaging, to provide context for the group.'}",94717.0,460,0
2021_05_20_ABI_S4,2021_05_20_ABI_S4,,,So I do work on instrumentation for positron emission tomography and x-ray imaging.,,2021_05_20_ABI_S4_ABI,Shiva Abbaszadeh,,,,,675.6122448979593,679.0,,,ABI,677.3061224489796,"{'explain or define term or concept': 'Shiva is explaining her area of expertise, which is instrumentation for positron emission tomography and x-ray imaging, to provide context for the group.'}",94717.0,461,0
2021_05_20_ABI_S4,2021_05_20_ABI_S4,,,I think we should add kind of explainability to it too because in order to like uh focus more about the second part that what data are required to effectively train as we try to model and then create kind of some explanation to take away from that black box of how the algorithm is working.,,2021_05_20_ABI_S4_ABI,Shiva Abbaszadeh,,,,,707.0,727.0,,,ABI,717.0,"[{'present new idea': ""The speaker introduces the idea of adding 'explainability' as a key consideration, which hasn't been explicitly mentioned before in the conversation."", 'expand on existing idea': 'The speaker builds on the previous discussion about data requirements for training AI/ML algorithms by suggesting the need for explainability to understand how the algorithms are working.'}]",94751.0,462,0
2021_05_20_ABI_S4,2021_05_20_ABI_S4,,,"No, but like you basically we find like we have a still problem.",,2021_05_20_ABI_S4_ABI,Shiva Abbaszadeh,,,,,993.0000000000001,998.2397660818714,,,ABI,995.6198830409357,"[{'express frustration': 'Shiva expresses frustration about the difficulty of accessing radiologists and their expertise, which is critical for her research, especially since the hospital she works with is not research-focused.'}, {'expand on existing idea': ""Shiva expands on Katie's point about the difficulty of accessing data and resources, emphasizing that it is a critical problem for her research.""}]",95037.0,463,0
2021_05_20_ABI_S4,2021_05_20_ABI_S4,,,"That's why I think that for example, if like funding agency they could recognize that and even in the hospital they could recognize that because sometimes I do work with a hospital that their main focus is not like research.",,2021_05_20_ABI_S4_ABI,Shiva Abbaszadeh,,,,,998.2397660818713,1016.578947368421,,,ABI,1007.4093567251462,"[{'express frustration': 'Shiva expresses frustration about the difficulty of accessing radiologists and their expertise, which is critical for her research, especially since the hospital she works with is not research-focused.'}, {'expand on existing idea': ""Shiva expands on Katie's point about the difficulty of accessing data and resources, emphasizing that it is a critical problem for her research.""}]",95037.0,464,0
2021_05_20_ABI_S4,2021_05_20_ABI_S4,,,"So I'm just like, you know, running after radiologist and I tell them that, you know, if you want coffee, I bring you coffee and then when you are sitting in the reading room just please, you know, like let me come and then we go through some information.",,2021_05_20_ABI_S4_ABI,Shiva Abbaszadeh,,,,,1016.578947368421,1037.4561403508771,,,ABI,1027.017543859649,"[{'express frustration': 'Shiva expresses frustration about the difficulty of accessing radiologists and their expertise, which is critical for her research, especially since the hospital she works with is not research-focused.'}, {'expand on existing idea': ""Shiva expands on Katie's point about the difficulty of accessing data and resources, emphasizing that it is a critical problem for her research.""}]",95037.0,465,0
2021_05_20_ABI_S4,2021_05_20_ABI_S4,,,But what you mentioned is just really the critical path for the success of what I'm doing is still I second Katie that is hard to get access.,,2021_05_20_ABI_S4_ABI,Shiva Abbaszadeh,,,,,1037.4561403508774,1049.0,,,ABI,1043.2280701754387,"[{'express frustration': 'Shiva expresses frustration about the difficulty of accessing radiologists and their expertise, which is critical for her research, especially since the hospital she works with is not research-focused.'}, {'expand on existing idea': ""Shiva expands on Katie's point about the difficulty of accessing data and resources, emphasizing that it is a critical problem for her research.""}]",95037.0,466,0
2021_05_20_ABI_S4,2021_05_20_ABI_S4,,,"No, but like you basically we find like we have a still problem.",,2021_05_20_ABI_S4_ABI,Shiva Abbaszadeh,,,,,729.0000000000001,731.6,,,ABI,730.3000000000001,"[{'express frustration': ""The speaker expresses frustration about the difficulty of accessing radiologists and their time, especially in hospitals where research isn't the primary focus, indicating a problem they consistently encounter.""}, {'express agreement': ""The speaker explicitly agrees with Katie's earlier statement about the difficulty of accessing data, reinforcing the shared sentiment.""}]",95766.0,467,0
2021_05_20_ABI_S4,2021_05_20_ABI_S4,,,"That's why I think that for example, if like funding agency they could recognize that and even in the hospital they could recognize that because sometimes I do work with a hospital that their main focus is not like research.",,2021_05_20_ABI_S4_ABI,Shiva Abbaszadeh,,,,,731.6000000000001,740.7,,,ABI,736.1500000000001,"[{'express frustration': ""The speaker expresses frustration about the difficulty of accessing radiologists and their time, especially in hospitals where research isn't the primary focus, indicating a problem they consistently encounter.""}, {'express agreement': ""The speaker explicitly agrees with Katie's earlier statement about the difficulty of accessing data, reinforcing the shared sentiment.""}]",95766.0,468,0
2021_05_20_ABI_S4,2021_05_20_ABI_S4,,,"So I'm just like, you know, running after radiologist and I tell them that, you know, like let me come and then we go through some information.",,2021_05_20_ABI_S4_ABI,Shiva Abbaszadeh,,,,,740.6999999999999,746.509375,,,ABI,743.6046875,"[{'express frustration': ""The speaker expresses frustration about the difficulty of accessing radiologists and their time, especially in hospitals where research isn't the primary focus, indicating a problem they consistently encounter.""}, {'express agreement': ""The speaker explicitly agrees with Katie's earlier statement about the difficulty of accessing data, reinforcing the shared sentiment.""}]",95766.0,469,0
2021_05_20_ABI_S4,2021_05_20_ABI_S4,,,"But what you mentioned is just really the critical path for the success of what I'm doing is still I second Katie that is hard to get access, but then like we have to.",,2021_05_20_ABI_S4_ABI,Shiva Abbaszadeh,,,,,746.5093750000001,753.29375,,,ABI,749.9015625000001,"[{'express frustration': ""The speaker expresses frustration about the difficulty of accessing radiologists and their time, especially in hospitals where research isn't the primary focus, indicating a problem they consistently encounter.""}, {'express agreement': ""The speaker explicitly agrees with Katie's earlier statement about the difficulty of accessing data, reinforcing the shared sentiment.""}]",95766.0,470,0
2021_05_20_ABI_S4,2021_05_20_ABI_S4,,,We have to find a way to just get to that.,,2021_05_20_ABI_S4_ABI,Shiva Abbaszadeh,,,,,753.29375,755.0,,,ABI,754.146875,"[{'express frustration': ""The speaker expresses frustration about the difficulty of accessing radiologists and their time, especially in hospitals where research isn't the primary focus, indicating a problem they consistently encounter.""}, {'express agreement': ""The speaker explicitly agrees with Katie's earlier statement about the difficulty of accessing data, reinforcing the shared sentiment.""}]",95766.0,471,0
2021_05_20_ABI_S4,2021_05_20_ABI_S4,,,"Yeah, I'm very excited to read, you know, like papers and then there are different groups that now thinking about kind of uh reconstructing the image, you know, using AI directly.",,2021_05_20_ABI_S4_ABI,Shiva Abbaszadeh,,,,,918.0,931.1658841940532,,,ABI,924.5829420970266,"[{'express enthusiasm': ""Shiva expresses excitement about reading papers on AI-based image reconstruction, building on Maryellen's suggestion to extend the AI pipeline, indicating enthusiasm for the field's progress.""}, {'expand on existing idea': 'Shiva expands on the idea of AI in imaging by mentioning its potential for image reconstruction, especially in limited angle problems and low-dose data interpretation, building on the discussion about extending the AI pipeline.'}, {'express enthusiasm': ""Shiva expresses excitement about the current state of the field and her eagerness to learn and implement AI in her research, reinforcing her positive reaction to the discussion about AI's potential in imaging.""}]",95955.0,472,0
2021_05_20_ABI_S4,2021_05_20_ABI_S4,,,"And then since I usually work on kind of limited angle problem, so then I really uh think about how AI can just like really give us more information and then how we can even to interpret data that they are low dose and then we get kind of the information of higher dose.",,2021_05_20_ABI_S4_ABI,Shiva Abbaszadeh,,,,,931.1658841940532,951.0250391236307,,,ABI,941.0954616588419,"[{'express enthusiasm': ""Shiva expresses excitement about reading papers on AI-based image reconstruction, building on Maryellen's suggestion to extend the AI pipeline, indicating enthusiasm for the field's progress.""}, {'expand on existing idea': 'Shiva expands on the idea of AI in imaging by mentioning its potential for image reconstruction, especially in limited angle problems and low-dose data interpretation, building on the discussion about extending the AI pipeline.'}, {'express enthusiasm': ""Shiva expresses excitement about the current state of the field and her eagerness to learn and implement AI in her research, reinforcing her positive reaction to the discussion about AI's potential in imaging.""}]",95955.0,473,0
2021_05_20_ABI_S4,2021_05_20_ABI_S4,,,"So I think that's um regarding this part, the question number two, I I think it's a very exciting time in the field and I'm really happy to learn and then implement them in my like research.",,2021_05_20_ABI_S4_ABI,Shiva Abbaszadeh,,,,,951.0250391236307,965.0,,,ABI,958.0125195618153,"[{'express enthusiasm': ""Shiva expresses excitement about reading papers on AI-based image reconstruction, building on Maryellen's suggestion to extend the AI pipeline, indicating enthusiasm for the field's progress.""}, {'expand on existing idea': 'Shiva expands on the idea of AI in imaging by mentioning its potential for image reconstruction, especially in limited angle problems and low-dose data interpretation, building on the discussion about extending the AI pipeline.'}, {'express enthusiasm': ""Shiva expresses excitement about the current state of the field and her eagerness to learn and implement AI in her research, reinforcing her positive reaction to the discussion about AI's potential in imaging.""}]",95955.0,474,0
2021_05_20_ABI_S4,2021_05_20_ABI_S4,,,"Yes, that makes me so happy.",,2021_05_20_ABI_S4_ABI,Shiva Abbaszadeh,,,,,911.0,912.0,,,ABI,911.5,"{'express enthusiasm': 'The speaker expresses excitement and optimism, indicated by the statement ""Yes, that makes me so happy,"" which suggests a positive reaction to the preceding discussion about extending the AI pipeline.'}",96866.0,475,0
2021_05_20_ABI_S4,2021_05_20_ABI_S4,,,Yes.,,2021_05_20_ABI_S4_ABI,Shiva Abbaszadeh,,,,,97004.0,97004.0,,,ABI,97004.0,[{'express agreement': 'Shiva is agreeing with the previous statement made by Maryellen Giger about the critical path for success being access to domain experts.'}],97004.0,476,0
2021_05_20_ABI_S4,2021_05_20_ABI_S4,,,"And by the way, anything like changes like this you just mentioned that pixelation changes.",,2021_05_20_ABI_S4_ABI,Ulugbek Kamilov,,,,,1151.0,1158.39837398374,,,ABI,1154.69918699187,"{'expand on existing idea': ""Beck expands on Maryellen's point about pixelation in real-world images by suggesting that these systematic changes can be incorporated as non-trainable or adaptable elements in machine learning models, building upon the discussion of training and testing with messy data."", 'provide supporting evidence': 'Beck provides a potential solution to the problem of pixelation changes in real-world images, suggesting incorporating them as non-trainable or adaptable elements in machine learning models, which supports the idea of adapting models to different data.'}",97106.0,477,0
2021_05_20_ABI_S4,2021_05_20_ABI_S4,,,Those are the systematic things that you could in principle incorporate to this as non-trainable elements or adaptable elements of machine learning models.,,2021_05_20_ABI_S4_ABI,Ulugbek Kamilov,,,,,1158.39837398374,1171.0,,,ABI,1164.69918699187,"{'expand on existing idea': ""Beck expands on Maryellen's point about pixelation in real-world images by suggesting that these systematic changes can be incorporated as non-trainable or adaptable elements in machine learning models, building upon the discussion of training and testing with messy data."", 'provide supporting evidence': 'Beck provides a potential solution to the problem of pixelation changes in real-world images, suggesting incorporating them as non-trainable or adaptable elements in machine learning models, which supports the idea of adapting models to different data.'}",97106.0,478,0
2021_05_20_ABI_S4,2021_05_20_ABI_S4,,,Do do we also need the certainty on the certainty so that we can trust the certainty?,,2021_05_20_ABI_S4_ABI,Ulugbek Kamilov,,,,,1209.0,1213.0,,,ABI,1211.0,"{'ask clarifying question': ""Beck is asking a question to clarify Shannon's point about uncertainty quantification, specifically if there needs to be a measure of certainty for the certainty itself to ensure trustworthiness.""}",97164.0,479,0
2021_05_20_ABI_S4,2021_05_20_ABI_S4,,,I maybe I want to also bring up one thing.,,2021_05_20_ABI_S4_ABI,Ulugbek Kamilov,,,,,1075.9999999999998,1079.3734939759036,,,ABI,1077.6867469879517,"[{'present new idea': 'Beck introduces the concept of tolerable errors in ground truth, suggesting that non-systematic errors that average out can still allow for effective model training, which is a novel idea in the context of the discussion about ground truth challenges.', 'explain or define term or concept': ""Beck explains the concept of 'non-systematic errors' in the context of ground truth, clarifying that these are errors that average out across the dataset and do not significantly impact model training, which helps the group understand the nuances of error types in training data.""}]",98240.0,480,0
2021_05_20_ABI_S4,2021_05_20_ABI_S4,,,"There is an interesting thing, the concept, right?",,2021_05_20_ABI_S4_ABI,Ulugbek Kamilov,,,,,1079.3734939759036,1083.3895582329317,,,ABI,1081.3815261044176,"[{'present new idea': 'Beck introduces the concept of tolerable errors in ground truth, suggesting that non-systematic errors that average out can still allow for effective model training, which is a novel idea in the context of the discussion about ground truth challenges.', 'explain or define term or concept': ""Beck explains the concept of 'non-systematic errors' in the context of ground truth, clarifying that these are errors that average out across the dataset and do not significantly impact model training, which helps the group understand the nuances of error types in training data.""}]",98240.0,481,0
2021_05_20_ABI_S4,2021_05_20_ABI_S4,,,"Um in the so if you have errors in your ground truth and those errors are not systematic, meaning if you average them out across the whole data set, right?",,2021_05_20_ABI_S4_ABI,Ulugbek Kamilov,,,,,1083.3895582329314,1095.8393574297188,,,ABI,1089.6144578313251,"[{'present new idea': 'Beck introduces the concept of tolerable errors in ground truth, suggesting that non-systematic errors that average out can still allow for effective model training, which is a novel idea in the context of the discussion about ground truth challenges.', 'explain or define term or concept': ""Beck explains the concept of 'non-systematic errors' in the context of ground truth, clarifying that these are errors that average out across the dataset and do not significantly impact model training, which helps the group understand the nuances of error types in training data.""}]",98240.0,482,0
2021_05_20_ABI_S4,2021_05_20_ABI_S4,,,"And then they average out to be a very small quantity, you can in principle train still with this form of errors and your model will not learn.",,2021_05_20_ABI_S4_ABI,Ulugbek Kamilov,,,,,1095.8393574297186,1107.3253012048192,,,ABI,1101.582329317269,"[{'present new idea': 'Beck introduces the concept of tolerable errors in ground truth, suggesting that non-systematic errors that average out can still allow for effective model training, which is a novel idea in the context of the discussion about ground truth challenges.', 'explain or define term or concept': ""Beck explains the concept of 'non-systematic errors' in the context of ground truth, clarifying that these are errors that average out across the dataset and do not significantly impact model training, which helps the group understand the nuances of error types in training data.""}]",98240.0,483,0
2021_05_20_ABI_S4,2021_05_20_ABI_S4,,,"So there is an interesting technical question there, what kind of errors are tolerable in the training data.",,2021_05_20_ABI_S4_ABI,Ulugbek Kamilov,,,,,1107.3253012048194,1116.0,,,ABI,1111.6626506024097,"[{'present new idea': 'Beck introduces the concept of tolerable errors in ground truth, suggesting that non-systematic errors that average out can still allow for effective model training, which is a novel idea in the context of the discussion about ground truth challenges.', 'explain or define term or concept': ""Beck explains the concept of 'non-systematic errors' in the context of ground truth, clarifying that these are errors that average out across the dataset and do not significantly impact model training, which helps the group understand the nuances of error types in training data.""}]",98240.0,484,0
2021_05_20_ABI_S4,2021_05_20_ABI_S4,,,I mean between the volumetric and slices it's easy it depends how much volumetric examples I have.,,2021_05_20_ABI_S4_ABI,Ulugbek Kamilov,,,,,881.0,885.9223744292237,,,ABI,883.4611872146119,"[{'provide supporting evidence': 'Beck is providing his reasoning for choosing slices over volumetric data, stating that he usually has a limited number of volumetric examples compared to the number of slices, which supports his decision-making process in data selection.'}]",99121.0,485,0
2021_05_20_ABI_S4,2021_05_20_ABI_S4,,,Usually I have like 10 volumetric examples and each one has hundreds of slices or thousands of slices and I go by slices.,,2021_05_20_ABI_S4_ABI,Ulugbek Kamilov,,,,,885.9223744292237,892.0,,,ABI,888.9611872146119,"[{'provide supporting evidence': 'Beck is providing his reasoning for choosing slices over volumetric data, stating that he usually has a limited number of volumetric examples compared to the number of slices, which supports his decision-making process in data selection.'}]",99121.0,486,0
2021_05_20_ABI_S4,2021_05_20_ABI_S4,,,I think one thing that just was coming to my mind while we're discussing is like it would be amazing to have a recipe of how much data we need for a task.,,2021_05_20_ABI_S4_ABI,Ulugbek Kamilov,,,,,1048.9999999999998,1061.32,,,ABI,1055.1599999999999,"[{'present new idea': ""Beck introduces the novel concept of having a 'recipe' for determining the amount of data needed for a specific task, which hasn't been explicitly discussed before.""}, {'express frustration': 'Beck expresses frustration about the lack of a clear method for determining the amount of data needed for a task, highlighting the current uncertainty in the field.'}]",99289.0,487,0
2021_05_20_ABI_S4,2021_05_20_ABI_S4,,,"There is no recipe, you know, like you come to a problem, you say, I want to segment this thing.",,2021_05_20_ABI_S4_ABI,Ulugbek Kamilov,,,,,1061.3200000000002,1069.0,,,ABI,1065.16,"[{'present new idea': ""Beck introduces the novel concept of having a 'recipe' for determining the amount of data needed for a specific task, which hasn't been explicitly discussed before.""}, {'express frustration': 'Beck expresses frustration about the lack of a clear method for determining the amount of data needed for a task, highlighting the current uncertainty in the field.'}]",99289.0,488,0
2021_05_20_ABI_S4,2021_05_20_ABI_S4,,,"I'm comfortable with the Google Drive, uh Google Doc, Google Doc.",,2021_05_20_ABI_S4_ABI,Ulugbek Kamilov,,,,,821.0,825.0,,,ABI,823.0,"{'express agreement': 'Beck Kamilov expresses agreement with the suggestion of using a Google Doc, which was proposed by Maryellen Giger as a way to share notes during the discussion.'}",100110.0,489,0
2021_05_20_ABI_S4,2021_05_20_ABI_S4,,,I'm sorry. like are we discussing big big should we kind of,,2021_05_20_ABI_S4_ABI,Ulugbek Kamilov,,,,,1042.0,1049.0,,,ABI,1045.5,"[{'ask clarifying question': 'Beck is asking a clarifying question about the topic of discussion, specifically if they should be discussing big picture ideas.'}]",100331.0,490,0
2021_05_20_ABI_S4,2021_05_20_ABI_S4,,,Is it the open question?,,2021_05_20_ABI_S4_ABI,Ulugbek Kamilov,,,,,1036.0,1038.0,,,ABI,1037.0,"{'ask clarifying question': 'Beck Kamilov is asking if the current topic of discussion is the ""open question"" that Maryellen Giger mentioned, seeking confirmation on the discussion\'s focus.'}",101367.0,491,0
2021_05_20_ABI_S4,2021_05_20_ABI_S4,,,Oh you mean the way the data is stored in the format?,,2021_05_20_ABI_S4_ABI,Ulugbek Kamilov,,,,,897.0,900.0,,,ABI,898.5,"{'ask clarifying question': ""Beck is asking for clarification on what Maryellen meant by 'format', specifically if she is referring to the way the data is stored.""}",102264.0,492,0
2021_05_20_ABI_S4,2021_05_20_ABI_S4,,,"Okay, now, how about if you know some prior information about the problem, say nucleus is in that position or that.",,2021_05_20_ABI_S4_ABI,Ulugbek Kamilov,,,,,1079.0,1085.9277108433735,,,ABI,1082.4638554216867,"[{'expand on existing idea': 'Building on the discussion about the amount of data needed for a task, this utterance expands on the idea by asking how prior information can help reduce the amount of data needed.'}, {'ask clarifying question': 'This utterance asks how prior information can help reduce the amount of data needed for a task, seeking clarification on the relationship between prior knowledge and data requirements.'}]",102446.0,493,0
2021_05_20_ABI_S4,2021_05_20_ABI_S4,,,"Now, can this help me cut the data and by how much?",,2021_05_20_ABI_S4_ABI,Ulugbek Kamilov,,,,,1085.9277108433735,1089.0,,,ABI,1087.4638554216867,"[{'expand on existing idea': 'Building on the discussion about the amount of data needed for a task, this utterance expands on the idea by asking how prior information can help reduce the amount of data needed.'}, {'ask clarifying question': 'This utterance asks how prior information can help reduce the amount of data needed for a task, seeking clarification on the relationship between prior knowledge and data requirements.'}]",102446.0,494,0
2021_05_20_ABI_S4,2021_05_20_ABI_S4,,,Right.,,2021_05_20_ABI_S4_ABI,Ulugbek Kamilov,,,,,103464.0,103464.0,,,ABI,103464.0,"{'express agreement': 'Beck Kamilov says ""Right"", which indicates agreement with the previous statement made by Maryellen Giger about the importance of considering the entire AI pipeline from patient to treatment.'}",103464.0,495,0
2021_05_20_ABI_S4,2021_05_20_ABI_S4,,,Right.,,2021_05_20_ABI_S4_ABI,Ulugbek Kamilov,,,,,103535.0,103535.0,,,ABI,103535.0,"[{'express agreement': 'Beck Kamilov is agreeing with the previous statement, which was Shannon Quinn beginning to speak.'}]",103535.0,496,0
2021_05_20_ABI_S4,2021_05_20_ABI_S4,,,So,,2021_05_20_ABI_S4_ABI,Ulugbek Kamilov,,,,,1171.0,1172.0,,,ABI,1171.5,[{'None': 'No code applies to this utterance as it is incomplete.'}],103617.0,497,0
2021_05_20_ABI_S4,2021_05_20_ABI_S4,,,"So, your collaborator asks, how much should I measure?",,2021_05_20_ABI_S4_ABI,Ulugbek Kamilov,,,,,1068.9999999999998,1073.954128440367,,,ABI,1071.4770642201834,"[{'ask clarifying question': 'Beck is asking a question about the amount of data needed for a task, building on the previous discussion about the challenges of determining ground truth and the need for messy data for training AI models.'}, {'encourage particpatioin': 'Beck is encouraging others to answer the question about how much data is needed for a task, inviting others to contribute to the discussion.'}]",104686.0,498,0
2021_05_20_ABI_S4,2021_05_20_ABI_S4,,,Yeah.,,2021_05_20_ABI_S4_ABI,Ulugbek Kamilov,,,,,1073.9541284403667,1074.4128440366972,,,ABI,1074.183486238532,"[{'ask clarifying question': 'Beck is asking a question about the amount of data needed for a task, building on the previous discussion about the challenges of determining ground truth and the need for messy data for training AI models.'}, {'encourage particpatioin': 'Beck is encouraging others to answer the question about how much data is needed for a task, inviting others to contribute to the discussion.'}]",104686.0,499,0
2021_05_20_ABI_S4,2021_05_20_ABI_S4,,,How much should I collect?,,2021_05_20_ABI_S4_ABI,Ulugbek Kamilov,,,,,1074.4128440366974,1076.7981651376147,,,ABI,1075.605504587156,"[{'ask clarifying question': 'Beck is asking a question about the amount of data needed for a task, building on the previous discussion about the challenges of determining ground truth and the need for messy data for training AI models.'}, {'encourage particpatioin': 'Beck is encouraging others to answer the question about how much data is needed for a task, inviting others to contribute to the discussion.'}]",104686.0,500,0
2021_05_20_ABI_S4,2021_05_20_ABI_S4,,,Can anybody here answer?,,2021_05_20_ABI_S4_ABI,Ulugbek Kamilov,,,,,1076.798165137615,1079.0,,,ABI,1077.8990825688074,"[{'ask clarifying question': 'Beck is asking a question about the amount of data needed for a task, building on the previous discussion about the challenges of determining ground truth and the need for messy data for training AI models.'}, {'encourage particpatioin': 'Beck is encouraging others to answer the question about how much data is needed for a task, inviting others to contribute to the discussion.'}]",104686.0,501,0
2021_05_20_ABI_S4,2021_05_20_ABI_S4,,,"That's like application collaborator dependent, right?",,2021_05_20_ABI_S4_ABI,Ulugbek Kamilov,,,,,901.0,904.7762237762238,,,ABI,902.8881118881119,"[{'explain or define term or concept': 'Beck is explaining that the format of the data depends on the application and the collaborator, clarifying the factors that influence data storage.'}]",105587.0,502,0
2021_05_20_ABI_S4,2021_05_20_ABI_S4,,,"Uh, well for me at least it's uh depends what's application, so that tells me the format.",,2021_05_20_ABI_S4_ABI,Ulugbek Kamilov,,,,,904.7762237762238,911.0,,,ABI,907.8881118881119,"[{'explain or define term or concept': 'Beck is explaining that the format of the data depends on the application and the collaborator, clarifying the factors that influence data storage.'}]",105587.0,503,0
2021_05_20_ABI_S4,2021_05_20_ABI_S4,,,"Uh I think one thing to think about in that context and you know, I'm very excited about that problem as well about, you know, the whole pipeline doing, but we need to think also about fragility of the system.",,2021_05_20_ABI_S4_ABI,Ulugbek Kamilov,,,,,995.0,1014.383064516129,,,ABI,1004.6915322580645,"[{'express enthusiasm': 'Beck expresses excitement about the problem of the whole pipeline, indicating enthusiasm.', 'expand on existing idea': ""Beck builds on the idea of the whole pipeline by adding the consideration of the system's fragility and generalization, which Maryellen introduced in the previous turns.""}]",105681.0,504,0
2021_05_20_ABI_S4,2021_05_20_ABI_S4,,,"Again, it comes back to generalization.",,2021_05_20_ABI_S4_ABI,Ulugbek Kamilov,,,,,1014.383064516129,1018.0,,,ABI,1016.1915322580645,"[{'express enthusiasm': 'Beck expresses excitement about the problem of the whole pipeline, indicating enthusiasm.', 'expand on existing idea': ""Beck builds on the idea of the whole pipeline by adding the consideration of the system's fragility and generalization, which Maryellen introduced in the previous turns.""}]",105681.0,505,0
2021_05_20_ABI_S4,2021_05_20_ABI_S4,,,"Um, I have well.",,2021_05_20_ABI_S4_ABI,Ulugbek Kamilov,,,,,1033.0,1035.0,,,ABI,1034.0,"[{'acknowledge contribution': 'Beck Kamilov acknowledges that he also works with massive datasets, similar to what Maryellen Giger mentioned.'}]",105719.0,506,0
2021_05_20_ABI_S4,2021_05_20_ABI_S4,,,Washington University in St.,,2021_05_20_ABI_S4_ABI,Ulugbek Kamilov,,,,,615.0,616.8983050847457,,,ABI,615.9491525423729,"{'explain or define term or concept': 'The speaker is explaining their area of expertise and the specific focus within that area, defining the scope of their work for the team.'}",106334.0,507,0
2021_05_20_ABI_S4,2021_05_20_ABI_S4,,,Louis.,,2021_05_20_ABI_S4_ABI,Ulugbek Kamilov,,,,,616.8983050847456,617.3050847457627,,,ABI,617.1016949152541,"{'explain or define term or concept': 'The speaker is explaining their area of expertise and the specific focus within that area, defining the scope of their work for the team.'}",106334.0,508,0
2021_05_20_ABI_S4,2021_05_20_ABI_S4,,,"My area is computational imaging, but I focus on biomedical imaging.",,2021_05_20_ABI_S4_ABI,Ulugbek Kamilov,,,,,617.3050847457628,621.9152542372881,,,ABI,619.6101694915254,"{'explain or define term or concept': 'The speaker is explaining their area of expertise and the specific focus within that area, defining the scope of their work for the team.'}",106334.0,509,0
2021_05_20_ABI_S4,2021_05_20_ABI_S4,,,"A lot of the things I do focuses on image reconstruction, restoration and sometimes data acquisition, but not hardware, just software.",,2021_05_20_ABI_S4_ABI,Ulugbek Kamilov,,,,,621.9152542372881,631.0,,,ABI,626.457627118644,"{'explain or define term or concept': 'The speaker is explaining their area of expertise and the specific focus within that area, defining the scope of their work for the team.'}",106334.0,510,0
2021_05_20_ABI_S4,2021_05_20_ABI_S4,,,Well I agree with that but I don't trust the 35%.,,2021_05_20_ABI_S4_ABI,Ulugbek Kamilov,,,,,634.0,635.9864864864865,,,ABI,634.9932432432432,"[{'express agreement': 'Beck agrees with the previous statement about the algorithm providing a percentage chance of cancer, but he expresses doubt about the certainty of that percentage.', 'ask clarifying question': 'Beck asks how one can trust the certainty (35%) provided by the algorithm, seeking clarification on the reliability of the uncertainty quantification.'}]",106353.0,511,0
2021_05_20_ABI_S4,2021_05_20_ABI_S4,,,How would I trust that 35,,2021_05_20_ABI_S4_ABI,Ulugbek Kamilov,,,,,635.9864864864865,637.0,,,ABI,636.4932432432432,"[{'express agreement': 'Beck agrees with the previous statement about the algorithm providing a percentage chance of cancer, but he expresses doubt about the certainty of that percentage.', 'ask clarifying question': 'Beck asks how one can trust the certainty (35%) provided by the algorithm, seeking clarification on the reliability of the uncertainty quantification.'}]",106353.0,512,0
2021_05_20_ABI_S4,2021_05_20_ABI_S4,,,Yeah.,,2021_05_20_ABI_S4_ABI,Ulugbek Kamilov,,,,,106417.0,106417.0,,,ABI,106417.0,"{'express agreement': ""Beck Kamilov agrees with Maryellen Giger's summarization of his previous points about using metrology to measure development and ensure generalizability, fairness, and lack of bias.""}",106417.0,513,0
2021_05_20_ABI_S4,2021_05_20_ABI_S4,,,Yeah.,,2021_05_20_ABI_S4_ABI,Ulugbek Kamilov,,,,,106559.0,106559.0,,,ABI,106559.0,"{'express agreement': ""Beck Kamilov agrees with Maryellen Giger's suggestion to use a Google Doc for note-taking, which was proposed in the previous turn.""}",106559.0,514,0
2021_05_20_ABI_S4,2021_05_20_ABI_S4,,,"Zoom has a question, no, Jim?",,2021_05_20_ABI_S4_ABI,Ulugbek Kamilov,,,,,636.0,637.0,,,ABI,636.5,"{'encourage particpatioin': 'Beck Kamilov encourages Jim to participate by asking if he has a question, after Maryellen Giger had been calling on other participants.'}",107195.0,515,0
2021_05_20_ABI_S4,2021_05_20_ABI_S4,,,that's what the 35% except if it actually has a true statistical meaning that's non Gaussian and I don't know.,,2021_05_20_ABI_S4_ABI,Ulugbek Kamilov,,,,,638.0,644.0,,,ABI,641.0,"[{'ask clarifying question': 'Beck is questioning the validity of the 35% certainty mentioned by Maryellen, asking if it has true statistical meaning, which is a request for clarification.'}]",107197.0,516,0
2021_05_20_ABI_S4,2021_05_20_ABI_S4,,,"uh data or model adaptation to different data, right?",,2021_05_20_ABI_S4_ABI,Ulugbek Kamilov,,,,,615.0000000000001,618.306142034549,,,ABI,616.6530710172746,"[{'present new idea': 'Beck introduces the idea of data or model adaptation to different datasets, which is a novel concept in the context of the discussion about training AI/ML algorithms for large 3D imaging datasets.', 'explain or define term or concept': ""Beck explains the concept of adapting models trained on one type of data to another, clarifying what he means by 'data or model adaptation'."", 'expand on existing idea': 'Beck expands on the initial idea of data adaptation by discussing the limitations of current adaptation techniques and the challenges of adapting deep learning models, building upon the initial mention of data adaptation.'}]",107812.0,517,0
2021_05_20_ABI_S4,2021_05_20_ABI_S4,,,"So, uh what do I mean by this?",,2021_05_20_ABI_S4_ABI,Ulugbek Kamilov,,,,,618.3061420345489,620.1775431861804,,,ABI,619.2418426103646,"[{'present new idea': 'Beck introduces the idea of data or model adaptation to different datasets, which is a novel concept in the context of the discussion about training AI/ML algorithms for large 3D imaging datasets.', 'explain or define term or concept': ""Beck explains the concept of adapting models trained on one type of data to another, clarifying what he means by 'data or model adaptation'."", 'expand on existing idea': 'Beck expands on the initial idea of data adaptation by discussing the limitations of current adaptation techniques and the challenges of adapting deep learning models, building upon the initial mention of data adaptation.'}]",107812.0,518,0
2021_05_20_ABI_S4,2021_05_20_ABI_S4,,,"So you train your data uh on one type of data set, say, you know, you do MRI scan, uh it has certain artifact patterns, you train the model on that.",,2021_05_20_ABI_S4_ABI,Ulugbek Kamilov,,,,,620.1775431861804,629.4097888675624,,,ABI,624.7936660268714,"[{'present new idea': 'Beck introduces the idea of data or model adaptation to different datasets, which is a novel concept in the context of the discussion about training AI/ML algorithms for large 3D imaging datasets.', 'explain or define term or concept': ""Beck explains the concept of adapting models trained on one type of data to another, clarifying what he means by 'data or model adaptation'."", 'expand on existing idea': 'Beck expands on the initial idea of data adaptation by discussing the limitations of current adaptation techniques and the challenges of adapting deep learning models, building upon the initial mention of data adaptation.'}]",107812.0,519,0
2021_05_20_ABI_S4,2021_05_20_ABI_S4,,,"Now you apply to something else and we know that it doesn't work very well if, you know, you applied it to a configuration doesn't work.",,2021_05_20_ABI_S4_ABI,Ulugbek Kamilov,,,,,629.4097888675625,637.8934740882918,,,ABI,633.6516314779271,"[{'present new idea': 'Beck introduces the idea of data or model adaptation to different datasets, which is a novel concept in the context of the discussion about training AI/ML algorithms for large 3D imaging datasets.', 'explain or define term or concept': ""Beck explains the concept of adapting models trained on one type of data to another, clarifying what he means by 'data or model adaptation'."", 'expand on existing idea': 'Beck expands on the initial idea of data adaptation by discussing the limitations of current adaptation techniques and the challenges of adapting deep learning models, building upon the initial mention of data adaptation.'}]",107812.0,520,0
2021_05_20_ABI_S4,2021_05_20_ABI_S4,,,"Now there are a bunch of ideas out there, uh you know, in in the computer vision community in the machine learning community where people try to bridge those things, but it's still not we don't yet have, you know, killer technology that allows us, you know, we don't understand both the limits of how we can adapt the models to different applications.",,2021_05_20_ABI_S4_ABI,Ulugbek Kamilov,,,,,637.8934740882918,659.78886756238,,,ABI,648.8411708253359,"[{'present new idea': 'Beck introduces the idea of data or model adaptation to different datasets, which is a novel concept in the context of the discussion about training AI/ML algorithms for large 3D imaging datasets.', 'explain or define term or concept': ""Beck explains the concept of adapting models trained on one type of data to another, clarifying what he means by 'data or model adaptation'."", 'expand on existing idea': 'Beck expands on the initial idea of data adaptation by discussing the limitations of current adaptation techniques and the challenges of adapting deep learning models, building upon the initial mention of data adaptation.'}]",107812.0,521,0
2021_05_20_ABI_S4,2021_05_20_ABI_S4,,,"At the same time, you know, what's the best way to do the adaptation of the models that we already pre-trained to a new application, right?",,2021_05_20_ABI_S4_ABI,Ulugbek Kamilov,,,,,659.7888675623801,668.4596928982726,,,ABI,664.1242802303263,"[{'present new idea': 'Beck introduces the idea of data or model adaptation to different datasets, which is a novel concept in the context of the discussion about training AI/ML algorithms for large 3D imaging datasets.', 'explain or define term or concept': ""Beck explains the concept of adapting models trained on one type of data to another, clarifying what he means by 'data or model adaptation'."", 'expand on existing idea': 'Beck expands on the initial idea of data adaptation by discussing the limitations of current adaptation techniques and the challenges of adapting deep learning models, building upon the initial mention of data adaptation.'}]",107812.0,522,0
2021_05_20_ABI_S4,2021_05_20_ABI_S4,,,So deep learning models are not traditional software in the sense that I can go and just edit it.,,2021_05_20_ABI_S4_ABI,Ulugbek Kamilov,,,,,668.4596928982726,674.510556621881,,,ABI,671.4851247600768,"[{'present new idea': 'Beck introduces the idea of data or model adaptation to different datasets, which is a novel concept in the context of the discussion about training AI/ML algorithms for large 3D imaging datasets.', 'explain or define term or concept': ""Beck explains the concept of adapting models trained on one type of data to another, clarifying what he means by 'data or model adaptation'."", 'expand on existing idea': 'Beck expands on the initial idea of data adaptation by discussing the limitations of current adaptation techniques and the challenges of adapting deep learning models, building upon the initial mention of data adaptation.'}]",107812.0,523,0
2021_05_20_ABI_S4,2021_05_20_ABI_S4,,,It's all in the weights of the training thing.,,2021_05_20_ABI_S4_ABI,Ulugbek Kamilov,,,,,674.5105566218809,677.3800383877159,,,ABI,675.9452975047984,"[{'present new idea': 'Beck introduces the idea of data or model adaptation to different datasets, which is a novel concept in the context of the discussion about training AI/ML algorithms for large 3D imaging datasets.', 'explain or define term or concept': ""Beck explains the concept of adapting models trained on one type of data to another, clarifying what he means by 'data or model adaptation'."", 'expand on existing idea': 'Beck expands on the initial idea of data adaptation by discussing the limitations of current adaptation techniques and the challenges of adapting deep learning models, building upon the initial mention of data adaptation.'}]",107812.0,524,0
2021_05_20_ABI_S4,2021_05_20_ABI_S4,,,"So how do we reuse, adapt uh those models.",,2021_05_20_ABI_S4_ABI,Ulugbek Kamilov,,,,,677.380038387716,680.0,,,ABI,678.690019193858,"[{'present new idea': 'Beck introduces the idea of data or model adaptation to different datasets, which is a novel concept in the context of the discussion about training AI/ML algorithms for large 3D imaging datasets.', 'explain or define term or concept': ""Beck explains the concept of adapting models trained on one type of data to another, clarifying what he means by 'data or model adaptation'."", 'expand on existing idea': 'Beck expands on the initial idea of data adaptation by discussing the limitations of current adaptation techniques and the challenges of adapting deep learning models, building upon the initial mention of data adaptation.'}]",107812.0,525,0
