conference,session,source_row_index,sent_index_in_row,sentence,dialogue_act,global_session,speaker,timestamp,global_start_sec,global_end_sec,clip_number,sent_start_sec_est,sent_end_sec_est,global_start_sec_y,global_end_sec_y,session_core,sent_time_sec,annotations,global_timestamp_sec,_utter_row,_sent_idx
2021_06_10_SLU_S5,2021_06_10_SLU_S5,,,"10 minutes, okay.",,2021_06_10_SLU_S5_SLU,Aaron Engelhart,,,,,1072.0,1073.0,,,SLU,1072.5,{'acknowledge contribution': 'Aaron acknowledges the time constraint of 10 minutes.'},1072.0,0,0
2021_06_10_SLU_S5,2021_06_10_SLU_S5,,,10 minutes?,,2021_06_10_SLU_S5_SLU,Aaron Engelhart,,,,,1070.0,1072.0,,,SLU,1071.0,"[{'ask clarifying question': 'Aaron is asking how much time is left in the meeting, which is a request for clarification on the remaining time.'}]",2142.0,1,0
2021_06_10_SLU_S5,2021_06_10_SLU_S5,,,Another example from our work is that um the we've gotten really interested in the impact of some of the oxychlorine salts on Mars uh in the last few years and um it turns out one thing that having perchlorate and silicates around which are thought to be present you know in a lot of high abundance in the Martian regulath is that um the perchlorate um is of a type of salt that can drive adsorption of RNA and DNA to silicates and it does it reversibly and we're kind of excited about it because it seems like that could be kind of a way to do compartmentalization because these lipid assemblies don't really work very well at high salt.,,2021_06_10_SLU_S5_SLU,Aaron Engelhart,,,,,1056.0,1097.9071347678369,,,SLU,1076.9535673839184,"{'present new idea': 'Aaron introduces the idea of oxychlorine salts on Mars and their impact on RNA and DNA adsorption to silicates, which is a new concept in the discussion.', 'expand on existing idea': 'Aaron expands on the discussion about the conditions for prebiotic chemistry by providing an example from his work about the impact of oxychlorine salts on Mars.', 'provide supporting evidence': 'Aaron provides supporting evidence from his work about the impact of oxychlorine salts on Mars, specifically how perchlorate can drive adsorption of RNA and DNA to silicates.', 'explain or define term or concept': 'Aaron explains the concept of catro catro driven association of nucleic acids with silicates.'}",3198.0,2,0
2021_06_10_SLU_S5,2021_06_10_SLU_S5,,,But from what I can find we don't completely understand what's happening when you have these uh perchlorate or the class of salts that it calls uh they're a member of is called a catro catro driven uh association of nucleic acids with silicates.,,2021_06_10_SLU_S5_SLU,Aaron Engelhart,,,,,1097.9071347678369,1114.0,,,SLU,1105.9535673839184,"{'present new idea': 'Aaron introduces the idea of oxychlorine salts on Mars and their impact on RNA and DNA adsorption to silicates, which is a new concept in the discussion.', 'expand on existing idea': 'Aaron expands on the discussion about the conditions for prebiotic chemistry by providing an example from his work about the impact of oxychlorine salts on Mars.', 'provide supporting evidence': 'Aaron provides supporting evidence from his work about the impact of oxychlorine salts on Mars, specifically how perchlorate can drive adsorption of RNA and DNA to silicates.', 'explain or define term or concept': 'Aaron explains the concept of catro catro driven association of nucleic acids with silicates.'}",3198.0,3,0
2021_06_10_SLU_S5,2021_06_10_SLU_S5,,,But I just wanted to point out that I point put the slack link in there and I made a slack channel for our group.,,2021_06_10_SLU_S5_SLU,Aaron Engelhart,,,,,710.9999999999999,716.1363636363636,,,SLU,713.5681818181818,"{'present new idea': ""Aaron is introducing the idea of using a Slack channel for the group, which hasn't been mentioned before."", 'assign task': 'Aaron is implicitly assigning the task of joining the Slack channel to the other members of the group.'}",3909.0,4,0
2021_06_10_SLU_S5,2021_06_10_SLU_S5,,,"So if you guys aren't on the slack yet and you want to join, the channel's group-1-2.",,2021_06_10_SLU_S5_SLU,Aaron Engelhart,,,,,716.1363636363637,720.0,,,SLU,718.0681818181819,"{'present new idea': ""Aaron is introducing the idea of using a Slack channel for the group, which hasn't been mentioned before."", 'assign task': 'Aaron is implicitly assigning the task of joining the Slack channel to the other members of the group.'}",3909.0,5,0
2021_06_10_SLU_S5,2021_06_10_SLU_S5,,,But I think there is a,,2021_06_10_SLU_S5_SLU,Aaron Engelhart,,,,,790.0,792.0,,,SLU,791.0,"{'expand on existing idea': 'Aaron is about to expand on a previous point, likely related to the ongoing discussion about time scales and the challenges in origin of life research, as well as the limitations of current models.'}",3988.0,6,0
2021_06_10_SLU_S5,2021_06_10_SLU_S5,,,How long do we have anyway?,,2021_06_10_SLU_S5_SLU,Aaron Engelhart,,,,,4268.0,4268.0,,,SLU,4268.0,"{'ask clarifying question': 'Aaron is asking a question to clarify how much time is left for the meeting, which is relevant for summarizing the discussions.'}",4268.0,7,0
2021_06_10_SLU_S5,2021_06_10_SLU_S5,,,I I,,2021_06_10_SLU_S5_SLU,Aaron Engelhart,,,,,5179.0,5179.0,,,SLU,5179.0,"{'encourage particpatioin': 'Aaron is about to speak and is cut off, suggesting he was going to contribute to the discussion.'}",5179.0,8,0
2021_06_10_SLU_S5,2021_06_10_SLU_S5,,,"I I also think that, you know, just thinking about what comes out of this, we're talking about, you know, like one FTE year per person.",,2021_06_10_SLU_S5_SLU,Aaron Engelhart,,,,,820.0,826.3035019455253,,,SLU,823.1517509727627,"{'propose decision': {'Explanation': 'Aaron suggests focusing the scope of the project to ensure tangible results within a year, which is a concrete choice for the group.'}}",5999.0,9,0
2021_06_10_SLU_S5,2021_06_10_SLU_S5,,,"So I think that being a little bit focused about this so, you know, we can come back next year and say, look, this worked.",,2021_06_10_SLU_S5_SLU,Aaron Engelhart,,,,,826.3035019455253,832.0,,,SLU,829.1517509727627,"{'propose decision': {'Explanation': 'Aaron suggests focusing the scope of the project to ensure tangible results within a year, which is a concrete choice for the group.'}}",5999.0,10,0
2021_06_10_SLU_S5,2021_06_10_SLU_S5,,,"I I was just going to say, I think this might be kind of a critical mass problem because I have a Mars proposal that's gone into the nucleic acids ex section a few times and it's scored well, it hasn't gotten funded yet, but I've talked with them about it and she said, you know, we're enthusiastic about this and Lindsay's on one of the Mars teams right now.",,2021_06_10_SLU_S5_SLU,Aaron Engelhart,,,,,800.0,816.4678899082569,,,SLU,808.2339449541284,"{'expand on existing idea': ""Aaron is expanding on Laurie's point about the lack of funding for origin of life research on other worlds by providing his experience with a Mars proposal, suggesting that the situation might be improving."", 'provide supporting evidence': 'Aaron supports his claim that funding for origin of life research on other worlds might be improving by mentioning his Mars proposal that scored well and positive feedback from the nucleic acids ex section.'}",6799.0,11,0
2021_06_10_SLU_S5,2021_06_10_SLU_S5,,,"So yeah, I I think it may move in that direction even if we aren't there yet.",,2021_06_10_SLU_S5_SLU,Aaron Engelhart,,,,,816.4678899082569,820.0,,,SLU,818.2339449541284,"{'expand on existing idea': ""Aaron is expanding on Laurie's point about the lack of funding for origin of life research on other worlds by providing his experience with a Mars proposal, suggesting that the situation might be improving."", 'provide supporting evidence': 'Aaron supports his claim that funding for origin of life research on other worlds might be improving by mentioning his Mars proposal that scored well and positive feedback from the nucleic acids ex section.'}",6799.0,12,0
2021_06_10_SLU_S5,2021_06_10_SLU_S5,,,I agree.,,2021_06_10_SLU_S5_SLU,Aaron Engelhart,,,,,675.0,677.0,,,SLU,676.0,"{'express agreement': ""Aaron explicitly agrees with Laurie's statement about needing an overarching model to link different time scales in lab and geological processes.""}",7474.0,13,0
2021_06_10_SLU_S5,2021_06_10_SLU_S5,,,I agree.,,2021_06_10_SLU_S5_SLU,Aaron Engelhart,,,,,693.0,694.0,,,SLU,693.5,"{'express agreement': 'Aaron explicitly agrees with the previous statement, which was about planetary scientists providing a list of key parameters to chemists for experiments.'}",7492.0,14,0
2021_06_10_SLU_S5,2021_06_10_SLU_S5,,,"I also think it for the reimagining thing and uh, you know, thinking about the way people talk about the possibility of life on Mars, it's always past or present, you know, it's was there life or is there life?",,2021_06_10_SLU_S5_SLU,Aaron Engelhart,,,,,910.9999999999999,921.4070796460177,,,SLU,916.2035398230088,"{'expand on existing idea': ""Aaron is building on Laurie's point about the lack of funding for origin of life research on other planets by suggesting that prebiotic chemistry could still be happening on other planets, not just in the past."", 'provide supporting evidence': ""Aaron supports his idea by stating that there's no reason prebiotic chemistry couldn't be happening on other planets right now, challenging the common focus on past or present life on Mars."", 'express agreement': ""Aaron explicitly agrees with Laurie's point that the possibility of prebiotic chemistry happening on other planets is underexplored.""}",7710.0,15,0
2021_06_10_SLU_S5,2021_06_10_SLU_S5,,,"But, you know, we think of prebiotic chemistry as something that happened in the, you know, long ago past and obviously it did once in n equals one of celestial bodies.",,2021_06_10_SLU_S5_SLU,Aaron Engelhart,,,,,921.4070796460177,929.7327433628319,,,SLU,925.5699115044248,"{'expand on existing idea': ""Aaron is building on Laurie's point about the lack of funding for origin of life research on other planets by suggesting that prebiotic chemistry could still be happening on other planets, not just in the past."", 'provide supporting evidence': ""Aaron supports his idea by stating that there's no reason prebiotic chemistry couldn't be happening on other planets right now, challenging the common focus on past or present life on Mars."", 'express agreement': ""Aaron explicitly agrees with Laurie's point that the possibility of prebiotic chemistry happening on other planets is underexplored.""}",7710.0,16,0
2021_06_10_SLU_S5,2021_06_10_SLU_S5,,,"But there's no reason this couldn't be happening other places right now, I think and I think that that's something that is kind of speaking to what Laurie said a little bit underexplored.",,2021_06_10_SLU_S5_SLU,Aaron Engelhart,,,,,929.7327433628318,939.0,,,SLU,934.3663716814159,"{'expand on existing idea': ""Aaron is building on Laurie's point about the lack of funding for origin of life research on other planets by suggesting that prebiotic chemistry could still be happening on other planets, not just in the past."", 'provide supporting evidence': ""Aaron supports his idea by stating that there's no reason prebiotic chemistry couldn't be happening on other planets right now, challenging the common focus on past or present life on Mars."", 'express agreement': ""Aaron explicitly agrees with Laurie's point that the possibility of prebiotic chemistry happening on other planets is underexplored.""}",7710.0,17,0
2021_06_10_SLU_S5,2021_06_10_SLU_S5,,,I don't think I've seen her on today.,,2021_06_10_SLU_S5_SLU,Aaron Engelhart,,,,,612.0,614.0,,,SLU,613.0,{'None': 'This utterance does not fit into any of the codes provided in the codebook.'},8322.0,18,0
2021_06_10_SLU_S5,2021_06_10_SLU_S5,,,"I mean, just putting an example out there, um, that the what I mentioned about the thymine dimer formation, that's something that's really experimentally tractable.",,2021_06_10_SLU_S5_SLU,Aaron Engelhart,,,,,735.9999999999999,744.5840220385675,,,SLU,740.2920110192837,"{'present new idea': 'Aaron proposes studying thymine dimer formation experimentally under various conditions (minerals, UV fluxes), which is a new specific experimental idea in response to the discussion about combining different approaches.', 'expand on existing idea': ""Aaron's suggestion builds on the previous discussion about the importance of parameters and organic chemistry, offering a concrete example of an experiment to study."", 'propose decision': 'Aaron suggests a specific experiment (thymine dimer formation) as a potential direction for the group to consider, proposing a concrete choice for the group.'}",8446.0,19,0
2021_06_10_SLU_S5,2021_06_10_SLU_S5,,,"We could be set up to do and I think that we could do that in the presence of, you know, various minerals, UV fluxes, things like that.",,2021_06_10_SLU_S5_SLU,Aaron Engelhart,,,,,744.5840220385676,751.6501377410468,,,SLU,748.1170798898072,"{'present new idea': 'Aaron proposes studying thymine dimer formation experimentally under various conditions (minerals, UV fluxes), which is a new specific experimental idea in response to the discussion about combining different approaches.', 'expand on existing idea': ""Aaron's suggestion builds on the previous discussion about the importance of parameters and organic chemistry, offering a concrete example of an experiment to study."", 'propose decision': 'Aaron suggests a specific experiment (thymine dimer formation) as a potential direction for the group to consider, proposing a concrete choice for the group.'}",8446.0,20,0
2021_06_10_SLU_S5,2021_06_10_SLU_S5,,,"Um, so that's a first idea, not saying it's necessarily the one.",,2021_06_10_SLU_S5_SLU,Aaron Engelhart,,,,,751.6501377410468,755.0,,,SLU,753.3250688705234,"{'present new idea': 'Aaron proposes studying thymine dimer formation experimentally under various conditions (minerals, UV fluxes), which is a new specific experimental idea in response to the discussion about combining different approaches.', 'expand on existing idea': ""Aaron's suggestion builds on the previous discussion about the importance of parameters and organic chemistry, offering a concrete example of an experiment to study."", 'propose decision': 'Aaron suggests a specific experiment (thymine dimer formation) as a potential direction for the group to consider, proposing a concrete choice for the group.'}",8446.0,21,0
2021_06_10_SLU_S5,2021_06_10_SLU_S5,,,Is there something where we drill this down to a few experiments?,,2021_06_10_SLU_S5_SLU,Aaron Engelhart,,,,,711.0,714.5546875,,,SLU,712.77734375,"{'ask clarifying question': ""Aaron is asking if the group is trying to narrow down the discussion to a few specific experiments, seeking clarification on the group's direction after a broad discussion about time scales, parameters, and organic chemistry.""}",9157.0,22,0
2021_06_10_SLU_S5,2021_06_10_SLU_S5,,,Is that what we're going to try and do here with this question?,,2021_06_10_SLU_S5_SLU,Aaron Engelhart,,,,,714.5546875,718.0,,,SLU,716.27734375,"{'ask clarifying question': ""Aaron is asking if the group is trying to narrow down the discussion to a few specific experiments, seeking clarification on the group's direction after a broad discussion about time scales, parameters, and organic chemistry.""}",9157.0,23,0
2021_06_10_SLU_S5,2021_06_10_SLU_S5,,,"It does look like they're making them independently, yeah.",,2021_06_10_SLU_S5_SLU,Aaron Engelhart,,,,,754.0,756.0,,,SLU,755.0,"{'expand on existing idea': ""Aaron is building on Kimberly's observation that other groups are creating their own Google Docs, adding his agreement to the idea.""}",9200.0,24,0
2021_06_10_SLU_S5,2021_06_10_SLU_S5,,,"No, not at all.",,2021_06_10_SLU_S5_SLU,Aaron Engelhart,,,,,969.0,969.7317073170732,,,SLU,969.3658536585366,"{'express agreement': ""Aaron explicitly agrees that Gongjie's question is not naive, indicating agreement with the implied statement that it is a valid question.""}",9415.0,25,0
2021_06_10_SLU_S5,2021_06_10_SLU_S5,,,It's a difficult question.,,2021_06_10_SLU_S5_SLU,Aaron Engelhart,,,,,969.7317073170732,971.0,,,SLU,970.3658536585366,"{'express agreement': ""Aaron explicitly agrees that Gongjie's question is not naive, indicating agreement with the implied statement that it is a valid question.""}",9415.0,26,0
2021_06_10_SLU_S5,2021_06_10_SLU_S5,,,"People that are in other fields here based on kind of what Laurie said, this might not come across from the abstracts and papers because it often doesn't, especially if you're outside the field, but just to kind of lay everything out here, we don't have a robust synthesis of RNA from simple chemical precursors.",,2021_06_10_SLU_S5_SLU,Aaron Engelhart,,,,,1119.9999999999998,1134.9560585885486,,,SLU,1127.4780292942742,"{'explain or define term or concept': 'Aaron is explaining the current limitations in the field of origin of life research, specifically regarding the synthesis of RNA and other complex structures, to provide context for those outside the field.', 'expand on existing idea': ""Aaron expands on Laurie's point about the need for modeling between experiments by highlighting specific unsolved problems in prebiotic chemistry, such as the synthesis of RNA and liposomes."", 'provide supporting evidence': 'Aaron provides supporting evidence for the challenges in origin of life research by stating that a robust synthesis of RNA from simple precursors is not yet possible.'}",9566.0,27,0
2021_06_10_SLU_S5,2021_06_10_SLU_S5,,,You can't make a long strand of RNA from simple molecules.,,2021_06_10_SLU_S5_SLU,Aaron Engelhart,,,,,1134.9560585885486,1137.7363515312916,,,SLU,1136.34620505992,"{'explain or define term or concept': 'Aaron is explaining the current limitations in the field of origin of life research, specifically regarding the synthesis of RNA and other complex structures, to provide context for those outside the field.', 'expand on existing idea': ""Aaron expands on Laurie's point about the need for modeling between experiments by highlighting specific unsolved problems in prebiotic chemistry, such as the synthesis of RNA and liposomes."", 'provide supporting evidence': 'Aaron provides supporting evidence for the challenges in origin of life research by stating that a robust synthesis of RNA from simple precursors is not yet possible.'}",9566.0,28,0
2021_06_10_SLU_S5,2021_06_10_SLU_S5,,,"Um, we can do kind of the pieces like she's talking about where we can make monomers and we can assemble monomers, but we don't have all that working together.",,2021_06_10_SLU_S5_SLU,Aaron Engelhart,,,,,1137.7363515312916,1145.358189081225,,,SLU,1141.5472703062583,"{'explain or define term or concept': 'Aaron is explaining the current limitations in the field of origin of life research, specifically regarding the synthesis of RNA and other complex structures, to provide context for those outside the field.', 'expand on existing idea': ""Aaron expands on Laurie's point about the need for modeling between experiments by highlighting specific unsolved problems in prebiotic chemistry, such as the synthesis of RNA and liposomes."", 'provide supporting evidence': 'Aaron provides supporting evidence for the challenges in origin of life research by stating that a robust synthesis of RNA from simple precursors is not yet possible.'}",9566.0,29,0
2021_06_10_SLU_S5,2021_06_10_SLU_S5,,,"We can't make, you know, liposomes.",,2021_06_10_SLU_S5_SLU,Aaron Engelhart,,,,,1145.358189081225,1147.0359520639147,,,SLU,1146.1970705725698,"{'explain or define term or concept': 'Aaron is explaining the current limitations in the field of origin of life research, specifically regarding the synthesis of RNA and other complex structures, to provide context for those outside the field.', 'expand on existing idea': ""Aaron expands on Laurie's point about the need for modeling between experiments by highlighting specific unsolved problems in prebiotic chemistry, such as the synthesis of RNA and liposomes."", 'provide supporting evidence': 'Aaron provides supporting evidence for the challenges in origin of life research by stating that a robust synthesis of RNA from simple precursors is not yet possible.'}",9566.0,30,0
2021_06_10_SLU_S5,2021_06_10_SLU_S5,,,We don't have a cell cycle working.,,2021_06_10_SLU_S5_SLU,Aaron Engelhart,,,,,1147.0359520639147,1148.7137150466044,,,SLU,1147.8748335552596,"{'explain or define term or concept': 'Aaron is explaining the current limitations in the field of origin of life research, specifically regarding the synthesis of RNA and other complex structures, to provide context for those outside the field.', 'expand on existing idea': ""Aaron expands on Laurie's point about the need for modeling between experiments by highlighting specific unsolved problems in prebiotic chemistry, such as the synthesis of RNA and liposomes."", 'provide supporting evidence': 'Aaron provides supporting evidence for the challenges in origin of life research by stating that a robust synthesis of RNA from simple precursors is not yet possible.'}",9566.0,31,0
2021_06_10_SLU_S5,2021_06_10_SLU_S5,,,So all those are kind of unsolved problems.,,2021_06_10_SLU_S5_SLU,Aaron Engelhart,,,,,1148.7137150466046,1150.774966711052,,,SLU,1149.7443408788283,"{'explain or define term or concept': 'Aaron is explaining the current limitations in the field of origin of life research, specifically regarding the synthesis of RNA and other complex structures, to provide context for those outside the field.', 'expand on existing idea': ""Aaron expands on Laurie's point about the need for modeling between experiments by highlighting specific unsolved problems in prebiotic chemistry, such as the synthesis of RNA and liposomes."", 'provide supporting evidence': 'Aaron provides supporting evidence for the challenges in origin of life research by stating that a robust synthesis of RNA from simple precursors is not yet possible.'}",9566.0,32,0
2021_06_10_SLU_S5,2021_06_10_SLU_S5,,,"So I think to the extent that, you know, geochemistry can help with that, that could be really impactful too.",,2021_06_10_SLU_S5_SLU,Aaron Engelhart,,,,,1150.774966711052,1156.0,,,SLU,1153.387483355526,"{'explain or define term or concept': 'Aaron is explaining the current limitations in the field of origin of life research, specifically regarding the synthesis of RNA and other complex structures, to provide context for those outside the field.', 'expand on existing idea': ""Aaron expands on Laurie's point about the need for modeling between experiments by highlighting specific unsolved problems in prebiotic chemistry, such as the synthesis of RNA and liposomes."", 'provide supporting evidence': 'Aaron provides supporting evidence for the challenges in origin of life research by stating that a robust synthesis of RNA from simple precursors is not yet possible.'}",9566.0,33,0
2021_06_10_SLU_S5,2021_06_10_SLU_S5,,,"Right, hi, I'm Aaron Engelhart.",,2021_06_10_SLU_S5_SLU,Aaron Engelhart,,,,,875.0000000000001,876.781121751026,,,SLU,875.8905608755131,"[{'explain or define term or concept': 'Aaron is explaining his research focus, which involves the transition from small molecules to complex assemblies, biopolymer assemblies like nucleic acids or amino acids, and liposomes, to provide context for the discussion.'}]",10441.0,34,0
2021_06_10_SLU_S5,2021_06_10_SLU_S5,,,"I'm an assistant professor at the University of Minnesota in the Department of Genetics, Cell Biology and Development.",,2021_06_10_SLU_S5_SLU,Aaron Engelhart,,,,,876.781121751026,883.560875512996,,,SLU,880.170998632011,"[{'explain or define term or concept': 'Aaron is explaining his research focus, which involves the transition from small molecules to complex assemblies, biopolymer assemblies like nucleic acids or amino acids, and liposomes, to provide context for the discussion.'}]",10441.0,35,0
2021_06_10_SLU_S5,2021_06_10_SLU_S5,,,"Um, thinking about origins of life and astrobiology, uh, kind of where we live and what we're focused on is sort of the transition from small molecules to complex assemblies that could have led to life and that could take the form of uh, you know, biopolymer assemblies like nucleic acids or amino acids as well as uh, things like liposomes.",,2021_06_10_SLU_S5_SLU,Aaron Engelhart,,,,,883.560875512996,903.1532147742818,,,SLU,893.3570451436389,"[{'explain or define term or concept': 'Aaron is explaining his research focus, which involves the transition from small molecules to complex assemblies, biopolymer assemblies like nucleic acids or amino acids, and liposomes, to provide context for the discussion.'}]",10441.0,36,0
2021_06_10_SLU_S5,2021_06_10_SLU_S5,,,"Um, and we're especially interested in uh, their interaction with their environment and what that might have looked like or looks like right now uh, both on Earth and on other bodies.",,2021_06_10_SLU_S5_SLU,Aaron Engelhart,,,,,903.1532147742819,913.6675786593707,,,SLU,908.4103967168263,"[{'explain or define term or concept': 'Aaron is explaining his research focus, which involves the transition from small molecules to complex assemblies, biopolymer assemblies like nucleic acids or amino acids, and liposomes, to provide context for the discussion.'}]",10441.0,37,0
2021_06_10_SLU_S5,2021_06_10_SLU_S5,,,"So Mars, Venus, uh, like Laurie, I like all the planets.",,2021_06_10_SLU_S5_SLU,Aaron Engelhart,,,,,913.6675786593707,916.8850889192886,,,SLU,915.2763337893297,"[{'explain or define term or concept': 'Aaron is explaining his research focus, which involves the transition from small molecules to complex assemblies, biopolymer assemblies like nucleic acids or amino acids, and liposomes, to provide context for the discussion.'}]",10441.0,38,0
2021_06_10_SLU_S5,2021_06_10_SLU_S5,,,So,,2021_06_10_SLU_S5_SLU,Aaron Engelhart,,,,,916.8850889192886,917.0,,,SLU,916.9425444596443,"[{'explain or define term or concept': 'Aaron is explaining his research focus, which involves the transition from small molecules to complex assemblies, biopolymer assemblies like nucleic acids or amino acids, and liposomes, to provide context for the discussion.'}]",10441.0,39,0
2021_06_10_SLU_S5,2021_06_10_SLU_S5,,,Right.,,2021_06_10_SLU_S5_SLU,Aaron Engelhart,,,,,989.0,991.0,,,SLU,990.0,"{'express agreement': ""Aaron is agreeing with Dimitar's prior statement about the importance of considering both short and long time scales in experiments.""}",10555.0,40,0
2021_06_10_SLU_S5,2021_06_10_SLU_S5,,,So I have just a few bullet points and um honestly this might be helpful or will be helpful for me because I think that um and uh the the way that I think about this I know isn't the way that you think about it.,,2021_06_10_SLU_S5_SLU,Aaron Engelhart,,,,,885.0,901.3985451761102,,,SLU,893.1992725880551,"{'present new idea': 'The speaker introduces the idea of considering solvents other than water, such as methane on Titan, for the emergence of life.', 'expand on existing idea': ""The speaker expands on Dimitar's question about the relevance of necessary and sufficient conditions for life by suggesting that alternative solvents could be relevant to life on Earth, referencing Nick Hud's work on hypersaline environments."", 'provide supporting evidence': 'The speaker provides supporting evidence for the impact of temperature and pressure on the folding of biopolymers, mentioning experiments that have been done in high-pressure environments.', 'encourage particpatioin': 'The speaker ends by expressing interest in hearing what everyone else has to say, encouraging others to participate in the discussion.'}",11440.0,41,0
2021_06_10_SLU_S5,2021_06_10_SLU_S5,,,"So just getting into it quickly the the few things I had written down is that um you know, this this kind of comes directly from the questions but water, you know, we think of it as so central to life, but like it's worth considering other solvents, you know, like if we're thinking about Titan or methane or other things like that and I think that per Dimitar's comment about um, you know, how is this even relevant to life on earth?",,2021_06_10_SLU_S5_SLU,Aaron Engelhart,,,,,901.3985451761104,935.1282542113323,,,SLU,918.2633996937213,"{'present new idea': 'The speaker introduces the idea of considering solvents other than water, such as methane on Titan, for the emergence of life.', 'expand on existing idea': ""The speaker expands on Dimitar's question about the relevance of necessary and sufficient conditions for life by suggesting that alternative solvents could be relevant to life on Earth, referencing Nick Hud's work on hypersaline environments."", 'provide supporting evidence': 'The speaker provides supporting evidence for the impact of temperature and pressure on the folding of biopolymers, mentioning experiments that have been done in high-pressure environments.', 'encourage particpatioin': 'The speaker ends by expressing interest in hearing what everyone else has to say, encouraging others to participate in the discussion.'}",11440.0,42,0
2021_06_10_SLU_S5,2021_06_10_SLU_S5,,,"I think that the other solvent question could be relevant to life on earth because, you know, from some of uh for instance like Nick Hud's work, uh there's been work on kind of hypersaline environments and alternative solvents that come from a lot of solute from an aqueous solution that when you concentrate it, you have something that's still liquid that you can do interesting chemistry in.",,2021_06_10_SLU_S5_SLU,Aaron Engelhart,,,,,935.1282542113324,965.6715160796325,,,SLU,950.3998851454825,"{'present new idea': 'The speaker introduces the idea of considering solvents other than water, such as methane on Titan, for the emergence of life.', 'expand on existing idea': ""The speaker expands on Dimitar's question about the relevance of necessary and sufficient conditions for life by suggesting that alternative solvents could be relevant to life on Earth, referencing Nick Hud's work on hypersaline environments."", 'provide supporting evidence': 'The speaker provides supporting evidence for the impact of temperature and pressure on the folding of biopolymers, mentioning experiments that have been done in high-pressure environments.', 'encourage particpatioin': 'The speaker ends by expressing interest in hearing what everyone else has to say, encouraging others to participate in the discussion.'}",11440.0,43,0
2021_06_10_SLU_S5,2021_06_10_SLU_S5,,,"Um the third and there's five here just so you know where I am on this. um is uh, you know, thinking about prebiotic chemistry.",,2021_06_10_SLU_S5_SLU,Aaron Engelhart,,,,,965.6715160796325,975.541730474732,,,SLU,970.6066232771823,"{'present new idea': 'The speaker introduces the idea of considering solvents other than water, such as methane on Titan, for the emergence of life.', 'expand on existing idea': ""The speaker expands on Dimitar's question about the relevance of necessary and sufficient conditions for life by suggesting that alternative solvents could be relevant to life on Earth, referencing Nick Hud's work on hypersaline environments."", 'provide supporting evidence': 'The speaker provides supporting evidence for the impact of temperature and pressure on the folding of biopolymers, mentioning experiments that have been done in high-pressure environments.', 'encourage particpatioin': 'The speaker ends by expressing interest in hearing what everyone else has to say, encouraging others to participate in the discussion.'}",11440.0,44,0
2021_06_10_SLU_S5,2021_06_10_SLU_S5,,,"I think we think of it as something that happened and then there was life, but I think that it's worth considering it as we I think of these questions as kind of a progress bar for the emergence of life, you know, we go from low complexity to kind of what Dimitar was talking about higher complexity.",,2021_06_10_SLU_S5_SLU,Aaron Engelhart,,,,,975.541730474732,998.8571975497703,,,SLU,987.1994640122512,"{'present new idea': 'The speaker introduces the idea of considering solvents other than water, such as methane on Titan, for the emergence of life.', 'expand on existing idea': ""The speaker expands on Dimitar's question about the relevance of necessary and sufficient conditions for life by suggesting that alternative solvents could be relevant to life on Earth, referencing Nick Hud's work on hypersaline environments."", 'provide supporting evidence': 'The speaker provides supporting evidence for the impact of temperature and pressure on the folding of biopolymers, mentioning experiments that have been done in high-pressure environments.', 'encourage particpatioin': 'The speaker ends by expressing interest in hearing what everyone else has to say, encouraging others to participate in the discussion.'}",11440.0,45,0
2021_06_10_SLU_S5,2021_06_10_SLU_S5,,,"Um and I think that that might kind of inform some of our thinking about, you know, we're talking about with exoplanets.",,2021_06_10_SLU_S5_SLU,Aaron Engelhart,,,,,998.8571975497703,1008.1833843797856,,,SLU,1003.5202909647779,"{'present new idea': 'The speaker introduces the idea of considering solvents other than water, such as methane on Titan, for the emergence of life.', 'expand on existing idea': ""The speaker expands on Dimitar's question about the relevance of necessary and sufficient conditions for life by suggesting that alternative solvents could be relevant to life on Earth, referencing Nick Hud's work on hypersaline environments."", 'provide supporting evidence': 'The speaker provides supporting evidence for the impact of temperature and pressure on the folding of biopolymers, mentioning experiments that have been done in high-pressure environments.', 'encourage particpatioin': 'The speaker ends by expressing interest in hearing what everyone else has to say, encouraging others to participate in the discussion.'}",11440.0,46,0
2021_06_10_SLU_S5,2021_06_10_SLU_S5,,,Uh and then finally the last two are kind of related.,,2021_06_10_SLU_S5_SLU,Aaron Engelhart,,,,,1008.1833843797857,1012.302450229709,,,SLU,1010.2429173047474,"{'present new idea': 'The speaker introduces the idea of considering solvents other than water, such as methane on Titan, for the emergence of life.', 'expand on existing idea': ""The speaker expands on Dimitar's question about the relevance of necessary and sufficient conditions for life by suggesting that alternative solvents could be relevant to life on Earth, referencing Nick Hud's work on hypersaline environments."", 'provide supporting evidence': 'The speaker provides supporting evidence for the impact of temperature and pressure on the folding of biopolymers, mentioning experiments that have been done in high-pressure environments.', 'encourage particpatioin': 'The speaker ends by expressing interest in hearing what everyone else has to say, encouraging others to participate in the discussion.'}",11440.0,47,0
2021_06_10_SLU_S5,2021_06_10_SLU_S5,,,Um there's going to obviously be some geochemical constraints on what kind of protobiomolecules emerge and that's going to vary from body to body.,,2021_06_10_SLU_S5_SLU,Aaron Engelhart,,,,,1012.3024502297092,1023.6493108728944,,,SLU,1017.9758805513018,"{'present new idea': 'The speaker introduces the idea of considering solvents other than water, such as methane on Titan, for the emergence of life.', 'expand on existing idea': ""The speaker expands on Dimitar's question about the relevance of necessary and sufficient conditions for life by suggesting that alternative solvents could be relevant to life on Earth, referencing Nick Hud's work on hypersaline environments."", 'provide supporting evidence': 'The speaker provides supporting evidence for the impact of temperature and pressure on the folding of biopolymers, mentioning experiments that have been done in high-pressure environments.', 'encourage particpatioin': 'The speaker ends by expressing interest in hearing what everyone else has to say, encouraging others to participate in the discussion.'}",11440.0,48,0
2021_06_10_SLU_S5,2021_06_10_SLU_S5,,,"Um and this is going to have uh, you know, impacts from a chemical perspective in terms of, you know, what surfaces are presented and what kind of chemistry you can do on those surfaces as well as and this kind of ties into the geochemistry, um, you know, temperature and pressure.",,2021_06_10_SLU_S5_SLU,Aaron Engelhart,,,,,1023.6493108728944,1045.488131699847,,,SLU,1034.5687212863706,"{'present new idea': 'The speaker introduces the idea of considering solvents other than water, such as methane on Titan, for the emergence of life.', 'expand on existing idea': ""The speaker expands on Dimitar's question about the relevance of necessary and sufficient conditions for life by suggesting that alternative solvents could be relevant to life on Earth, referencing Nick Hud's work on hypersaline environments."", 'provide supporting evidence': 'The speaker provides supporting evidence for the impact of temperature and pressure on the folding of biopolymers, mentioning experiments that have been done in high-pressure environments.', 'encourage particpatioin': 'The speaker ends by expressing interest in hearing what everyone else has to say, encouraging others to participate in the discussion.'}",11440.0,49,0
2021_06_10_SLU_S5,2021_06_10_SLU_S5,,,"I think that there are environments that are close enough to an earthlike environment where the chemistry could be quite similar, you know, like Mars, you're at, you know, a few millibar.",,2021_06_10_SLU_S5_SLU,Aaron Engelhart,,,,,1045.488131699847,1060.021439509954,,,SLU,1052.7547856049005,"{'present new idea': 'The speaker introduces the idea of considering solvents other than water, such as methane on Titan, for the emergence of life.', 'expand on existing idea': ""The speaker expands on Dimitar's question about the relevance of necessary and sufficient conditions for life by suggesting that alternative solvents could be relevant to life on Earth, referencing Nick Hud's work on hypersaline environments."", 'provide supporting evidence': 'The speaker provides supporting evidence for the impact of temperature and pressure on the folding of biopolymers, mentioning experiments that have been done in high-pressure environments.', 'encourage particpatioin': 'The speaker ends by expressing interest in hearing what everyone else has to say, encouraging others to participate in the discussion.'}",11440.0,50,0
2021_06_10_SLU_S5,2021_06_10_SLU_S5,,,"I think most of the same stuff can be done there, but if you're thinking about a high pressure environment, that can have pretty profound effects on folding of biopolymers and there's been experiments done with that.",,2021_06_10_SLU_S5_SLU,Aaron Engelhart,,,,,1060.0214395099538,1076.8085758039815,,,SLU,1068.4150076569676,"{'present new idea': 'The speaker introduces the idea of considering solvents other than water, such as methane on Titan, for the emergence of life.', 'expand on existing idea': ""The speaker expands on Dimitar's question about the relevance of necessary and sufficient conditions for life by suggesting that alternative solvents could be relevant to life on Earth, referencing Nick Hud's work on hypersaline environments."", 'provide supporting evidence': 'The speaker provides supporting evidence for the impact of temperature and pressure on the folding of biopolymers, mentioning experiments that have been done in high-pressure environments.', 'encourage particpatioin': 'The speaker ends by expressing interest in hearing what everyone else has to say, encouraging others to participate in the discussion.'}",11440.0,51,0
2021_06_10_SLU_S5,2021_06_10_SLU_S5,,,So those are the few things that came to mind for me.,,2021_06_10_SLU_S5_SLU,Aaron Engelhart,,,,,1076.8085758039815,1080.927641653905,,,SLU,1078.8681087289433,"{'present new idea': 'The speaker introduces the idea of considering solvents other than water, such as methane on Titan, for the emergence of life.', 'expand on existing idea': ""The speaker expands on Dimitar's question about the relevance of necessary and sufficient conditions for life by suggesting that alternative solvents could be relevant to life on Earth, referencing Nick Hud's work on hypersaline environments."", 'provide supporting evidence': 'The speaker provides supporting evidence for the impact of temperature and pressure on the folding of biopolymers, mentioning experiments that have been done in high-pressure environments.', 'encourage particpatioin': 'The speaker ends by expressing interest in hearing what everyone else has to say, encouraging others to participate in the discussion.'}",11440.0,52,0
2021_06_10_SLU_S5,2021_06_10_SLU_S5,,,Um and uh I'm definitely interested in hearing uh what everyone else has to say about this.,,2021_06_10_SLU_S5_SLU,Aaron Engelhart,,,,,1080.927641653905,1088.0,,,SLU,1084.4638208269525,"{'present new idea': 'The speaker introduces the idea of considering solvents other than water, such as methane on Titan, for the emergence of life.', 'expand on existing idea': ""The speaker expands on Dimitar's question about the relevance of necessary and sufficient conditions for life by suggesting that alternative solvents could be relevant to life on Earth, referencing Nick Hud's work on hypersaline environments."", 'provide supporting evidence': 'The speaker provides supporting evidence for the impact of temperature and pressure on the folding of biopolymers, mentioning experiments that have been done in high-pressure environments.', 'encourage particpatioin': 'The speaker ends by expressing interest in hearing what everyone else has to say, encouraging others to participate in the discussion.'}",11440.0,53,0
2021_06_10_SLU_S5,2021_06_10_SLU_S5,,,So is there something like that where maybe there's three favorite reactions among the chemists and those feed into some modeling things?,,2021_06_10_SLU_S5_SLU,Aaron Engelhart,,,,,867.9999999999999,873.1010638297872,,,SLU,870.5505319148936,"{'propose decision': {'Explanation': ""Aaron is suggesting a concrete choice for the group to focus on three favorite reactions among the chemists and use Meredith's fluxes for modeling, aiming for a focused approach.""}}",12308.0,54,0
2021_06_10_SLU_S5,2021_06_10_SLU_S5,,,Would that be and we use Meredith's fluxes here and,,2021_06_10_SLU_S5_SLU,Aaron Engelhart,,,,,873.1010638297873,875.0,,,SLU,874.0505319148937,"{'propose decision': {'Explanation': ""Aaron is suggesting a concrete choice for the group to focus on three favorite reactions among the chemists and use Meredith's fluxes for modeling, aiming for a focused approach.""}}",12308.0,55,0
2021_06_10_SLU_S5,2021_06_10_SLU_S5,,,So just to kind of.,,2021_06_10_SLU_S5_SLU,Aaron Engelhart,,,,,1055.0,1057.0,,,SLU,1056.0,"{'None': 'This utterance is incomplete and does not express a complete thought or idea, so no code applies.'}",12495.0,56,0
2021_06_10_SLU_S5,2021_06_10_SLU_S5,,,"So, um, I guess I'll start by saying we think about this pretty naively and I don't want to give the impression that we think about this in in more depth than we do just that um, you know, that it is a problem.",,2021_06_10_SLU_S5_SLU,Aaron Engelhart,,,,,640.9999999999999,652.5714285714286,,,SLU,646.7857142857142,"[{'explain or define term or concept': ""Aaron explains the impact of UV radiation on nucleobases, including degradation and dimer formation, to clarify its role as a problem in prebiotic chemistry, in response to Meredith's question about UV.""}, {'provide supporting evidence': 'Aaron mentions measurements of ancient and current Mars UV flux and work by Dimitar and other labs on the impact of UV on nucleobases, providing evidence for the detrimental effects of UV radiation.'}]",13136.0,57,0
2021_06_10_SLU_S5,2021_06_10_SLU_S5,,,"Um, uh, I guess thinking about it in terms of Mars, which is probably the non-terran body that we think about the most.",,2021_06_10_SLU_S5_SLU,Aaron Engelhart,,,,,652.5714285714284,659.1285714285714,,,SLU,655.8499999999999,"[{'explain or define term or concept': ""Aaron explains the impact of UV radiation on nucleobases, including degradation and dimer formation, to clarify its role as a problem in prebiotic chemistry, in response to Meredith's question about UV.""}, {'provide supporting evidence': 'Aaron mentions measurements of ancient and current Mars UV flux and work by Dimitar and other labs on the impact of UV on nucleobases, providing evidence for the detrimental effects of UV radiation.'}]",13136.0,58,0
2021_06_10_SLU_S5,2021_06_10_SLU_S5,,,"Um, you know, there are measurements of what's thought to be ancient Mars UV flux and current Mars UV flux based on changes in the atmosphere and the sun.",,2021_06_10_SLU_S5_SLU,Aaron Engelhart,,,,,659.1285714285715,667.6142857142858,,,SLU,663.3714285714286,"[{'explain or define term or concept': ""Aaron explains the impact of UV radiation on nucleobases, including degradation and dimer formation, to clarify its role as a problem in prebiotic chemistry, in response to Meredith's question about UV.""}, {'provide supporting evidence': 'Aaron mentions measurements of ancient and current Mars UV flux and work by Dimitar and other labs on the impact of UV on nucleobases, providing evidence for the detrimental effects of UV radiation.'}]",13136.0,59,0
2021_06_10_SLU_S5,2021_06_10_SLU_S5,,,"Um, and there are measurements from Dimitar for instance and other labs where they've looked at um, uh, the impact of this on nucleo bases and it can be pretty profound.",,2021_06_10_SLU_S5_SLU,Aaron Engelhart,,,,,667.6142857142858,676.9265306122448,,,SLU,672.2704081632653,"[{'explain or define term or concept': ""Aaron explains the impact of UV radiation on nucleobases, including degradation and dimer formation, to clarify its role as a problem in prebiotic chemistry, in response to Meredith's question about UV.""}, {'provide supporting evidence': 'Aaron mentions measurements of ancient and current Mars UV flux and work by Dimitar and other labs on the impact of UV on nucleobases, providing evidence for the detrimental effects of UV radiation.'}]",13136.0,60,0
2021_06_10_SLU_S5,2021_06_10_SLU_S5,,,"Um, especially with hard UV, um, you know, it can just degrade the nucleo bases and basically chew them up into smaller molecules or in kind of the more benign uh UVB UVC range, um, you can start to see things like for instance if you have a strand of DNA and if there's two Ts next to each other, there's a reaction that's UV promoted where it'll actually cross link those into a dimer.",,2021_06_10_SLU_S5_SLU,Aaron Engelhart,,,,,676.9265306122448,698.2510204081633,,,SLU,687.5887755102041,"[{'explain or define term or concept': ""Aaron explains the impact of UV radiation on nucleobases, including degradation and dimer formation, to clarify its role as a problem in prebiotic chemistry, in response to Meredith's question about UV.""}, {'provide supporting evidence': 'Aaron mentions measurements of ancient and current Mars UV flux and work by Dimitar and other labs on the impact of UV on nucleobases, providing evidence for the detrimental effects of UV radiation.'}]",13136.0,61,0
2021_06_10_SLU_S5,2021_06_10_SLU_S5,,,So all that stuff is going on and that UV that uh UV induced dimer formation that actually happens in living things right now.,,2021_06_10_SLU_S5_SLU,Aaron Engelhart,,,,,698.2510204081633,705.1938775510204,,,SLU,701.7224489795918,"[{'explain or define term or concept': ""Aaron explains the impact of UV radiation on nucleobases, including degradation and dimer formation, to clarify its role as a problem in prebiotic chemistry, in response to Meredith's question about UV.""}, {'provide supporting evidence': 'Aaron mentions measurements of ancient and current Mars UV flux and work by Dimitar and other labs on the impact of UV on nucleobases, providing evidence for the detrimental effects of UV radiation.'}]",13136.0,62,0
2021_06_10_SLU_S5,2021_06_10_SLU_S5,,,That's one of the main things that uh repair enzymes have to deal with.,,2021_06_10_SLU_S5_SLU,Aaron Engelhart,,,,,705.1938775510204,709.1061224489796,,,SLU,707.15,"[{'explain or define term or concept': ""Aaron explains the impact of UV radiation on nucleobases, including degradation and dimer formation, to clarify its role as a problem in prebiotic chemistry, in response to Meredith's question about UV.""}, {'provide supporting evidence': 'Aaron mentions measurements of ancient and current Mars UV flux and work by Dimitar and other labs on the impact of UV on nucleobases, providing evidence for the detrimental effects of UV radiation.'}]",13136.0,63,0
2021_06_10_SLU_S5,2021_06_10_SLU_S5,,,So it um that's just kind of what we think about as UV is generally chewing this stuff up and it can cause photochemical reactions that we don't want.,,2021_06_10_SLU_S5_SLU,Aaron Engelhart,,,,,709.1061224489797,717.3714285714286,,,SLU,713.2387755102042,"[{'explain or define term or concept': ""Aaron explains the impact of UV radiation on nucleobases, including degradation and dimer formation, to clarify its role as a problem in prebiotic chemistry, in response to Meredith's question about UV.""}, {'provide supporting evidence': 'Aaron mentions measurements of ancient and current Mars UV flux and work by Dimitar and other labs on the impact of UV on nucleobases, providing evidence for the detrimental effects of UV radiation.'}]",13136.0,64,0
2021_06_10_SLU_S5,2021_06_10_SLU_S5,,,"That said, um, you know, there's been some work using UV as kind of a plus because it can, you know, you can photochemically promote some of these uh syntheses.",,2021_06_10_SLU_S5_SLU,Aaron Engelhart,,,,,717.3714285714285,726.1877551020408,,,SLU,721.7795918367347,"[{'explain or define term or concept': ""Aaron explains the impact of UV radiation on nucleobases, including degradation and dimer formation, to clarify its role as a problem in prebiotic chemistry, in response to Meredith's question about UV.""}, {'provide supporting evidence': 'Aaron mentions measurements of ancient and current Mars UV flux and work by Dimitar and other labs on the impact of UV on nucleobases, providing evidence for the detrimental effects of UV radiation.'}]",13136.0,65,0
2021_06_10_SLU_S5,2021_06_10_SLU_S5,,,"But for the most part, uh we kind of think of it as a problem, you know, like assume that we get to the point where we have these monomers because like I said, we kind of live in this space where it's, you know, assume for the sake of argument that we have these molecules, what's going to happen in terms of their assembly, UV is a problem that we always have to deal with.",,2021_06_10_SLU_S5_SLU,Aaron Engelhart,,,,,726.1877551020409,746.795918367347,,,SLU,736.491836734694,"[{'explain or define term or concept': ""Aaron explains the impact of UV radiation on nucleobases, including degradation and dimer formation, to clarify its role as a problem in prebiotic chemistry, in response to Meredith's question about UV.""}, {'provide supporting evidence': 'Aaron mentions measurements of ancient and current Mars UV flux and work by Dimitar and other labs on the impact of UV on nucleobases, providing evidence for the detrimental effects of UV radiation.'}]",13136.0,66,0
2021_06_10_SLU_S5,2021_06_10_SLU_S5,,,So that's kind of how we think about it.,,2021_06_10_SLU_S5_SLU,Aaron Engelhart,,,,,746.795918367347,749.0,,,SLU,747.8979591836735,"[{'explain or define term or concept': ""Aaron explains the impact of UV radiation on nucleobases, including degradation and dimer formation, to clarify its role as a problem in prebiotic chemistry, in response to Meredith's question about UV.""}, {'provide supporting evidence': 'Aaron mentions measurements of ancient and current Mars UV flux and work by Dimitar and other labs on the impact of UV on nucleobases, providing evidence for the detrimental effects of UV radiation.'}]",13136.0,67,0
2021_06_10_SLU_S5,2021_06_10_SLU_S5,,,"Sorry, I think to provide kind of some context to.",,2021_06_10_SLU_S5_SLU,Aaron Engelhart,,,,,1117.0,1120.0,,,SLU,1118.5,"{'None': 'This utterance is incomplete and does not express a complete idea, so no code applies.'}",13612.0,68,0
2021_06_10_SLU_S5,2021_06_10_SLU_S5,,,"Uh, I guess in terms of when you're thinking about uh what period in time you might be doing the chemistry and then I guess the other aspect in which we think about it is how do you circumvent that?",,2021_06_10_SLU_S5_SLU,Aaron Engelhart,,,,,760.0,770.7027027027027,,,SLU,765.3513513513514,"[{'expand on existing idea': ""Aaron is expanding on the discussion about UV radiation and its impact on prebiotic chemistry, building on his previous comments and Meredith's question about UV in astronomical settings.""}, {'provide supporting evidence': 'Aaron provides supporting evidence by mentioning that solutes can absorb UV and act as sacrificial screens, which can help circumvent the problem of UV degradation.'}]",14372.0,69,0
2021_06_10_SLU_S5,2021_06_10_SLU_S5,,,And that could be going from surface to near surface to subsurface or and we haven't really touched on this.,,2021_06_10_SLU_S5_SLU,Aaron Engelhart,,,,,770.7027027027026,776.5405405405405,,,SLU,773.6216216216216,"[{'expand on existing idea': ""Aaron is expanding on the discussion about UV radiation and its impact on prebiotic chemistry, building on his previous comments and Meredith's question about UV in astronomical settings.""}, {'provide supporting evidence': 'Aaron provides supporting evidence by mentioning that solutes can absorb UV and act as sacrificial screens, which can help circumvent the problem of UV degradation.'}]",14372.0,70,0
2021_06_10_SLU_S5,2021_06_10_SLU_S5,,,We've talked a little bit about solvents that aren't water.,,2021_06_10_SLU_S5_SLU,Aaron Engelhart,,,,,776.5405405405405,779.7297297297297,,,SLU,778.1351351351351,"[{'expand on existing idea': ""Aaron is expanding on the discussion about UV radiation and its impact on prebiotic chemistry, building on his previous comments and Meredith's question about UV in astronomical settings.""}, {'provide supporting evidence': 'Aaron provides supporting evidence by mentioning that solutes can absorb UV and act as sacrificial screens, which can help circumvent the problem of UV degradation.'}]",14372.0,71,0
2021_06_10_SLU_S5,2021_06_10_SLU_S5,,,"Um, there can be solutes that obviously absorb some UV themselves and they can be kind of sacrificial and that can provide kind of a uh screening effect.",,2021_06_10_SLU_S5_SLU,Aaron Engelhart,,,,,779.7297297297298,788.0,,,SLU,783.8648648648649,"[{'expand on existing idea': ""Aaron is expanding on the discussion about UV radiation and its impact on prebiotic chemistry, building on his previous comments and Meredith's question about UV in astronomical settings.""}, {'provide supporting evidence': 'Aaron provides supporting evidence by mentioning that solutes can absorb UV and act as sacrificial screens, which can help circumvent the problem of UV degradation.'}]",14372.0,72,0
2021_06_10_SLU_S5,2021_06_10_SLU_S5,,,Well that's a good point.,,2021_06_10_SLU_S5_SLU,Aaron Engelhart,,,,,14578.0,14578.0,,,SLU,14578.0,"{'acknowledge contribution': ""Aaron acknowledges Laurie's point about the organics in Enceladus' plume being both prebiotically produced and biologically relevant, without necessarily agreeing or expanding on it.""}",14578.0,73,0
2021_06_10_SLU_S5,2021_06_10_SLU_S5,,,Yeah and I agree these these are interesting questions.,,2021_06_10_SLU_S5_SLU,Aaron Engelhart,,,,,818.9999999999999,821.2602739726027,,,SLU,820.1301369863013,"[{'express agreement': ""Aaron explicitly agrees that Meredith's questions are interesting, showing agreement with her line of inquiry.""}, {'encourage particpatioin': 'Aaron encourages further exploration of the topic by stating that it could be a productive place to look, inviting further discussion and investigation.'}]",15397.0,74,0
2021_06_10_SLU_S5,2021_06_10_SLU_S5,,,"This is not the way that we usually think about it, but that's not to say that it's not important to what we do.",,2021_06_10_SLU_S5_SLU,Aaron Engelhart,,,,,821.2602739726026,825.8630136986301,,,SLU,823.5616438356163,"[{'express agreement': ""Aaron explicitly agrees that Meredith's questions are interesting, showing agreement with her line of inquiry.""}, {'encourage particpatioin': 'Aaron encourages further exploration of the topic by stating that it could be a productive place to look, inviting further discussion and investigation.'}]",15397.0,75,0
2021_06_10_SLU_S5,2021_06_10_SLU_S5,,,So I think this could be a productive place to look.,,2021_06_10_SLU_S5_SLU,Aaron Engelhart,,,,,825.8630136986301,828.0,,,SLU,826.931506849315,"[{'express agreement': ""Aaron explicitly agrees that Meredith's questions are interesting, showing agreement with her line of inquiry.""}, {'encourage particpatioin': 'Aaron encourages further exploration of the topic by stating that it could be a productive place to look, inviting further discussion and investigation.'}]",15397.0,76,0
2021_06_10_SLU_S5,2021_06_10_SLU_S5,,,"Yeah, I think so.",,2021_06_10_SLU_S5_SLU,Aaron Engelhart,,,,,859.0,861.0,,,SLU,860.0,"{'express agreement': ""Aaron explicitly agrees with Trinity's idea about modeling the geographic space and time scale of prebiotic life.""}",15437.0,77,0
2021_06_10_SLU_S5,2021_06_10_SLU_S5,,,"Yeah, it's been funny hearing you guys talk about stability because I could appreciate that the geochemical aspect of it.",,2021_06_10_SLU_S5_SLU,Aaron Engelhart,,,,,857.0000000000001,862.9709724238027,,,SLU,859.9854862119014,"{'expand on existing idea': 'Aaron is expanding on the idea of stability that was previously discussed by Kimberly and Meredith, adding the geochemical aspect of it and how chemists think about UV flux as a factor of stability.', 'provide supporting evidence': 'Aaron provides supporting evidence by mentioning that UV fluxes on many bodies would require life to be subsurface, which is a geochemical constraint on stability.'}",16294.0,78,0
2021_06_10_SLU_S5,2021_06_10_SLU_S5,,,"And in addition, I think that when I think about stability and I think a lot of the time when chemists think about stability and like Demitar will appreciate this, we think about UV flux a lot of the time and um, you know, talking about Mars a lot of the time, that's where we're considering, you know, is it surface versus subsurface and it's sort of geochem adjacent, but I think that this is going to tie into it because I think that given UV fluxes on a lot of bodies, um, you're going to need to be probably a little bit subsurface not to just tear everything up.",,2021_06_10_SLU_S5_SLU,Aaron Engelhart,,,,,862.9709724238026,891.0,,,SLU,876.9854862119013,"{'expand on existing idea': 'Aaron is expanding on the idea of stability that was previously discussed by Kimberly and Meredith, adding the geochemical aspect of it and how chemists think about UV flux as a factor of stability.', 'provide supporting evidence': 'Aaron provides supporting evidence by mentioning that UV fluxes on many bodies would require life to be subsurface, which is a geochemical constraint on stability.'}",16294.0,79,0
2021_06_10_SLU_S5,2021_06_10_SLU_S5,,,water.,,2021_06_10_SLU_S5_SLU,Aaron Engelhart,,,,,600.0000000000001,600.2876712328767,,,SLU,600.1438356164384,"{'expand on existing idea': 'Aaron is expanding on the previously mentioned idea of considering water versus other solvents, suggesting that it could have profound effects on biopolymer folding.'}",16894.0,80,0
2021_06_10_SLU_S5,2021_06_10_SLU_S5,,,"And so I think that yeah, this is a really interesting question to consider and it could have really profound effects on biopolymer folding.",,2021_06_10_SLU_S5_SLU,Aaron Engelhart,,,,,600.2876712328766,607.0,,,SLU,603.6438356164383,"{'expand on existing idea': 'Aaron is expanding on the previously mentioned idea of considering water versus other solvents, suggesting that it could have profound effects on biopolymer folding.'}",16894.0,81,0
2021_06_10_SLU_S5,2021_06_10_SLU_S5,,,"A reporter for the uh, uh, this afternoon or this morning depending on where we are.",,2021_06_10_SLU_S5_SLU,Dimitar Sasselov,,,,,661.0,669.2962962962963,,,SLU,665.1481481481482,"{'assign task': 'Dimitar is assigning the task of being a reporter to someone in the group, specifying the need for fast typing skills in a Google Doc.', 'encourage particpatioin': 'Dimitar is encouraging someone to volunteer for the role of reporter by asking if anyone is good at typing fast.'}",16955.0,82,0
2021_06_10_SLU_S5,2021_06_10_SLU_S5,,,"So, um, anyone would like if who's good at typing really fast in a Google Doc.",,2021_06_10_SLU_S5_SLU,Dimitar Sasselov,,,,,669.2962962962963,677.0,,,SLU,673.1481481481482,"{'assign task': 'Dimitar is assigning the task of being a reporter to someone in the group, specifying the need for fast typing skills in a Google Doc.', 'encourage particpatioin': 'Dimitar is encouraging someone to volunteer for the role of reporter by asking if anyone is good at typing fast.'}",16955.0,83,0
2021_06_10_SLU_S5,2021_06_10_SLU_S5,,,"Aaron, this is great and thank you for starting us off.",,2021_06_10_SLU_S5_SLU,Dimitar Sasselov,,,,,1089.0,1092.0,,,SLU,1090.5,"{'acknowledge contribution': ""Dimitar acknowledges Aaron's contribution of sharing his thoughts on the topic."", 'express enthusiasm': ""Dimitar expresses enthusiasm for Aaron's contribution, indicating that he found it valuable.""}",17383.0,84,0
2021_06_10_SLU_S5,2021_06_10_SLU_S5,,,"Absolutely, but uh is it is it uh possible for this group to come together and say, okay, from our perspectives and our fields, this is the time scales involved and to put them all together and say, well, there are some windows, some limits, it cannot be shorter than that and it cannot be longer than that.",,2021_06_10_SLU_S5_SLU,Dimitar Sasselov,,,,,1057.0,1076.5768115942028,,,SLU,1066.7884057971014,"{'propose decision': 'Dimitar proposes a concrete choice for the group, suggesting they come together to define the time scales involved in the origin of life, establishing upper and lower limits based on their diverse perspectives.', 'ask clarifying question': 'Dimitar is asking if the proposed exercise of defining time scales is a useful one for the group to undertake.'}",18440.0,85,0
2021_06_10_SLU_S5,2021_06_10_SLU_S5,,,Do you think that's a useful exercise?,,2021_06_10_SLU_S5_SLU,Dimitar Sasselov,,,,,1076.5768115942028,1079.0,,,SLU,1077.7884057971014,"{'propose decision': 'Dimitar proposes a concrete choice for the group, suggesting they come together to define the time scales involved in the origin of life, establishing upper and lower limits based on their diverse perspectives.', 'ask clarifying question': 'Dimitar is asking if the proposed exercise of defining time scales is a useful one for the group to undertake.'}",18440.0,86,0
2021_06_10_SLU_S5,2021_06_10_SLU_S5,,,And nice to meet everybody.,,2021_06_10_SLU_S5_SLU,Dimitar Sasselov,,,,,600.0,601.8202247191011,,,SLU,600.9101123595506,"{'encourage particpatioin': 'The speaker is checking if Sarah is present, inviting her to join the conversation.'}",19040.0,87,0
2021_06_10_SLU_S5,2021_06_10_SLU_S5,,,I think we have everybody in except for Sarah.,,2021_06_10_SLU_S5_SLU,Dimitar Sasselov,,,,,601.820224719101,604.9213483146067,,,SLU,603.3707865168539,"{'encourage particpatioin': 'The speaker is checking if Sarah is present, inviting her to join the conversation.'}",19040.0,88,0
2021_06_10_SLU_S5,2021_06_10_SLU_S5,,,Is Sarah around?,,2021_06_10_SLU_S5_SLU,Dimitar Sasselov,,,,,604.9213483146068,606.0,,,SLU,605.4606741573034,"{'encourage particpatioin': 'The speaker is checking if Sarah is present, inviting her to join the conversation.'}",19040.0,89,0
2021_06_10_SLU_S5,2021_06_10_SLU_S5,,,And so I'm sure a quick round of introductions is warranted.,,2021_06_10_SLU_S5_SLU,Dimitar Sasselov,,,,,803.0,806.28125,,,SLU,804.640625,"{'encourage particpatioin': 'Dimitar encourages participation by suggesting a round of introductions, setting the stage for others to contribute.', 'explain or define term or concept': 'Dimitar explains that the introductions are warranted because some members may not know each other, clarifying the purpose of the introductions.'}",19243.0,90,0
2021_06_10_SLU_S5,2021_06_10_SLU_S5,,,"So, um, you already heard who I am and what I do, so I'll skip mine.",,2021_06_10_SLU_S5_SLU,Dimitar Sasselov,,,,,806.28125,810.0,,,SLU,808.140625,"{'encourage particpatioin': 'Dimitar encourages participation by suggesting a round of introductions, setting the stage for others to contribute.', 'explain or define term or concept': 'Dimitar explains that the introductions are warranted because some members may not know each other, clarifying the purpose of the introductions.'}",19243.0,91,0
2021_06_10_SLU_S5,2021_06_10_SLU_S5,,,"And when you go to the conference folder, there is uh, uh one particular section which gives those I believe.",,2021_06_10_SLU_S5_SLU,Dimitar Sasselov,,,,,716.0,727.0,,,SLU,721.5,"{'explain or define term or concept': 'The speaker is explaining where to find the Google Doc link, clarifying the location within the conference folder.'}",19959.0,92,0
2021_06_10_SLU_S5,2021_06_10_SLU_S5,,,"But I like this discussion about time scales Aaron because when you and Laurie do experiments, you used to think things happening on a time scale of hours, days, you can accumulate your products over a period of weeks and months, right?",,2021_06_10_SLU_S5_SLU,Dimitar Sasselov,,,,,890.9999999999999,913.1108986615678,,,SLU,902.0554493307839,"{'expand on existing idea': 'The speaker is building on the previous discussion about time scales, initiated by Meredith and others, by relating it to the experimental timescales used by Laurie and Aaron.', 'ask clarifying question': 'The speaker asks how to think about the long-term outcome of experiments and how long proto-cells can last before becoming self-sufficient, seeking to understand the connection between short-term experimental results and long-term evolutionary processes.', 'acknowledge contribution': ""The speaker acknowledges Kim's earlier point about the need for stability in the context of time scales.""}",20134.0,93,0
2021_06_10_SLU_S5,2021_06_10_SLU_S5,,,In a particular setting.,,2021_06_10_SLU_S5_SLU,Dimitar Sasselov,,,,,913.110898661568,915.359464627151,,,SLU,914.2351816443595,"{'expand on existing idea': 'The speaker is building on the previous discussion about time scales, initiated by Meredith and others, by relating it to the experimental timescales used by Laurie and Aaron.', 'ask clarifying question': 'The speaker asks how to think about the long-term outcome of experiments and how long proto-cells can last before becoming self-sufficient, seeking to understand the connection between short-term experimental results and long-term evolutionary processes.', 'acknowledge contribution': ""The speaker acknowledges Kim's earlier point about the need for stability in the context of time scales.""}",20134.0,94,0
2021_06_10_SLU_S5,2021_06_10_SLU_S5,,,"Uh, but then the question is, um, how do you um think about the long-term outcome of this?",,2021_06_10_SLU_S5_SLU,Dimitar Sasselov,,,,,915.359464627151,923.791586998088,,,SLU,919.5755258126195,"{'expand on existing idea': 'The speaker is building on the previous discussion about time scales, initiated by Meredith and others, by relating it to the experimental timescales used by Laurie and Aaron.', 'ask clarifying question': 'The speaker asks how to think about the long-term outcome of experiments and how long proto-cells can last before becoming self-sufficient, seeking to understand the connection between short-term experimental results and long-term evolutionary processes.', 'acknowledge contribution': ""The speaker acknowledges Kim's earlier point about the need for stability in the context of time scales.""}",20134.0,95,0
2021_06_10_SLU_S5,2021_06_10_SLU_S5,,,You this what you're making or producing will have to kind of fit the proto cells or whatever form of life is there for extended period of time.,,2021_06_10_SLU_S5_SLU,Dimitar Sasselov,,,,,923.7915869980878,937.282982791587,,,SLU,930.5372848948374,"{'expand on existing idea': 'The speaker is building on the previous discussion about time scales, initiated by Meredith and others, by relating it to the experimental timescales used by Laurie and Aaron.', 'ask clarifying question': 'The speaker asks how to think about the long-term outcome of experiments and how long proto-cells can last before becoming self-sufficient, seeking to understand the connection between short-term experimental results and long-term evolutionary processes.', 'acknowledge contribution': ""The speaker acknowledges Kim's earlier point about the need for stability in the context of time scales.""}",20134.0,96,0
2021_06_10_SLU_S5,2021_06_10_SLU_S5,,,"So it's not that we are talking about major cataclysms or catastrophes, uh, we also talking about slight changes in the environment which may kind of cut off this supply chain if you will that is feeding the proto cells.",,2021_06_10_SLU_S5_SLU,Dimitar Sasselov,,,,,937.2829827915868,957.8948374760994,,,SLU,947.5889101338431,"{'expand on existing idea': 'The speaker is building on the previous discussion about time scales, initiated by Meredith and others, by relating it to the experimental timescales used by Laurie and Aaron.', 'ask clarifying question': 'The speaker asks how to think about the long-term outcome of experiments and how long proto-cells can last before becoming self-sufficient, seeking to understand the connection between short-term experimental results and long-term evolutionary processes.', 'acknowledge contribution': ""The speaker acknowledges Kim's earlier point about the need for stability in the context of time scales.""}",20134.0,97,0
2021_06_10_SLU_S5,2021_06_10_SLU_S5,,,And does anybody know how long this uh kind of subsistence uh lack of self-sufficiency uh can last before they become self-sustained?,,2021_06_10_SLU_S5_SLU,Dimitar Sasselov,,,,,957.8948374760994,970.3556405353729,,,SLU,964.1252390057361,"{'expand on existing idea': 'The speaker is building on the previous discussion about time scales, initiated by Meredith and others, by relating it to the experimental timescales used by Laurie and Aaron.', 'ask clarifying question': 'The speaker asks how to think about the long-term outcome of experiments and how long proto-cells can last before becoming self-sufficient, seeking to understand the connection between short-term experimental results and long-term evolutionary processes.', 'acknowledge contribution': ""The speaker acknowledges Kim's earlier point about the need for stability in the context of time scales.""}",20134.0,98,0
2021_06_10_SLU_S5,2021_06_10_SLU_S5,,,"Because that's that's what I think Kim was talking about, you know, it's not just make them and they will come.",,2021_06_10_SLU_S5_SLU,Dimitar Sasselov,,,,,970.3556405353729,980.755258126195,,,SLU,975.555449330784,"{'expand on existing idea': 'The speaker is building on the previous discussion about time scales, initiated by Meredith and others, by relating it to the experimental timescales used by Laurie and Aaron.', 'ask clarifying question': 'The speaker asks how to think about the long-term outcome of experiments and how long proto-cells can last before becoming self-sufficient, seeking to understand the connection between short-term experimental results and long-term evolutionary processes.', 'acknowledge contribution': ""The speaker acknowledges Kim's earlier point about the need for stability in the context of time scales.""}",20134.0,99,0
2021_06_10_SLU_S5,2021_06_10_SLU_S5,,,You have to actually think about the short time time scales to and the long time scales.,,2021_06_10_SLU_S5_SLU,Dimitar Sasselov,,,,,980.755258126195,989.0,,,SLU,984.8776290630975,"{'expand on existing idea': 'The speaker is building on the previous discussion about time scales, initiated by Meredith and others, by relating it to the experimental timescales used by Laurie and Aaron.', 'ask clarifying question': 'The speaker asks how to think about the long-term outcome of experiments and how long proto-cells can last before becoming self-sufficient, seeking to understand the connection between short-term experimental results and long-term evolutionary processes.', 'acknowledge contribution': ""The speaker acknowledges Kim's earlier point about the need for stability in the context of time scales.""}",20134.0,100,0
2021_06_10_SLU_S5,2021_06_10_SLU_S5,,,But otherwise just let's talk.,,2021_06_10_SLU_S5_SLU,Dimitar Sasselov,,,,,20394.0,20394.0,,,SLU,20394.0,"{'encourage particpatioin': ""Dimitar encourages the group to start talking and sharing their thoughts on the topic, following Aaron's initial contribution.""}",20394.0,101,0
2021_06_10_SLU_S5,2021_06_10_SLU_S5,,,But uh I'm I I'm listening to you chemists and I totally sympathize that there are all these challenges but maybe this an opportunity for this particular occasion we have here where the guys from you know would fund something where at least there is an effort made to combine some of the constraints that Ziming was talking and the timing constraints that Kim brought up and and was talking and Peter's variety of things with what you know is happening in the lab or more importantly what's not possible to do in the lab.,,2021_06_10_SLU_S5_SLU,Dimitar Sasselov,,,,,1115.0,1154.7493188010899,,,SLU,1134.874659400545,"[{'propose decision': ""Dimitar suggests that the group should create a proposal to combine the constraints discussed by Ziming, Kim, and Peter with the lab work, addressing what is and isn't possible in the lab.""}, {'encourage particpatioin': 'Dimitar encourages the group to use their varied expertise to create a proposal, building on the challenges discussed by the chemists and the constraints mentioned by other members.'}]",21509.0,102,0
2021_06_10_SLU_S5,2021_06_10_SLU_S5,,,Um I think there is so much to do there and it could be of general use.,,2021_06_10_SLU_S5_SLU,Dimitar Sasselov,,,,,1154.7493188010899,1160.16621253406,,,SLU,1157.457765667575,"[{'propose decision': ""Dimitar suggests that the group should create a proposal to combine the constraints discussed by Ziming, Kim, and Peter with the lab work, addressing what is and isn't possible in the lab.""}, {'encourage particpatioin': 'Dimitar encourages the group to use their varied expertise to create a proposal, building on the challenges discussed by the chemists and the constraints mentioned by other members.'}]",21509.0,103,0
2021_06_10_SLU_S5,2021_06_10_SLU_S5,,,Particularly because what for example Laurie just shared with us about this particular problem is usually stuff that we never publish.,,2021_06_10_SLU_S5_SLU,Dimitar Sasselov,,,,,1160.16621253406,1170.3896457765668,,,SLU,1165.2779291553134,"[{'propose decision': ""Dimitar suggests that the group should create a proposal to combine the constraints discussed by Ziming, Kim, and Peter with the lab work, addressing what is and isn't possible in the lab.""}, {'encourage particpatioin': 'Dimitar encourages the group to use their varied expertise to create a proposal, building on the challenges discussed by the chemists and the constraints mentioned by other members.'}]",21509.0,104,0
2021_06_10_SLU_S5,2021_06_10_SLU_S5,,,I mean how do you publish a failed experiment which you can even say well you know I was to blame for it failing you know so how do you But it's so valuable because then somebody else looks at that and says oh but I think I know how I can improve this.,,2021_06_10_SLU_S5_SLU,Dimitar Sasselov,,,,,1170.3896457765666,1189.615803814714,,,SLU,1180.0027247956402,"[{'propose decision': ""Dimitar suggests that the group should create a proposal to combine the constraints discussed by Ziming, Kim, and Peter with the lab work, addressing what is and isn't possible in the lab.""}, {'encourage particpatioin': 'Dimitar encourages the group to use their varied expertise to create a proposal, building on the challenges discussed by the chemists and the constraints mentioned by other members.'}]",21509.0,105,0
2021_06_10_SLU_S5,2021_06_10_SLU_S5,,,So something of that sort where you have this very varied expertise here maybe you can make it into a proposal a proposals.,,2021_06_10_SLU_S5_SLU,Dimitar Sasselov,,,,,1189.6158038147137,1199.0,,,SLU,1194.3079019073568,"[{'propose decision': ""Dimitar suggests that the group should create a proposal to combine the constraints discussed by Ziming, Kim, and Peter with the lab work, addressing what is and isn't possible in the lab.""}, {'encourage particpatioin': 'Dimitar encourages the group to use their varied expertise to create a proposal, building on the challenges discussed by the chemists and the constraints mentioned by other members.'}]",21509.0,106,0
2021_06_10_SLU_S5,2021_06_10_SLU_S5,,,Great.,,2021_06_10_SLU_S5_SLU,Dimitar Sasselov,,,,,917.0,917.5217391304348,,,SLU,917.2608695652174,"{'acknowledge contribution': ""Dimitar acknowledges Aaron's introduction, showing he is listening and values the contribution.""}",22426.0,107,0
2021_06_10_SLU_S5,2021_06_10_SLU_S5,,,"Thank you, Aaron.",,2021_06_10_SLU_S5_SLU,Dimitar Sasselov,,,,,917.5217391304348,919.0,,,SLU,918.2608695652174,"{'acknowledge contribution': ""Dimitar acknowledges Aaron's introduction, showing he is listening and values the contribution.""}",22426.0,108,0
2021_06_10_SLU_S5,2021_06_10_SLU_S5,,,Great.,,2021_06_10_SLU_S5_SLU,Dimitar Sasselov,,,,,991.0,992.125,,,SLU,991.5625,"{'acknowledge contribution': ""Dimitar acknowledges Trinity's introduction, showing he is listening and appreciates her input.""}",22500.0,109,0
2021_06_10_SLU_S5,2021_06_10_SLU_S5,,,Thank you.,,2021_06_10_SLU_S5_SLU,Dimitar Sasselov,,,,,992.125,994.0,,,SLU,993.0625,"{'acknowledge contribution': ""Dimitar acknowledges Trinity's introduction, showing he is listening and appreciates her input.""}",22500.0,110,0
2021_06_10_SLU_S5,2021_06_10_SLU_S5,,,I guess the devil is in the details.,,2021_06_10_SLU_S5_SLU,Dimitar Sasselov,,,,,600.0,602.6024096385543,,,SLU,601.3012048192771,"{'present new idea': 'This utterance presents the idea that the key to progress lies in carefully selecting and combining the relevant factors or details, which is a novel concept in the context of the discussion.'}",23100.0,111,0
2021_06_10_SLU_S5,2021_06_10_SLU_S5,,,You have to choose the right things to combine.,,2021_06_10_SLU_S5_SLU,Dimitar Sasselov,,,,,602.6024096385543,606.0,,,SLU,604.3012048192771,"{'present new idea': 'This utterance presents the idea that the key to progress lies in carefully selecting and combining the relevant factors or details, which is a novel concept in the context of the discussion.'}",23100.0,112,0
2021_06_10_SLU_S5,2021_06_10_SLU_S5,,,"I think a big question is if we can see any of those excuse me, the evidence maybe for uh, you know, possible microorganisms that uh, you know, living, you know, in you know, beneath the ice core that um moon, right?",,2021_06_10_SLU_S5_SLU,Dimitar Sasselov,,,,,1143.9999999999998,1154.4192949907235,,,SLU,1149.2096474953617,"{'provide supporting evidence': 'The speaker references recent publications that suggest methanogenesis and the presence of organic molecules could support microorganisms beneath the ice core of a moon, providing evidence for the possibility of life.', 'expand on existing idea': ""The speaker expands on the discussion about Enceladus by suggesting that evidence of microorganisms might be found beneath its ice core, building on the previous discussion about the moon's potential for prebiotic chemistry."", 'explain or define term or concept': 'The speaker explains the concept of methanogenesis and its potential role in supporting microorganisms, clarifying how these organisms could utilize methane and other organic molecules for their metabolism.'}",23644.0,113,0
2021_06_10_SLU_S5,2021_06_10_SLU_S5,,,"So so I think the reason paper, you know, like uh the big publications, they suggest, you know, there could be somezation process, they have enough methane and some, you know, small organic molecules, organic nitrogen compounds that maybe the the micros will be favorable, you know, using them, right, for their metabolism.",,2021_06_10_SLU_S5_SLU,Dimitar Sasselov,,,,,1154.4192949907238,1170.0,,,SLU,1162.2096474953619,"{'provide supporting evidence': 'The speaker references recent publications that suggest methanogenesis and the presence of organic molecules could support microorganisms beneath the ice core of a moon, providing evidence for the possibility of life.', 'expand on existing idea': ""The speaker expands on the discussion about Enceladus by suggesting that evidence of microorganisms might be found beneath its ice core, building on the previous discussion about the moon's potential for prebiotic chemistry."", 'explain or define term or concept': 'The speaker explains the concept of methanogenesis and its potential role in supporting microorganisms, clarifying how these organisms could utilize methane and other organic molecules for their metabolism.'}",23644.0,114,0
2021_06_10_SLU_S5,2021_06_10_SLU_S5,,,I think they like to use their Google Docs so that they can combine them in some way.,,2021_06_10_SLU_S5_SLU,Dimitar Sasselov,,,,,734.0,741.0,,,SLU,737.5,"{'explain or define term or concept': ""The utterance explains the reasoning behind using the conference-provided Google Docs, stating that it's for the purpose of combining the information later, which clarifies the process for Kimberly.""}",24378.0,115,0
2021_06_10_SLU_S5,2021_06_10_SLU_S5,,,"I wrote something myself and just to break the ice, I'll tell you what it is.",,2021_06_10_SLU_S5_SLU,Dimitar Sasselov,,,,,792.0,803.5314009661836,,,SLU,797.7657004830918,"{'present new idea': 'The speaker introduces a provocative question about the relevance of discussing necessary and sufficient conditions for life when the main goal is to find life beyond Earth, which is a novel idea not previously discussed.', 'ask clarifying question': 'The speaker poses a question about why discussing the necessary and sufficient conditions for life is relevant to finding life beyond Earth, seeking clarification on the connection between these topics.', 'expand on existing idea': ""The speaker builds upon Tim Lyons' initial answer by suggesting that the connection might be about the complementarity between exoplanet research and origin of life science, expanding on the idea of relevance."", 'express enthusiasm': 'The speaker expresses enthusiasm by saying that the question is provocative and that it is important to think about the connections between exoplanet research and origin of life science.'}",24436.0,116,0
2021_06_10_SLU_S5,2021_06_10_SLU_S5,,,It's a little bit provocative.,,2021_06_10_SLU_S5_SLU,Dimitar Sasselov,,,,,803.5314009661835,808.024154589372,,,SLU,805.7777777777777,"{'present new idea': 'The speaker introduces a provocative question about the relevance of discussing necessary and sufficient conditions for life when the main goal is to find life beyond Earth, which is a novel idea not previously discussed.', 'ask clarifying question': 'The speaker poses a question about why discussing the necessary and sufficient conditions for life is relevant to finding life beyond Earth, seeking clarification on the connection between these topics.', 'expand on existing idea': ""The speaker builds upon Tim Lyons' initial answer by suggesting that the connection might be about the complementarity between exoplanet research and origin of life science, expanding on the idea of relevance."", 'express enthusiasm': 'The speaker expresses enthusiasm by saying that the question is provocative and that it is important to think about the connections between exoplanet research and origin of life science.'}",24436.0,117,0
2021_06_10_SLU_S5,2021_06_10_SLU_S5,,,"So my kind of question for this is if if the main goal of this dialogue is how to find and you know, how to go about finding if there is life beyond earth, why is this topic about the necessary and sufficient conditions for life even relevant at all?",,2021_06_10_SLU_S5_SLU,Dimitar Sasselov,,,,,808.0241545893718,845.463768115942,,,SLU,826.7439613526569,"{'present new idea': 'The speaker introduces a provocative question about the relevance of discussing necessary and sufficient conditions for life when the main goal is to find life beyond Earth, which is a novel idea not previously discussed.', 'ask clarifying question': 'The speaker poses a question about why discussing the necessary and sufficient conditions for life is relevant to finding life beyond Earth, seeking clarification on the connection between these topics.', 'expand on existing idea': ""The speaker builds upon Tim Lyons' initial answer by suggesting that the connection might be about the complementarity between exoplanet research and origin of life science, expanding on the idea of relevance."", 'express enthusiasm': 'The speaker expresses enthusiasm by saying that the question is provocative and that it is important to think about the connections between exoplanet research and origin of life science.'}",24436.0,118,0
2021_06_10_SLU_S5,2021_06_10_SLU_S5,,,Like why even discuss this?,,2021_06_10_SLU_S5_SLU,Dimitar Sasselov,,,,,845.4637681159421,849.5072463768116,,,SLU,847.4855072463769,"{'present new idea': 'The speaker introduces a provocative question about the relevance of discussing necessary and sufficient conditions for life when the main goal is to find life beyond Earth, which is a novel idea not previously discussed.', 'ask clarifying question': 'The speaker poses a question about why discussing the necessary and sufficient conditions for life is relevant to finding life beyond Earth, seeking clarification on the connection between these topics.', 'expand on existing idea': ""The speaker builds upon Tim Lyons' initial answer by suggesting that the connection might be about the complementarity between exoplanet research and origin of life science, expanding on the idea of relevance."", 'express enthusiasm': 'The speaker expresses enthusiasm by saying that the question is provocative and that it is important to think about the connections between exoplanet research and origin of life science.'}",24436.0,119,0
2021_06_10_SLU_S5,2021_06_10_SLU_S5,,,"So I think Tim Lyons kind of started answering that question, but you know, we have to think about, you know, what are the connections?",,2021_06_10_SLU_S5_SLU,Dimitar Sasselov,,,,,849.5072463768116,869.7246376811594,,,SLU,859.6159420289855,"{'present new idea': 'The speaker introduces a provocative question about the relevance of discussing necessary and sufficient conditions for life when the main goal is to find life beyond Earth, which is a novel idea not previously discussed.', 'ask clarifying question': 'The speaker poses a question about why discussing the necessary and sufficient conditions for life is relevant to finding life beyond Earth, seeking clarification on the connection between these topics.', 'expand on existing idea': ""The speaker builds upon Tim Lyons' initial answer by suggesting that the connection might be about the complementarity between exoplanet research and origin of life science, expanding on the idea of relevance."", 'express enthusiasm': 'The speaker expresses enthusiasm by saying that the question is provocative and that it is important to think about the connections between exoplanet research and origin of life science.'}",24436.0,120,0
2021_06_10_SLU_S5,2021_06_10_SLU_S5,,,Maybe that's actually about the complementarity between exoplanet research and origin of life science.,,2021_06_10_SLU_S5_SLU,Dimitar Sasselov,,,,,869.7246376811595,885.0,,,SLU,877.3623188405797,"{'present new idea': 'The speaker introduces a provocative question about the relevance of discussing necessary and sufficient conditions for life when the main goal is to find life beyond Earth, which is a novel idea not previously discussed.', 'ask clarifying question': 'The speaker poses a question about why discussing the necessary and sufficient conditions for life is relevant to finding life beyond Earth, seeking clarification on the connection between these topics.', 'expand on existing idea': ""The speaker builds upon Tim Lyons' initial answer by suggesting that the connection might be about the complementarity between exoplanet research and origin of life science, expanding on the idea of relevance."", 'express enthusiasm': 'The speaker expresses enthusiasm by saying that the question is provocative and that it is important to think about the connections between exoplanet research and origin of life science.'}",24436.0,121,0
2021_06_10_SLU_S5,2021_06_10_SLU_S5,,,Is it difficult for you to find it?,,2021_06_10_SLU_S5_SLU,Dimitar Sasselov,,,,,741.0,744.0,,,SLU,742.5,"{'ask clarifying question': 'Kimberly asked if there was a specific note document, and Dimitar is now asking if it is difficult for her to find the Google Doc link.'}",25177.0,122,0
2021_06_10_SLU_S5,2021_06_10_SLU_S5,,,"Just to continue on that, Laurie, what what were your kind of uh topics on that topic as we are still talking about the chemistry here.",,2021_06_10_SLU_S5_SLU,Dimitar Sasselov,,,,,737.0,749.0,,,SLU,743.0,"{'encourage particpatioin': ""Dimitar is encouraging Laurie to share her thoughts on the chemistry topic that they are currently discussing, building on Laurie's previous contributions about alternative solvents."", 'expand on existing idea': 'Dimitar is prompting Laurie to elaborate on her previous points regarding the chemistry topic, specifically asking about her topics related to the ongoing discussion.'}",25914.0,123,0
2021_06_10_SLU_S5,2021_06_10_SLU_S5,,,Of course the chemist think we should start with chemistry.,,2021_06_10_SLU_S5_SLU,Dimitar Sasselov,,,,,26062.0,26062.0,,,SLU,26062.0,"{'express humor': ""The speaker is making a lighthearted observation about chemists' tendency to prioritize chemistry, likely intended as a joke to ease the conversation.""}",26062.0,124,0
2021_06_10_SLU_S5,2021_06_10_SLU_S5,,,"Oh, I'm sorry to hear that.",,2021_06_10_SLU_S5_SLU,Dimitar Sasselov,,,,,621.0,623.0,,,SLU,622.0,{'express sympathy': 'The speaker expresses sympathy upon hearing that Sarah might have had a family emergency.'},26683.0,125,0
2021_06_10_SLU_S5,2021_06_10_SLU_S5,,,"Oh, great.",,2021_06_10_SLU_S5_SLU,Dimitar Sasselov,,,,,688.9999999999999,689.722891566265,,,SLU,689.3614457831325,"{'acknowledge contribution': ""Dimitar acknowledges Kimberly's offer to volunteer as the recorder."", 'confirm decision': 'Dimitar confirms Kimberly will be the recorder and reporter, finalizing the decision.'}",26751.0,126,0
2021_06_10_SLU_S5,2021_06_10_SLU_S5,,,"Thank you, Kimberly.",,2021_06_10_SLU_S5_SLU,Dimitar Sasselov,,,,,689.722891566265,691.1686746987951,,,SLU,690.4457831325301,"{'acknowledge contribution': ""Dimitar acknowledges Kimberly's offer to volunteer as the recorder."", 'confirm decision': 'Dimitar confirms Kimberly will be the recorder and reporter, finalizing the decision.'}",26751.0,127,0
2021_06_10_SLU_S5,2021_06_10_SLU_S5,,,So Kimberly is going to be our recorder and reporter.,,2021_06_10_SLU_S5_SLU,Dimitar Sasselov,,,,,691.1686746987953,695.0,,,SLU,693.0843373493976,"{'acknowledge contribution': ""Dimitar acknowledges Kimberly's offer to volunteer as the recorder."", 'confirm decision': 'Dimitar confirms Kimberly will be the recorder and reporter, finalizing the decision.'}",26751.0,128,0
2021_06_10_SLU_S5,2021_06_10_SLU_S5,,,"Oh, yeah.",,2021_06_10_SLU_S5_SLU,Dimitar Sasselov,,,,,642.0,643.0,,,SLU,642.5,"{'acknowledge contribution': ""Dimitar acknowledges Laurie's contribution about the team from the Origin of Life Ideas Lab, showing he heard and registered her input.""}",27393.0,129,0
2021_06_10_SLU_S5,2021_06_10_SLU_S5,,,"Okay, so",,2021_06_10_SLU_S5_SLU,Dimitar Sasselov,,,,,27541.0,27541.0,,,SLU,27541.0,"{'None': 'This utterance does not contain any specific content that aligns with the provided codes, as it is simply a transitional phrase.'}",27541.0,130,0
2021_06_10_SLU_S5,2021_06_10_SLU_S5,,,Okay.,,2021_06_10_SLU_S5_SLU,Dimitar Sasselov,,,,,27832.0,27832.0,,,SLU,27832.0,[{'acknowledge contribution': 'The speaker is acknowledging the previous turn-taking and signaling a transition in the conversation.'}],27832.0,131,0
2021_06_10_SLU_S5,2021_06_10_SLU_S5,,,Okay.,,2021_06_10_SLU_S5_SLU,Dimitar Sasselov,,,,,622.9999999999999,623.4347826086956,,,SLU,623.2173913043478,"{'explain or define term or concept': 'The speaker explains the topic of group 1.2 as what it takes for life to emerge on a planet, connecting it to a previous discussion by Wiki.', 'present new idea': 'The speaker introduces the topic of the group, which is about the conditions for life to emerge on a planet, which is a new topic for this specific group.'}",28455.0,132,0
2021_06_10_SLU_S5,2021_06_10_SLU_S5,,,"Well, um, welcome everybody to group 1.2.",,2021_06_10_SLU_S5_SLU,Dimitar Sasselov,,,,,623.4347826086957,627.0,,,SLU,625.2173913043479,"{'explain or define term or concept': 'The speaker explains the topic of group 1.2 as what it takes for life to emerge on a planet, connecting it to a previous discussion by Wiki.', 'present new idea': 'The speaker introduces the topic of the group, which is about the conditions for life to emerge on a planet, which is a new topic for this specific group.'}",28455.0,133,0
2021_06_10_SLU_S5,2021_06_10_SLU_S5,,,"Uh, that's uh, I think our topic is uh, a little bit of what Wiki was talking about, you know, what does it take for life to emerge on a planet, I guess, not in the lab, but generally.",,2021_06_10_SLU_S5_SLU,Dimitar Sasselov,,,,,627.0,643.0,,,SLU,635.0,"{'explain or define term or concept': 'The speaker explains the topic of group 1.2 as what it takes for life to emerge on a planet, connecting it to a previous discussion by Wiki.', 'present new idea': 'The speaker introduces the topic of the group, which is about the conditions for life to emerge on a planet, which is a new topic for this specific group.'}",28455.0,134,0
2021_06_10_SLU_S5,2021_06_10_SLU_S5,,,Peter there is a good place for modeling which really helps with the experiments and some of the rates that can be extrapolated from the experiments but it's kind of it goes together it's not one or the other.,,2021_06_10_SLU_S5_SLU,Dimitar Sasselov,,,,,793.0,810.0,,,SLU,801.5,"{'expand on existing idea': ""Dimitar is building on Peter's question about modeling the synthesis of complex molecules, adding that modeling can help with experiments and extrapolate rates."", 'provide supporting evidence': 'Dimitar supports the idea of modeling by stating that it helps with experiments and rates, providing evidence for its usefulness.', 'resolve conflict': 'Dimitar is mediating between the idea of modeling versus experiments, stating that they go together and are not mutually exclusive, resolving the potential conflict.'}",28625.0,135,0
2021_06_10_SLU_S5,2021_06_10_SLU_S5,,,So Kimberly Lau is next.,,2021_06_10_SLU_S5_SLU,Dimitar Sasselov,,,,,1051.0,1054.0,,,SLU,1052.5,"{'encourage particpatioin': 'Dimitar is inviting Kimberly to introduce herself next, following the established order.'}",28883.0,136,0
2021_06_10_SLU_S5,2021_06_10_SLU_S5,,,So Peter do you think the geochemist and geophysicist could contribute to these time scales?,,2021_06_10_SLU_S5_SLU,Dimitar Sasselov,,,,,632.0000000000001,640.6701570680628,,,SLU,636.3350785340315,"{'ask clarifying question': 'Dimitar is asking Peter, a geophysicist, if geochemists and geophysicists can help constrain the time scales for prebiotic chemistry, seeking to understand the limits on stable conditions for chemical reactions.'}",29515.0,137,0
2021_06_10_SLU_S5,2021_06_10_SLU_S5,,,I mean like can you put some limits on conditions could be stable enough to get the chemistry done?,,2021_06_10_SLU_S5_SLU,Dimitar Sasselov,,,,,640.6701570680627,650.0,,,SLU,645.3350785340314,"{'ask clarifying question': 'Dimitar is asking Peter, a geophysicist, if geochemists and geophysicists can help constrain the time scales for prebiotic chemistry, seeking to understand the limits on stable conditions for chemical reactions.'}",29515.0,138,0
2021_06_10_SLU_S5,2021_06_10_SLU_S5,,,"So Peter, I'd like uh uh this saying by Stanley Miller or attributed to him that if it takes life to emerge uh more a million years or longer, it will never emerge.",,2021_06_10_SLU_S5_SLU,Dimitar Sasselov,,,,,901.0,914.0,,,SLU,907.5,"{'present new idea': 'Dimitar introduces the idea that if life takes longer than a million years to emerge, it will never emerge, attributing this saying to Stanley Miller, which is a novel concept in the discussion.', 'explain or define term or concept': 'Dimitar is explaining the concept that there is a time limit for life to emerge, and if it takes longer than a million years, it will not happen, which is a definition of a constraint on the emergence of life.'}",29784.0,139,0
2021_06_10_SLU_S5,2021_06_10_SLU_S5,,,So can we um.,,2021_06_10_SLU_S5_SLU,Dimitar Sasselov,,,,,1061.0,1064.0,,,SLU,1062.5,"[{'encourage particpatioin': 'Dimitar is encouraging participation by ending his turn with an open invitation for others to speak, following a discussion about time scales and experimental constraints.'}]",29944.0,140,0
2021_06_10_SLU_S5,2021_06_10_SLU_S5,,,So one more diversity factor to what Peter was already talking about multiple environments on a planet.,,2021_06_10_SLU_S5_SLU,Dimitar Sasselov,,,,,882.9999999999999,890.6539278131635,,,SLU,886.8269639065817,"[{'expand on existing idea': 'The speaker is expanding on the idea of multiple environments on a planet, which Peter mentioned earlier, by adding the diversity factor of photochemistry due to UV.'}, {'acknowledge contribution': ""The speaker acknowledges Tim Lyons's contribution by mentioning that he pointed out that UV is one of the reasons why the atmosphere quickly tends to become oxidizing in rocky planets.""}, {'encourage particpatioin': 'The speaker encourages Liming to participate by asking if he is studying those effects himself with the atmospheric chemistry he does.'}]",30827.0,141,0
2021_06_10_SLU_S5,2021_06_10_SLU_S5,,,And uh the photochemistry of due to UV is important to the atmosphere as well as Tim Lions was pointing out that's one of the reasons why the atmosphere uh quickly tends to uh to become oxidizing in rocky planets because of the loss of hydrogen and the UV effect on this.,,2021_06_10_SLU_S5_SLU,Dimitar Sasselov,,,,,890.6539278131635,910.791932059448,,,SLU,900.7229299363057,"[{'expand on existing idea': 'The speaker is expanding on the idea of multiple environments on a planet, which Peter mentioned earlier, by adding the diversity factor of photochemistry due to UV.'}, {'acknowledge contribution': ""The speaker acknowledges Tim Lyons's contribution by mentioning that he pointed out that UV is one of the reasons why the atmosphere quickly tends to become oxidizing in rocky planets.""}, {'encourage particpatioin': 'The speaker encourages Liming to participate by asking if he is studying those effects himself with the atmospheric chemistry he does.'}]",30827.0,142,0
2021_06_10_SLU_S5,2021_06_10_SLU_S5,,,Liming you are probably uh studying those effects yourself with the atmospheric chemistry you do.,,2021_06_10_SLU_S5_SLU,Dimitar Sasselov,,,,,910.7919320594481,918.0,,,SLU,914.395966029724,"[{'expand on existing idea': 'The speaker is expanding on the idea of multiple environments on a planet, which Peter mentioned earlier, by adding the diversity factor of photochemistry due to UV.'}, {'acknowledge contribution': ""The speaker acknowledges Tim Lyons's contribution by mentioning that he pointed out that UV is one of the reasons why the atmosphere quickly tends to become oxidizing in rocky planets.""}, {'encourage particpatioin': 'The speaker encourages Liming to participate by asking if he is studying those effects himself with the atmospheric chemistry he does.'}]",30827.0,143,0
2021_06_10_SLU_S5,2021_06_10_SLU_S5,,,"So shall I ask people, Aaron, you're next then.",,2021_06_10_SLU_S5_SLU,Dimitar Sasselov,,,,,866.0,874.0,,,SLU,870.0,"{'encourage particpatioin': ""Dimitar is explicitly inviting Aaron to participate by giving his introduction next, following Laurie's introduction.""}",31693.0,144,0
2021_06_10_SLU_S5,2021_06_10_SLU_S5,,,So the actual uh emergence is I I think is not a very long uh process.,,2021_06_10_SLU_S5_SLU,Dimitar Sasselov,,,,,914.0,923.1394658753709,,,SLU,918.5697329376854,"[{'explain or define term or concept': 'The speaker is explaining that the emergence of life is thought to be a relatively short process, addressing the question of why it took a billion years for life to begin on Earth raised by Peter.'}, {'provide supporting evidence': 'The speaker provides supporting evidence by stating that there is no evidence of life on Earth before 3.5-3.9 billion years ago because there are no rocks older than 3.9 billion years.'}]",31741.0,145,0
2021_06_10_SLU_S5,2021_06_10_SLU_S5,,,"Uh we don't have evidence on the earth before 3.5, 3.9 years uh billion years ago because there are no rocks older than 3.9.",,2021_06_10_SLU_S5_SLU,Dimitar Sasselov,,,,,923.139465875371,939.3293768545994,,,SLU,931.2344213649852,"[{'explain or define term or concept': 'The speaker is explaining that the emergence of life is thought to be a relatively short process, addressing the question of why it took a billion years for life to begin on Earth raised by Peter.'}, {'provide supporting evidence': 'The speaker provides supporting evidence by stating that there is no evidence of life on Earth before 3.5-3.9 billion years ago because there are no rocks older than 3.9 billion years.'}]",31741.0,146,0
2021_06_10_SLU_S5,2021_06_10_SLU_S5,,,"So you know, the zircons give you some information, but they're not real sedimentary rocks.",,2021_06_10_SLU_S5_SLU,Dimitar Sasselov,,,,,939.3293768545993,951.2106824925816,,,SLU,945.2700296735904,"[{'explain or define term or concept': 'The speaker is explaining that the emergence of life is thought to be a relatively short process, addressing the question of why it took a billion years for life to begin on Earth raised by Peter.'}, {'provide supporting evidence': 'The speaker provides supporting evidence by stating that there is no evidence of life on Earth before 3.5-3.9 billion years ago because there are no rocks older than 3.9 billion years.'}]",31741.0,147,0
2021_06_10_SLU_S5,2021_06_10_SLU_S5,,,And um there is no particular idea how long it took.,,2021_06_10_SLU_S5_SLU,Dimitar Sasselov,,,,,951.2106824925816,958.0,,,SLU,954.6053412462908,"[{'explain or define term or concept': 'The speaker is explaining that the emergence of life is thought to be a relatively short process, addressing the question of why it took a billion years for life to begin on Earth raised by Peter.'}, {'provide supporting evidence': 'The speaker provides supporting evidence by stating that there is no evidence of life on Earth before 3.5-3.9 billion years ago because there are no rocks older than 3.9 billion years.'}]",31741.0,148,0
2021_06_10_SLU_S5,2021_06_10_SLU_S5,,,So there we go.,,2021_06_10_SLU_S5_SLU,Dimitar Sasselov,,,,,32626.0,32626.0,,,SLU,32626.0,"{'propose decision': 'Dimitar proposes to start the discussion with chemistry, following up on his previous comment that chemists think the discussion should start with chemistry.'}",32626.0,149,0
2021_06_10_SLU_S5,2021_06_10_SLU_S5,,,Why don't we start with the chemistry then?,,2021_06_10_SLU_S5_SLU,Dimitar Sasselov,,,,,32626.0,32626.0,,,SLU,32626.0,"{'propose decision': 'Dimitar proposes to start the discussion with chemistry, following up on his previous comment that chemists think the discussion should start with chemistry.'}",32626.0,150,0
2021_06_10_SLU_S5,2021_06_10_SLU_S5,,,"So to give us, thank you Kimberly, that's great.",,2021_06_10_SLU_S5_SLU,Dimitar Sasselov,,,,,773.0000000000001,777.3636363636364,,,SLU,775.1818181818182,"{'acknowledge contribution': ""Dimitar acknowledges Kimberly's effort in creating the Google Doc for the group, showing appreciation for her contribution."", 'express enthusiasm': ""Dimitar expresses enthusiasm with 'that's great' after Kimberly created the Google Doc, showing his positive attitude."", 'explain or define term or concept': 'Dimitar explains the purpose of the Google Doc is to give the group more time for discussions.'}",33399.0,151,0
2021_06_10_SLU_S5,2021_06_10_SLU_S5,,,"To give us time uh, more time for some discussions.",,2021_06_10_SLU_S5_SLU,Dimitar Sasselov,,,,,777.3636363636363,782.0,,,SLU,779.6818181818181,"{'acknowledge contribution': ""Dimitar acknowledges Kimberly's effort in creating the Google Doc for the group, showing appreciation for her contribution."", 'express enthusiasm': ""Dimitar expresses enthusiasm with 'that's great' after Kimberly created the Google Doc, showing his positive attitude."", 'explain or define term or concept': 'Dimitar explains the purpose of the Google Doc is to give the group more time for discussions.'}",33399.0,152,0
2021_06_10_SLU_S5,2021_06_10_SLU_S5,,,"So uh, do you have access to the Google Doc uh, doc for our group 1.2?",,2021_06_10_SLU_S5_SLU,Dimitar Sasselov,,,,,696.0,702.0,,,SLU,699.0,"{'ask clarifying question': 'The speaker is asking if Kimberly has access to the Google Doc, seeking confirmation on a logistical detail.'}",34095.0,153,0
2021_06_10_SLU_S5,2021_06_10_SLU_S5,,,So we'll be kicked out of here in 30 seconds.,,2021_06_10_SLU_S5_SLU,Dimitar Sasselov,,,,,930.0000000000001,933.7261146496816,,,SLU,931.8630573248408,"{'encourage particpatioin': 'Dimitar is encouraging Kimberly to summarize the discussion, specifically mentioning that the idea of interaction between chemistry, geochemistry, astrochemistry, and astronomy was partly her original idea.', 'assign task': 'Dimitar is assigning Kimberly the task of summarizing the discussion.'}",34329.0,154,0
2021_06_10_SLU_S5,2021_06_10_SLU_S5,,,"And so Kim, do you feel comfortable that you can at least uh say something about I think it's basically your partly your original idea is that it's this interaction or collaboration between the chemistry in the lab and the geochemistry and astrochemistry and astronomy.",,2021_06_10_SLU_S5_SLU,Dimitar Sasselov,,,,,933.7261146496814,956.0,,,SLU,944.8630573248407,"{'encourage particpatioin': 'Dimitar is encouraging Kimberly to summarize the discussion, specifically mentioning that the idea of interaction between chemistry, geochemistry, astrochemistry, and astronomy was partly her original idea.', 'assign task': 'Dimitar is assigning Kimberly the task of summarizing the discussion.'}",34329.0,155,0
2021_06_10_SLU_S5,2021_06_10_SLU_S5,,,"So yeah, I'll let other people jump in and talk.",,2021_06_10_SLU_S5_SLU,Dimitar Sasselov,,,,,708.0,710.0,,,SLU,709.0,"{'encourage particpatioin': ""Dimitar encourages others to contribute to the discussion, following Laurie's comments on hydrophobic chemistry.""}",35037.0,156,0
2021_06_10_SLU_S5,2021_06_10_SLU_S5,,,"So, Laurie, is that um kind of to say that there is a lot of action there and maybe it's not worth to discuss here more or is there something more to do that they are not doing?",,2021_06_10_SLU_S5_SLU,Dimitar Sasselov,,,,,654.0,668.4663461538462,,,SLU,661.2331730769231,"{'ask clarifying question': ""Dimitar is asking Laurie to clarify whether the existing research on alternative solvents means there's little value in discussing it further in their group, or if there are still unexplored avenues.""}",35691.0,157,0
2021_06_10_SLU_S5,2021_06_10_SLU_S5,,,I'm not that aware so you know.,,2021_06_10_SLU_S5_SLU,Dimitar Sasselov,,,,,668.4663461538462,671.0,,,SLU,669.7331730769231,"{'ask clarifying question': ""Dimitar is asking Laurie to clarify whether the existing research on alternative solvents means there's little value in discussing it further in their group, or if there are still unexplored avenues.""}",35691.0,158,0
2021_06_10_SLU_S5,2021_06_10_SLU_S5,,,"So, uh, Peter, how about you go next?",,2021_06_10_SLU_S5_SLU,Dimitar Sasselov,,,,,920.0,923.0,,,SLU,921.5,"{'encourage particpatioin': 'Dimitar is explicitly asking Peter to participate in the introductions, continuing the round-robin format established earlier.'}",35957.0,159,0
2021_06_10_SLU_S5,2021_06_10_SLU_S5,,,"So, um, Laurie, could we start with you?",,2021_06_10_SLU_S5_SLU,Dimitar Sasselov,,,,,825.0,829.8,,,SLU,827.4,"{'encourage particpatioin': 'Dimitar is explicitly asking Laurie to start the introductions, encouraging her participation in the discussion.'}",36782.0,160,0
2021_06_10_SLU_S5,2021_06_10_SLU_S5,,,Hi Laurie.,,2021_06_10_SLU_S5_SLU,Dimitar Sasselov,,,,,829.8,831.0,,,SLU,830.4,"{'encourage particpatioin': 'Dimitar is explicitly asking Laurie to start the introductions, encouraging her participation in the discussion.'}",36782.0,161,0
2021_06_10_SLU_S5,2021_06_10_SLU_S5,,,So.,,2021_06_10_SLU_S5_SLU,Dimitar Sasselov,,,,,37018.0,37018.0,,,SLU,37018.0,[{'None': 'No code applies to this utterance.'}],37018.0,162,0
2021_06_10_SLU_S5,2021_06_10_SLU_S5,,,"Sorry, sorry, yes.",,2021_06_10_SLU_S5_SLU,Dimitar Sasselov,,,,,853.9999999999999,855.1612903225806,,,SLU,854.5806451612902,"[{'acknowledge contribution': 'Dimitar acknowledges that Kimberly was trying to speak, recognizing her intention to contribute to the discussion.'}]",37872.0,163,0
2021_06_10_SLU_S5,2021_06_10_SLU_S5,,,"Sorry, sorry.",,2021_06_10_SLU_S5_SLU,Dimitar Sasselov,,,,,855.1612903225807,856.0,,,SLU,855.5806451612904,"[{'acknowledge contribution': 'Dimitar acknowledges that Kimberly was trying to speak, recognizing her intention to contribute to the discussion.'}]",37872.0,164,0
2021_06_10_SLU_S5,2021_06_10_SLU_S5,,,Sure.,,2021_06_10_SLU_S5_SLU,Dimitar Sasselov,,,,,38063.0,38063.0,,,SLU,38063.0,{'express agreement': 'The speaker is agreeing with the previous statement about needing a specific configuration of amino acids to emerge in order for it to fold.'},38063.0,165,0
2021_06_10_SLU_S5,2021_06_10_SLU_S5,,,Thank you Richard.,,2021_06_10_SLU_S5_SLU,Dimitar Sasselov,,,,,1059.0000000000002,1059.5142857142857,,,SLU,1059.257142857143,"{'acknowledge contribution': {'Explanation': ""Dimitar acknowledges Richard's contribution of reminding the group to add points to the PowerPoint slides.""}}",38077.0,166,0
2021_06_10_SLU_S5,2021_06_10_SLU_S5,,,"In fact, that's what I was going to pipe in is like.",,2021_06_10_SLU_S5_SLU,Dimitar Sasselov,,,,,1059.5142857142855,1061.0,,,SLU,1060.2571428571428,"{'acknowledge contribution': {'Explanation': ""Dimitar acknowledges Richard's contribution of reminding the group to add points to the PowerPoint slides.""}}",38077.0,167,0
2021_06_10_SLU_S5,2021_06_10_SLU_S5,,,"Thank you Ziming and that's true for all of us and as you can see, we have very diverse group.",,2021_06_10_SLU_S5_SLU,Dimitar Sasselov,,,,,636.0,643.5750915750916,,,SLU,639.7875457875458,"[{'acknowledge contribution': 'Dimitar thanks Ziming for their introduction, acknowledging their contribution to the discussion.', 'explain or define term or concept': 'Dimitar explains the diversity of the group, listing the different scientific backgrounds represented to highlight the need to avoid jargon.', 'encourage particpatioin': 'Dimitar encourages participation by asking everyone to take a minute to think about important questions to discuss, setting the stage for the group discussion.'}]",38713.0,168,0
2021_06_10_SLU_S5,2021_06_10_SLU_S5,,,"So we have astronomers, planetary scientists, micro biologist and chemists and geochemists.",,2021_06_10_SLU_S5_SLU,Dimitar Sasselov,,,,,643.5750915750916,650.9084249084249,,,SLU,647.2417582417582,"[{'acknowledge contribution': 'Dimitar thanks Ziming for their introduction, acknowledging their contribution to the discussion.', 'explain or define term or concept': 'Dimitar explains the diversity of the group, listing the different scientific backgrounds represented to highlight the need to avoid jargon.', 'encourage particpatioin': 'Dimitar encourages participation by asking everyone to take a minute to think about important questions to discuss, setting the stage for the group discussion.'}]",38713.0,169,0
2021_06_10_SLU_S5,2021_06_10_SLU_S5,,,So we'll have to I'll keep track of not using too much jargon.,,2021_06_10_SLU_S5_SLU,Dimitar Sasselov,,,,,650.9084249084249,655.9047619047619,,,SLU,653.4065934065934,"[{'acknowledge contribution': 'Dimitar thanks Ziming for their introduction, acknowledging their contribution to the discussion.', 'explain or define term or concept': 'Dimitar explains the diversity of the group, listing the different scientific backgrounds represented to highlight the need to avoid jargon.', 'encourage particpatioin': 'Dimitar encourages participation by asking everyone to take a minute to think about important questions to discuss, setting the stage for the group discussion.'}]",38713.0,170,0
2021_06_10_SLU_S5,2021_06_10_SLU_S5,,,"So I may be annoying from time to time and asking you to tell me what it means because usually I'm the one who doesn't know, but it may help some other people too.",,2021_06_10_SLU_S5_SLU,Dimitar Sasselov,,,,,655.9047619047618,669.040293040293,,,SLU,662.4725274725274,"[{'acknowledge contribution': 'Dimitar thanks Ziming for their introduction, acknowledging their contribution to the discussion.', 'explain or define term or concept': 'Dimitar explains the diversity of the group, listing the different scientific backgrounds represented to highlight the need to avoid jargon.', 'encourage particpatioin': 'Dimitar encourages participation by asking everyone to take a minute to think about important questions to discuss, setting the stage for the group discussion.'}]",38713.0,171,0
2021_06_10_SLU_S5,2021_06_10_SLU_S5,,,"So before we start the discussions, um let's take that minute of silence or minute in which we can all write down or think about what is an important or are important questions to discuss in the topic of this group.",,2021_06_10_SLU_S5_SLU,Dimitar Sasselov,,,,,669.040293040293,686.3663003663004,,,SLU,677.7032967032967,"[{'acknowledge contribution': 'Dimitar thanks Ziming for their introduction, acknowledging their contribution to the discussion.', 'explain or define term or concept': 'Dimitar explains the diversity of the group, listing the different scientific backgrounds represented to highlight the need to avoid jargon.', 'encourage particpatioin': 'Dimitar encourages participation by asking everyone to take a minute to think about important questions to discuss, setting the stage for the group discussion.'}]",38713.0,172,0
2021_06_10_SLU_S5,2021_06_10_SLU_S5,,,"And this group's topic is quite deep and broad, so there may be all kind of different ways to think of what is the most important.",,2021_06_10_SLU_S5_SLU,Dimitar Sasselov,,,,,686.3663003663005,696.8424908424909,,,SLU,691.6043956043957,"[{'acknowledge contribution': 'Dimitar thanks Ziming for their introduction, acknowledging their contribution to the discussion.', 'explain or define term or concept': 'Dimitar explains the diversity of the group, listing the different scientific backgrounds represented to highlight the need to avoid jargon.', 'encourage particpatioin': 'Dimitar encourages participation by asking everyone to take a minute to think about important questions to discuss, setting the stage for the group discussion.'}]",38713.0,173,0
2021_06_10_SLU_S5,2021_06_10_SLU_S5,,,So I'll count a minute about a minute.,,2021_06_10_SLU_S5_SLU,Dimitar Sasselov,,,,,696.8424908424909,699.9047619047619,,,SLU,698.3736263736264,"[{'acknowledge contribution': 'Dimitar thanks Ziming for their introduction, acknowledging their contribution to the discussion.', 'explain or define term or concept': 'Dimitar explains the diversity of the group, listing the different scientific backgrounds represented to highlight the need to avoid jargon.', 'encourage particpatioin': 'Dimitar encourages participation by asking everyone to take a minute to think about important questions to discuss, setting the stage for the group discussion.'}]",38713.0,174,0
2021_06_10_SLU_S5,2021_06_10_SLU_S5,,,So why don't we start now?,,2021_06_10_SLU_S5_SLU,Dimitar Sasselov,,,,,699.9047619047619,702.0,,,SLU,700.952380952381,"[{'acknowledge contribution': 'Dimitar thanks Ziming for their introduction, acknowledging their contribution to the discussion.', 'explain or define term or concept': 'Dimitar explains the diversity of the group, listing the different scientific backgrounds represented to highlight the need to avoid jargon.', 'encourage particpatioin': 'Dimitar encourages participation by asking everyone to take a minute to think about important questions to discuss, setting the stage for the group discussion.'}]",38713.0,175,0
2021_06_10_SLU_S5,2021_06_10_SLU_S5,,,"Thank you, Laurie.",,2021_06_10_SLU_S5_SLU,Dimitar Sasselov,,,,,864.0,866.0,,,SLU,865.0,"{'acknowledge contribution': ""Dimitar acknowledges Laurie's introduction, recognizing her input.""}",38941.0,176,0
2021_06_10_SLU_S5,2021_06_10_SLU_S5,,,"Thank you, Peter.",,2021_06_10_SLU_S5_SLU,Dimitar Sasselov,,,,,956.0000000000001,957.3934426229508,,,SLU,956.6967213114755,"{'acknowledge contribution': ""Dimitar acknowledges Peter's introduction."", 'encourage particpatioin': 'Dimitar invites Trinity to introduce herself next.'}",39033.0,177,0
2021_06_10_SLU_S5,2021_06_10_SLU_S5,,,"So, uh, Trinity, can we go to next next you?",,2021_06_10_SLU_S5_SLU,Dimitar Sasselov,,,,,957.3934426229507,961.0,,,SLU,959.1967213114754,"{'acknowledge contribution': ""Dimitar acknowledges Peter's introduction."", 'encourage particpatioin': 'Dimitar invites Trinity to introduce herself next.'}",39033.0,178,0
2021_06_10_SLU_S5,2021_06_10_SLU_S5,,,"Thank you, that's great, Aaron.",,2021_06_10_SLU_S5_SLU,Dimitar Sasselov,,,,,721.0,723.0,,,SLU,722.0,"{'acknowledge contribution': ""Dimitar acknowledges Aaron's contribution of creating a slack channel for the group.""}",39754.0,179,0
2021_06_10_SLU_S5,2021_06_10_SLU_S5,,,Thank you.,,2021_06_10_SLU_S5_SLU,Dimitar Sasselov,,,,,994.0,994.625,,,SLU,994.3125,"{'encourage particpatioin': 'Dimitar is inviting Meredith to participate by introducing herself, continuing the round of introductions.'}",40027.0,180,0
2021_06_10_SLU_S5,2021_06_10_SLU_S5,,,"Meredith, you're next.",,2021_06_10_SLU_S5_SLU,Dimitar Sasselov,,,,,994.625,996.0,,,SLU,995.3125,"{'encourage particpatioin': 'Dimitar is inviting Meredith to participate by introducing herself, continuing the round of introductions.'}",40027.0,181,0
2021_06_10_SLU_S5,2021_06_10_SLU_S5,,,That's a good point about Enceladus.,,2021_06_10_SLU_S5_SLU,Dimitar Sasselov,,,,,967.9999999999999,970.4625407166124,,,SLU,969.2312703583061,"{'acknowledge contribution': {'Explanation': ""The speaker acknowledges Laurie's point about Enceladus being a prebiotic world.""}, 'encourage particpatioin': {'Explanation': ""The speaker encourages Gongie to participate by asking if they remember any work on the formation of Saturn's satellite system.""}}",40995.0,182,0
2021_06_10_SLU_S5,2021_06_10_SLU_S5,,,I think uh there are some um uh people who think that it's a relatively newly formed uh moon of Saturn.,,2021_06_10_SLU_S5_SLU,Dimitar Sasselov,,,,,970.4625407166124,977.5081433224756,,,SLU,973.985342019544,"{'acknowledge contribution': {'Explanation': ""The speaker acknowledges Laurie's point about Enceladus being a prebiotic world.""}, 'encourage particpatioin': {'Explanation': ""The speaker encourages Gongie to participate by asking if they remember any work on the formation of Saturn's satellite system.""}}",40995.0,183,0
2021_06_10_SLU_S5,2021_06_10_SLU_S5,,,"Gongie, do do you remember any of that work on the formation of the satellite system of Saturn and how some of these satellites are relatively freshly formed so to say.",,2021_06_10_SLU_S5_SLU,Dimitar Sasselov,,,,,977.5081433224755,989.0,,,SLU,983.2540716612377,"{'acknowledge contribution': {'Explanation': ""The speaker acknowledges Laurie's point about Enceladus being a prebiotic world.""}, 'encourage particpatioin': {'Explanation': ""The speaker encourages Gongie to participate by asking if they remember any work on the formation of Saturn's satellite system.""}}",40995.0,184,0
2021_06_10_SLU_S5,2021_06_10_SLU_S5,,,That's a good point actually.,,2021_06_10_SLU_S5_SLU,Dimitar Sasselov,,,,,966.0,967.0,,,SLU,966.5,"{'acknowledge contribution': ""Dimitar acknowledges Laurie's point about the organics in Enceladus' plume being both prebiotically produced and biologically relevant, indicating he recognizes the value of her input.""}",41961.0,185,0
2021_06_10_SLU_S5,2021_06_10_SLU_S5,,,"Uh, Kimberly, sorry, hi.",,2021_06_10_SLU_S5_SLU,Dimitar Sasselov,,,,,685.9999999999999,687.531914893617,,,SLU,686.7659574468084,"{'acknowledge contribution': 'Kimberly volunteered to be the reporter, and Dimitar acknowledges her contribution.', 'express agreement': ""Dimitar expresses agreement with Kimberly's offer to volunteer as the reporter.""}",42647.0,186,0
2021_06_10_SLU_S5,2021_06_10_SLU_S5,,,I'm happy to volunteer.,,2021_06_10_SLU_S5_SLU,Dimitar Sasselov,,,,,687.5319148936171,689.0,,,SLU,688.2659574468086,"{'acknowledge contribution': 'Kimberly volunteered to be the reporter, and Dimitar acknowledges her contribution.', 'express agreement': ""Dimitar expresses agreement with Kimberly's offer to volunteer as the reporter.""}",42647.0,187,0
2021_06_10_SLU_S5,2021_06_10_SLU_S5,,,"Uh, but if you can use the same format which we used in the ice breakers, just which department you are in, if that's not already written and briefly what are your fields and interests.",,2021_06_10_SLU_S5_SLU,Dimitar Sasselov,,,,,810.0,824.0,,,SLU,817.0,"{'explain or define term or concept': 'The speaker is explaining the format that the participants should use to introduce themselves.', 'encourage particpatioin': 'The speaker is encouraging the participants to introduce themselves using the specified format.'}",42771.0,188,0
2021_06_10_SLU_S5,2021_06_10_SLU_S5,,,"Uh, let's do the introductions.",,2021_06_10_SLU_S5_SLU,Dimitar Sasselov,,,,,782.0000000000001,785.1,,,SLU,783.5500000000001,[{'propose decision': 'The speaker suggests that the group should proceed with introductions to get to know each other better.'}],43553.0,189,0
2021_06_10_SLU_S5,2021_06_10_SLU_S5,,,"I think uh, a lot of know a lot of us know each other or have met each other in the break out uh, breaks ice breakers.",,2021_06_10_SLU_S5_SLU,Dimitar Sasselov,,,,,785.1,796.9,,,SLU,791.0,[{'propose decision': 'The speaker suggests that the group should proceed with introductions to get to know each other better.'}],43553.0,190,0
2021_06_10_SLU_S5,2021_06_10_SLU_S5,,,"Uh, but uh, I think some of us don't know some of the others.",,2021_06_10_SLU_S5_SLU,Dimitar Sasselov,,,,,796.9000000000001,803.0,,,SLU,799.95,[{'propose decision': 'The speaker suggests that the group should proceed with introductions to get to know each other better.'}],43553.0,191,0
2021_06_10_SLU_S5,2021_06_10_SLU_S5,,,Um there is a lot to unpack there.,,2021_06_10_SLU_S5_SLU,Dimitar Sasselov,,,,,1091.9999999999998,1098.512987012987,,,SLU,1095.2564935064934,"{'expand on existing idea': ""Dimitar is building on Aaron's points by suggesting they address them one by one."", 'propose decision': 'Dimitar proposes to start with the solvent issue, which is a concrete choice for the group to discuss first.', 'encourage particpatioin': 'Dimitar is encouraging the group to discuss the connection to the geochemistry, acknowledging their interest in it.'}",43863.0,192,0
2021_06_10_SLU_S5,2021_06_10_SLU_S5,,,So uh maybe we can take it one step at a time.,,2021_06_10_SLU_S5_SLU,Dimitar Sasselov,,,,,1098.5129870129872,1107.3246753246754,,,SLU,1102.9188311688313,"{'expand on existing idea': ""Dimitar is building on Aaron's points by suggesting they address them one by one."", 'propose decision': 'Dimitar proposes to start with the solvent issue, which is a concrete choice for the group to discuss first.', 'encourage particpatioin': 'Dimitar is encouraging the group to discuss the connection to the geochemistry, acknowledging their interest in it.'}",43863.0,193,0
2021_06_10_SLU_S5,2021_06_10_SLU_S5,,,"Um like should we start with the solvent issue, water versus other solvents that could be very out of the box uh way to do it.",,2021_06_10_SLU_S5_SLU,Dimitar Sasselov,,,,,1107.3246753246754,1131.4610389610389,,,SLU,1119.392857142857,"{'expand on existing idea': ""Dimitar is building on Aaron's points by suggesting they address them one by one."", 'propose decision': 'Dimitar proposes to start with the solvent issue, which is a concrete choice for the group to discuss first.', 'encourage particpatioin': 'Dimitar is encouraging the group to discuss the connection to the geochemistry, acknowledging their interest in it.'}",43863.0,194,0
2021_06_10_SLU_S5,2021_06_10_SLU_S5,,,And of course then there is the connection to the geo uh which uh a lot of you are very interested in.,,2021_06_10_SLU_S5_SLU,Dimitar Sasselov,,,,,1131.4610389610389,1151.0,,,SLU,1141.2305194805194,"{'expand on existing idea': ""Dimitar is building on Aaron's points by suggesting they address them one by one."", 'propose decision': 'Dimitar proposes to start with the solvent issue, which is a concrete choice for the group to discuss first.', 'encourage particpatioin': 'Dimitar is encouraging the group to discuss the connection to the geochemistry, acknowledging their interest in it.'}",43863.0,195,0
2021_06_10_SLU_S5,2021_06_10_SLU_S5,,,"Um, so, um, you already uh, know I'm the facilitator and I would like to start the introductions, but first as uh, we already told we have to select a recorder.",,2021_06_10_SLU_S5_SLU,Dimitar Sasselov,,,,,643.0,661.0,,,SLU,652.0,"{'explain or define term or concept': 'The speaker is clarifying his role as the facilitator for the group.', 'propose decision': 'The speaker is suggesting that the group select a recorder.'}",44506.0,196,0
2021_06_10_SLU_S5,2021_06_10_SLU_S5,,,"Um, yes, uh, you you got a link in the email which they send us for the zoom link also to the Google Docs.",,2021_06_10_SLU_S5_SLU,Dimitar Sasselov,,,,,707.0,716.0,,,SLU,711.5,"{'explain or define term or concept': 'The utterance explains where Kimberly can find the Google Doc link, clarifying its location within the email sent for the Zoom link.'}",44570.0,197,0
2021_06_10_SLU_S5,2021_06_10_SLU_S5,,,"Well that's good news, but uh that's good news.",,2021_06_10_SLU_S5_SLU,Dimitar Sasselov,,,,,821.0000000000001,824.2790697674419,,,SLU,822.639534883721,"{'express agreement': ""Dimitar explicitly agrees with Laurie's point about the lack of sufficient funding or interest in the funding agencies or in the general community."", 'propose decision': 'Dimitar proposes a concrete choice for the group, suggesting that they explore the possibility of obtaining funding from the host by developing a proposal.', 'express enthusiasm': 'Dimitar expresses enthusiasm by saying ""Well that\'s good news, but uh that\'s good news"" in response to Aaron\'s comment about his Mars proposal.'}",44684.0,198,0
2021_06_10_SLU_S5,2021_06_10_SLU_S5,,,"I though I do agree with Laurie though that the funding is hasn't been sufficient in that or the interest, I would say in the funding agencies or in the general community.",,2021_06_10_SLU_S5_SLU,Dimitar Sasselov,,,,,824.2790697674418,836.2093023255813,,,SLU,830.2441860465116,"{'express agreement': ""Dimitar explicitly agrees with Laurie's point about the lack of sufficient funding or interest in the funding agencies or in the general community."", 'propose decision': 'Dimitar proposes a concrete choice for the group, suggesting that they explore the possibility of obtaining funding from the host by developing a proposal.', 'express enthusiasm': 'Dimitar expresses enthusiasm by saying ""Well that\'s good news, but uh that\'s good news"" in response to Aaron\'s comment about his Mars proposal.'}",44684.0,199,0
2021_06_10_SLU_S5,2021_06_10_SLU_S5,,,So is there a way to get some funding from our host here in the sense you guys coming up with a proposal that they would fund.,,2021_06_10_SLU_S5_SLU,Dimitar Sasselov,,,,,836.2093023255813,845.0,,,SLU,840.6046511627907,"{'express agreement': ""Dimitar explicitly agrees with Laurie's point about the lack of sufficient funding or interest in the funding agencies or in the general community."", 'propose decision': 'Dimitar proposes a concrete choice for the group, suggesting that they explore the possibility of obtaining funding from the host by developing a proposal.', 'express enthusiasm': 'Dimitar expresses enthusiasm by saying ""Well that\'s good news, but uh that\'s good news"" in response to Aaron\'s comment about his Mars proposal.'}",44684.0,200,0
2021_06_10_SLU_S5,2021_06_10_SLU_S5,,,Well.,,2021_06_10_SLU_S5_SLU,Dimitar Sasselov,,,,,1156.0,1157.0,,,SLU,1156.5,{'None': 'This utterance does not contain any content that can be coded.'},45019.0,201,0
2021_06_10_SLU_S5,2021_06_10_SLU_S5,,,Who would like to be the reporter?,,2021_06_10_SLU_S5_SLU,Dimitar Sasselov,,,,,676.9999999999999,679.0298507462686,,,SLU,678.0149253731342,"[{'encourage particpatioin': 'Dimitar is encouraging someone to volunteer as the reporter for the meeting.'}, {'express enthusiasm': 'Dimitar expresses enthusiasm about Peter joining the meeting.'}]",45696.0,202,0
2021_06_10_SLU_S5,2021_06_10_SLU_S5,,,"Oh, Peter is coming.",,2021_06_10_SLU_S5_SLU,Dimitar Sasselov,,,,,679.0298507462686,680.223880597015,,,SLU,679.6268656716418,"[{'encourage particpatioin': 'Dimitar is encouraging someone to volunteer as the reporter for the meeting.'}, {'express enthusiasm': 'Dimitar expresses enthusiasm about Peter joining the meeting.'}]",45696.0,203,0
2021_06_10_SLU_S5,2021_06_10_SLU_S5,,,That's great.,,2021_06_10_SLU_S5_SLU,Dimitar Sasselov,,,,,680.2238805970148,681.0,,,SLU,680.6119402985074,"[{'encourage particpatioin': 'Dimitar is encouraging someone to volunteer as the reporter for the meeting.'}, {'express enthusiasm': 'Dimitar expresses enthusiasm about Peter joining the meeting.'}]",45696.0,204,0
2021_06_10_SLU_S5,2021_06_10_SLU_S5,,,Yeah when I started this Laurie I had the same naive expectation that we could do everything in the computer coming from computer simulations and they disabused me very quickly of that.,,2021_06_10_SLU_S5_SLU,Dimitar Sasselov,,,,,776.0,790.0,,,SLU,783.0,"{'express humor': 'Dimitar is making a lighthearted comment about his initial, naive belief that computer simulations could solve everything, which was quickly proven wrong, adding a touch of humor to the discussion.'}",45795.0,205,0
2021_06_10_SLU_S5,2021_06_10_SLU_S5,,,"Yeah, I think I agree with that point.",,2021_06_10_SLU_S5_SLU,Dimitar Sasselov,,,,,1157.0,1159.6307692307691,,,SLU,1158.3153846153846,"{'express agreement': 'Dimitar expresses agreement with the previous point made by Aaron about the potential for chemists to contribute to solving unsolved problems in prebiotic chemistry.', 'encourage particpatioin': 'Dimitar encourages the chemists in the group to contribute and help with the issues discussed, specifically in qualitative terms.'}",46176.0,206,0
2021_06_10_SLU_S5,2021_06_10_SLU_S5,,,So that you chemist could jump in and help with that.,,2021_06_10_SLU_S5_SLU,Dimitar Sasselov,,,,,1159.6307692307694,1163.3,,,SLU,1161.4653846153847,"{'express agreement': 'Dimitar expresses agreement with the previous point made by Aaron about the potential for chemists to contribute to solving unsolved problems in prebiotic chemistry.', 'encourage particpatioin': 'Dimitar encourages the chemists in the group to contribute and help with the issues discussed, specifically in qualitative terms.'}",46176.0,207,0
2021_06_10_SLU_S5,2021_06_10_SLU_S5,,,At least in somewhat qualitative terms.,,2021_06_10_SLU_S5_SLU,Dimitar Sasselov,,,,,1163.3000000000002,1166.0,,,SLU,1164.65,"{'express agreement': 'Dimitar expresses agreement with the previous point made by Aaron about the potential for chemists to contribute to solving unsolved problems in prebiotic chemistry.', 'encourage particpatioin': 'Dimitar encourages the chemists in the group to contribute and help with the issues discussed, specifically in qualitative terms.'}",46176.0,208,0
2021_06_10_SLU_S5,2021_06_10_SLU_S5,,,"Yeah, and there was some work in Cornell, I think, Stephenson and Johnson Lunnin.",,2021_06_10_SLU_S5_SLU,Dimitar Sasselov,,,,,607.0,614.0742358078603,,,SLU,610.5371179039302,"{'provide supporting evidence': 'Dimitar mentions work done at Cornell by Stephenson and Johnson Lunnin, providing a reference to support the discussion about solvents other than water.'}",46783.0,209,0
2021_06_10_SLU_S5,2021_06_10_SLU_S5,,,I don't know how far they went into finding uh equivalence to um um lipids and phospholipids but for liquid methane and ethane in an oxic obviously.,,2021_06_10_SLU_S5_SLU,Dimitar Sasselov,,,,,614.0742358078603,627.0,,,SLU,620.5371179039302,"{'provide supporting evidence': 'Dimitar mentions work done at Cornell by Stephenson and Johnson Lunnin, providing a reference to support the discussion about solvents other than water.'}",46783.0,210,0
2021_06_10_SLU_S5,2021_06_10_SLU_S5,,,"Yeah, but could we have a specific kind of crazy idea where some chemists talk to some geophysicists and geochemists and say, hey, why don't we try this or that and see how it would work where this very different time scales can be linked either in the lab or in the model or both.",,2021_06_10_SLU_S5_SLU,Dimitar Sasselov,,,,,625.0,659.0,,,SLU,642.0,"{'propose decision': {'Explanation': ""Dimitar proposes a specific idea for the group to come up with a 'crazy idea' that links different time scales in the lab or model, building on the previous discussion about the challenges of linking time scales in prebiotic chemistry.""}, 'encourage particpatioin': {'Explanation': 'Dimitar encourages chemists, geophysicists, and geochemists to collaborate and come up with a specific idea, inviting them to contribute to the discussion.'}}",46801.0,211,0
2021_06_10_SLU_S5,2021_06_10_SLU_S5,,,"Yeah, maybe",,2021_06_10_SLU_S5_SLU,Dimitar Sasselov,,,,,47416.0,47416.0,,,SLU,47416.0,"{'encourage particpatioin': 'The speaker is trailing off, possibly waiting for Sarah to join or for someone else to speak, thus encouraging participation.'}",47416.0,212,0
2021_06_10_SLU_S5,2021_06_10_SLU_S5,,,"Yeah, that would be interesting from a chemistry point of view because it means also a rearrangement of some of the initial components.",,2021_06_10_SLU_S5_SLU,Dimitar Sasselov,,,,,1010.0,1020.4304635761589,,,SLU,1015.2152317880794,"[{'expand on existing idea': 'The speaker is building on the previous discussion about Enceladus and its potential as a prebiotic world, adding the idea that its chemistry might be unusual due to its possible recent formation.', 'encourage particpatioin': 'The speaker is directly asking for input from the geochemists and microbiologists in the group, inviting them to share their thoughts on the topic.'}]",47811.0,213,0
2021_06_10_SLU_S5,2021_06_10_SLU_S5,,,What about the geochemistry in the group and the microbiologist think about this?,,2021_06_10_SLU_S5_SLU,Dimitar Sasselov,,,,,1020.4304635761589,1026.6887417218543,,,SLU,1023.5596026490066,"[{'expand on existing idea': 'The speaker is building on the previous discussion about Enceladus and its potential as a prebiotic world, adding the idea that its chemistry might be unusual due to its possible recent formation.', 'encourage particpatioin': 'The speaker is directly asking for input from the geochemists and microbiologists in the group, inviting them to share their thoughts on the topic.'}]",47811.0,214,0
2021_06_10_SLU_S5,2021_06_10_SLU_S5,,,"Could could you jump into a proposal which would connect this unusual chemistry to say Mars or even Enceladus with lessons that you've learned from the Earth, mostly, I guess, microbiologist always learn their lessons from the Earth, but",,2021_06_10_SLU_S5_SLU,Dimitar Sasselov,,,,,1026.6887417218545,1045.0,,,SLU,1035.8443708609273,"[{'expand on existing idea': 'The speaker is building on the previous discussion about Enceladus and its potential as a prebiotic world, adding the idea that its chemistry might be unusual due to its possible recent formation.', 'encourage particpatioin': 'The speaker is directly asking for input from the geochemists and microbiologists in the group, inviting them to share their thoughts on the topic.'}]",47811.0,215,0
2021_06_10_SLU_S5,2021_06_10_SLU_S5,,,"Yeah, that's what Wiki was um pointing out is that this very tough to do with the current telescopes.",,2021_06_10_SLU_S5_SLU,Dimitar Sasselov,,,,,1174.0,1180.121212121212,,,SLU,1177.060606060606,"{'expand on existing idea': ""This utterance expands on the previous discussion about the difficulty of determining exoplanet temperatures, building on Liming Li's point about the limitations of current methods and suggesting that future telescopes with better spectroscopy might improve constraints."", 'express enthusiasm': 'The phrase ""hopefully with more spectroscopy with the future generation we\'ll be able to constrain better"" expresses optimism about future advancements in telescope technology and their potential to improve our understanding of exoplanets.'}",47975.0,216,0
2021_06_10_SLU_S5,2021_06_10_SLU_S5,,,So hopefully with more spectroscopy with the future generation we'll be able to constrain better.,,2021_06_10_SLU_S5_SLU,Dimitar Sasselov,,,,,1180.121212121212,1186.0,,,SLU,1183.060606060606,"{'expand on existing idea': ""This utterance expands on the previous discussion about the difficulty of determining exoplanet temperatures, building on Liming Li's point about the limitations of current methods and suggesting that future telescopes with better spectroscopy might improve constraints."", 'express enthusiasm': 'The phrase ""hopefully with more spectroscopy with the future generation we\'ll be able to constrain better"" expresses optimism about future advancements in telescope technology and their potential to improve our understanding of exoplanets.'}",47975.0,217,0
2021_06_10_SLU_S5,2021_06_10_SLU_S5,,,"Yeah, yeah, so I think we then created there uh, and name it group point 1.2, yeah.",,2021_06_10_SLU_S5_SLU,Dimitar Sasselov,,,,,756.0,766.0,,,SLU,761.0,"{'propose decision': 'Dimitar proposes that they create a Google Doc and name it group 1.2, after Kimberly mentioned that other groups are creating their own documents.'}",48731.0,218,0
2021_06_10_SLU_S5,2021_06_10_SLU_S5,,,"Yeah, you you pointing out that we have to think about a certain process could be occurring, but if it's a fleeting condition which cannot really lead to something long lasting or something which will become complex.",,2021_06_10_SLU_S5_SLU,Dimitar Sasselov,,,,,630.0,650.9878542510121,,,SLU,640.493927125506,"{'acknowledge contribution': ""Dimitar acknowledges Kimberly's point about the need for stability in processes for them to lead to something long-lasting and complex, recognizing the value of her input."", 'expand on existing idea': ""Dimitar expands on Kimberly's idea about the importance of stability by highlighting that a process needs to be more than just a fleeting condition to lead to something long-lasting or complex, building upon her point about the stability of environmental availabilities.""}",49361.0,219,0
2021_06_10_SLU_S5,2021_06_10_SLU_S5,,,"That's good, a good point.",,2021_06_10_SLU_S5_SLU,Dimitar Sasselov,,,,,650.9878542510121,653.5141700404859,,,SLU,652.251012145749,"{'acknowledge contribution': ""Dimitar acknowledges Kimberly's point about the need for stability in processes for them to lead to something long-lasting and complex, recognizing the value of her input."", 'expand on existing idea': ""Dimitar expands on Kimberly's idea about the importance of stability by highlighting that a process needs to be more than just a fleeting condition to lead to something long-lasting or complex, building upon her point about the stability of environmental availabilities.""}",49361.0,220,0
2021_06_10_SLU_S5,2021_06_10_SLU_S5,,,Yeah.,,2021_06_10_SLU_S5_SLU,Dimitar Sasselov,,,,,653.5141700404859,654.0,,,SLU,653.7570850202429,"{'acknowledge contribution': ""Dimitar acknowledges Kimberly's point about the need for stability in processes for them to lead to something long-lasting and complex, recognizing the value of her input."", 'expand on existing idea': ""Dimitar expands on Kimberly's idea about the importance of stability by highlighting that a process needs to be more than just a fleeting condition to lead to something long-lasting or complex, building upon her point about the stability of environmental availabilities.""}",49361.0,221,0
2021_06_10_SLU_S5,2021_06_10_SLU_S5,,,Yeah.,,2021_06_10_SLU_S5_SLU,Dimitar Sasselov,,,,,49408.0,49408.0,,,SLU,49408.0,{'express agreement': 'The speaker is agreeing with the previous statement.'},49408.0,222,0
2021_06_10_SLU_S5,2021_06_10_SLU_S5,,,Yeah.,,2021_06_10_SLU_S5_SLU,Dimitar Sasselov,,,,,49821.0,49821.0,,,SLU,49821.0,"[{'express agreement': ""Dimitar is agreeing with Trinity's question about the bottleneck, indicating that the group does not start over from scratch after each bottleneck.""}]",49821.0,223,0
2021_06_10_SLU_S5,2021_06_10_SLU_S5,,,Yeah.,,2021_06_10_SLU_S5_SLU,Dimitar Sasselov,,,,,49851.0,49851.0,,,SLU,49851.0,{'express agreement': 'Dimitar is agreeing with the previous statement made by Aaron.'},49851.0,224,0
2021_06_10_SLU_S5,2021_06_10_SLU_S5,,,You probably notice that I'm in a quasi alphabetical order.,,2021_06_10_SLU_S5_SLU,Dimitar Sasselov,,,,,1042.0,1047.4183673469388,,,SLU,1044.7091836734694,"{'express humor': 'Dimitar makes a joke about the order in which he is calling on people, relating it to the genetic alphabet, which is humorous given the context of the astrobiology discussion.'}",50893.0,225,0
2021_06_10_SLU_S5,2021_06_10_SLU_S5,,,It's modulated by the genetic alphabet.,,2021_06_10_SLU_S5_SLU,Dimitar Sasselov,,,,,1047.4183673469388,1051.0,,,SLU,1049.2091836734694,"{'express humor': 'Dimitar makes a joke about the order in which he is calling on people, relating it to the genetic alphabet, which is humorous given the context of the astrobiology discussion.'}",50893.0,226,0
2021_06_10_SLU_S5,2021_06_10_SLU_S5,,,all the interesting discussions that happened.,,2021_06_10_SLU_S5_SLU,Dimitar Sasselov,,,,,1067.0,1070.0,,,SLU,1068.5,"{'acknowledge contribution': ""Dimitar acknowledges the interesting discussions that have occurred, recognizing the value of the team's input.""}",50918.0,227,0
2021_06_10_SLU_S5,2021_06_10_SLU_S5,,,"it's an opportunity, not just a challenge.",,2021_06_10_SLU_S5_SLU,Dimitar Sasselov,,,,,600.0000000000001,603.3070866141733,,,SLU,601.6535433070867,"{'encourage particpatioin': 'Dimitar is encouraging the group to find connections between their different areas of expertise, inviting them to contribute to a potential proposal.', 'express agreement': 'Dimitar explicitly agrees that it is a big challenge.'}",51518.0,228,0
2021_06_10_SLU_S5,2021_06_10_SLU_S5,,,"I I agree it's a big challenge, but sure.",,2021_06_10_SLU_S5_SLU,Dimitar Sasselov,,,,,603.3070866141733,606.5354330708661,,,SLU,604.9212598425197,"{'encourage particpatioin': 'Dimitar is encouraging the group to find connections between their different areas of expertise, inviting them to contribute to a potential proposal.', 'express agreement': 'Dimitar explicitly agrees that it is a big challenge.'}",51518.0,229,0
2021_06_10_SLU_S5,2021_06_10_SLU_S5,,,"So, do you see any connections of that sort?",,2021_06_10_SLU_S5_SLU,Dimitar Sasselov,,,,,606.5354330708662,610.0,,,SLU,608.2677165354331,"{'encourage particpatioin': 'Dimitar is encouraging the group to find connections between their different areas of expertise, inviting them to contribute to a potential proposal.', 'express agreement': 'Dimitar explicitly agrees that it is a big challenge.'}",51518.0,230,0
2021_06_10_SLU_S5,2021_06_10_SLU_S5,,,kind of think of summarizing.,,2021_06_10_SLU_S5_SLU,Dimitar Sasselov,,,,,1064.0,1067.0,,,SLU,1065.5,"{'propose decision': 'Dimitar is suggesting that the group should start summarizing the discussion, indicating a shift towards wrapping up the current phase of the meeting.'}",51982.0,231,0
2021_06_10_SLU_S5,2021_06_10_SLU_S5,,,And I guess related to this and also on the stability.,,2021_06_10_SLU_S5_SLU,Gongjie Li,,,,,733.0000000000001,737.1021170610212,,,SLU,735.0510585305107,"[{'expand on existing idea': 'Gongjie builds on the previous discussion about stability and time scales, expanding on the idea by relating it to the dynamics of planetary systems and how stability affects the transfer of water and organic material.'}, {'present new idea': 'Gongjie introduces the idea of chemical distribution along the radius of the system and how the instability of the planetary system may transfer materials from outside to inside, influencing the emergence of complex life, which is a new concept in the discussion.'}]",52715.0,232,0
2021_06_10_SLU_S5,2021_06_10_SLU_S5,,,So I think for the dynamics of this planetary system is the same thing.,,2021_06_10_SLU_S5_SLU,Gongjie Li,,,,,737.1021170610212,742.4956413449564,,,SLU,739.7988792029888,"[{'expand on existing idea': 'Gongjie builds on the previous discussion about stability and time scales, expanding on the idea by relating it to the dynamics of planetary systems and how stability affects the transfer of water and organic material.'}, {'present new idea': 'Gongjie introduces the idea of chemical distribution along the radius of the system and how the instability of the planetary system may transfer materials from outside to inside, influencing the emergence of complex life, which is a new concept in the discussion.'}]",52715.0,233,0
2021_06_10_SLU_S5,2021_06_10_SLU_S5,,,So if it's too stable and then it may not be able to transfer like water or organic material to the terrestrial planets.,,2021_06_10_SLU_S5_SLU,Gongjie Li,,,,,742.4956413449564,751.6114570361145,,,SLU,747.0535491905355,"[{'expand on existing idea': 'Gongjie builds on the previous discussion about stability and time scales, expanding on the idea by relating it to the dynamics of planetary systems and how stability affects the transfer of water and organic material.'}, {'present new idea': 'Gongjie introduces the idea of chemical distribution along the radius of the system and how the instability of the planetary system may transfer materials from outside to inside, influencing the emergence of complex life, which is a new concept in the discussion.'}]",52715.0,234,0
2021_06_10_SLU_S5,2021_06_10_SLU_S5,,,And also from the earlier on stage.,,2021_06_10_SLU_S5_SLU,Gongjie Li,,,,,751.6114570361144,754.2702366127023,,,SLU,752.9408468244084,"[{'expand on existing idea': 'Gongjie builds on the previous discussion about stability and time scales, expanding on the idea by relating it to the dynamics of planetary systems and how stability affects the transfer of water and organic material.'}, {'present new idea': 'Gongjie introduces the idea of chemical distribution along the radius of the system and how the instability of the planetary system may transfer materials from outside to inside, influencing the emergence of complex life, which is a new concept in the discussion.'}]",52715.0,235,0
2021_06_10_SLU_S5,2021_06_10_SLU_S5,,,So it would be interesting to see like what's the chemical distribution along the radius of the system since the temperature difference is really large and the um metallicity or this um um not perhaps not metallicity but just um how the chemical ingredients would mix inside this proto planetary disc and form these planets and then further on how the instability of this planetary system may transfer this um um materials from outside to inside and vice versa and how this will distribute and allow complex life to emerge.,,2021_06_10_SLU_S5_SLU,Gongjie Li,,,,,754.2702366127023,794.0,,,SLU,774.1351183063512,"[{'expand on existing idea': 'Gongjie builds on the previous discussion about stability and time scales, expanding on the idea by relating it to the dynamics of planetary systems and how stability affects the transfer of water and organic material.'}, {'present new idea': 'Gongjie introduces the idea of chemical distribution along the radius of the system and how the instability of the planetary system may transfer materials from outside to inside, influencing the emergence of complex life, which is a new concept in the discussion.'}]",52715.0,236,0
2021_06_10_SLU_S5,2021_06_10_SLU_S5,,,I first I totally agree with Laurie.,,2021_06_10_SLU_S5_SLU,Gongjie Li,,,,,656.0,657.0,,,SLU,656.5,"{'express agreement': ""Gongjie explicitly agrees with Laurie's previous statement.""}",53371.0,237,0
2021_06_10_SLU_S5,2021_06_10_SLU_S5,,,It's really exciting to know that there are so many parameters that can be tuned easily in the lab.,,2021_06_10_SLU_S5_SLU,Gongjie Li,,,,,812.0,819.6433823529412,,,SLU,815.8216911764706,"[{'express enthusiasm': 'Gongjie expresses excitement about the tunability of parameters in the lab, which is encouraging for further research.', 'present new idea': 'Gongjie introduces the idea of simulating the impact of heavy bombardment on a planetary surface in the lab to study the survival and evolution of microbes and chemical molecules.'}]",53527.0,238,0
2021_06_10_SLU_S5,2021_06_10_SLU_S5,,,So another question another scenario for the short time scale that can be carried out in the lab is just the impact.,,2021_06_10_SLU_S5_SLU,Gongjie Li,,,,,819.6433823529411,828.5992647058823,,,SLU,824.1213235294117,"[{'express enthusiasm': 'Gongjie expresses excitement about the tunability of parameters in the lab, which is encouraging for further research.', 'present new idea': 'Gongjie introduces the idea of simulating the impact of heavy bombardment on a planetary surface in the lab to study the survival and evolution of microbes and chemical molecules.'}]",53527.0,239,0
2021_06_10_SLU_S5,2021_06_10_SLU_S5,,,So what will happen if there's suddenly a impact on the surface of the planet will the microbes or will the um chemical molecules survive or how would they evolve?,,2021_06_10_SLU_S5_SLU,Gongjie Li,,,,,828.5992647058822,841.1838235294117,,,SLU,834.891544117647,"[{'express enthusiasm': 'Gongjie expresses excitement about the tunability of parameters in the lab, which is encouraging for further research.', 'present new idea': 'Gongjie introduces the idea of simulating the impact of heavy bombardment on a planetary surface in the lab to study the survival and evolution of microbes and chemical molecules.'}]",53527.0,240,0
2021_06_10_SLU_S5,2021_06_10_SLU_S5,,,"Do you think this kind of experiment can be like would be fun, would be interesting?",,2021_06_10_SLU_S5_SLU,Gongjie Li,,,,,841.1838235294117,847.6691176470588,,,SLU,844.4264705882352,"[{'express enthusiasm': 'Gongjie expresses excitement about the tunability of parameters in the lab, which is encouraging for further research.', 'present new idea': 'Gongjie introduces the idea of simulating the impact of heavy bombardment on a planetary surface in the lab to study the survival and evolution of microbes and chemical molecules.'}]",53527.0,241,0
2021_06_10_SLU_S5,2021_06_10_SLU_S5,,,Because like this heavy bombardment impacts may be quite common planetary systems.,,2021_06_10_SLU_S5_SLU,Gongjie Li,,,,,847.6691176470588,854.0,,,SLU,850.8345588235294,"[{'express enthusiasm': 'Gongjie expresses excitement about the tunability of parameters in the lab, which is encouraging for further research.', 'present new idea': 'Gongjie introduces the idea of simulating the impact of heavy bombardment on a planetary surface in the lab to study the survival and evolution of microbes and chemical molecules.'}]",53527.0,242,0
2021_06_10_SLU_S5,2021_06_10_SLU_S5,,,So in terms of the parameters I have a question.,,2021_06_10_SLU_S5_SLU,Gongjie Li,,,,,919.9999999999999,924.0421052631579,,,SLU,922.0210526315789,"{'ask clarifying question': 'Gongjie is asking a question about how different astrophysical parameters of exoplanets contribute to the chemistry, seeking clarification on the sensitivity of experiments to these conditions, building on the discussion about parameters for modeling chemical reactions.', 'expand on existing idea': 'Gongjie is expanding on the existing idea of parameters by asking about the impact of astrophysical parameters on chemistry in the context of exoplanets, building on the discussion about parameters for modeling chemical reactions.'}",53635.0,243,0
2021_06_10_SLU_S5,2021_06_10_SLU_S5,,,So I'm wondering like if we put it in the context of like exoplanets at different astrophysical environment.,,2021_06_10_SLU_S5_SLU,Gongjie Li,,,,,924.042105263158,933.1368421052632,,,SLU,928.5894736842106,"{'ask clarifying question': 'Gongjie is asking a question about how different astrophysical parameters of exoplanets contribute to the chemistry, seeking clarification on the sensitivity of experiments to these conditions, building on the discussion about parameters for modeling chemical reactions.', 'expand on existing idea': 'Gongjie is expanding on the existing idea of parameters by asking about the impact of astrophysical parameters on chemistry in the context of exoplanets, building on the discussion about parameters for modeling chemical reactions.'}",53635.0,244,0
2021_06_10_SLU_S5,2021_06_10_SLU_S5,,,So how much does this factor like actually contribute to the chemistry?,,2021_06_10_SLU_S5_SLU,Gongjie Li,,,,,933.1368421052631,939.1157894736842,,,SLU,936.1263157894737,"{'ask clarifying question': 'Gongjie is asking a question about how different astrophysical parameters of exoplanets contribute to the chemistry, seeking clarification on the sensitivity of experiments to these conditions, building on the discussion about parameters for modeling chemical reactions.', 'expand on existing idea': 'Gongjie is expanding on the existing idea of parameters by asking about the impact of astrophysical parameters on chemistry in the context of exoplanets, building on the discussion about parameters for modeling chemical reactions.'}",53635.0,245,0
2021_06_10_SLU_S5,2021_06_10_SLU_S5,,,So for instance if we change the spinning rate the daylight shift if we change the total luminosity the flux from the star changing the temperature.,,2021_06_10_SLU_S5_SLU,Gongjie Li,,,,,939.1157894736841,951.578947368421,,,SLU,945.3473684210526,"{'ask clarifying question': 'Gongjie is asking a question about how different astrophysical parameters of exoplanets contribute to the chemistry, seeking clarification on the sensitivity of experiments to these conditions, building on the discussion about parameters for modeling chemical reactions.', 'expand on existing idea': 'Gongjie is expanding on the existing idea of parameters by asking about the impact of astrophysical parameters on chemistry in the context of exoplanets, building on the discussion about parameters for modeling chemical reactions.'}",53635.0,246,0
2021_06_10_SLU_S5,2021_06_10_SLU_S5,,,All all this kind of like properties does it is it sensitive on this um conditions or what are the usual like parameters that one would set for this uh experiments? probably a too naive question.,,2021_06_10_SLU_S5_SLU,Gongjie Li,,,,,951.578947368421,968.0,,,SLU,959.7894736842105,"{'ask clarifying question': 'Gongjie is asking a question about how different astrophysical parameters of exoplanets contribute to the chemistry, seeking clarification on the sensitivity of experiments to these conditions, building on the discussion about parameters for modeling chemical reactions.', 'expand on existing idea': 'Gongjie is expanding on the existing idea of parameters by asking about the impact of astrophysical parameters on chemistry in the context of exoplanets, building on the discussion about parameters for modeling chemical reactions.'}",53635.0,247,0
2021_06_10_SLU_S5,2021_06_10_SLU_S5,,,What I found very nice to do for exoplanets is there are so much uncertainties.,,2021_06_10_SLU_S5_SLU,Gongjie Li,,,,,694.0,699.0472222222222,,,SLU,696.5236111111111,"[{'present new idea': 'Gongjie suggests that the uncertainties in exoplanet research allow for exploring a wide parameter space in theoretical models, which is a novel perspective in the context of the discussion about experimental constraints.', 'encourage particpatioin': 'Gongjie is encouraging the experimentalists to consider which parameters are easier to manipulate in their setups, shifting the focus from planetary scientists providing a list of parameters to the experimentalists identifying feasible parameters.', 'explain or define term or concept': 'Gongjie explains that in exoplanet research, the uncertainties allow for exploring a wide parameter space because there could be a planet that matches any chosen parameter set.'}]",54329.0,248,0
2021_06_10_SLU_S5,2021_06_10_SLU_S5,,,"So at least I found me doing a theory point of view on the exoplanets, you can just choose like explore the parameter space and you don't need to throw them away because there could be like a planet just like that.",,2021_06_10_SLU_S5_SLU,Gongjie Li,,,,,699.0472222222222,712.7194444444444,,,SLU,705.8833333333333,"[{'present new idea': 'Gongjie suggests that the uncertainties in exoplanet research allow for exploring a wide parameter space in theoretical models, which is a novel perspective in the context of the discussion about experimental constraints.', 'encourage particpatioin': 'Gongjie is encouraging the experimentalists to consider which parameters are easier to manipulate in their setups, shifting the focus from planetary scientists providing a list of parameters to the experimentalists identifying feasible parameters.', 'explain or define term or concept': 'Gongjie explains that in exoplanet research, the uncertainties allow for exploring a wide parameter space because there could be a planet that matches any chosen parameter set.'}]",54329.0,249,0
2021_06_10_SLU_S5,2021_06_10_SLU_S5,,,"So so I think for the plan um like planet people working on planets giving you the list, uh it's actually like a more question to you like which parameter would be easier for the experimental setup because there are so many possibilities for the exoplanets, we could find um the environment just possibly like um which is easier for you to do and find the like um the the um more sensitive parameters for the outcome.",,2021_06_10_SLU_S5_SLU,Gongjie Li,,,,,712.7194444444444,739.3611111111111,,,SLU,726.0402777777778,"[{'present new idea': 'Gongjie suggests that the uncertainties in exoplanet research allow for exploring a wide parameter space in theoretical models, which is a novel perspective in the context of the discussion about experimental constraints.', 'encourage particpatioin': 'Gongjie is encouraging the experimentalists to consider which parameters are easier to manipulate in their setups, shifting the focus from planetary scientists providing a list of parameters to the experimentalists identifying feasible parameters.', 'explain or define term or concept': 'Gongjie explains that in exoplanet research, the uncertainties allow for exploring a wide parameter space because there could be a planet that matches any chosen parameter set.'}]",54329.0,250,0
2021_06_10_SLU_S5,2021_06_10_SLU_S5,,,Thank you.,,2021_06_10_SLU_S5_SLU,Gongjie Li,,,,,739.3611111111111,740.0,,,SLU,739.6805555555555,"[{'present new idea': 'Gongjie suggests that the uncertainties in exoplanet research allow for exploring a wide parameter space in theoretical models, which is a novel perspective in the context of the discussion about experimental constraints.', 'encourage particpatioin': 'Gongjie is encouraging the experimentalists to consider which parameters are easier to manipulate in their setups, shifting the focus from planetary scientists providing a list of parameters to the experimentalists identifying feasible parameters.', 'explain or define term or concept': 'Gongjie explains that in exoplanet research, the uncertainties allow for exploring a wide parameter space because there could be a planet that matches any chosen parameter set.'}]",54329.0,251,0
2021_06_10_SLU_S5,2021_06_10_SLU_S5,,,"Yeah, I couldn't think of the references at this moment, but I can I can search about it and then if I find it, I'll put it on the folder.",,2021_06_10_SLU_S5_SLU,Gongjie Li,,,,,993.0,1002.1592920353983,,,SLU,997.5796460176991,"[{'expand on existing idea': 'Gongjie expands on the idea that Enceladus might be a newly formed moon, which was brought up by Laurie and Dimitar, by offering to find references to support this claim.'}, {'express agreement': 'Gongjie explicitly agrees with the idea that Enceladus seems to be a newly formed object, which was previously discussed by Laurie and Dimitar.'}, {'assign task': 'Gongjie assigns themself the task of searching for references and putting them in the folder to support the claim that Enceladus is a newly formed object.'}]",54628.0,252,0
2021_06_10_SLU_S5,2021_06_10_SLU_S5,,,"But yeah, I do agree there seems to be some works suggesting it's a newly formed object.",,2021_06_10_SLU_S5_SLU,Gongjie Li,,,,,1002.1592920353983,1008.0,,,SLU,1005.0796460176991,"[{'expand on existing idea': 'Gongjie expands on the idea that Enceladus might be a newly formed moon, which was brought up by Laurie and Dimitar, by offering to find references to support this claim.'}, {'express agreement': 'Gongjie explicitly agrees with the idea that Enceladus seems to be a newly formed object, which was previously discussed by Laurie and Dimitar.'}, {'assign task': 'Gongjie assigns themself the task of searching for references and putting them in the folder to support the claim that Enceladus is a newly formed object.'}]",54628.0,253,0
2021_06_10_SLU_S5,2021_06_10_SLU_S5,,,"Yeah, maybe related to the rings.",,2021_06_10_SLU_S5_SLU,Gongjie Li,,,,,989.0,991.0,,,SLU,990.0,"{'express agreement': 'Gongjie agrees with the previous point about Enceladus and its potential connection to the rings of Saturn, which was brought up in the context of Enceladus being a relatively newly formed moon.'}",55617.0,254,0
2021_06_10_SLU_S5,2021_06_10_SLU_S5,,,Yeah.,,2021_06_10_SLU_S5_SLU,Gongjie Li,,,,,802.0,803.0,,,SLU,802.5,"{'express agreement': 'Gongjie Li says ""Yeah"" in response to Meredith MacGregor\'s statement about stability being an interesting question, indicating agreement.'}",56419.0,255,0
2021_06_10_SLU_S5,2021_06_10_SLU_S5,,,Yeah.,,2021_06_10_SLU_S5_SLU,Gongjie Li,,,,,842.9999999999999,843.324074074074,,,SLU,843.162037037037,"{'expand on existing idea': 'Gongjie is expanding on the previously discussed topic of time scales and stability by adding that the habitable zone can shift over time as the star evolves, connecting different areas together.', 'provide supporting evidence': 'Gongjie provides a reason to support the idea of time scales being important by stating that the habitable zone can shift over time as the star evolves.'}",56460.0,256,0
2021_06_10_SLU_S5,2021_06_10_SLU_S5,,,"And also in terms of time skills, it may be possible that one region is habitable for life and then as the star evolve and then the region will shift over time.",,2021_06_10_SLU_S5_SLU,Gongjie Li,,,,,843.324074074074,853.6944444444445,,,SLU,848.5092592592592,"{'expand on existing idea': 'Gongjie is expanding on the previously discussed topic of time scales and stability by adding that the habitable zone can shift over time as the star evolves, connecting different areas together.', 'provide supporting evidence': 'Gongjie provides a reason to support the idea of time scales being important by stating that the habitable zone can shift over time as the star evolves.'}",56460.0,257,0
2021_06_10_SLU_S5,2021_06_10_SLU_S5,,,So this um connecting the different areas together.,,2021_06_10_SLU_S5_SLU,Gongjie Li,,,,,853.6944444444443,857.0,,,SLU,855.3472222222222,"{'expand on existing idea': 'Gongjie is expanding on the previously discussed topic of time scales and stability by adding that the habitable zone can shift over time as the star evolves, connecting different areas together.', 'provide supporting evidence': 'Gongjie provides a reason to support the idea of time scales being important by stating that the habitable zone can shift over time as the star evolves.'}",56460.0,258,0
2021_06_10_SLU_S5,2021_06_10_SLU_S5,,,Can I ask?,,2021_06_10_SLU_S5_SLU,Kimberly Lau,,,,,829.0,830.0,,,SLU,829.5,"{'encourage particpatioin': 'Kimberly is asking for permission to speak, which is a way of encouraging participation in the conversation.'}",57289.0,259,0
2021_06_10_SLU_S5,2021_06_10_SLU_S5,,,Can I just mention a follow up to that?,,2021_06_10_SLU_S5_SLU,Kimberly Lau,,,,,830.0000000000001,831.7350096711799,,,SLU,830.86750483559,"[{'expand on existing idea': 'Kimberly is expanding on the discussion about UV radiation and its effects on prebiotic chemistry, which Aaron and Meredith were discussing, by introducing the idea of intermediate time scales like daily and seasonal cycles.'}, {'present new idea': ""Kimberly introduces the idea that there might be a balance between the positive and negative effects of UV radiation over daily or seasonal cycles, which hasn't been explicitly discussed before.""}]",57290.0,260,0
2021_06_10_SLU_S5,2021_06_10_SLU_S5,,,"So one thing, you know, I think that speaking about these time scales, the other there's a sort of more intermediate time scale of daily cycles or seasonal cycles and UV fluxes and changes over those.",,2021_06_10_SLU_S5_SLU,Kimberly Lau,,,,,831.73500967118,840.6324951644101,,,SLU,836.1837524177951,"[{'expand on existing idea': 'Kimberly is expanding on the discussion about UV radiation and its effects on prebiotic chemistry, which Aaron and Meredith were discussing, by introducing the idea of intermediate time scales like daily and seasonal cycles.'}, {'present new idea': ""Kimberly introduces the idea that there might be a balance between the positive and negative effects of UV radiation over daily or seasonal cycles, which hasn't been explicitly discussed before.""}]",57290.0,261,0
2021_06_10_SLU_S5,2021_06_10_SLU_S5,,,"Maybe there's a balance there between the the positive and the negative parts of UV and I wondered that's something that we can also discuss like I think the day length on earth, you know, four billion years ago was shorter.",,2021_06_10_SLU_S5_SLU,Kimberly Lau,,,,,840.6324951644101,850.5976789168278,,,SLU,845.615087040619,"[{'expand on existing idea': 'Kimberly is expanding on the discussion about UV radiation and its effects on prebiotic chemistry, which Aaron and Meredith were discussing, by introducing the idea of intermediate time scales like daily and seasonal cycles.'}, {'present new idea': ""Kimberly introduces the idea that there might be a balance between the positive and negative effects of UV radiation over daily or seasonal cycles, which hasn't been explicitly discussed before.""}]",57290.0,262,0
2021_06_10_SLU_S5,2021_06_10_SLU_S5,,,"I can never remember, but it was definitely different.",,2021_06_10_SLU_S5_SLU,Kimberly Lau,,,,,850.5976789168278,853.0,,,SLU,851.7988394584139,"[{'expand on existing idea': 'Kimberly is expanding on the discussion about UV radiation and its effects on prebiotic chemistry, which Aaron and Meredith were discussing, by introducing the idea of intermediate time scales like daily and seasonal cycles.'}, {'present new idea': ""Kimberly introduces the idea that there might be a balance between the positive and negative effects of UV radiation over daily or seasonal cycles, which hasn't been explicitly discussed before.""}]",57290.0,263,0
2021_06_10_SLU_S5,2021_06_10_SLU_S5,,,Great.,,2021_06_10_SLU_S5_SLU,Kimberly Lau,,,,,58056.0,58056.0,,,SLU,58056.0,{'express agreement': 'Kimberly expresses agreement with the suggestion to create a new Google Doc for the group.'},58056.0,264,0
2021_06_10_SLU_S5,2021_06_10_SLU_S5,,,"How can we maintain these before, you know, things will happen, reactions will happen.",,2021_06_10_SLU_S5_SLU,Kimberly Lau,,,,,600.0000000000001,605.0097087378641,,,SLU,602.5048543689321,"{'present new idea': ""Kimberly introduces the idea of a balance between stability and instability as a driver for evolution, which hasn't been explicitly discussed before."", 'expand on existing idea': 'Kimberly expands on the discussion about the conditions for life, adding the dimension of time and stability of environmental availabilities, building on the previous discussion about necessary conditions for life.', 'provide supporting evidence': 'Kimberly supports her idea by mentioning that deep time Earth history provides examples for understanding the stability question, providing evidence from her field of expertise.'}",58656.0,265,0
2021_06_10_SLU_S5,2021_06_10_SLU_S5,,,"And the flip side is there's another hypothesis that it is instability that leads to evolution, right?",,2021_06_10_SLU_S5_SLU,Kimberly Lau,,,,,605.0097087378641,610.9514563106796,,,SLU,607.9805825242719,"{'present new idea': ""Kimberly introduces the idea of a balance between stability and instability as a driver for evolution, which hasn't been explicitly discussed before."", 'expand on existing idea': 'Kimberly expands on the discussion about the conditions for life, adding the dimension of time and stability of environmental availabilities, building on the previous discussion about necessary conditions for life.', 'provide supporting evidence': 'Kimberly supports her idea by mentioning that deep time Earth history provides examples for understanding the stability question, providing evidence from her field of expertise.'}",58656.0,266,0
2021_06_10_SLU_S5,2021_06_10_SLU_S5,,,"So to me there seems to be like another another fine window where you need to have some level of stability, but if it's too boring, maybe nothing will change.",,2021_06_10_SLU_S5_SLU,Kimberly Lau,,,,,610.9514563106796,620.1553398058253,,,SLU,615.5533980582525,"{'present new idea': ""Kimberly introduces the idea of a balance between stability and instability as a driver for evolution, which hasn't been explicitly discussed before."", 'expand on existing idea': 'Kimberly expands on the discussion about the conditions for life, adding the dimension of time and stability of environmental availabilities, building on the previous discussion about necessary conditions for life.', 'provide supporting evidence': 'Kimberly supports her idea by mentioning that deep time Earth history provides examples for understanding the stability question, providing evidence from her field of expertise.'}",58656.0,267,0
2021_06_10_SLU_S5,2021_06_10_SLU_S5,,,"And so to me that's an interesting question that I think at least from the or history perspective, it gives us some examples of understanding the the stability question.",,2021_06_10_SLU_S5_SLU,Kimberly Lau,,,,,620.1553398058252,630.0,,,SLU,625.0776699029126,"{'present new idea': ""Kimberly introduces the idea of a balance between stability and instability as a driver for evolution, which hasn't been explicitly discussed before."", 'expand on existing idea': 'Kimberly expands on the discussion about the conditions for life, adding the dimension of time and stability of environmental availabilities, building on the previous discussion about necessary conditions for life.', 'provide supporting evidence': 'Kimberly supports her idea by mentioning that deep time Earth history provides examples for understanding the stability question, providing evidence from her field of expertise.'}",58656.0,268,0
2021_06_10_SLU_S5,2021_06_10_SLU_S5,,,I'll do my best.,,2021_06_10_SLU_S5_SLU,Kimberly Lau,,,,,956.0,957.0322580645161,,,SLU,956.516129032258,"[{'acknowledge contribution': 'Kimberly acknowledges that she will try her best to summarize the discussion, recognizing the task assigned to her.'}, {'ask clarifying question': 'Kimberly expresses uncertainty about a specific detail mentioned by Aaron, indicating a need for clarification.'}]",59012.0,269,0
2021_06_10_SLU_S5,2021_06_10_SLU_S5,,,But I don't know the thing that Aaron was talking about the whatever that is.,,2021_06_10_SLU_S5_SLU,Kimberly Lau,,,,,957.0322580645161,962.0,,,SLU,959.516129032258,"[{'acknowledge contribution': 'Kimberly acknowledges that she will try her best to summarize the discussion, recognizing the task assigned to her.'}, {'ask clarifying question': 'Kimberly expresses uncertainty about a specific detail mentioned by Aaron, indicating a need for clarification.'}]",59012.0,270,0
2021_06_10_SLU_S5,2021_06_10_SLU_S5,,,I'm happy to volunteer.,,2021_06_10_SLU_S5_SLU,Kimberly Lau,,,,,684.0,685.0,,,SLU,684.5,"{'express agreement': 'Kimberly explicitly agrees to take on the role of reporter, volunteering for the task.'}",59696.0,271,0
2021_06_10_SLU_S5,2021_06_10_SLU_S5,,,I'm sorry.,,2021_06_10_SLU_S5_SLU,Kimberly Lau,,,,,744.0,744.5454545454545,,,SLU,744.2727272727273,"{'explain or define term or concept': 'Kimberly is explaining where she is looking for the Google Doc, clarifying the location of the document.', 'ask clarifying question': 'Kimberly is implicitly asking if there is a pre-made document for group 1.2, as she cannot find it in the virtual meeting materials.'}",59756.0,272,0
2021_06_10_SLU_S5,2021_06_10_SLU_S5,,,I'm in the virtual meeting materials.,,2021_06_10_SLU_S5_SLU,Kimberly Lau,,,,,744.5454545454546,746.5636363636364,,,SLU,745.5545454545455,"{'explain or define term or concept': 'Kimberly is explaining where she is looking for the Google Doc, clarifying the location of the document.', 'ask clarifying question': 'Kimberly is implicitly asking if there is a pre-made document for group 1.2, as she cannot find it in the virtual meeting materials.'}",59756.0,273,0
2021_06_10_SLU_S5,2021_06_10_SLU_S5,,,I see there's a breakout 1.1 that someone in that group made.,,2021_06_10_SLU_S5_SLU,Kimberly Lau,,,,,746.5636363636364,749.8909090909091,,,SLU,748.2272727272727,"{'explain or define term or concept': 'Kimberly is explaining where she is looking for the Google Doc, clarifying the location of the document.', 'ask clarifying question': 'Kimberly is implicitly asking if there is a pre-made document for group 1.2, as she cannot find it in the virtual meeting materials.'}",59756.0,274,0
2021_06_10_SLU_S5,2021_06_10_SLU_S5,,,"There's a group 1.6, but I don't see a pre-made document.",,2021_06_10_SLU_S5_SLU,Kimberly Lau,,,,,749.8909090909092,753.0,,,SLU,751.4454545454546,"{'explain or define term or concept': 'Kimberly is explaining where she is looking for the Google Doc, clarifying the location of the document.', 'ask clarifying question': 'Kimberly is implicitly asking if there is a pre-made document for group 1.2, as she cannot find it in the virtual meeting materials.'}",59756.0,275,0
2021_06_10_SLU_S5,2021_06_10_SLU_S5,,,Maybe I can just make a new Google Doc.,,2021_06_10_SLU_S5_SLU,Kimberly Lau,,,,,728.0,729.969696969697,,,SLU,728.9848484848485,"{'propose decision': 'Kimberly proposes to create a new Google Doc, suggesting a concrete action for the group to take regarding documentation.', 'provide supporting evidence': 'Kimberly supports her proposal by mentioning that other groups are also creating new Google Docs, providing justification for her suggestion.'}",60484.0,276,0
2021_06_10_SLU_S5,2021_06_10_SLU_S5,,,I think other groups are doing that.,,2021_06_10_SLU_S5_SLU,Kimberly Lau,,,,,729.969696969697,731.7878787878788,,,SLU,730.8787878787879,"{'propose decision': 'Kimberly proposes to create a new Google Doc, suggesting a concrete action for the group to take regarding documentation.', 'provide supporting evidence': 'Kimberly supports her proposal by mentioning that other groups are also creating new Google Docs, providing justification for her suggestion.'}",60484.0,277,0
2021_06_10_SLU_S5,2021_06_10_SLU_S5,,,I'm happy to do do that.,,2021_06_10_SLU_S5_SLU,Kimberly Lau,,,,,731.7878787878788,733.0,,,SLU,732.3939393939394,"{'propose decision': 'Kimberly proposes to create a new Google Doc, suggesting a concrete action for the group to take regarding documentation.', 'provide supporting evidence': 'Kimberly supports her proposal by mentioning that other groups are also creating new Google Docs, providing justification for her suggestion.'}",60484.0,278,0
2021_06_10_SLU_S5,2021_06_10_SLU_S5,,,Okay.,,2021_06_10_SLU_S5_SLU,Kimberly Lau,,,,,60529.0,60529.0,,,SLU,60529.0,"{'express agreement': ""Kimberly acknowledges Laurie's action of creating the Google Doc, indicating agreement that this is the correct course of action.""}",60529.0,279,0
2021_06_10_SLU_S5,2021_06_10_SLU_S5,,,"Sure, I think from a deep time Earth history perspective, I, you know, when I teach biochemistry, I talk about things we talked about, we need water or some kind of solvent, you need electron donor, electron acceptors, you know, a carbon source for life on Earth.",,2021_06_10_SLU_S5_SLU,Kimberly Lau,,,,,1046.0,1081.6531690140846,,,SLU,1063.8265845070423,"[{'expand on existing idea': 'Kimberly is building on the previous discussion about the conditions for life, adding the dimension of time and stability of environmental conditions as important factors, expanding on the necessary components for life.'}]",60802.0,280,0
2021_06_10_SLU_S5,2021_06_10_SLU_S5,,,"But I think one thing that I think a lot about is the time, the time, the stability of these environmental availabilities and how how, you know, whether there's a certain time component of how long these things are available.",,2021_06_10_SLU_S5_SLU,Kimberly Lau,,,,,1081.6531690140846,1112.1549295774648,,,SLU,1096.9040492957747,"[{'expand on existing idea': 'Kimberly is building on the previous discussion about the conditions for life, adding the dimension of time and stability of environmental conditions as important factors, expanding on the necessary components for life.'}]",60802.0,281,0
2021_06_10_SLU_S5,2021_06_10_SLU_S5,,,There's also a lot of so the stability part is really interesting to me.,,2021_06_10_SLU_S5_SLU,Kimberly Lau,,,,,1112.1549295774646,1121.9154929577464,,,SLU,1117.0352112676055,"[{'expand on existing idea': 'Kimberly is building on the previous discussion about the conditions for life, adding the dimension of time and stability of environmental conditions as important factors, expanding on the necessary components for life.'}]",60802.0,282,0
2021_06_10_SLU_S5,2021_06_10_SLU_S5,,,How long,,2021_06_10_SLU_S5_SLU,Kimberly Lau,,,,,1121.9154929577467,1123.0,,,SLU,1122.4577464788733,"[{'expand on existing idea': 'Kimberly is building on the previous discussion about the conditions for life, adding the dimension of time and stability of environmental conditions as important factors, expanding on the necessary components for life.'}]",60802.0,283,0
2021_06_10_SLU_S5,2021_06_10_SLU_S5,,,"Uh, sorry, is there a specific note document?",,2021_06_10_SLU_S5_SLU,Kimberly Lau,,,,,703.0,706.0,,,SLU,704.5,"{'ask clarifying question': 'Kimberly is asking for clarification about whether there is a specific note document, indicating she needs more information to fulfill her role as recorder.'}",61505.0,284,0
2021_06_10_SLU_S5,2021_06_10_SLU_S5,,,"Um, but you know, then to think about other planet configurations and this is where I really this is the limit of my knowledge, but presumably you might get different spatial configurations of different UV fluxes.",,2021_06_10_SLU_S5_SLU,Kimberly Lau,,,,,856.0000000000001,868.4750542299349,,,SLU,862.2375271149675,"{'expand on existing idea': 'Kimberly builds on the discussion about UV radiation and its impact on prebiotic chemistry, expanding the idea to consider different planet configurations and spatial gradients of UV fluxes.', 'ask clarifying question': 'Kimberly asks if different spatial configurations of UV fluxes can be incorporated in experiments, including experiments on seasonal time scales, seeking feedback on the feasibility and relevance of this idea.', 'encourage particpatioin': ""Kimberly is asking for other's thoughts on the idea of incorporating different spatial configurations of UV fluxes in experiments.""}",61658.0,285,0
2021_06_10_SLU_S5,2021_06_10_SLU_S5,,,I think touching on what Big Peter said about spatial gradients and what said too.,,2021_06_10_SLU_S5_SLU,Kimberly Lau,,,,,868.4750542299348,873.2776572668113,,,SLU,870.876355748373,"{'expand on existing idea': 'Kimberly builds on the discussion about UV radiation and its impact on prebiotic chemistry, expanding the idea to consider different planet configurations and spatial gradients of UV fluxes.', 'ask clarifying question': 'Kimberly asks if different spatial configurations of UV fluxes can be incorporated in experiments, including experiments on seasonal time scales, seeking feedback on the feasibility and relevance of this idea.', 'encourage particpatioin': ""Kimberly is asking for other's thoughts on the idea of incorporating different spatial configurations of UV fluxes in experiments.""}",61658.0,286,0
2021_06_10_SLU_S5,2021_06_10_SLU_S5,,,"So curious what you thought about that if that can be incorporated in experiments, maybe including experiments on, you know, seasonal time scales, is that reasonable?",,2021_06_10_SLU_S5_SLU,Kimberly Lau,,,,,873.2776572668113,883.0,,,SLU,878.1388286334056,"{'expand on existing idea': 'Kimberly builds on the discussion about UV radiation and its impact on prebiotic chemistry, expanding the idea to consider different planet configurations and spatial gradients of UV fluxes.', 'ask clarifying question': 'Kimberly asks if different spatial configurations of UV fluxes can be incorporated in experiments, including experiments on seasonal time scales, seeking feedback on the feasibility and relevance of this idea.', 'encourage particpatioin': ""Kimberly is asking for other's thoughts on the idea of incorporating different spatial configurations of UV fluxes in experiments.""}",61658.0,287,0
2021_06_10_SLU_S5,2021_06_10_SLU_S5,,,Yep.,,2021_06_10_SLU_S5_SLU,Kimberly Lau,,,,,62374.0,62374.0,,,SLU,62374.0,{'express agreement': 'Kimberly confirms that she received the Google Docs link in the email.'},62374.0,288,0
2021_06_10_SLU_S5,2021_06_10_SLU_S5,,,All right.,,2021_06_10_SLU_S5_SLU,Laura Barge,,,,,769.0000000000001,769.6153846153846,,,SLU,769.3076923076924,"{'acknowledge contribution': 'Laurie is acknowledging that she has completed the task of creating the Google Doc, which Kimberly volunteered to do earlier.', 'confirm decision': ""Laurie's statement confirms the decision to create a new Google Doc independently, as suggested by Kimberly and observed by Aaron.""}",62427.0,289,0
2021_06_10_SLU_S5,2021_06_10_SLU_S5,,,"I I've made it, so hopefully um you all can see it too.",,2021_06_10_SLU_S5_SLU,Laura Barge,,,,,769.6153846153845,773.0,,,SLU,771.3076923076923,"{'acknowledge contribution': 'Laurie is acknowledging that she has completed the task of creating the Google Doc, which Kimberly volunteered to do earlier.', 'confirm decision': ""Laurie's statement confirms the decision to create a new Google Doc independently, as suggested by Kimberly and observed by Aaron.""}",62427.0,290,0
2021_06_10_SLU_S5,2021_06_10_SLU_S5,,,Can you model radical chemistry?,,2021_06_10_SLU_S5_SLU,Laura Barge,,,,,879.0,882.0,,,SLU,880.5,"{'ask clarifying question': 'Laurie asks if radical chemistry can be modeled, seeking clarification on the capabilities of modeling in this context, which is relevant to the discussion of combining lab experiments and modeling.'}",62537.0,291,0
2021_06_10_SLU_S5,2021_06_10_SLU_S5,,,Hello everybody.,,2021_06_10_SLU_S5_SLU,Laura Barge,,,,,831.0,832.3167082294265,,,SLU,831.6583541147132,"[{'explain or define term or concept': 'Laurie explains her role as a research scientist at NASA JPL, specifying her focus on lab work and some field work, which clarifies her expertise for the group.'}]",63368.0,292,0
2021_06_10_SLU_S5,2021_06_10_SLU_S5,,,So my name is Laurie Barge.,,2021_06_10_SLU_S5_SLU,Laura Barge,,,,,832.3167082294265,834.5386533665835,,,SLU,833.427680798005,"[{'explain or define term or concept': 'Laurie explains her role as a research scientist at NASA JPL, specifying her focus on lab work and some field work, which clarifies her expertise for the group.'}]",63368.0,293,0
2021_06_10_SLU_S5,2021_06_10_SLU_S5,,,"I'm a research scientist at the NASA Jet Propulsion Laboratory and I'm a lab scientist mostly, though I do do some field work as well and my group is the Origins and Habitability Lab, so we study the origin of life and how life can live elsewhere.",,2021_06_10_SLU_S5_SLU,Laura Barge,,,,,834.5386533665834,854.8653366583541,,,SLU,844.7019950124687,"[{'explain or define term or concept': 'Laurie explains her role as a research scientist at NASA JPL, specifying her focus on lab work and some field work, which clarifies her expertise for the group.'}]",63368.0,294,0
2021_06_10_SLU_S5,2021_06_10_SLU_S5,,,"So I do a lot of work on mineral synthesis, organic chemistry with minerals, phosphorus and nitrogen chemistry.",,2021_06_10_SLU_S5_SLU,Laura Barge,,,,,854.8653366583542,864.0,,,SLU,859.4326683291771,"[{'explain or define term or concept': 'Laurie explains her role as a research scientist at NASA JPL, specifying her focus on lab work and some field work, which clarifies her expertise for the group.'}]",63368.0,295,0
2021_06_10_SLU_S5,2021_06_10_SLU_S5,,,"I guess you would need an overarching model, right?",,2021_06_10_SLU_S5_SLU,Laura Barge,,,,,661.0,663.7674418604652,,,SLU,662.3837209302326,"{'expand on existing idea': ""Laurie is expanding on Dimitar's suggestion to link different time scales in the lab or model, suggesting the need for an overarching model to connect long-term geological processes with short-term lab processes.""}",64029.0,296,0
2021_06_10_SLU_S5,2021_06_10_SLU_S5,,,"Because you would have long-term geological process and then you'd have short-term lab process that could be extrapolated to long-term, which would then give you the input for another short-term lab process.",,2021_06_10_SLU_S5_SLU,Laura Barge,,,,,663.7674418604652,675.0,,,SLU,669.3837209302326,"{'expand on existing idea': ""Laurie is expanding on Dimitar's suggestion to link different time scales in the lab or model, suggesting the need for an overarching model to connect long-term geological processes with short-term lab processes.""}",64029.0,297,0
2021_06_10_SLU_S5,2021_06_10_SLU_S5,,,"I think with the lab, it's you can do stuff, but you have to be really specific in what you choose because you can only do a very small amount of things.",,2021_06_10_SLU_S5_SLU,Laura Barge,,,,,607.0,614.9826086956523,,,SLU,610.9913043478261,"{'present new idea': {'Explanation': 'Laurie suggests focusing on non-equilibrium reactions in the lab because they are difficult to model, presenting a new direction for experimental focus.'}, 'propose decision': {'Explanation': 'Laurie proposes that planetary scientists provide a prioritized list of questions for lab experiments, suggesting a concrete action for the group.'}, 'express frustration': {'Explanation': 'Laurie expresses frustration about the difficulty in choosing experimental conditions due to changing information about early Earth and Mars, highlighting a challenge in their research.'}}",64636.0,298,0
2021_06_10_SLU_S5,2021_06_10_SLU_S5,,,So I think I always think it's most important to focus on the non equilibrium reactions because those are not easy to model and radical chemistry is not easy to solve and anything that's kind of messy I think more easily studied in the lab.,,2021_06_10_SLU_S5_SLU,Laura Barge,,,,,614.9826086956522,627.5043478260869,,,SLU,621.2434782608696,"{'present new idea': {'Explanation': 'Laurie suggests focusing on non-equilibrium reactions in the lab because they are difficult to model, presenting a new direction for experimental focus.'}, 'propose decision': {'Explanation': 'Laurie proposes that planetary scientists provide a prioritized list of questions for lab experiments, suggesting a concrete action for the group.'}, 'express frustration': {'Explanation': 'Laurie expresses frustration about the difficulty in choosing experimental conditions due to changing information about early Earth and Mars, highlighting a challenge in their research.'}}",64636.0,299,0
2021_06_10_SLU_S5,2021_06_10_SLU_S5,,,"So like if planetary scientists could give us, you know, a top five list of things that would be cool to know about, that then we would go do all the experiments, but it's hard to know what to focus on sometimes because you read papers about early earth was like this or Mars is like that and then you do five years of experiments and then it's like no actually the atmosphere is this actually and you're like, oh man, that would have changed everything and so it is just a difficult sometimes to know what conditions to begin.",,2021_06_10_SLU_S5_SLU,Laura Barge,,,,,627.504347826087,655.0,,,SLU,641.2521739130435,"{'present new idea': {'Explanation': 'Laurie suggests focusing on non-equilibrium reactions in the lab because they are difficult to model, presenting a new direction for experimental focus.'}, 'propose decision': {'Explanation': 'Laurie proposes that planetary scientists provide a prioritized list of questions for lab experiments, suggesting a concrete action for the group.'}, 'express frustration': {'Explanation': 'Laurie expresses frustration about the difficulty in choosing experimental conditions due to changing information about early Earth and Mars, highlighting a challenge in their research.'}}",64636.0,300,0
2021_06_10_SLU_S5,2021_06_10_SLU_S5,,,"I would think it's interesting but it's probably going to be done, but I think the hydrophobic question is is still relevant because you don't have to have the entire solvent be hydrophobic because a lot of life also is taking like the biochemistry of the membrane is different than the biochemistry of the inside of the cell or what would be outside in the geochemical environment.",,2021_06_10_SLU_S5_SLU,Laura Barge,,,,,672.0,692.2575757575758,,,SLU,682.1287878787879,"{'reject idea': 'Laurie acknowledges the interest in alternative solvents but suggests that the topic might be already well-explored, thus rejecting the idea of focusing on it.', 'expand on existing idea': ""Laurie expands on Aaron's idea about alternative solvents by suggesting that the hydrophobic question is still relevant, elaborating on the importance of combined hydrophobic and hydrophilic chemistry for life, referencing the biochemistry of membranes and electron transport chains as examples.""}",64701.0,301,0
2021_06_10_SLU_S5,2021_06_10_SLU_S5,,,"If you look at say the electron transport chain, you've got, you know, hydrophilic type reactions and then suddenly you've got stuff going on that can only really happen not in water.",,2021_06_10_SLU_S5_SLU,Laura Barge,,,,,692.2575757575758,701.9621212121212,,,SLU,697.1098484848485,"{'reject idea': 'Laurie acknowledges the interest in alternative solvents but suggests that the topic might be already well-explored, thus rejecting the idea of focusing on it.', 'expand on existing idea': ""Laurie expands on Aaron's idea about alternative solvents by suggesting that the hydrophobic question is still relevant, elaborating on the importance of combined hydrophobic and hydrophilic chemistry for life, referencing the biochemistry of membranes and electron transport chains as examples.""}",64701.0,302,0
2021_06_10_SLU_S5,2021_06_10_SLU_S5,,,So I think having a combined hydrophobic hydrophilic style chemistry is still really important.,,2021_06_10_SLU_S5_SLU,Laura Barge,,,,,701.9621212121212,707.0,,,SLU,704.4810606060606,"{'reject idea': 'Laurie acknowledges the interest in alternative solvents but suggests that the topic might be already well-explored, thus rejecting the idea of focusing on it.', 'expand on existing idea': ""Laurie expands on Aaron's idea about alternative solvents by suggesting that the hydrophobic question is still relevant, elaborating on the importance of combined hydrophobic and hydrophilic chemistry for life, referencing the biochemistry of membranes and electron transport chains as examples.""}",64701.0,303,0
2021_06_10_SLU_S5,2021_06_10_SLU_S5,,,"If someone then could model what that would be over millions of years and then give input to the next reaction, that would be super helpful because right now we look at someone else's experiment and we're like, well, you made methane.",,2021_06_10_SLU_S5_SLU,Laura Barge,,,,,1104.0,1111.5671641791046,,,SLU,1107.7835820895523,"{'propose decision': {'Explanation': 'Laurie proposes that someone model the reactions over millions of years to provide input for the next experiment, which suggests a concrete action for the group to consider.'}, 'expand on existing idea': {'Explanation': 'Laurie expands on the discussion about time scales and the connection between different experiments by suggesting a way to bridge the gap between short-term experiments and long-term outcomes through modeling.'}}",65133.0,304,0
2021_06_10_SLU_S5,2021_06_10_SLU_S5,,,We will have methane.,,2021_06_10_SLU_S5_SLU,Laura Barge,,,,,1111.5671641791046,1112.2462686567164,,,SLU,1111.9067164179105,"{'propose decision': {'Explanation': 'Laurie proposes that someone model the reactions over millions of years to provide input for the next experiment, which suggests a concrete action for the group to consider.'}, 'expand on existing idea': {'Explanation': 'Laurie expands on the discussion about time scales and the connection between different experiments by suggesting a way to bridge the gap between short-term experiments and long-term outcomes through modeling.'}}",65133.0,305,0
2021_06_10_SLU_S5,2021_06_10_SLU_S5,,,And then we will make the next thing.,,2021_06_10_SLU_S5_SLU,Laura Barge,,,,,1112.2462686567162,1113.4427860696517,,,SLU,1112.844527363184,"{'propose decision': {'Explanation': 'Laurie proposes that someone model the reactions over millions of years to provide input for the next experiment, which suggests a concrete action for the group to consider.'}, 'expand on existing idea': {'Explanation': 'Laurie expands on the discussion about time scales and the connection between different experiments by suggesting a way to bridge the gap between short-term experiments and long-term outcomes through modeling.'}}",65133.0,306,0
2021_06_10_SLU_S5,2021_06_10_SLU_S5,,,But like I would it would be great if there was modeling in between to kind of help us do the next experiment.,,2021_06_10_SLU_S5_SLU,Laura Barge,,,,,1113.442786069652,1117.0,,,SLU,1115.221393034826,"{'propose decision': {'Explanation': 'Laurie proposes that someone model the reactions over millions of years to provide input for the next experiment, which suggests a concrete action for the group to consider.'}, 'expand on existing idea': {'Explanation': 'Laurie expands on the discussion about time scales and the connection between different experiments by suggesting a way to bridge the gap between short-term experiments and long-term outcomes through modeling.'}}",65133.0,307,0
2021_06_10_SLU_S5,2021_06_10_SLU_S5,,,Is this summary points or is it idea points?,,2021_06_10_SLU_S5_SLU,Laura Barge,,,,,1081.0,1083.0,,,SLU,1082.0,"{'ask clarifying question': 'Laurie asks a clarifying question about whether the points to be put in the powerpoint slides should be summary points or idea points, seeking to understand the purpose of the slides.'}",66214.0,308,0
2021_06_10_SLU_S5,2021_06_10_SLU_S5,,,It would be like like you're going and then but you really need a specific configuration of I don't know like amino acids to emerge in order for it to fold just so so that it can do this next thing.,,2021_06_10_SLU_S5_SLU,Laura Barge,,,,,1032.0,1044.0,,,SLU,1038.0,"{'explain or define term or concept': 'Laurie explains the concept of a bottleneck in the origin of life, stating that specific configurations of molecules like amino acids are needed for the process to move forward, implying that without them, the process cannot advance.'}",67246.0,309,0
2021_06_10_SLU_S5,2021_06_10_SLU_S5,,,It's a very big topic.,,2021_06_10_SLU_S5_SLU,Laura Barge,,,,,600.9999999999999,603.6666666666666,,,SLU,602.3333333333333,"{'propose decision': 'Laurie proposes a way to combine laboratory modeling and observational approaches to understand the time scales of prebiotic chemistry and emergence of life, which is a concrete choice for the group to consider given the discussion about time scales and the need to connect different fields.', 'present new idea': 'Laurie introduces a novel concept of combining laboratory modeling and observational approaches to understand the time scales of prebiotic chemistry and emergence of life, which has not been explicitly mentioned before in this specific way.'}",67847.0,310,0
2021_06_10_SLU_S5,2021_06_10_SLU_S5,,,I'm actually not sure.,,2021_06_10_SLU_S5_SLU,Laura Barge,,,,,603.6666666666666,606.3333333333334,,,SLU,605.0,"{'propose decision': 'Laurie proposes a way to combine laboratory modeling and observational approaches to understand the time scales of prebiotic chemistry and emergence of life, which is a concrete choice for the group to consider given the discussion about time scales and the need to connect different fields.', 'present new idea': 'Laurie introduces a novel concept of combining laboratory modeling and observational approaches to understand the time scales of prebiotic chemistry and emergence of life, which has not been explicitly mentioned before in this specific way.'}",67847.0,311,0
2021_06_10_SLU_S5,2021_06_10_SLU_S5,,,Maybe how can we best combine laboratory modeling and observational approaches to understand the time scales of prebiotic chemistry and emergence of life.,,2021_06_10_SLU_S5_SLU,Laura Barge,,,,,606.3333333333333,625.0,,,SLU,615.6666666666666,"{'propose decision': 'Laurie proposes a way to combine laboratory modeling and observational approaches to understand the time scales of prebiotic chemistry and emergence of life, which is a concrete choice for the group to consider given the discussion about time scales and the need to connect different fields.', 'present new idea': 'Laurie introduces a novel concept of combining laboratory modeling and observational approaches to understand the time scales of prebiotic chemistry and emergence of life, which has not been explicitly mentioned before in this specific way.'}",67847.0,312,0
2021_06_10_SLU_S5,2021_06_10_SLU_S5,,,"It's it's totally possible and like me and all the other chemists, I'm sure have thought about different experiments that we would like love to do and there's things the things I think about are there's all the wild theories of could you have totally alternative life chemistries and maybe.",,2021_06_10_SLU_S5_SLU,Laura Barge,,,,,846.0000000000001,860.2371601208459,,,SLU,853.118580060423,"{'expand on existing idea': 'Laurie expands on the idea of funding for origin of life research on other planets, mentioning that she and other chemists have considered experiments to explore alternative life chemistries and different origins of life even with similar components.', 'provide supporting evidence': 'Laurie provides supporting evidence for the importance of redox state in early Earth, mentioning iron-rich oceans and a CO2 atmosphere as drivers for reactions, suggesting this could be different on exoplanets.'}",68092.0,313,0
2021_06_10_SLU_S5,2021_06_10_SLU_S5,,,"But I also wonder, you know, there could just be main similarities between life here and life on exoplanets, but the but the origin of life was actually different than it was on Earth and maybe with the initial steps of chemical evolution were different.",,2021_06_10_SLU_S5_SLU,Laura Barge,,,,,860.2371601208459,872.7069486404833,,,SLU,866.4720543806646,"{'expand on existing idea': 'Laurie expands on the idea of funding for origin of life research on other planets, mentioning that she and other chemists have considered experiments to explore alternative life chemistries and different origins of life even with similar components.', 'provide supporting evidence': 'Laurie provides supporting evidence for the importance of redox state in early Earth, mentioning iron-rich oceans and a CO2 atmosphere as drivers for reactions, suggesting this could be different on exoplanets.'}",68092.0,314,0
2021_06_10_SLU_S5,2021_06_10_SLU_S5,,,"So it could be carbon based, it could be in water, but it's still not the same as Earth.",,2021_06_10_SLU_S5_SLU,Laura Barge,,,,,872.7069486404833,877.0271903323263,,,SLU,874.8670694864048,"{'expand on existing idea': 'Laurie expands on the idea of funding for origin of life research on other planets, mentioning that she and other chemists have considered experiments to explore alternative life chemistries and different origins of life even with similar components.', 'provide supporting evidence': 'Laurie provides supporting evidence for the importance of redox state in early Earth, mentioning iron-rich oceans and a CO2 atmosphere as drivers for reactions, suggesting this could be different on exoplanets.'}",68092.0,315,0
2021_06_10_SLU_S5,2021_06_10_SLU_S5,,,"And so there's a lot of experiments that could be done, even big things early on like minerals direct reactions, but how exactly and which minerals are prevalent and, you know, you could imagine like I think on early Earth, the redox state of the planet was a huge factor because you have let's say iron two very rich in the oceans and an atmosphere of mostly CO2 and what is the redox state of the atmosphere?",,2021_06_10_SLU_S5_SLU,Laura Barge,,,,,877.0271903323263,897.1555891238671,,,SLU,887.0913897280967,"{'expand on existing idea': 'Laurie expands on the idea of funding for origin of life research on other planets, mentioning that she and other chemists have considered experiments to explore alternative life chemistries and different origins of life even with similar components.', 'provide supporting evidence': 'Laurie provides supporting evidence for the importance of redox state in early Earth, mentioning iron-rich oceans and a CO2 atmosphere as drivers for reactions, suggesting this could be different on exoplanets.'}",68092.0,316,0
2021_06_10_SLU_S5,2021_06_10_SLU_S5,,,What is the redox state of the mantle?,,2021_06_10_SLU_S5_SLU,Laura Barge,,,,,897.1555891238671,899.0211480362537,,,SLU,898.0883685800604,"{'expand on existing idea': 'Laurie expands on the idea of funding for origin of life research on other planets, mentioning that she and other chemists have considered experiments to explore alternative life chemistries and different origins of life even with similar components.', 'provide supporting evidence': 'Laurie provides supporting evidence for the importance of redox state in early Earth, mentioning iron-rich oceans and a CO2 atmosphere as drivers for reactions, suggesting this could be different on exoplanets.'}",68092.0,317,0
2021_06_10_SLU_S5,2021_06_10_SLU_S5,,,Like these are huge drivers for what sort of reactions you might have even with all the same chemicals that we are used to.,,2021_06_10_SLU_S5_SLU,Laura Barge,,,,,899.0211480362537,905.059667673716,,,SLU,902.0404078549849,"{'expand on existing idea': 'Laurie expands on the idea of funding for origin of life research on other planets, mentioning that she and other chemists have considered experiments to explore alternative life chemistries and different origins of life even with similar components.', 'provide supporting evidence': 'Laurie provides supporting evidence for the importance of redox state in early Earth, mentioning iron-rich oceans and a CO2 atmosphere as drivers for reactions, suggesting this could be different on exoplanets.'}",68092.0,318,0
2021_06_10_SLU_S5,2021_06_10_SLU_S5,,,And so that's the sort of stuff that I think would deserve more experimental investigation that kind of hasn't been done.,,2021_06_10_SLU_S5_SLU,Laura Barge,,,,,905.0596676737159,911.0,,,SLU,908.029833836858,"{'expand on existing idea': 'Laurie expands on the idea of funding for origin of life research on other planets, mentioning that she and other chemists have considered experiments to explore alternative life chemistries and different origins of life even with similar components.', 'provide supporting evidence': 'Laurie provides supporting evidence for the importance of redox state in early Earth, mentioning iron-rich oceans and a CO2 atmosphere as drivers for reactions, suggesting this could be different on exoplanets.'}",68092.0,319,0
2021_06_10_SLU_S5,2021_06_10_SLU_S5,,,"Oh, that's a good point actually.",,2021_06_10_SLU_S5_SLU,Laura Barge,,,,,68157.0,68157.0,,,SLU,68157.0,"{'acknowledge contribution': 'Laurie acknowledges that someone made a good point, but does not agree or expand on it.'}",68157.0,320,0
2021_06_10_SLU_S5,2021_06_10_SLU_S5,,,Okay.,,2021_06_10_SLU_S5_SLU,Laura Barge,,,,,69021.0,69021.0,,,SLU,69021.0,"{'acknowledge contribution': ""Laurie is acknowledging Dimitar's previous request to start with her for introductions.""}",69021.0,321,0
2021_06_10_SLU_S5,2021_06_10_SLU_S5,,,One one thing that would be helpful in experiments is having inputs to the experiment.,,2021_06_10_SLU_S5_SLU,Laura Barge,,,,,1079.0000000000002,1085.5749235474007,,,SLU,1082.2874617737004,"[{'expand on existing idea': 'Laurie is expanding on the discussion about time scales and experimental design, building on the previous discussion about the challenges of replicating origin of life experiments in the lab by suggesting the importance of controlled and specific conditions for experiments.'}]",69236.0,322,0
2021_06_10_SLU_S5,2021_06_10_SLU_S5,,,"So we always want to know what conditions do you do it under because it has to be really controlled and specific, otherwise none of your results could be real.",,2021_06_10_SLU_S5_SLU,Laura Barge,,,,,1085.5749235474007,1097.730886850153,,,SLU,1091.6529051987768,"[{'expand on existing idea': 'Laurie is expanding on the discussion about time scales and experimental design, building on the previous discussion about the challenges of replicating origin of life experiments in the lab by suggesting the importance of controlled and specific conditions for experiments.'}]",69236.0,323,0
2021_06_10_SLU_S5,2021_06_10_SLU_S5,,,"And so if we did a reaction A, let's say and you get like some kinetics out of it.",,2021_06_10_SLU_S5_SLU,Laura Barge,,,,,1097.7308868501527,1104.0,,,SLU,1100.8654434250764,"[{'expand on existing idea': 'Laurie is expanding on the discussion about time scales and experimental design, building on the previous discussion about the challenges of replicating origin of life experiments in the lab by suggesting the importance of controlled and specific conditions for experiments.'}]",69236.0,324,0
2021_06_10_SLU_S5,2021_06_10_SLU_S5,,,"So I I had a bullet that was just kind of a general thought about the state of this field, which is that in so as you know if like in origin of life, there's all these funding sources, but they are really specifically about early Earth and it's always about trying to get, you know, at what it was the origin of life on Earth.",,2021_06_10_SLU_S5_SLU,Laura Barge,,,,,748.9999999999999,767.7019122609673,,,SLU,758.3509561304836,"[{'present new idea': 'Laurie introduces the idea that funding sources are specifically about early Earth, which limits the study of the origin of life on other worlds in a non-Earth-like manner, a point not previously discussed.'}, {'express frustration': 'Laurie expresses frustration about the lack of funding for studying the origin of life on other worlds in a non-Earth-like manner, which is a problem for someone interested in life detection.'}]",69985.0,325,0
2021_06_10_SLU_S5,2021_06_10_SLU_S5,,,"This is true for like the NASA RCNs, exobiology and everything else.",,2021_06_10_SLU_S5_SLU,Laura Barge,,,,,767.7019122609673,771.6029246344207,,,SLU,769.652418447694,"[{'present new idea': 'Laurie introduces the idea that funding sources are specifically about early Earth, which limits the study of the origin of life on other worlds in a non-Earth-like manner, a point not previously discussed.'}, {'express frustration': 'Laurie expresses frustration about the lack of funding for studying the origin of life on other worlds in a non-Earth-like manner, which is a problem for someone interested in life detection.'}]",69985.0,326,0
2021_06_10_SLU_S5,2021_06_10_SLU_S5,,,"And then we have all these planetary science questions about other worlds and life in other worlds, but there is no funding that I've ever found where you could study the possible origin of life on another world in a non-earth like manner.",,2021_06_10_SLU_S5_SLU,Laura Barge,,,,,771.6029246344207,785.3138357705287,,,SLU,778.4583802024747,"[{'present new idea': 'Laurie introduces the idea that funding sources are specifically about early Earth, which limits the study of the origin of life on other worlds in a non-Earth-like manner, a point not previously discussed.'}, {'express frustration': 'Laurie expresses frustration about the lack of funding for studying the origin of life on other worlds in a non-Earth-like manner, which is a problem for someone interested in life detection.'}]",69985.0,327,0
2021_06_10_SLU_S5,2021_06_10_SLU_S5,,,"And so that's that's been a real problem for someone who's interested in life detection like me because, you know, I want to say, well, on Mars, for example, could you have life begin in some other way than Earth, but you can't really do those experiments.",,2021_06_10_SLU_S5_SLU,Laura Barge,,,,,785.3138357705286,800.0,,,SLU,792.6569178852643,"[{'present new idea': 'Laurie introduces the idea that funding sources are specifically about early Earth, which limits the study of the origin of life on other worlds in a non-Earth-like manner, a point not previously discussed.'}, {'express frustration': 'Laurie expresses frustration about the lack of funding for studying the origin of life on other worlds in a non-Earth-like manner, which is a problem for someone interested in life detection.'}]",69985.0,328,0
2021_06_10_SLU_S5,2021_06_10_SLU_S5,,,So I guess we're talking about parameters and we're talking about organic chemistry and these are both really complex spaces.,,2021_06_10_SLU_S5_SLU,Laura Barge,,,,,709.0,711.0,,,SLU,710.0,"{'explain or define term or concept': 'Laurie is defining the scope of the discussion by stating that they are talking about parameters and organic chemistry, which are both complex spaces, to summarize the discussion.'}",70694.0,329,0
2021_06_10_SLU_S5,2021_06_10_SLU_S5,,,The limitations we've had as told to me by the modeling collaborators are that the big molecules I want to work with don't have all the thermodynamic data of some of the small molecules.,,2021_06_10_SLU_S5_SLU,Laura Barge,,,,,734.0,744.5916666666667,,,SLU,739.2958333333333,"{'provide supporting evidence': ""Laurie explains the limitations of current modeling approaches, stating that large molecules lack thermodynamic data, models assume equilibrium while experiments are not, and models don't account for molecule instability, supporting the need for better modeling techniques."", 'expand on existing idea': 'Laurie expands on the discussion about time scales and the need for modeling by detailing the specific limitations she has encountered when collaborating with modelers, building on the previous discussion about the challenges of connecting experimental results with long-term geological processes.'}",70719.0,330,0
2021_06_10_SLU_S5,2021_06_10_SLU_S5,,,So then he has to like derive it from the molecule and this takes them a really long time.,,2021_06_10_SLU_S5_SLU,Laura Barge,,,,,744.5916666666667,749.7166666666667,,,SLU,747.1541666666667,"{'provide supporting evidence': ""Laurie explains the limitations of current modeling approaches, stating that large molecules lack thermodynamic data, models assume equilibrium while experiments are not, and models don't account for molecule instability, supporting the need for better modeling techniques."", 'expand on existing idea': 'Laurie expands on the discussion about time scales and the need for modeling by detailing the specific limitations she has encountered when collaborating with modelers, building on the previous discussion about the challenges of connecting experimental results with long-term geological processes.'}",70719.0,331,0
2021_06_10_SLU_S5,2021_06_10_SLU_S5,,,And then the other issue was it was equilibrium modeling and our experiments not in equilibrium and also the modeling would tell us stability of a product at a condition but it didn't take into account the instability of the molecule like we were talking about.,,2021_06_10_SLU_S5_SLU,Laura Barge,,,,,749.7166666666667,764.5791666666667,,,SLU,757.1479166666667,"{'provide supporting evidence': ""Laurie explains the limitations of current modeling approaches, stating that large molecules lack thermodynamic data, models assume equilibrium while experiments are not, and models don't account for molecule instability, supporting the need for better modeling techniques."", 'expand on existing idea': 'Laurie expands on the discussion about time scales and the need for modeling by detailing the specific limitations she has encountered when collaborating with modelers, building on the previous discussion about the challenges of connecting experimental results with long-term geological processes.'}",70719.0,332,0
2021_06_10_SLU_S5,2021_06_10_SLU_S5,,,And so there was nowhere in the model to input the fact that like this molecule degrades at a well known exponential curve that we see in the lab but that's not included in the model.,,2021_06_10_SLU_S5_SLU,Laura Barge,,,,,764.5791666666667,775.0,,,SLU,769.7895833333333,"{'provide supporting evidence': ""Laurie explains the limitations of current modeling approaches, stating that large molecules lack thermodynamic data, models assume equilibrium while experiments are not, and models don't account for molecule instability, supporting the need for better modeling techniques."", 'expand on existing idea': 'Laurie expands on the discussion about time scales and the need for modeling by detailing the specific limitations she has encountered when collaborating with modelers, building on the previous discussion about the challenges of connecting experimental results with long-term geological processes.'}",70719.0,333,0
2021_06_10_SLU_S5,2021_06_10_SLU_S5,,,"There people talk about this for Enceladus because they found those organics in the plume and, you know, there's I know a debate in astronomy, which I'm not as familiar with, so maybe some of you know, but is Enceladus 4 billion years old like the rest of the stuff or is it young and formed with Saturn's rings?",,2021_06_10_SLU_S5_SLU,Laura Barge,,,,,939.0000000000001,953.5637342908439,,,SLU,946.281867145422,"{'expand on existing idea': ""Laurie expands on the idea of prebiotic chemistry happening elsewhere by bringing up the example of Enceladus and the organics found in its plume, which builds upon Aaron's point that prebiotic chemistry could be happening on other planets right now."", 'ask clarifying question': ""Laurie asks if Enceladus is 4 billion years old or young and formed with Saturn's rings, seeking clarification on the age of Enceladus to support her point about it potentially being a prebiotic world now."", 'express enthusiasm': 'Laurie expresses her interest in the possibility of Enceladus being a prebiotic world now, showing excitement about the topic.'}",70924.0,334,0
2021_06_10_SLU_S5,2021_06_10_SLU_S5,,,And if if you could imagine it were younger then is it a prebiotic world now?,,2021_06_10_SLU_S5_SLU,Laura Barge,,,,,953.5637342908437,957.1579892280072,,,SLU,955.3608617594255,"{'expand on existing idea': ""Laurie expands on the idea of prebiotic chemistry happening elsewhere by bringing up the example of Enceladus and the organics found in its plume, which builds upon Aaron's point that prebiotic chemistry could be happening on other planets right now."", 'ask clarifying question': ""Laurie asks if Enceladus is 4 billion years old or young and formed with Saturn's rings, seeking clarification on the age of Enceladus to support her point about it potentially being a prebiotic world now."", 'express enthusiasm': 'Laurie expresses her interest in the possibility of Enceladus being a prebiotic world now, showing excitement about the topic.'}",70924.0,335,0
2021_06_10_SLU_S5,2021_06_10_SLU_S5,,,"And so that's really interesting to me and the organics in the plume are all things that we've made in the lab prebiotically, but they're also things that life makes.",,2021_06_10_SLU_S5_SLU,Laura Barge,,,,,957.1579892280072,964.9066427289049,,,SLU,961.032315978456,"{'expand on existing idea': ""Laurie expands on the idea of prebiotic chemistry happening elsewhere by bringing up the example of Enceladus and the organics found in its plume, which builds upon Aaron's point that prebiotic chemistry could be happening on other planets right now."", 'ask clarifying question': ""Laurie asks if Enceladus is 4 billion years old or young and formed with Saturn's rings, seeking clarification on the age of Enceladus to support her point about it potentially being a prebiotic world now."", 'express enthusiasm': 'Laurie expresses her interest in the possibility of Enceladus being a prebiotic world now, showing excitement about the topic.'}",70924.0,336,0
2021_06_10_SLU_S5,2021_06_10_SLU_S5,,,So,,2021_06_10_SLU_S5_SLU,Laura Barge,,,,,964.9066427289049,965.0,,,SLU,964.9533213644524,"{'expand on existing idea': ""Laurie expands on the idea of prebiotic chemistry happening elsewhere by bringing up the example of Enceladus and the organics found in its plume, which builds upon Aaron's point that prebiotic chemistry could be happening on other planets right now."", 'ask clarifying question': ""Laurie asks if Enceladus is 4 billion years old or young and formed with Saturn's rings, seeking clarification on the age of Enceladus to support her point about it potentially being a prebiotic world now."", 'express enthusiasm': 'Laurie expresses her interest in the possibility of Enceladus being a prebiotic world now, showing excitement about the topic.'}",70924.0,337,0
2021_06_10_SLU_S5,2021_06_10_SLU_S5,,,There was also a team from the Origin of Life Ideas Lab.,,2021_06_10_SLU_S5_SLU,Laura Barge,,,,,627.0,630.0545454545454,,,SLU,628.5272727272727,"[{'provide supporting evidence': 'Laurie mentions a team from the Origin of Life Ideas Lab and a funded proposal related to the discussion, providing evidence of work in the area of alternative solvents, which Aaron brought up.'}]",71551.0,338,0
2021_06_10_SLU_S5,2021_06_10_SLU_S5,,,"It's a little similar to this, like making up new research proposals and there was there was a proposal funded in that effort about this.",,2021_06_10_SLU_S5_SLU,Laura Barge,,,,,630.0545454545454,637.5272727272727,,,SLU,633.790909090909,"[{'provide supporting evidence': 'Laurie mentions a team from the Origin of Life Ideas Lab and a funded proposal related to the discussion, providing evidence of work in the area of alternative solvents, which Aaron brought up.'}]",71551.0,339,0
2021_06_10_SLU_S5,2021_06_10_SLU_S5,,,So they're I think it's led by Paul Bratt Bratcher.,,2021_06_10_SLU_S5_SLU,Laura Barge,,,,,637.5272727272727,640.3090909090909,,,SLU,638.9181818181818,"[{'provide supporting evidence': 'Laurie mentions a team from the Origin of Life Ideas Lab and a funded proposal related to the discussion, providing evidence of work in the area of alternative solvents, which Aaron brought up.'}]",71551.0,340,0
2021_06_10_SLU_S5,2021_06_10_SLU_S5,,,Forgot what university he's at.,,2021_06_10_SLU_S5_SLU,Laura Barge,,,,,640.3090909090909,642.0,,,SLU,641.1545454545454,"[{'provide supporting evidence': 'Laurie mentions a team from the Origin of Life Ideas Lab and a funded proposal related to the discussion, providing evidence of work in the area of alternative solvents, which Aaron brought up.'}]",71551.0,341,0
2021_06_10_SLU_S5,2021_06_10_SLU_S5,,,There's also a lot of work going on the Titan community like at JPL.,,2021_06_10_SLU_S5_SLU,Laura Barge,,,,,643.0,646.7362637362637,,,SLU,644.8681318681319,"{'expand on existing idea': ""Laurie expands on the discussion about alternative solvents by mentioning the work being done in the Titan community at JPL, building on Aaron's earlier mention of Titan and other solvents."", 'provide supporting evidence': 'Laurie provides supporting evidence by mentioning the ongoing work in the Titan community at JPL, which strengthens the idea that alternative solvents are being actively researched.'}",71567.0,342,0
2021_06_10_SLU_S5,2021_06_10_SLU_S5,,,So this is this is a not overly studied but many people are working in this area and so it's an interesting thing.,,2021_06_10_SLU_S5_SLU,Laura Barge,,,,,646.7362637362637,653.0,,,SLU,649.8681318681319,"{'expand on existing idea': ""Laurie expands on the discussion about alternative solvents by mentioning the work being done in the Titan community at JPL, building on Aaron's earlier mention of Titan and other solvents."", 'provide supporting evidence': 'Laurie provides supporting evidence by mentioning the ongoing work in the Titan community at JPL, which strengthens the idea that alternative solvents are being actively researched.'}",71567.0,343,0
2021_06_10_SLU_S5,2021_06_10_SLU_S5,,,This is my latest modeling struggle but like it's an example of what we encounter all the time.,,2021_06_10_SLU_S5_SLU,Laura Barge,,,,,1006.0000000000001,1010.8223350253808,,,SLU,1008.4111675126904,"{'provide supporting evidence': 'Laurie describes her struggles with modeling, explaining how involving geology makes experiments messy, citing the example of ferrous iron reactions in the ocean and the need for numerous controls to account for different components, thus providing evidence for the complexity of the problem.', 'express frustration': 'Laurie expresses frustration with the endless controls needed in experiments to understand the impact of geological factors, stating that it ""takes forever.""'}",71930.0,344,0
2021_06_10_SLU_S5,2021_06_10_SLU_S5,,,And in the lab too you find out that things are just very messy when you start involving geology and so like if you I don't know have a reaction driven by ferrous iron and the ocean had ferrous iron and then you do your with and without salt controls you then find out that there's a different rate when you have 0.5 molar of sodium chloride and on and on it goes.,,2021_06_10_SLU_S5_SLU,Laura Barge,,,,,1010.8223350253807,1029.2994923857868,,,SLU,1020.0609137055837,"{'provide supporting evidence': 'Laurie describes her struggles with modeling, explaining how involving geology makes experiments messy, citing the example of ferrous iron reactions in the ocean and the need for numerous controls to account for different components, thus providing evidence for the complexity of the problem.', 'express frustration': 'Laurie expresses frustration with the endless controls needed in experiments to understand the impact of geological factors, stating that it ""takes forever.""'}",71930.0,345,0
2021_06_10_SLU_S5,2021_06_10_SLU_S5,,,And it's like this for silica phosphorus nitrogen and so you end up having to do just an infinite amount of experiments to really understand what's going on and I don't know if the models are able to predict these things or if maybe just more modeling needs to be done before we do the experiment.,,2021_06_10_SLU_S5_SLU,Laura Barge,,,,,1029.2994923857866,1044.3756345177665,,,SLU,1036.8375634517765,"{'provide supporting evidence': 'Laurie describes her struggles with modeling, explaining how involving geology makes experiments messy, citing the example of ferrous iron reactions in the ocean and the need for numerous controls to account for different components, thus providing evidence for the complexity of the problem.', 'express frustration': 'Laurie expresses frustration with the endless controls needed in experiments to understand the impact of geological factors, stating that it ""takes forever.""'}",71930.0,346,0
2021_06_10_SLU_S5,2021_06_10_SLU_S5,,,But we often get tied up in controls like endless controls just to know because you can't just say the earlier ocean favors formation of molecule you have to do every component of that in the lab and and we just it takes forever.,,2021_06_10_SLU_S5_SLU,Laura Barge,,,,,1044.3756345177667,1056.0,,,SLU,1050.1878172588833,"{'provide supporting evidence': 'Laurie describes her struggles with modeling, explaining how involving geology makes experiments messy, citing the example of ferrous iron reactions in the ocean and the need for numerous controls to account for different components, thus providing evidence for the complexity of the problem.', 'express frustration': 'Laurie expresses frustration with the endless controls needed in experiments to understand the impact of geological factors, stating that it ""takes forever.""'}",71930.0,347,0
2021_06_10_SLU_S5,2021_06_10_SLU_S5,,,Trinity.,,2021_06_10_SLU_S5_SLU,Laura Barge,,,,,72744.0,72744.0,,,SLU,72744.0,"{'encourage particpatioin': 'Laurie encourages Trinity to speak next, likely in response to Trinity starting to speak.'}",72744.0,348,0
2021_06_10_SLU_S5,2021_06_10_SLU_S5,,,"Well the the earliest life evidence that's just kind of an upper bound because, you know, we don't it's it's a rock problem really.",,2021_06_10_SLU_S5_SLU,Laura Barge,,,,,978.0,988.5289719626169,,,SLU,983.2644859813084,"[{'explain or define term or concept': 'The speaker explains that the earliest life evidence is an upper bound due to the lack of older rocks, clarifying the limitations of current evidence.', 'expand on existing idea': 'The speaker expands on the discussion about the timing of the origin of life, stating that it is geologically rapid but certain parts can go on without progress until a bottleneck reaction occurs.'}]",72908.0,349,0
2021_06_10_SLU_S5,2021_06_10_SLU_S5,,,We don't have any evidence.,,2021_06_10_SLU_S5_SLU,Laura Barge,,,,,988.5289719626168,990.6990654205607,,,SLU,989.6140186915887,"[{'explain or define term or concept': 'The speaker explains that the earliest life evidence is an upper bound due to the lack of older rocks, clarifying the limitations of current evidence.', 'expand on existing idea': 'The speaker expands on the discussion about the timing of the origin of life, stating that it is geologically rapid but certain parts can go on without progress until a bottleneck reaction occurs.'}]",72908.0,350,0
2021_06_10_SLU_S5,2021_06_10_SLU_S5,,,"But also origin of life, it's not it's fast but also not fast because it's geologically rapid.",,2021_06_10_SLU_S5_SLU,Laura Barge,,,,,990.6990654205607,998.2542056074766,,,SLU,994.4766355140187,"[{'explain or define term or concept': 'The speaker explains that the earliest life evidence is an upper bound due to the lack of older rocks, clarifying the limitations of current evidence.', 'expand on existing idea': 'The speaker expands on the discussion about the timing of the origin of life, stating that it is geologically rapid but certain parts can go on without progress until a bottleneck reaction occurs.'}]",72908.0,351,0
2021_06_10_SLU_S5,2021_06_10_SLU_S5,,,"But also like certain parts that people study like these messy chemistries making organic monomers and whatnot, that could go on and on and just never get anywhere, but then there's bottleneck reactions where, you know, you need something specific to happen or it can't move forward.",,2021_06_10_SLU_S5_SLU,Laura Barge,,,,,998.2542056074767,1021.0,,,SLU,1009.6271028037384,"[{'explain or define term or concept': 'The speaker explains that the earliest life evidence is an upper bound due to the lack of older rocks, clarifying the limitations of current evidence.', 'expand on existing idea': 'The speaker expands on the discussion about the timing of the origin of life, stating that it is geologically rapid but certain parts can go on without progress until a bottleneck reaction occurs.'}]",72908.0,352,0
2021_06_10_SLU_S5,2021_06_10_SLU_S5,,,"Well, part of the problem is that the self-sufficiency part of origin of life, we don't know what the relative timing of that is or if which parts need to be self-sufficient before other parts.",,2021_06_10_SLU_S5_SLU,Laura Barge,,,,,990.9999999999999,1000.2802404207363,,,SLU,995.6401202103681,"[{'explain or define term or concept': 'Laurie explains the problem of not knowing the relative timing or order of operations for self-sufficiency in the origin of life, highlighting the uncertainty about which processes need to occur inside or outside the cell membrane first.'}, {'expand on existing idea': 'Laurie expands on the discussion about time scales by explaining that experiments only capture a small part of the origin of life timeline, emphasizing the need for conceptual connections between different reactions studied by different researchers.'}]",72921.0,353,0
2021_06_10_SLU_S5,2021_06_10_SLU_S5,,,"So like, do you need, for example, let's say protein metabolism to happen inside the cell membrane or can that sort of happen outside and then, you know, and so it's hard to know where in the timing that all occurs because no one really knows the order of operations.",,2021_06_10_SLU_S5_SLU,Laura Barge,,,,,1000.2802404207363,1013.1187077385424,,,SLU,1006.6994740796393,"[{'explain or define term or concept': 'Laurie explains the problem of not knowing the relative timing or order of operations for self-sufficiency in the origin of life, highlighting the uncertainty about which processes need to occur inside or outside the cell membrane first.'}, {'expand on existing idea': 'Laurie expands on the discussion about time scales by explaining that experiments only capture a small part of the origin of life timeline, emphasizing the need for conceptual connections between different reactions studied by different researchers.'}]",72921.0,354,0
2021_06_10_SLU_S5,2021_06_10_SLU_S5,,,"And the other the other problem from a chemistry perspective is, you know, you look at the vast timeline of Earth and then in the lab you're basically zooming in in in on one little bit and you can do an experiment, but even if you look at the whole origin of life, which is a blip geologically, then even then you're zooming in super thin.",,2021_06_10_SLU_S5_SLU,Laura Barge,,,,,1013.1187077385423,1029.4673178061607,,,SLU,1021.2930127723515,"[{'explain or define term or concept': 'Laurie explains the problem of not knowing the relative timing or order of operations for self-sufficiency in the origin of life, highlighting the uncertainty about which processes need to occur inside or outside the cell membrane first.'}, {'expand on existing idea': 'Laurie expands on the discussion about time scales by explaining that experiments only capture a small part of the origin of life timeline, emphasizing the need for conceptual connections between different reactions studied by different researchers.'}]",72921.0,355,0
2021_06_10_SLU_S5,2021_06_10_SLU_S5,,,And so any experiment that anyone's doing is going to be like this much and then you have to come back out and then you have to come back in at a different point to do the next experiment because it's not it's not just not possible for one person or lab to do the whole origin of life because you have to the time scale just doesn't make sense.,,2021_06_10_SLU_S5_SLU,Laura Barge,,,,,1029.4673178061605,1046.0082644628098,,,SLU,1037.7377911344852,"[{'explain or define term or concept': 'Laurie explains the problem of not knowing the relative timing or order of operations for self-sufficiency in the origin of life, highlighting the uncertainty about which processes need to occur inside or outside the cell membrane first.'}, {'expand on existing idea': 'Laurie expands on the discussion about time scales by explaining that experiments only capture a small part of the origin of life timeline, emphasizing the need for conceptual connections between different reactions studied by different researchers.'}]",72921.0,356,0
2021_06_10_SLU_S5,2021_06_10_SLU_S5,,,Like how many chemical reactions can happen in months or a thesis time or something like that.,,2021_06_10_SLU_S5_SLU,Laura Barge,,,,,1046.0082644628098,1050.5281743050339,,,SLU,1048.2682193839219,"[{'explain or define term or concept': 'Laurie explains the problem of not knowing the relative timing or order of operations for self-sufficiency in the origin of life, highlighting the uncertainty about which processes need to occur inside or outside the cell membrane first.'}, {'expand on existing idea': 'Laurie expands on the discussion about time scales by explaining that experiments only capture a small part of the origin of life timeline, emphasizing the need for conceptual connections between different reactions studied by different researchers.'}]",72921.0,357,0
2021_06_10_SLU_S5,2021_06_10_SLU_S5,,,"So this is why we all work on different reactions, but they all have to connect conceptually.",,2021_06_10_SLU_S5_SLU,Laura Barge,,,,,1050.5281743050336,1055.0,,,SLU,1052.7640871525168,"[{'explain or define term or concept': 'Laurie explains the problem of not knowing the relative timing or order of operations for self-sufficiency in the origin of life, highlighting the uncertainty about which processes need to occur inside or outside the cell membrane first.'}, {'expand on existing idea': 'Laurie expands on the discussion about time scales by explaining that experiments only capture a small part of the origin of life timeline, emphasizing the need for conceptual connections between different reactions studied by different researchers.'}]",72921.0,358,0
2021_06_10_SLU_S5,2021_06_10_SLU_S5,,,"What if we did like, you know, there's if there's a Venn diagram here, one is the conditions because we're we're really trying to answer, could life emerge on other exoplanets, right?",,2021_06_10_SLU_S5_SLU,Laura Barge,,,,,782.9999999999999,789.6344410876133,,,SLU,786.3172205438066,"[{'present new idea': ""Laurie introduces a novel approach of using a Venn diagram to identify key parameters for prebiotic chemistry on exoplanets, which hasn't been explicitly suggested before.""}, {'propose decision': 'Laurie suggests that exoplanet scientists should list variable parameters between planets and chemists should list parameters that affect chemical reactions, and then focus on the overlap, proposing a concrete choice for the group to narrow their focus.'}]",73704.0,359,0
2021_06_10_SLU_S5,2021_06_10_SLU_S5,,,So could could exoplanet or planetary science people make a list of which parameters are most variable between different planets because that would allow you to say which planet could or could not do a thing.,,2021_06_10_SLU_S5_SLU,Laura Barge,,,,,789.6344410876133,797.1752265861027,,,SLU,793.404833836858,"[{'present new idea': ""Laurie introduces a novel approach of using a Venn diagram to identify key parameters for prebiotic chemistry on exoplanets, which hasn't been explicitly suggested before.""}, {'propose decision': 'Laurie suggests that exoplanet scientists should list variable parameters between planets and chemists should list parameters that affect chemical reactions, and then focus on the overlap, proposing a concrete choice for the group to narrow their focus.'}]",73704.0,360,0
2021_06_10_SLU_S5,2021_06_10_SLU_S5,,,And then the chemists could make which parameters are most effective in changing the way a chemical reaction turns out because you know certain ones you change them in the lab it is not that big of a deal.,,2021_06_10_SLU_S5_SLU,Laura Barge,,,,,797.1752265861027,804.607250755287,,,SLU,800.8912386706949,"[{'present new idea': ""Laurie introduces a novel approach of using a Venn diagram to identify key parameters for prebiotic chemistry on exoplanets, which hasn't been explicitly suggested before.""}, {'propose decision': 'Laurie suggests that exoplanet scientists should list variable parameters between planets and chemists should list parameters that affect chemical reactions, and then focus on the overlap, proposing a concrete choice for the group to narrow their focus.'}]",73704.0,361,0
2021_06_10_SLU_S5,2021_06_10_SLU_S5,,,"Other ones you change it, it changes everything and where that overlap is could be, you know, a shorter list where we could focus in the lab.",,2021_06_10_SLU_S5_SLU,Laura Barge,,,,,804.6072507552869,809.7190332326284,,,SLU,807.1631419939577,"[{'present new idea': ""Laurie introduces a novel approach of using a Venn diagram to identify key parameters for prebiotic chemistry on exoplanets, which hasn't been explicitly suggested before.""}, {'propose decision': 'Laurie suggests that exoplanet scientists should list variable parameters between planets and chemists should list parameters that affect chemical reactions, and then focus on the overlap, proposing a concrete choice for the group to narrow their focus.'}]",73704.0,362,0
2021_06_10_SLU_S5,2021_06_10_SLU_S5,,,"Like if for example it turned out that massive differences in the amount of methane in the atmosphere are going to exist, but methane also really controls all of organic chemistry.",,2021_06_10_SLU_S5_SLU,Laura Barge,,,,,809.7190332326285,816.2447129909366,,,SLU,812.9818731117825,"[{'present new idea': ""Laurie introduces a novel approach of using a Venn diagram to identify key parameters for prebiotic chemistry on exoplanets, which hasn't been explicitly suggested before.""}, {'propose decision': 'Laurie suggests that exoplanet scientists should list variable parameters between planets and chemists should list parameters that affect chemical reactions, and then focus on the overlap, proposing a concrete choice for the group to narrow their focus.'}]",73704.0,363,0
2021_06_10_SLU_S5,2021_06_10_SLU_S5,,,That would be a thing to focus on.,,2021_06_10_SLU_S5_SLU,Laura Barge,,,,,816.2447129909365,817.477341389728,,,SLU,816.8610271903323,"[{'present new idea': ""Laurie introduces a novel approach of using a Venn diagram to identify key parameters for prebiotic chemistry on exoplanets, which hasn't been explicitly suggested before.""}, {'propose decision': 'Laurie suggests that exoplanet scientists should list variable parameters between planets and chemists should list parameters that affect chemical reactions, and then focus on the overlap, proposing a concrete choice for the group to narrow their focus.'}]",73704.0,364,0
2021_06_10_SLU_S5,2021_06_10_SLU_S5,,,But then other things like maybe wouldn't.,,2021_06_10_SLU_S5_SLU,Laura Barge,,,,,817.477341389728,819.0,,,SLU,818.238670694864,"[{'present new idea': ""Laurie introduces a novel approach of using a Venn diagram to identify key parameters for prebiotic chemistry on exoplanets, which hasn't been explicitly suggested before.""}, {'propose decision': 'Laurie suggests that exoplanet scientists should list variable parameters between planets and chemists should list parameters that affect chemical reactions, and then focus on the overlap, proposing a concrete choice for the group to narrow their focus.'}]",73704.0,365,0
2021_06_10_SLU_S5,2021_06_10_SLU_S5,,,Yeah.,,2021_06_10_SLU_S5_SLU,Laura Barge,,,,,73942.0,73942.0,,,SLU,73942.0,"{'express agreement': 'Laurie is expressing agreement with a previous statement, but the specific statement is unclear without more context.'}",73942.0,366,0
2021_06_10_SLU_S5,2021_06_10_SLU_S5,,,"But if you check uh Venus, if you check Titan, the temperature difference is huge.",,2021_06_10_SLU_S5_SLU,Liming Li,,,,,1036.0,1043.9158415841584,,,SLU,1039.9579207920792,"[{'explain or define term or concept': 'The speaker explains the difference between the brightness temperature (top of atmosphere) and surface temperature of a planet, highlighting the challenges in accurately determining surface temperatures, especially for planets with atmospheres like Venus and Titan.'}, {'provide supporting evidence': 'The speaker supports their point by mentioning that even for planets and moons in our solar system, determining the surface temperature is challenging, and in-situ measurements exist only for Mars, emphasizing the difficulty in obtaining global-scale temperature data.'}]",73957.0,367,0
2021_06_10_SLU_S5,2021_06_10_SLU_S5,,,So that's mean even you're kind I mean actually I'm not the expert of exoplanets.,,2021_06_10_SLU_S5_SLU,Liming Li,,,,,1043.9158415841584,1051.7351485148515,,,SLU,1047.825495049505,"[{'explain or define term or concept': 'The speaker explains the difference between the brightness temperature (top of atmosphere) and surface temperature of a planet, highlighting the challenges in accurately determining surface temperatures, especially for planets with atmospheres like Venus and Titan.'}, {'provide supporting evidence': 'The speaker supports their point by mentioning that even for planets and moons in our solar system, determining the surface temperature is challenging, and in-situ measurements exist only for Mars, emphasizing the difficulty in obtaining global-scale temperature data.'}]",73957.0,368,0
2021_06_10_SLU_S5,2021_06_10_SLU_S5,,,I I'm not sure which method they are using to determine the temperature of exoplanets.,,2021_06_10_SLU_S5_SLU,Liming Li,,,,,1051.7351485148513,1060.0371287128712,,,SLU,1055.8861386138612,"[{'explain or define term or concept': 'The speaker explains the difference between the brightness temperature (top of atmosphere) and surface temperature of a planet, highlighting the challenges in accurately determining surface temperatures, especially for planets with atmospheres like Venus and Titan.'}, {'provide supporting evidence': 'The speaker supports their point by mentioning that even for planets and moons in our solar system, determining the surface temperature is challenging, and in-situ measurements exist only for Mars, emphasizing the difficulty in obtaining global-scale temperature data.'}]",73957.0,369,0
2021_06_10_SLU_S5,2021_06_10_SLU_S5,,,"But by my point, even for the planets in our solar system, even for the planets and moons in our solar system, we don't have determine very well the surface temperature.",,2021_06_10_SLU_S5_SLU,Liming Li,,,,,1060.0371287128712,1076.351485148515,,,SLU,1068.194306930693,"[{'explain or define term or concept': 'The speaker explains the difference between the brightness temperature (top of atmosphere) and surface temperature of a planet, highlighting the challenges in accurately determining surface temperatures, especially for planets with atmospheres like Venus and Titan.'}, {'provide supporting evidence': 'The speaker supports their point by mentioning that even for planets and moons in our solar system, determining the surface temperature is challenging, and in-situ measurements exist only for Mars, emphasizing the difficulty in obtaining global-scale temperature data.'}]",73957.0,370,0
2021_06_10_SLU_S5,2021_06_10_SLU_S5,,,"You know, because so uh of course we have some you know in situ measurements for the mass surface temperature.",,2021_06_10_SLU_S5_SLU,Liming Li,,,,,1076.3514851485147,1086.970297029703,,,SLU,1081.6608910891089,"[{'explain or define term or concept': 'The speaker explains the difference between the brightness temperature (top of atmosphere) and surface temperature of a planet, highlighting the challenges in accurately determining surface temperatures, especially for planets with atmospheres like Venus and Titan.'}, {'provide supporting evidence': 'The speaker supports their point by mentioning that even for planets and moons in our solar system, determining the surface temperature is challenging, and in-situ measurements exist only for Mars, emphasizing the difficulty in obtaining global-scale temperature data.'}]",73957.0,371,0
2021_06_10_SLU_S5,2021_06_10_SLU_S5,,,"But if you check the global, I mean global scale temperature, that's other problem.",,2021_06_10_SLU_S5_SLU,Liming Li,,,,,1086.970297029703,1094.9826732673268,,,SLU,1090.976485148515,"[{'explain or define term or concept': 'The speaker explains the difference between the brightness temperature (top of atmosphere) and surface temperature of a planet, highlighting the challenges in accurately determining surface temperatures, especially for planets with atmospheres like Venus and Titan.'}, {'provide supporting evidence': 'The speaker supports their point by mentioning that even for planets and moons in our solar system, determining the surface temperature is challenging, and in-situ measurements exist only for Mars, emphasizing the difficulty in obtaining global-scale temperature data.'}]",73957.0,372,0
2021_06_10_SLU_S5,2021_06_10_SLU_S5,,,"So that's mean what's the radiation budget on the top, what's the radiation transfer inside of atmosphere, then what's the precisely what's the temperature on the surface.",,2021_06_10_SLU_S5_SLU,Liming Li,,,,,1094.9826732673266,1111.490099009901,,,SLU,1103.2363861386139,"[{'explain or define term or concept': 'The speaker explains the difference between the brightness temperature (top of atmosphere) and surface temperature of a planet, highlighting the challenges in accurately determining surface temperatures, especially for planets with atmospheres like Venus and Titan.'}, {'provide supporting evidence': 'The speaker supports their point by mentioning that even for planets and moons in our solar system, determining the surface temperature is challenging, and in-situ measurements exist only for Mars, emphasizing the difficulty in obtaining global-scale temperature data.'}]",73957.0,373,0
2021_06_10_SLU_S5,2021_06_10_SLU_S5,,,I I mean the global scale.,,2021_06_10_SLU_S5_SLU,Liming Li,,,,,1111.4900990099009,1114.0,,,SLU,1112.7450495049504,"[{'explain or define term or concept': 'The speaker explains the difference between the brightness temperature (top of atmosphere) and surface temperature of a planet, highlighting the challenges in accurately determining surface temperatures, especially for planets with atmospheres like Venus and Titan.'}, {'provide supporting evidence': 'The speaker supports their point by mentioning that even for planets and moons in our solar system, determining the surface temperature is challenging, and in-situ measurements exist only for Mars, emphasizing the difficulty in obtaining global-scale temperature data.'}]",73957.0,374,0
2021_06_10_SLU_S5,2021_06_10_SLU_S5,,,"So if the planet doesn't have atmosphere, that means the temperature will change a lot from daytime to night time.",,2021_06_10_SLU_S5_SLU,Liming Li,,,,,979.0000000000001,987.8288043478261,,,SLU,983.4144021739131,"[{'explain or define term or concept': 'The speaker explains the relationship between the presence of an atmosphere on a planet and the temperature fluctuations between day and night, highlighting Mars as an example of a planet with a thin atmosphere and significant temperature variations.'}, {'provide supporting evidence': 'The speaker uses Mars as an example to support the claim that planets with thin atmospheres experience large temperature differences between day and night.'}]",74936.0,375,0
2021_06_10_SLU_S5,2021_06_10_SLU_S5,,,It's not good for life because for example for for for Mars.,,2021_06_10_SLU_S5_SLU,Liming Li,,,,,987.8288043478261,992.4755434782609,,,SLU,990.1521739130435,"[{'explain or define term or concept': 'The speaker explains the relationship between the presence of an atmosphere on a planet and the temperature fluctuations between day and night, highlighting Mars as an example of a planet with a thin atmosphere and significant temperature variations.'}, {'provide supporting evidence': 'The speaker uses Mars as an example to support the claim that planets with thin atmospheres experience large temperature differences between day and night.'}]",74936.0,376,0
2021_06_10_SLU_S5,2021_06_10_SLU_S5,,,Mars the atmosphere is very thin.,,2021_06_10_SLU_S5_SLU,Liming Li,,,,,992.4755434782608,995.03125,,,SLU,993.7533967391304,"[{'explain or define term or concept': 'The speaker explains the relationship between the presence of an atmosphere on a planet and the temperature fluctuations between day and night, highlighting Mars as an example of a planet with a thin atmosphere and significant temperature variations.'}, {'provide supporting evidence': 'The speaker uses Mars as an example to support the claim that planets with thin atmospheres experience large temperature differences between day and night.'}]",74936.0,377,0
2021_06_10_SLU_S5,2021_06_10_SLU_S5,,,"The temperature, the daytime temperature and light time light time temperature, the difference can reach a couple of hundred degrees.",,2021_06_10_SLU_S5_SLU,Liming Li,,,,,995.0312499999999,1005.3315217391304,,,SLU,1000.1813858695651,"[{'explain or define term or concept': 'The speaker explains the relationship between the presence of an atmosphere on a planet and the temperature fluctuations between day and night, highlighting Mars as an example of a planet with a thin atmosphere and significant temperature variations.'}, {'provide supporting evidence': 'The speaker uses Mars as an example to support the claim that planets with thin atmospheres experience large temperature differences between day and night.'}]",74936.0,378,0
2021_06_10_SLU_S5,2021_06_10_SLU_S5,,,"So for for for but if the planet have have atmosphere, so you can check the temperature on the top of atmosphere.",,2021_06_10_SLU_S5_SLU,Liming Li,,,,,1005.3315217391304,1014.0828804347826,,,SLU,1009.7072010869565,"[{'explain or define term or concept': 'The speaker explains the relationship between the presence of an atmosphere on a planet and the temperature fluctuations between day and night, highlighting Mars as an example of a planet with a thin atmosphere and significant temperature variations.'}, {'provide supporting evidence': 'The speaker uses Mars as an example to support the claim that planets with thin atmospheres experience large temperature differences between day and night.'}]",74936.0,379,0
2021_06_10_SLU_S5,2021_06_10_SLU_S5,,,But the top atmosphere temperature is totally different from the temperature on surface.,,2021_06_10_SLU_S5_SLU,Liming Li,,,,,1014.0828804347827,1020.898097826087,,,SLU,1017.4904891304349,"[{'explain or define term or concept': 'The speaker explains the relationship between the presence of an atmosphere on a planet and the temperature fluctuations between day and night, highlighting Mars as an example of a planet with a thin atmosphere and significant temperature variations.'}, {'provide supporting evidence': 'The speaker uses Mars as an example to support the claim that planets with thin atmospheres experience large temperature differences between day and night.'}]",74936.0,380,0
2021_06_10_SLU_S5,2021_06_10_SLU_S5,,,"For example, for earth is is special for earth the the difference temperature difference between surface and the top of atmosphere just a couple of 10 degrees, 20 maybe 30 degrees, not very huge.",,2021_06_10_SLU_S5_SLU,Liming Li,,,,,1020.898097826087,1036.0,,,SLU,1028.4490489130435,"[{'explain or define term or concept': 'The speaker explains the relationship between the presence of an atmosphere on a planet and the temperature fluctuations between day and night, highlighting Mars as an example of a planet with a thin atmosphere and significant temperature variations.'}, {'provide supporting evidence': 'The speaker uses Mars as an example to support the claim that planets with thin atmospheres experience large temperature differences between day and night.'}]",74936.0,381,0
2021_06_10_SLU_S5,2021_06_10_SLU_S5,,,"That's actually even for Mars, we don't have very good very good knowledge for that.",,2021_06_10_SLU_S5_SLU,Liming Li,,,,,1114.0,1121.4600355239786,,,SLU,1117.7300177619893,"[{'present new idea': 'Liming Li introduces the idea of finding a better way to determine the surface temperature of exoplanets, which could help in the search for life and liquid water, an idea not previously discussed in this specific context.'}, {'expand on existing idea': 'Liming Li expands on the discussion about the importance of UV radiation and photochemistry in planetary atmospheres by suggesting a different perspective: improving the determination of exoplanet surface temperatures, which is related to the broader topic of understanding planetary conditions for life.'}]",75071.0,382,0
2021_06_10_SLU_S5,2021_06_10_SLU_S5,,,"Of course, the for the same thing for the Venus, for the Titan, you know, for maybe for yeah.",,2021_06_10_SLU_S5_SLU,Liming Li,,,,,1121.4600355239786,1129.7193605683838,,,SLU,1125.5896980461812,"[{'present new idea': 'Liming Li introduces the idea of finding a better way to determine the surface temperature of exoplanets, which could help in the search for life and liquid water, an idea not previously discussed in this specific context.'}, {'expand on existing idea': 'Liming Li expands on the discussion about the importance of UV radiation and photochemistry in planetary atmospheres by suggesting a different perspective: improving the determination of exoplanet surface temperatures, which is related to the broader topic of understanding planetary conditions for life.'}]",75071.0,383,0
2021_06_10_SLU_S5,2021_06_10_SLU_S5,,,So I mean if we if we can figure out one way to better measure to better determine the surface temperature of exoplanets.,,2021_06_10_SLU_S5_SLU,Liming Li,,,,,1129.7193605683838,1140.4653641207815,,,SLU,1135.0923623445826,"[{'present new idea': 'Liming Li introduces the idea of finding a better way to determine the surface temperature of exoplanets, which could help in the search for life and liquid water, an idea not previously discussed in this specific context.'}, {'expand on existing idea': 'Liming Li expands on the discussion about the importance of UV radiation and photochemistry in planetary atmospheres by suggesting a different perspective: improving the determination of exoplanet surface temperatures, which is related to the broader topic of understanding planetary conditions for life.'}]",75071.0,384,0
2021_06_10_SLU_S5,2021_06_10_SLU_S5,,,I I mean it will help help us to find life maybe help us to find liquid water and life and so on.,,2021_06_10_SLU_S5_SLU,Liming Li,,,,,1140.4653641207813,1149.0799289520426,,,SLU,1144.772646536412,"[{'present new idea': 'Liming Li introduces the idea of finding a better way to determine the surface temperature of exoplanets, which could help in the search for life and liquid water, an idea not previously discussed in this specific context.'}, {'expand on existing idea': 'Liming Li expands on the discussion about the importance of UV radiation and photochemistry in planetary atmospheres by suggesting a different perspective: improving the determination of exoplanet surface temperatures, which is related to the broader topic of understanding planetary conditions for life.'}]",75071.0,385,0
2021_06_10_SLU_S5,2021_06_10_SLU_S5,,,"So that's my my idea, you know, I'm trying something for the planets in our solar system, not for exoplanets, but I think maybe it's worth of trying for the exoplanets.",,2021_06_10_SLU_S5_SLU,Liming Li,,,,,1149.0799289520428,1164.0,,,SLU,1156.5399644760214,"[{'present new idea': 'Liming Li introduces the idea of finding a better way to determine the surface temperature of exoplanets, which could help in the search for life and liquid water, an idea not previously discussed in this specific context.'}, {'expand on existing idea': 'Liming Li expands on the discussion about the importance of UV radiation and photochemistry in planetary atmospheres by suggesting a different perspective: improving the determination of exoplanet surface temperatures, which is related to the broader topic of understanding planetary conditions for life.'}]",75071.0,386,0
2021_06_10_SLU_S5,2021_06_10_SLU_S5,,,Uh right.,,2021_06_10_SLU_S5_SLU,Liming Li,,,,,919.0,919.5567010309278,,,SLU,919.2783505154639,"[{'express agreement': 'Liming agrees that photochemistry is very important for the atmosphere, confirming the prior discussion about the effects of UV radiation.'}, {'explain or define term or concept': 'Liming explains that UV radiation provides the energy for chemistry in the atmosphere, clarifying its role in atmospheric processes.'}, {'present new idea': 'Liming introduces a new perspective on temperature determination of exoplanets, suggesting alternative methods beyond spectral analysis and distance from the star.'}, {'explain or define term or concept': 'Liming explains the difference between brightness temperature (obtained from infrared spectra) and surface temperature, clarifying the limitations of current temperature determination methods.'}]",75990.0,387,0
2021_06_10_SLU_S5,2021_06_10_SLU_S5,,,"Yeah, I think the photochemistry is very important for the atmosphere.",,2021_06_10_SLU_S5_SLU,Liming Li,,,,,919.5567010309277,923.8865979381443,,,SLU,921.721649484536,"[{'express agreement': 'Liming agrees that photochemistry is very important for the atmosphere, confirming the prior discussion about the effects of UV radiation.'}, {'explain or define term or concept': 'Liming explains that UV radiation provides the energy for chemistry in the atmosphere, clarifying its role in atmospheric processes.'}, {'present new idea': 'Liming introduces a new perspective on temperature determination of exoplanets, suggesting alternative methods beyond spectral analysis and distance from the star.'}, {'explain or define term or concept': 'Liming explains the difference between brightness temperature (obtained from infrared spectra) and surface temperature, clarifying the limitations of current temperature determination methods.'}]",75990.0,388,0
2021_06_10_SLU_S5,2021_06_10_SLU_S5,,,That's no problem for that.,,2021_06_10_SLU_S5_SLU,Liming Li,,,,,923.8865979381444,925.5567010309278,,,SLU,924.7216494845361,"[{'express agreement': 'Liming agrees that photochemistry is very important for the atmosphere, confirming the prior discussion about the effects of UV radiation.'}, {'explain or define term or concept': 'Liming explains that UV radiation provides the energy for chemistry in the atmosphere, clarifying its role in atmospheric processes.'}, {'present new idea': 'Liming introduces a new perspective on temperature determination of exoplanets, suggesting alternative methods beyond spectral analysis and distance from the star.'}, {'explain or define term or concept': 'Liming explains the difference between brightness temperature (obtained from infrared spectra) and surface temperature, clarifying the limitations of current temperature determination methods.'}]",75990.0,389,0
2021_06_10_SLU_S5,2021_06_10_SLU_S5,,,"Yeah. of course, the UV, the short wavelength radiation is very important because it provides the energy, basically the strong energy for the chemistry in atmosphere.",,2021_06_10_SLU_S5_SLU,Liming Li,,,,,925.5567010309278,935.8247422680413,,,SLU,930.6907216494845,"[{'express agreement': 'Liming agrees that photochemistry is very important for the atmosphere, confirming the prior discussion about the effects of UV radiation.'}, {'explain or define term or concept': 'Liming explains that UV radiation provides the energy for chemistry in the atmosphere, clarifying its role in atmospheric processes.'}, {'present new idea': 'Liming introduces a new perspective on temperature determination of exoplanets, suggesting alternative methods beyond spectral analysis and distance from the star.'}, {'explain or define term or concept': 'Liming explains the difference between brightness temperature (obtained from infrared spectra) and surface temperature, clarifying the limitations of current temperature determination methods.'}]",75990.0,390,0
2021_06_10_SLU_S5,2021_06_10_SLU_S5,,,So actually I want to uh explore the problem from maybe from a different perspective.,,2021_06_10_SLU_S5_SLU,Liming Li,,,,,935.8247422680413,941.0824742268042,,,SLU,938.4536082474227,"[{'express agreement': 'Liming agrees that photochemistry is very important for the atmosphere, confirming the prior discussion about the effects of UV radiation.'}, {'explain or define term or concept': 'Liming explains that UV radiation provides the energy for chemistry in the atmosphere, clarifying its role in atmospheric processes.'}, {'present new idea': 'Liming introduces a new perspective on temperature determination of exoplanets, suggesting alternative methods beyond spectral analysis and distance from the star.'}, {'explain or define term or concept': 'Liming explains the difference between brightness temperature (obtained from infrared spectra) and surface temperature, clarifying the limitations of current temperature determination methods.'}]",75990.0,391,0
2021_06_10_SLU_S5,2021_06_10_SLU_S5,,,"I think the currently the temperature determination of the exoplanets basically based on the spectral, the infrared spectral or maybe maybe the distance from the mother star, something like that to estimate the temperature.",,2021_06_10_SLU_S5_SLU,Liming Li,,,,,941.0824742268042,954.8762886597938,,,SLU,947.979381443299,"[{'express agreement': 'Liming agrees that photochemistry is very important for the atmosphere, confirming the prior discussion about the effects of UV radiation.'}, {'explain or define term or concept': 'Liming explains that UV radiation provides the energy for chemistry in the atmosphere, clarifying its role in atmospheric processes.'}, {'present new idea': 'Liming introduces a new perspective on temperature determination of exoplanets, suggesting alternative methods beyond spectral analysis and distance from the star.'}, {'explain or define term or concept': 'Liming explains the difference between brightness temperature (obtained from infrared spectra) and surface temperature, clarifying the limitations of current temperature determination methods.'}]",75990.0,392,0
2021_06_10_SLU_S5,2021_06_10_SLU_S5,,,"I think maybe there are some other way to better, you know, determine the temperature.",,2021_06_10_SLU_S5_SLU,Liming Li,,,,,954.8762886597938,960.1958762886597,,,SLU,957.5360824742268,"[{'express agreement': 'Liming agrees that photochemistry is very important for the atmosphere, confirming the prior discussion about the effects of UV radiation.'}, {'explain or define term or concept': 'Liming explains that UV radiation provides the energy for chemistry in the atmosphere, clarifying its role in atmospheric processes.'}, {'present new idea': 'Liming introduces a new perspective on temperature determination of exoplanets, suggesting alternative methods beyond spectral analysis and distance from the star.'}, {'explain or define term or concept': 'Liming explains the difference between brightness temperature (obtained from infrared spectra) and surface temperature, clarifying the limitations of current temperature determination methods.'}]",75990.0,393,0
2021_06_10_SLU_S5,2021_06_10_SLU_S5,,,"I mean the surface temperature, not the temperature on the top.",,2021_06_10_SLU_S5_SLU,Liming Li,,,,,960.1958762886599,964.0927835051547,,,SLU,962.1443298969073,"[{'express agreement': 'Liming agrees that photochemistry is very important for the atmosphere, confirming the prior discussion about the effects of UV radiation.'}, {'explain or define term or concept': 'Liming explains that UV radiation provides the energy for chemistry in the atmosphere, clarifying its role in atmospheric processes.'}, {'present new idea': 'Liming introduces a new perspective on temperature determination of exoplanets, suggesting alternative methods beyond spectral analysis and distance from the star.'}, {'explain or define term or concept': 'Liming explains the difference between brightness temperature (obtained from infrared spectra) and surface temperature, clarifying the limitations of current temperature determination methods.'}]",75990.0,394,0
2021_06_10_SLU_S5,2021_06_10_SLU_S5,,,"Basically if you get the infrared spectrometer get the infrared spectral of the planet, basically you get the temperature, we call the brightness temperature.",,2021_06_10_SLU_S5_SLU,Liming Li,,,,,964.0927835051547,973.8659793814433,,,SLU,968.979381443299,"[{'express agreement': 'Liming agrees that photochemistry is very important for the atmosphere, confirming the prior discussion about the effects of UV radiation.'}, {'explain or define term or concept': 'Liming explains that UV radiation provides the energy for chemistry in the atmosphere, clarifying its role in atmospheric processes.'}, {'present new idea': 'Liming introduces a new perspective on temperature determination of exoplanets, suggesting alternative methods beyond spectral analysis and distance from the star.'}, {'explain or define term or concept': 'Liming explains the difference between brightness temperature (obtained from infrared spectra) and surface temperature, clarifying the limitations of current temperature determination methods.'}]",75990.0,395,0
2021_06_10_SLU_S5,2021_06_10_SLU_S5,,,"It's not the temperature on surface, it's the temperature on the top of atmosphere.",,2021_06_10_SLU_S5_SLU,Liming Li,,,,,973.8659793814434,979.0,,,SLU,976.4329896907217,"[{'express agreement': 'Liming agrees that photochemistry is very important for the atmosphere, confirming the prior discussion about the effects of UV radiation.'}, {'explain or define term or concept': 'Liming explains that UV radiation provides the energy for chemistry in the atmosphere, clarifying its role in atmospheric processes.'}, {'present new idea': 'Liming introduces a new perspective on temperature determination of exoplanets, suggesting alternative methods beyond spectral analysis and distance from the star.'}, {'explain or define term or concept': 'Liming explains the difference between brightness temperature (obtained from infrared spectra) and surface temperature, clarifying the limitations of current temperature determination methods.'}]",75990.0,396,0
2021_06_10_SLU_S5,2021_06_10_SLU_S5,,,"Aaron, I wanted to ask you because you had said something earlier about UV, or at least you started saying something about UV and then I think we moved on to something different.",,2021_06_10_SLU_S5_SLU,Meredith MacGregor,,,,,611.0,622.4102564102564,,,SLU,616.7051282051282,"{'ask clarifying question': 'Meredith asks Aaron to expand on UV from his lab perspective, because she wants to know what model constraints he uses and what he would like to have that would be better, since she does a lot of observations and trying to measure UV in astronomical settings.'}",76601.0,397,0
2021_06_10_SLU_S5,2021_06_10_SLU_S5,,,"I wonder if you could like expand on UV from like your lab perspective, um, because I, you know, do a lot of observations and trying to measure UV in astronomical settings.",,2021_06_10_SLU_S5_SLU,Meredith MacGregor,,,,,622.4102564102564,633.4358974358975,,,SLU,627.9230769230769,"{'ask clarifying question': 'Meredith asks Aaron to expand on UV from his lab perspective, because she wants to know what model constraints he uses and what he would like to have that would be better, since she does a lot of observations and trying to measure UV in astronomical settings.'}",76601.0,398,0
2021_06_10_SLU_S5,2021_06_10_SLU_S5,,,So I was curious kind of like what you use as model constraints and like what you'd like to have that would be better.,,2021_06_10_SLU_S5_SLU,Meredith MacGregor,,,,,633.4358974358975,641.0,,,SLU,637.2179487179487,"{'ask clarifying question': 'Meredith asks Aaron to expand on UV from his lab perspective, because she wants to know what model constraints he uses and what he would like to have that would be better, since she does a lot of observations and trying to measure UV in astronomical settings.'}",76601.0,399,0
2021_06_10_SLU_S5,2021_06_10_SLU_S5,,,"And so like from what I'm hearing you say, you're you're thinking about it then is like large scale changes in like the sun's UV flux over like long periods of time.",,2021_06_10_SLU_S5_SLU,Meredith MacGregor,,,,,749.0,758.9725274725274,,,SLU,753.9862637362637,"{'ask clarifying question': ""Meredith is asking Aaron to confirm her understanding of how he is considering UV flux, specifically if he is thinking about large-scale changes over long periods of time, following Aaron's explanation of UV's impact on molecules.""}",76739.0,400,0
2021_06_10_SLU_S5,2021_06_10_SLU_S5,,,Is that accurate?,,2021_06_10_SLU_S5_SLU,Meredith MacGregor,,,,,758.9725274725274,760.0,,,SLU,759.4862637362637,"{'ask clarifying question': ""Meredith is asking Aaron to confirm her understanding of how he is considering UV flux, specifically if he is thinking about large-scale changes over long periods of time, following Aaron's explanation of UV's impact on molecules.""}",76739.0,401,0
2021_06_10_SLU_S5,2021_06_10_SLU_S5,,,"Discs are, you know, potentially really great because you have all these remnant comments and or asteroids that maybe they're what give us water in the first place, but you know, maybe if you have too many of them, like you're just going to destroy all the life and it's never going to be a stable enough system on the planet if there's too many impacts for you to like actually ever get to enough time of stability, right?",,2021_06_10_SLU_S5_SLU,Meredith MacGregor,,,,,803.0000000000001,832.3976833976834,,,SLU,817.6988416988418,"[{'expand on existing idea': ""Meredith is expanding on the idea of stability and time scales for the emergence of life, building on Kimberly's point about the need for a balance between stability and instability by discussing how discs can provide water but also cause destructive impacts.""}, {'present new idea': ""Meredith introduces the idea of a 'sweet spot' of instability and stability, suggesting that there needs to be a balance for life to emerge, which is a novel concept in the context of the discussion.""}]",76793.0,402,0
2021_06_10_SLU_S5,2021_06_10_SLU_S5,,,And the same with like stellar activity.,,2021_06_10_SLU_S5_SLU,Meredith MacGregor,,,,,832.3976833976834,835.1776061776062,,,SLU,833.7876447876448,"[{'expand on existing idea': ""Meredith is expanding on the idea of stability and time scales for the emergence of life, building on Kimberly's point about the need for a balance between stability and instability by discussing how discs can provide water but also cause destructive impacts.""}, {'present new idea': ""Meredith introduces the idea of a 'sweet spot' of instability and stability, suggesting that there needs to be a balance for life to emerge, which is a novel concept in the context of the discussion.""}]",76793.0,403,0
2021_06_10_SLU_S5,2021_06_10_SLU_S5,,,"Is it happening at a level where you could promote early life and chemistry or is it happening too frequently and you're just killing everything, right?",,2021_06_10_SLU_S5_SLU,Meredith MacGregor,,,,,835.1776061776062,845.7413127413128,,,SLU,840.4594594594595,"[{'expand on existing idea': ""Meredith is expanding on the idea of stability and time scales for the emergence of life, building on Kimberly's point about the need for a balance between stability and instability by discussing how discs can provide water but also cause destructive impacts.""}, {'present new idea': ""Meredith introduces the idea of a 'sweet spot' of instability and stability, suggesting that there needs to be a balance for life to emerge, which is a novel concept in the context of the discussion.""}]",76793.0,404,0
2021_06_10_SLU_S5,2021_06_10_SLU_S5,,,So I always like it feels like there's some sweet spot where like there's the right amount of instability and the right amount of stability and like what is that?,,2021_06_10_SLU_S5_SLU,Meredith MacGregor,,,,,845.7413127413126,857.0,,,SLU,851.3706563706563,"[{'expand on existing idea': ""Meredith is expanding on the idea of stability and time scales for the emergence of life, building on Kimberly's point about the need for a balance between stability and instability by discussing how discs can provide water but also cause destructive impacts.""}, {'present new idea': ""Meredith introduces the idea of a 'sweet spot' of instability and stability, suggesting that there needs to be a balance for life to emerge, which is a novel concept in the context of the discussion.""}]",76793.0,405,0
2021_06_10_SLU_S5,2021_06_10_SLU_S5,,,Great.,,2021_06_10_SLU_S5_SLU,Meredith MacGregor,,,,,77031.0,77031.0,,,SLU,77031.0,"{'express agreement': 'Meredith expresses agreement with the previous introductions, indicating a positive sentiment towards the ongoing process.'}",77031.0,406,0
2021_06_10_SLU_S5,2021_06_10_SLU_S5,,,"I I'm not a chemist, but one of the things I wrote down on my thing was this issue of time scales, right?",,2021_06_10_SLU_S5_SLU,Meredith MacGregor,,,,,654.0,664.2396694214876,,,SLU,659.1198347107438,"[{'acknowledge contribution': 'Meredith acknowledges that she is not a chemist, recognizing the expertise of others in the conversation.'}, {'expand on existing idea': ""Meredith expands on Kimberly's idea about the importance of time scales by relating it to the astronomical time scales of planet formation, contrasting it with the shorter time scales of chemical evolution discussed by the chemists.""}]",77685.0,407,0
2021_06_10_SLU_S5,2021_06_10_SLU_S5,,,"Because this really strikes me listening to all of you talk about this in that, you know, I'm an astronomer.",,2021_06_10_SLU_S5_SLU,Meredith MacGregor,,,,,664.2396694214877,674.7719008264463,,,SLU,669.505785123967,"[{'acknowledge contribution': 'Meredith acknowledges that she is not a chemist, recognizing the expertise of others in the conversation.'}, {'expand on existing idea': ""Meredith expands on Kimberly's idea about the importance of time scales by relating it to the astronomical time scales of planet formation, contrasting it with the shorter time scales of chemical evolution discussed by the chemists.""}]",77685.0,408,0
2021_06_10_SLU_S5,2021_06_10_SLU_S5,,,"So for me the time scale like point zero starts way back when we initially form a star and a disc and then the disc forms planets and eventually that planet maybe, you know, cools down and has the conditions for life, right?",,2021_06_10_SLU_S5_SLU,Meredith MacGregor,,,,,674.7719008264462,696.6165289256198,,,SLU,685.694214876033,"[{'acknowledge contribution': 'Meredith acknowledges that she is not a chemist, recognizing the expertise of others in the conversation.'}, {'expand on existing idea': ""Meredith expands on Kimberly's idea about the importance of time scales by relating it to the astronomical time scales of planet formation, contrasting it with the shorter time scales of chemical evolution discussed by the chemists.""}]",77685.0,409,0
2021_06_10_SLU_S5,2021_06_10_SLU_S5,,,"And so, you know, in the scale of planet formation that I often think about, like what you guys are talking about is this like teensy teensy tiny little sliver of time.",,2021_06_10_SLU_S5_SLU,Meredith MacGregor,,,,,696.6165289256198,713.0,,,SLU,704.8082644628099,"[{'acknowledge contribution': 'Meredith acknowledges that she is not a chemist, recognizing the expertise of others in the conversation.'}, {'expand on existing idea': ""Meredith expands on Kimberly's idea about the importance of time scales by relating it to the astronomical time scales of planet formation, contrasting it with the shorter time scales of chemical evolution discussed by the chemists.""}]",77685.0,410,0
2021_06_10_SLU_S5,2021_06_10_SLU_S5,,,"I mean like one clear thing, right?",,2021_06_10_SLU_S5_SLU,Meredith MacGregor,,,,,833.0,835.59765625,,,SLU,834.298828125,"{'provide supporting evidence': 'Meredith states that UV flux changes dramatically on both short and long time scales, and that she can measure it for stars with exoplanets, providing observational support for the importance of UV flux as a parameter.', 'expand on existing idea': 'Meredith is expanding on the discussion about parameters that are important for organic reactions, specifically focusing on UV flux and its variability, which was previously mentioned by Aaron and others.'}",77864.0,411,0
2021_06_10_SLU_S5,2021_06_10_SLU_S5,,,"Like I mean, you know, from an astronomer perspective, UV flux changes dramatically both on short time scales and on long time scales, right?",,2021_06_10_SLU_S5_SLU,Meredith MacGregor,,,,,835.59765625,846.0625,,,SLU,840.830078125,"{'provide supporting evidence': 'Meredith states that UV flux changes dramatically on both short and long time scales, and that she can measure it for stars with exoplanets, providing observational support for the importance of UV flux as a parameter.', 'expand on existing idea': 'Meredith is expanding on the discussion about parameters that are important for organic reactions, specifically focusing on UV flux and its variability, which was previously mentioned by Aaron and others.'}",77864.0,412,0
2021_06_10_SLU_S5,2021_06_10_SLU_S5,,,"And we can I can measure that for stars that have exoplanets around them, right?",,2021_06_10_SLU_S5_SLU,Meredith MacGregor,,,,,846.0625,852.0,,,SLU,849.03125,"{'provide supporting evidence': 'Meredith states that UV flux changes dramatically on both short and long time scales, and that she can measure it for stars with exoplanets, providing observational support for the importance of UV flux as a parameter.', 'expand on existing idea': 'Meredith is expanding on the discussion about parameters that are important for organic reactions, specifically focusing on UV flux and its variability, which was previously mentioned by Aaron and others.'}",77864.0,413,0
2021_06_10_SLU_S5,2021_06_10_SLU_S5,,,Okay.,,2021_06_10_SLU_S5_SLU,Meredith MacGregor,,,,,78653.0,78653.0,,,SLU,78653.0,"{'acknowledge contribution': ""Meredith acknowledges the previous speaker's (Aaron) detailed explanation about UV radiation and its impact on prebiotic chemistry, without necessarily agreeing or expanding on it.""}",78653.0,414,0
2021_06_10_SLU_S5,2021_06_10_SLU_S5,,,Okay.,,2021_06_10_SLU_S5_SLU,Meredith MacGregor,,,,,996.0,996.5487804878048,,,SLU,996.2743902439024,"{'explain or define term or concept': 'Meredith explains that she is an observational astronomer and uses various telescopes, clarifying her role and expertise within the group.'}",78860.0,415,0
2021_06_10_SLU_S5,2021_06_10_SLU_S5,,,"Um, hi everybody.",,2021_06_10_SLU_S5_SLU,Meredith MacGregor,,,,,996.548780487805,998.4146341463414,,,SLU,997.4817073170732,"{'explain or define term or concept': 'Meredith explains that she is an observational astronomer and uses various telescopes, clarifying her role and expertise within the group.'}",78860.0,416,0
2021_06_10_SLU_S5,2021_06_10_SLU_S5,,,It's nice to see some of you guys again.,,2021_06_10_SLU_S5_SLU,Meredith MacGregor,,,,,998.4146341463413,1002.8048780487804,,,SLU,1000.6097560975609,"{'explain or define term or concept': 'Meredith explains that she is an observational astronomer and uses various telescopes, clarifying her role and expertise within the group.'}",78860.0,417,0
2021_06_10_SLU_S5,2021_06_10_SLU_S5,,,"Uh, my name is Meredith McGregor.",,2021_06_10_SLU_S5_SLU,Meredith MacGregor,,,,,1002.8048780487806,1006.4268292682926,,,SLU,1004.6158536585366,"{'explain or define term or concept': 'Meredith explains that she is an observational astronomer and uses various telescopes, clarifying her role and expertise within the group.'}",78860.0,418,0
2021_06_10_SLU_S5,2021_06_10_SLU_S5,,,I'm an assistant professor in the Department of Astrophysical and Planetary Sciences at the University of Colorado Boulder.,,2021_06_10_SLU_S5_SLU,Meredith MacGregor,,,,,1006.4268292682926,1019.9268292682926,,,SLU,1013.1768292682926,"{'explain or define term or concept': 'Meredith explains that she is an observational astronomer and uses various telescopes, clarifying her role and expertise within the group.'}",78860.0,419,0
2021_06_10_SLU_S5,2021_06_10_SLU_S5,,,"Um, so I am an observational astronomer.",,2021_06_10_SLU_S5_SLU,Meredith MacGregor,,,,,1019.9268292682925,1024.3170731707316,,,SLU,1022.1219512195121,"{'explain or define term or concept': 'Meredith explains that she is an observational astronomer and uses various telescopes, clarifying her role and expertise within the group.'}",78860.0,420,0
2021_06_10_SLU_S5,2021_06_10_SLU_S5,,,"I use pretty much any telescope I can get my hands on, which means I work all the way from the long radio all the way through optical and UV and X-rays.",,2021_06_10_SLU_S5_SLU,Meredith MacGregor,,,,,1024.3170731707319,1041.0,,,SLU,1032.658536585366,"{'explain or define term or concept': 'Meredith explains that she is an observational astronomer and uses various telescopes, clarifying her role and expertise within the group.'}",78860.0,421,0
2021_06_10_SLU_S5,2021_06_10_SLU_S5,,,"So I can give you the UV flux from a star on hours, minutes, hours, days, years, right?",,2021_06_10_SLU_S5_SLU,Meredith MacGregor,,,,,852.0,855.712,,,SLU,853.856,"{'expand on existing idea': ""Meredith is building on the idea of UV flux and its impact on dimer formation, expanding on Aaron's suggestion of studying thymine dimer formation by offering to provide UV flux data from stars on various timescales, which can be used as input for experiments."", 'propose decision': 'Meredith proposes that the group should make a Venn diagram to find where the parameters overlap, which can help focus the experiments.', 'provide supporting evidence': 'Meredith offers her ability to measure UV flux from stars on different timescales as a concrete input for experiments, supporting the idea of studying the impact of UV flux on dimer formation.'}",79712.0,422,0
2021_06_10_SLU_S5,2021_06_10_SLU_S5,,,"And then if that is something that influences say this dimer that Aaron's talking about, then, you know, you can take that as an input, right?",,2021_06_10_SLU_S5_SLU,Meredith MacGregor,,,,,855.7120000000001,861.7706666666667,,,SLU,858.7413333333334,"{'expand on existing idea': ""Meredith is building on the idea of UV flux and its impact on dimer formation, expanding on Aaron's suggestion of studying thymine dimer formation by offering to provide UV flux data from stars on various timescales, which can be used as input for experiments."", 'propose decision': 'Meredith proposes that the group should make a Venn diagram to find where the parameters overlap, which can help focus the experiments.', 'provide supporting evidence': 'Meredith offers her ability to measure UV flux from stars on different timescales as a concrete input for experiments, supporting the idea of studying the impact of UV flux on dimer formation.'}",79712.0,423,0
2021_06_10_SLU_S5,2021_06_10_SLU_S5,,,"That's a very simple experiment nested within this larger Venn diagram, which I think is worth making as well to like find where all of those are.",,2021_06_10_SLU_S5_SLU,Meredith MacGregor,,,,,861.7706666666666,868.0,,,SLU,864.8853333333333,"{'expand on existing idea': ""Meredith is building on the idea of UV flux and its impact on dimer formation, expanding on Aaron's suggestion of studying thymine dimer formation by offering to provide UV flux data from stars on various timescales, which can be used as input for experiments."", 'propose decision': 'Meredith proposes that the group should make a Venn diagram to find where the parameters overlap, which can help focus the experiments.', 'provide supporting evidence': 'Meredith offers her ability to measure UV flux from stars on different timescales as a concrete input for experiments, supporting the idea of studying the impact of UV flux on dimer formation.'}",79712.0,424,0
2021_06_10_SLU_S5,2021_06_10_SLU_S5,,,Somebody said that she might have had a family family emergency or something like that.,,2021_06_10_SLU_S5_SLU,Meredith MacGregor,,,,,616.0,621.0,,,SLU,618.5,"{'None': ""This utterance does not fit into any of the codes provided in the codebook, as it is simply providing information about Sarah's absence.""}",80328.0,425,0
2021_06_10_SLU_S5,2021_06_10_SLU_S5,,,"That's very different than the astrophysical systems that I can actually go out and observe, which are the places we'd hope to find life in the universe, right?",,2021_06_10_SLU_S5_SLU,Meredith MacGregor,,,,,712.9999999999999,717.2160737812911,,,SLU,715.1080368906455,"{'present new idea': ""Meredith introduces the idea of connecting the timescales of planet formation with the timescales of prebiotic chemistry, which hasn't been explicitly discussed before."", 'ask clarifying question': 'Meredith asks what kind of observations can be made on young systems to determine if they have solvents and the potential for prebiotic chemistry in the future, seeking to connect astrophysical observations with origin of life research.', 'expand on existing idea': ""Meredith expands on the existing discussion about time scales by relating it to her work as an astronomer and the time scales she observes in astrophysical systems, building on Kimberly's point about the importance of time and stability for prebiotic chemistry.""}",80425.0,426,0
2021_06_10_SLU_S5,2021_06_10_SLU_S5,,,"Those are systems that are even only like a few million years old, so they're vastly before any of this is going to happen.",,2021_06_10_SLU_S5_SLU,Meredith MacGregor,,,,,717.2160737812912,720.4571805006588,,,SLU,718.836627140975,"{'present new idea': ""Meredith introduces the idea of connecting the timescales of planet formation with the timescales of prebiotic chemistry, which hasn't been explicitly discussed before."", 'ask clarifying question': 'Meredith asks what kind of observations can be made on young systems to determine if they have solvents and the potential for prebiotic chemistry in the future, seeking to connect astrophysical observations with origin of life research.', 'expand on existing idea': ""Meredith expands on the existing discussion about time scales by relating it to her work as an astronomer and the time scales she observes in astrophysical systems, building on Kimberly's point about the importance of time and stability for prebiotic chemistry.""}",80425.0,427,0
2021_06_10_SLU_S5,2021_06_10_SLU_S5,,,"Um, and so it really strikes me as kind of an an interesting thing to like prod at how we, you know, can connect those time scales, right?",,2021_06_10_SLU_S5_SLU,Meredith MacGregor,,,,,720.4571805006586,724.0935441370224,,,SLU,722.2753623188405,"{'present new idea': ""Meredith introduces the idea of connecting the timescales of planet formation with the timescales of prebiotic chemistry, which hasn't been explicitly discussed before."", 'ask clarifying question': 'Meredith asks what kind of observations can be made on young systems to determine if they have solvents and the potential for prebiotic chemistry in the future, seeking to connect astrophysical observations with origin of life research.', 'expand on existing idea': ""Meredith expands on the existing discussion about time scales by relating it to her work as an astronomer and the time scales she observes in astrophysical systems, building on Kimberly's point about the importance of time and stability for prebiotic chemistry.""}",80425.0,428,0
2021_06_10_SLU_S5,2021_06_10_SLU_S5,,,"Like what kind of observations can I go and make when I'm looking at a system that is two million years old and has barely formed planets yet that will tell us whether that system, you know, has solvents at all or where they're coming from and what they might be that, you know, in several billion years it might have prebiotic chemistry.",,2021_06_10_SLU_S5_SLU,Meredith MacGregor,,,,,724.0935441370225,733.0,,,SLU,728.5467720685112,"{'present new idea': ""Meredith introduces the idea of connecting the timescales of planet formation with the timescales of prebiotic chemistry, which hasn't been explicitly discussed before."", 'ask clarifying question': 'Meredith asks what kind of observations can be made on young systems to determine if they have solvents and the potential for prebiotic chemistry in the future, seeking to connect astrophysical observations with origin of life research.', 'expand on existing idea': ""Meredith expands on the existing discussion about time scales by relating it to her work as an astronomer and the time scales she observes in astrophysical systems, building on Kimberly's point about the importance of time and stability for prebiotic chemistry.""}",80425.0,429,0
2021_06_10_SLU_S5,2021_06_10_SLU_S5,,,What happened?,,2021_06_10_SLU_S5_SLU,Meredith MacGregor,,,,,80531.0,80531.0,,,SLU,80531.0,"[{'ask clarifying question': 'Meredith is asking what happened, implying she missed something or needs clarification on a prior event in the conversation.'}]",80531.0,430,0
2021_06_10_SLU_S5,2021_06_10_SLU_S5,,,"Yeah, I think like the stability is like a really interesting question, right?",,2021_06_10_SLU_S5_SLU,Meredith MacGregor,,,,,794.0,796.9295774647887,,,SLU,795.4647887323944,"{'expand on existing idea': ""Meredith is expanding on Kimberly's idea about the importance of stability for the emergence of life, building on the discussion about the time scales and environmental availabilities needed for reactions to occur."", 'express agreement': ""Meredith explicitly agrees that stability is a really interesting question, building on Kimberly's point about the need for some level of stability for evolution to occur.""}",81325.0,431,0
2021_06_10_SLU_S5,2021_06_10_SLU_S5,,,"Because there's so many things that happen astrophysically that are either really great for life or really terrible for it, right?",,2021_06_10_SLU_S5_SLU,Meredith MacGregor,,,,,796.9295774647886,801.8122065727699,,,SLU,799.3708920187793,"{'expand on existing idea': ""Meredith is expanding on Kimberly's idea about the importance of stability for the emergence of life, building on the discussion about the time scales and environmental availabilities needed for reactions to occur."", 'express agreement': ""Meredith explicitly agrees that stability is a really interesting question, building on Kimberly's point about the need for some level of stability for evolution to occur.""}",81325.0,432,0
2021_06_10_SLU_S5,2021_06_10_SLU_S5,,,Like.,,2021_06_10_SLU_S5_SLU,Meredith MacGregor,,,,,801.81220657277,802.0,,,SLU,801.906103286385,"{'expand on existing idea': ""Meredith is expanding on Kimberly's idea about the importance of stability for the emergence of life, building on the discussion about the time scales and environmental availabilities needed for reactions to occur."", 'express agreement': ""Meredith explicitly agrees that stability is a really interesting question, building on Kimberly's point about the need for some level of stability for evolution to occur.""}",81325.0,433,0
2021_06_10_SLU_S5,2021_06_10_SLU_S5,,,"Yeah, because like I'm really curious because you know like we I I study like stellar flares, right?",,2021_06_10_SLU_S5_SLU,Meredith MacGregor,,,,,791.0000000000001,798.7134986225896,,,SLU,794.8567493112948,"[{'ask clarifying question': ""Meredith is asking whether there is a difference between the sun slowly ramping up its UV flux over long periods of time versus stellar flares that have huge changes in UV flux over short periods of time, following Aaron's discussion of UV flux and its impact on prebiotic chemistry.""}]",82116.0,434,0
2021_06_10_SLU_S5,2021_06_10_SLU_S5,,,"And stars flare on these time scales of like seconds to minutes and they have these huge changes in UV flux over really short periods of time and I guess I'm wondering whether there's a difference between like, you know, the sun slowly ramping up its UV flux over",,2021_06_10_SLU_S5_SLU,Meredith MacGregor,,,,,798.7134986225894,819.0,,,SLU,808.8567493112947,"[{'ask clarifying question': ""Meredith is asking whether there is a difference between the sun slowly ramping up its UV flux over long periods of time versus stellar flares that have huge changes in UV flux over short periods of time, following Aaron's discussion of UV flux and its impact on prebiotic chemistry.""}]",82116.0,435,0
2021_06_10_SLU_S5,2021_06_10_SLU_S5,,,Great.,,2021_06_10_SLU_S5_SLU,Peter Driscoll,,,,,82280.0,82280.0,,,SLU,82280.0,"{'express agreement': 'Peter expresses agreement with the previous introduction, indicating a positive acknowledgement of the information shared.'}",82280.0,436,0
2021_06_10_SLU_S5,2021_06_10_SLU_S5,,,I I have I had I just had one question about the synthesis of these complex molecules by the chemists.,,2021_06_10_SLU_S5_SLU,Peter Driscoll,,,,,712.9999999999999,720.3862068965517,,,SLU,716.6931034482758,"{'ask clarifying question': 'Peter is asking the chemists if they can model the synthesis of complex molecules numerically instead of in the lab, and if not, what are the limitations, seeking clarification on their methods.'}",82993.0,437,0
2021_06_10_SLU_S5,2021_06_10_SLU_S5,,,Um can you do this kind of work model in a modeling way that you don't do it in the lab you just do it numerically and if you can't what are the limitations to not why why can't you do it?,,2021_06_10_SLU_S5_SLU,Peter Driscoll,,,,,720.3862068965518,734.0,,,SLU,727.1931034482759,"{'ask clarifying question': 'Peter is asking the chemists if they can model the synthesis of complex molecules numerically instead of in the lab, and if not, what are the limitations, seeking clarification on their methods.'}",82993.0,438,0
2021_06_10_SLU_S5,2021_06_10_SLU_S5,,,"I have a very uh sort of off topic question, I think. why for the biologist, why did it take a billion years for life to begin, right?",,2021_06_10_SLU_S5_SLU,Peter Driscoll,,,,,854.9999999999999,864.0729166666666,,,SLU,859.5364583333333,"{'ask clarifying question': ""Peter is asking a question to the biologists about the timeline of life's origin, specifically why it took a billion years, seeking clarification on whether it was due to complex chemistry or external forces.""}",83135.0,439,0
2021_06_10_SLU_S5,2021_06_10_SLU_S5,,,Didn't don't we think it's 3.5 the oldest evidence.,,2021_06_10_SLU_S5_SLU,Peter Driscoll,,,,,864.0729166666666,867.5260416666666,,,SLU,865.7994791666666,"{'ask clarifying question': ""Peter is asking a question to the biologists about the timeline of life's origin, specifically why it took a billion years, seeking clarification on whether it was due to complex chemistry or external forces.""}",83135.0,440,0
2021_06_10_SLU_S5,2021_06_10_SLU_S5,,,So what was did it did it take a billion years for all of this complex chemistry to figure itself out or were there external forces that prevented this from happening or do we have any sense of that?,,2021_06_10_SLU_S5_SLU,Peter Driscoll,,,,,867.5260416666667,881.0,,,SLU,874.2630208333334,"{'ask clarifying question': ""Peter is asking a question to the biologists about the timeline of life's origin, specifically why it took a billion years, seeking clarification on whether it was due to complex chemistry or external forces.""}",83135.0,441,0
2021_06_10_SLU_S5,2021_06_10_SLU_S5,,,Sure.,,2021_06_10_SLU_S5_SLU,Peter Driscoll,,,,,924.9999999999999,925.4010695187166,,,SLU,925.2005347593582,"{'explain or define term or concept': 'Peter is introducing himself and his background, explaining his expertise in planetary interiors, cores, and magnetic field generation, as well as his interest in rocky planet formation and thermal evolution.'}",83205.0,442,0
2021_06_10_SLU_S5,2021_06_10_SLU_S5,,,"Um, Peter Driscoll, I'm in the Earth and Planets Lab at Carnegie Institution for Science in Washington DC.",,2021_06_10_SLU_S5_SLU,Peter Driscoll,,,,,925.4010695187166,933.903743315508,,,SLU,929.6524064171123,"{'explain or define term or concept': 'Peter is introducing himself and his background, explaining his expertise in planetary interiors, cores, and magnetic field generation, as well as his interest in rocky planet formation and thermal evolution.'}",83205.0,443,0
2021_06_10_SLU_S5,2021_06_10_SLU_S5,,,"Um, and my expertise is in uh planetary interiors and cores in particular, magnetic field generation.",,2021_06_10_SLU_S5_SLU,Peter Driscoll,,,,,933.9037433155081,942.0053475935829,,,SLU,937.9545454545455,"{'explain or define term or concept': 'Peter is introducing himself and his background, explaining his expertise in planetary interiors, cores, and magnetic field generation, as well as his interest in rocky planet formation and thermal evolution.'}",83205.0,444,0
2021_06_10_SLU_S5,2021_06_10_SLU_S5,,,"Um, but I'm also interested in um, sort of how how rocky planets form, core mantle separation, magma ocean solidification, thermal evolution and volatile cycling.",,2021_06_10_SLU_S5_SLU,Peter Driscoll,,,,,942.0053475935829,955.0,,,SLU,948.5026737967914,"{'explain or define term or concept': 'Peter is introducing himself and his background, explaining his expertise in planetary interiors, cores, and magnetic field generation, as well as his interest in rocky planet formation and thermal evolution.'}",83205.0,445,0
2021_06_10_SLU_S5,2021_06_10_SLU_S5,,,Well on my uh list of bullet points was you know that planets could have all different kinds of environments like they could be mobile lid like the earth where there's like a little bit of helpful recycling of the crust and then there could be like stagnant lid that has like hotspots.,,2021_06_10_SLU_S5_SLU,Peter Driscoll,,,,,650.9999999999999,672.4441747572815,,,SLU,661.7220873786407,"{'present new idea': {'Explanation': ""Peter introduces the idea that planets can have different geological environments, such as mobile lid, stagnant lid, or being geologically dead, which hasn't been explicitly discussed in this level of detail before.""}, 'expand on existing idea': {'Explanation': 'The utterance expands on the existing discussion about planetary conditions and their impact on the possibility of life, by providing specific examples of different planetary environments and how they can change over time.'}}",83856.0,446,0
2021_06_10_SLU_S5,2021_06_10_SLU_S5,,,Um and then there could be a completely dead geologically dead planet and so I think there's really a whole a whole range of those and of course a planet can pass through those regimes in time.,,2021_06_10_SLU_S5_SLU,Peter Driscoll,,,,,672.4441747572816,686.9660194174758,,,SLU,679.7050970873787,"{'present new idea': {'Explanation': ""Peter introduces the idea that planets can have different geological environments, such as mobile lid, stagnant lid, or being geologically dead, which hasn't been explicitly discussed in this level of detail before.""}, 'expand on existing idea': {'Explanation': 'The utterance expands on the existing discussion about planetary conditions and their impact on the possibility of life, by providing specific examples of different planetary environments and how they can change over time.'}}",83856.0,447,0
2021_06_10_SLU_S5,2021_06_10_SLU_S5,,,So I think it's pretty much wide open in terms of I mean it's hard to pin down it's going to be like this right?,,2021_06_10_SLU_S5_SLU,Peter Driscoll,,,,,686.9660194174756,695.3932038834952,,,SLU,691.1796116504854,"{'present new idea': {'Explanation': ""Peter introduces the idea that planets can have different geological environments, such as mobile lid, stagnant lid, or being geologically dead, which hasn't been explicitly discussed in this level of detail before.""}, 'expand on existing idea': {'Explanation': 'The utterance expands on the existing discussion about planetary conditions and their impact on the possibility of life, by providing specific examples of different planetary environments and how they can change over time.'}}",83856.0,448,0
2021_06_10_SLU_S5,2021_06_10_SLU_S5,,,Um I think it could be all of those things whether a planet has like surface water and exposed land may be a little bit more specific and maybe that is limited in time I don't know.,,2021_06_10_SLU_S5_SLU,Peter Driscoll,,,,,695.3932038834951,709.0121359223301,,,SLU,702.2026699029126,"{'present new idea': {'Explanation': ""Peter introduces the idea that planets can have different geological environments, such as mobile lid, stagnant lid, or being geologically dead, which hasn't been explicitly discussed in this level of detail before.""}, 'expand on existing idea': {'Explanation': 'The utterance expands on the existing discussion about planetary conditions and their impact on the possibility of life, by providing specific examples of different planetary environments and how they can change over time.'}}",83856.0,449,0
2021_06_10_SLU_S5,2021_06_10_SLU_S5,,,These are really hard questions to answer in general.,,2021_06_10_SLU_S5_SLU,Peter Driscoll,,,,,709.0121359223301,713.0,,,SLU,711.0060679611651,"{'present new idea': {'Explanation': ""Peter introduces the idea that planets can have different geological environments, such as mobile lid, stagnant lid, or being geologically dead, which hasn't been explicitly discussed in this level of detail before.""}, 'expand on existing idea': {'Explanation': 'The utterance expands on the existing discussion about planetary conditions and their impact on the possibility of life, by providing specific examples of different planetary environments and how they can change over time.'}}",83856.0,450,0
2021_06_10_SLU_S5,2021_06_10_SLU_S5,,,11:50 we're going to uh.,,2021_06_10_SLU_S5_SLU,Richard Wiener,,,,,1075.0,1077.0,,,SLU,1076.0,[{'None': 'No code applies to this utterance.'}],84280.0,451,0
2021_06_10_SLU_S5,2021_06_10_SLU_S5,,,Even a little tiny bit less.,,2021_06_10_SLU_S5_SLU,Richard Wiener,,,,,1073.0,1075.0,,,SLU,1074.0,{'None': 'This utterance does not fit any of the codes in the codebook.'},85353.0,452,0
2021_06_10_SLU_S5,2021_06_10_SLU_S5,,,I think uh if there's a couple of really good ideas.,,2021_06_10_SLU_S5_SLU,Richard Wiener,,,,,1083.0,1086.0,,,SLU,1084.5,{'encourage particpatioin': 'Richard is encouraging the group to share their best ideas as the meeting is coming to an end.'},85363.0,453,0
2021_06_10_SLU_S5,2021_06_10_SLU_S5,,,Jump in for one moment and say uh remember to think about a couple points and actually put them into the PowerPoint slides so the reporter can share those.,,2021_06_10_SLU_S5_SLU,Richard Wiener,,,,,1045.0,1058.0,,,SLU,1051.5,[{'assign task': 'Richard is assigning the task of putting the points into the PowerPoint slides to the reporter.'}],86408.0,454,0
2021_06_10_SLU_S5,2021_06_10_SLU_S5,,,Shut out.,,2021_06_10_SLU_S5_SLU,Richard Wiener,,,,,1077.0,1078.0,,,SLU,1077.5,"[{'propose decision': 'Richard is proposing a decision to end the meeting, as the time is almost up.'}]",86440.0,455,0
2021_06_10_SLU_S5,2021_06_10_SLU_S5,,,"the group came up with to share, that's the the most exciting thing you can say to report out of the group.",,2021_06_10_SLU_S5_SLU,Richard Wiener,,,,,1086.0,1090.0,,,SLU,1088.0,{'encourage particpatioin': 'Richard Wiener is encouraging the group to share the most exciting ideas that came up during the discussion.'},86449.0,456,0
2021_06_10_SLU_S5,2021_06_10_SLU_S5,,,I just as an example.,,2021_06_10_SLU_S5_SLU,Trinity Hamilton,,,,,811.0,812.2727272727273,,,SLU,811.6363636363636,"[{'encourage particpatioin': 'Trinity is encouraging someone else to speak, likely because they started speaking at the same time.'}]",87260.0,457,0
2021_06_10_SLU_S5,2021_06_10_SLU_S5,,,Oh go ahead.,,2021_06_10_SLU_S5_SLU,Trinity Hamilton,,,,,812.2727272727273,813.0,,,SLU,812.6363636363636,"[{'encourage particpatioin': 'Trinity is encouraging someone else to speak, likely because they started speaking at the same time.'}]",87260.0,458,0
2021_06_10_SLU_S5,2021_06_10_SLU_S5,,,Okay.,,2021_06_10_SLU_S5_SLU,Trinity Hamilton,,,,,990.0,991.0,,,SLU,990.5,{'acknowledge contribution': 'Trinity is acknowledging the previous turn.'},87439.0,459,0
2021_06_10_SLU_S5,2021_06_10_SLU_S5,,,So so can I ask a question about the bottleneck?,,2021_06_10_SLU_S5_SLU,Trinity Hamilton,,,,,1022.0000000000001,1026.1941747572816,,,SLU,1024.097087378641,"{'ask clarifying question': ""Trinity is asking a question to clarify the concept of 'bottleneck' that Laurie mentioned in the previous turn, specifically if the process restarts from scratch after each bottleneck.""}",87471.0,460,0
2021_06_10_SLU_S5,2021_06_10_SLU_S5,,,So the so you don't start over from scratch after each.,,2021_06_10_SLU_S5_SLU,Trinity Hamilton,,,,,1026.1941747572814,1031.0,,,SLU,1028.5970873786407,"{'ask clarifying question': ""Trinity is asking a question to clarify the concept of 'bottleneck' that Laurie mentioned in the previous turn, specifically if the process restarts from scratch after each bottleneck.""}",87471.0,461,0
2021_06_10_SLU_S5,2021_06_10_SLU_S5,,,Uh I was thinking along and this is like super naive.,,2021_06_10_SLU_S5_SLU,Trinity Hamilton,,,,,815.9999999999999,819.3742236024844,,,SLU,817.6871118012422,"{'present new idea': 'Trinity introduces the idea of considering geographic space in addition to time scales when modeling prebiotic life, suggesting that the spatial distribution of ""jump starts"" across a habitable body could be a useful factor to model, which has not been explicitly discussed before.', 'encourage particpatioin': 'Trinity ends her turn by asking if her idea is useful, inviting others to contribute their thoughts on the matter.'}",88287.0,462,0
2021_06_10_SLU_S5,2021_06_10_SLU_S5,,,Um but uh I was thinking about so we've been talking a lot about sort of zooming out and zooming in um in terms of the processes but microbes are tiny.,,2021_06_10_SLU_S5_SLU,Trinity Hamilton,,,,,819.3742236024844,828.9875776397515,,,SLU,824.180900621118,"{'present new idea': 'Trinity introduces the idea of considering geographic space in addition to time scales when modeling prebiotic life, suggesting that the spatial distribution of ""jump starts"" across a habitable body could be a useful factor to model, which has not been explicitly discussed before.', 'encourage particpatioin': 'Trinity ends her turn by asking if her idea is useful, inviting others to contribute their thoughts on the matter.'}",88287.0,463,0
2021_06_10_SLU_S5,2021_06_10_SLU_S5,,,Um and so prebiotic life was even tinier.,,2021_06_10_SLU_S5_SLU,Trinity Hamilton,,,,,828.9875776397516,831.5978260869565,,,SLU,830.2927018633541,"{'present new idea': 'Trinity introduces the idea of considering geographic space in addition to time scales when modeling prebiotic life, suggesting that the spatial distribution of ""jump starts"" across a habitable body could be a useful factor to model, which has not been explicitly discussed before.', 'encourage particpatioin': 'Trinity ends her turn by asking if her idea is useful, inviting others to contribute their thoughts on the matter.'}",88287.0,464,0
2021_06_10_SLU_S5,2021_06_10_SLU_S5,,,So I I was wondering and then bringing in the modeling like is there is it useful to think about um both the time scale but also the geographic space of where this might have happened and then sort of modeling um the time it takes if you have these sort of jump starts happening happening um across earth or whatever your habitable um body is um is that is that is that useful to think about at all?,,2021_06_10_SLU_S5_SLU,Trinity Hamilton,,,,,831.5978260869565,857.0,,,SLU,844.2989130434783,"{'present new idea': 'Trinity introduces the idea of considering geographic space in addition to time scales when modeling prebiotic life, suggesting that the spatial distribution of ""jump starts"" across a habitable body could be a useful factor to model, which has not been explicitly discussed before.', 'encourage particpatioin': 'Trinity ends her turn by asking if her idea is useful, inviting others to contribute their thoughts on the matter.'}",88287.0,465,0
2021_06_10_SLU_S5,2021_06_10_SLU_S5,,,"Yeah, sure.",,2021_06_10_SLU_S5_SLU,Trinity Hamilton,,,,,962.0000000000001,963.3449781659389,,,SLU,962.6724890829695,"[{'explain or define term or concept': 'Trinity is introducing herself and her research interests to the group, which involves explaining her field of study, photosynthesis in early earth analogs and extreme environments, to provide context for the discussion.'}]",88433.0,466,0
2021_06_10_SLU_S5,2021_06_10_SLU_S5,,,"Uh, I'm Trinity Hamilton.",,2021_06_10_SLU_S5_SLU,Trinity Hamilton,,,,,963.3449781659389,966.4017467248908,,,SLU,964.8733624454148,"[{'explain or define term or concept': 'Trinity is introducing herself and her research interests to the group, which involves explaining her field of study, photosynthesis in early earth analogs and extreme environments, to provide context for the discussion.'}]",88433.0,467,0
2021_06_10_SLU_S5,2021_06_10_SLU_S5,,,I'm at the University of Minnesota as well.,,2021_06_10_SLU_S5_SLU,Trinity Hamilton,,,,,966.4017467248908,971.6593886462882,,,SLU,969.0305676855895,"[{'explain or define term or concept': 'Trinity is introducing herself and her research interests to the group, which involves explaining her field of study, photosynthesis in early earth analogs and extreme environments, to provide context for the discussion.'}]",88433.0,468,0
2021_06_10_SLU_S5,2021_06_10_SLU_S5,,,"Um, I'm in the Department of Plant and Microbial Biology.",,2021_06_10_SLU_S5_SLU,Trinity Hamilton,,,,,971.6593886462883,978.6288209606987,,,SLU,975.1441048034935,"[{'explain or define term or concept': 'Trinity is introducing herself and her research interests to the group, which involves explaining her field of study, photosynthesis in early earth analogs and extreme environments, to provide context for the discussion.'}]",88433.0,469,0
2021_06_10_SLU_S5,2021_06_10_SLU_S5,,,"Um, I mainly study um, photosynthesis in sort of early earth analogs or extreme environments.",,2021_06_10_SLU_S5_SLU,Trinity Hamilton,,,,,978.6288209606987,990.0,,,SLU,984.3144104803494,"[{'explain or define term or concept': 'Trinity is introducing herself and her research interests to the group, which involves explaining her field of study, photosynthesis in early earth analogs and extreme environments, to provide context for the discussion.'}]",88433.0,470,0
2021_06_10_SLU_S5,2021_06_10_SLU_S5,,,"And yeah, even a small change, right?",,2021_06_10_SLU_S5_SLU,Ziming Yang,,,,,657.9999999999999,660.3082568807339,,,SLU,659.1541284403669,"[{'explain or define term or concept': 'Ziming explains how small changes in pH and temperature can significantly alter the chemistry of organic molecules, clarifying the sensitivity of prebiotic chemistry to environmental conditions.'}, {'propose decision': ""Ziming proposes that planetary scientists should provide a prioritized list of key parameters to guide experiments, aiming to reduce uncertainties and complexities in the system, building on Laurie's earlier statement about the need for guidance from planetary scientists.""}]",89091.0,471,0
2021_06_10_SLU_S5,2021_06_10_SLU_S5,,,Even the pH can totally change the chemistry of all the organic molecules.,,2021_06_10_SLU_S5_SLU,Ziming Yang,,,,,660.308256880734,664.9247706422018,,,SLU,662.6165137614679,"[{'explain or define term or concept': 'Ziming explains how small changes in pH and temperature can significantly alter the chemistry of organic molecules, clarifying the sensitivity of prebiotic chemistry to environmental conditions.'}, {'propose decision': ""Ziming proposes that planetary scientists should provide a prioritized list of key parameters to guide experiments, aiming to reduce uncertainties and complexities in the system, building on Laurie's earlier statement about the need for guidance from planetary scientists.""}]",89091.0,472,0
2021_06_10_SLU_S5,2021_06_10_SLU_S5,,,"You know, temperature is a big factor, right?",,2021_06_10_SLU_S5_SLU,Ziming Yang,,,,,664.9247706422018,667.7321100917432,,,SLU,666.3284403669725,"[{'explain or define term or concept': 'Ziming explains how small changes in pH and temperature can significantly alter the chemistry of organic molecules, clarifying the sensitivity of prebiotic chemistry to environmental conditions.'}, {'propose decision': ""Ziming proposes that planetary scientists should provide a prioritized list of key parameters to guide experiments, aiming to reduce uncertainties and complexities in the system, building on Laurie's earlier statement about the need for guidance from planetary scientists.""}]",89091.0,473,0
2021_06_10_SLU_S5,2021_06_10_SLU_S5,,,"You know, influence those reactions.",,2021_06_10_SLU_S5_SLU,Ziming Yang,,,,,667.732110091743,669.9779816513761,,,SLU,668.8550458715596,"[{'explain or define term or concept': 'Ziming explains how small changes in pH and temperature can significantly alter the chemistry of organic molecules, clarifying the sensitivity of prebiotic chemistry to environmental conditions.'}, {'propose decision': ""Ziming proposes that planetary scientists should provide a prioritized list of key parameters to guide experiments, aiming to reduce uncertainties and complexities in the system, building on Laurie's earlier statement about the need for guidance from planetary scientists.""}]",89091.0,474,0
2021_06_10_SLU_S5,2021_06_10_SLU_S5,,,"Um, and yeah, I I think it's important for, you know, the planetary scientists can give us like a top list, maybe the the key parameters and we can use for the experiments.",,2021_06_10_SLU_S5_SLU,Ziming Yang,,,,,669.9779816513761,680.708256880734,,,SLU,675.343119266055,"[{'explain or define term or concept': 'Ziming explains how small changes in pH and temperature can significantly alter the chemistry of organic molecules, clarifying the sensitivity of prebiotic chemistry to environmental conditions.'}, {'propose decision': ""Ziming proposes that planetary scientists should provide a prioritized list of key parameters to guide experiments, aiming to reduce uncertainties and complexities in the system, building on Laurie's earlier statement about the need for guidance from planetary scientists.""}]",89091.0,475,0
2021_06_10_SLU_S5,2021_06_10_SLU_S5,,,So that will make us our work much easier.,,2021_06_10_SLU_S5_SLU,Ziming Yang,,,,,680.7082568807339,683.3284403669725,,,SLU,682.0183486238532,"[{'explain or define term or concept': 'Ziming explains how small changes in pH and temperature can significantly alter the chemistry of organic molecules, clarifying the sensitivity of prebiotic chemistry to environmental conditions.'}, {'propose decision': ""Ziming proposes that planetary scientists should provide a prioritized list of key parameters to guide experiments, aiming to reduce uncertainties and complexities in the system, building on Laurie's earlier statement about the need for guidance from planetary scientists.""}]",89091.0,476,0
2021_06_10_SLU_S5,2021_06_10_SLU_S5,,,"So we don't need to worry about too much uncertainties, right?",,2021_06_10_SLU_S5_SLU,Ziming Yang,,,,,683.3284403669724,687.1963302752293,,,SLU,685.2623853211009,"[{'explain or define term or concept': 'Ziming explains how small changes in pH and temperature can significantly alter the chemistry of organic molecules, clarifying the sensitivity of prebiotic chemistry to environmental conditions.'}, {'propose decision': ""Ziming proposes that planetary scientists should provide a prioritized list of key parameters to guide experiments, aiming to reduce uncertainties and complexities in the system, building on Laurie's earlier statement about the need for guidance from planetary scientists.""}]",89091.0,477,0
2021_06_10_SLU_S5,2021_06_10_SLU_S5,,,"Like complexities, right?",,2021_06_10_SLU_S5_SLU,Ziming Yang,,,,,687.1963302752293,688.7559633027523,,,SLU,687.9761467889908,"[{'explain or define term or concept': 'Ziming explains how small changes in pH and temperature can significantly alter the chemistry of organic molecules, clarifying the sensitivity of prebiotic chemistry to environmental conditions.'}, {'propose decision': ""Ziming proposes that planetary scientists should provide a prioritized list of key parameters to guide experiments, aiming to reduce uncertainties and complexities in the system, building on Laurie's earlier statement about the need for guidance from planetary scientists.""}]",89091.0,478,0
2021_06_10_SLU_S5,2021_06_10_SLU_S5,,,In the system.,,2021_06_10_SLU_S5_SLU,Ziming Yang,,,,,688.7559633027523,689.6293577981652,,,SLU,689.1926605504588,"[{'explain or define term or concept': 'Ziming explains how small changes in pH and temperature can significantly alter the chemistry of organic molecules, clarifying the sensitivity of prebiotic chemistry to environmental conditions.'}, {'propose decision': ""Ziming proposes that planetary scientists should provide a prioritized list of key parameters to guide experiments, aiming to reduce uncertainties and complexities in the system, building on Laurie's earlier statement about the need for guidance from planetary scientists.""}]",89091.0,479,0
2021_06_10_SLU_S5,2021_06_10_SLU_S5,,,"So that will save us much a lot, yeah.",,2021_06_10_SLU_S5_SLU,Ziming Yang,,,,,689.6293577981651,692.0,,,SLU,690.8146788990825,"[{'explain or define term or concept': 'Ziming explains how small changes in pH and temperature can significantly alter the chemistry of organic molecules, clarifying the sensitivity of prebiotic chemistry to environmental conditions.'}, {'propose decision': ""Ziming proposes that planetary scientists should provide a prioritized list of key parameters to guide experiments, aiming to reduce uncertainties and complexities in the system, building on Laurie's earlier statement about the need for guidance from planetary scientists.""}]",89091.0,480,0
2021_06_10_SLU_S5,2021_06_10_SLU_S5,,,I I think also you know it's very important like Lori says the modeling is very important because for experimental studies uh we can only conduct maybe like months or maybe years but uh it's not you know long enough to really predict what's going on right in like geologic time.,,2021_06_10_SLU_S5_SLU,Ziming Yang,,,,,600.0,618.6890756302521,,,SLU,609.344537815126,"{'expand on existing idea': ""Ziming expands on Laurie's idea about the importance of modeling by highlighting the limitations of experimental studies in replicating geological timescales."", 'provide supporting evidence': 'Ziming provides supporting evidence by stating that geochemical models can predict equilibrium states, but the timescale remains a significant uncertainty, supporting the need for modeling.', 'acknowledge contribution': ""Ziming acknowledges Laurie's contribution by explicitly stating that the importance of modeling is what Laurie said.""}",89691.0,481,0
2021_06_10_SLU_S5,2021_06_10_SLU_S5,,,Uh I think for the geochemists we we have some models that can predict what is going to happen at equilibrium um states but uh um but the time scale actually I think is a big question mark there.,,2021_06_10_SLU_S5_SLU,Ziming Yang,,,,,618.689075630252,631.7983193277311,,,SLU,625.2436974789915,"{'expand on existing idea': ""Ziming expands on Laurie's idea about the importance of modeling by highlighting the limitations of experimental studies in replicating geological timescales."", 'provide supporting evidence': 'Ziming provides supporting evidence by stating that geochemical models can predict equilibrium states, but the timescale remains a significant uncertainty, supporting the need for modeling.', 'acknowledge contribution': ""Ziming acknowledges Laurie's contribution by explicitly stating that the importance of modeling is what Laurie said.""}",89691.0,482,0
2021_06_10_SLU_S5,2021_06_10_SLU_S5,,,So.,,2021_06_10_SLU_S5_SLU,Ziming Yang,,,,,631.7983193277312,632.0,,,SLU,631.8991596638656,"{'expand on existing idea': ""Ziming expands on Laurie's idea about the importance of modeling by highlighting the limitations of experimental studies in replicating geological timescales."", 'provide supporting evidence': 'Ziming provides supporting evidence by stating that geochemical models can predict equilibrium states, but the timescale remains a significant uncertainty, supporting the need for modeling.', 'acknowledge contribution': ""Ziming acknowledges Laurie's contribution by explicitly stating that the importance of modeling is what Laurie said.""}",89691.0,483,0
2021_06_10_SLU_S5,2021_06_10_SLU_S5,,,"In particular, I'm interested in organic transformations in the hydrothermal systems, and we conduct some laboratory based, you know, experiments to simulate some conditions, you know, in the deep earth and also maybe beyond the earth, and we try to, you know, examine the pathways, you know, kinetics and mechanisms of the organic transformations under the hydrothermal conditions and also the organic inorganic interactions that related to maybe prebiotic synthesis and origin of life.",,2021_06_10_SLU_S5_SLU,Ziming Yang,,,,,599.9999999999999,628.8830313014827,,,SLU,614.4415156507413,"[{'explain or define term or concept': 'The speaker explains their research interests, focusing on organic transformations in hydrothermal systems and their relevance to prebiotic synthesis and the origin of life, providing context for their expertise.', 'express enthusiasm': ""The speaker expresses their enthusiasm for collaborating and learning from the other participants, indicating a positive attitude towards the group's work.""}]",89691.0,484,0
2021_06_10_SLU_S5,2021_06_10_SLU_S5,,,So it's my great pleasure to be here.,,2021_06_10_SLU_S5_SLU,Ziming Yang,,,,,628.8830313014827,631.0774299835256,,,SLU,629.9802306425041,"[{'explain or define term or concept': 'The speaker explains their research interests, focusing on organic transformations in hydrothermal systems and their relevance to prebiotic synthesis and the origin of life, providing context for their expertise.', 'express enthusiasm': ""The speaker expresses their enthusiasm for collaborating and learning from the other participants, indicating a positive attitude towards the group's work.""}]",89691.0,485,0
2021_06_10_SLU_S5,2021_06_10_SLU_S5,,,I'm really looking forward to collaborating and learning from all of you.,,2021_06_10_SLU_S5_SLU,Ziming Yang,,,,,631.0774299835255,635.4069192751235,,,SLU,633.2421746293245,"[{'explain or define term or concept': 'The speaker explains their research interests, focusing on organic transformations in hydrothermal systems and their relevance to prebiotic synthesis and the origin of life, providing context for their expertise.', 'express enthusiasm': ""The speaker expresses their enthusiasm for collaborating and learning from the other participants, indicating a positive attitude towards the group's work.""}]",89691.0,486,0
2021_06_10_SLU_S5,2021_06_10_SLU_S5,,,Thank you.,,2021_06_10_SLU_S5_SLU,Ziming Yang,,,,,635.4069192751235,636.0,,,SLU,635.7034596375618,"[{'explain or define term or concept': 'The speaker explains their research interests, focusing on organic transformations in hydrothermal systems and their relevance to prebiotic synthesis and the origin of life, providing context for their expertise.', 'express enthusiasm': ""The speaker expresses their enthusiasm for collaborating and learning from the other participants, indicating a positive attitude towards the group's work.""}]",89691.0,487,0
2021_06_10_SLU_S5,2021_06_10_SLU_S5,,,"Or can we think about like to to list like the importance of the parameters, right?",,2021_06_10_SLU_S5_SLU,Ziming Yang,,,,,679.0,685.4186666666667,,,SLU,682.2093333333333,"[{'propose decision': 'Ziming proposes that the group list the important parameters for organic reactions, which is a concrete suggestion for the group to consider as they are trying to summarize the discussion and come up with ideas.'}, {'expand on existing idea': 'Ziming is building on the previous discussion about combining laboratory modeling and observational approaches by suggesting a way to prioritize parameters for study, which is a way to make the modeling and experimental work more efficient.'}]",89770.0,488,0
2021_06_10_SLU_S5,2021_06_10_SLU_S5,,,"To those organic reactions, right?",,2021_06_10_SLU_S5_SLU,Ziming Yang,,,,,685.4186666666667,688.048,,,SLU,686.7333333333333,"[{'propose decision': 'Ziming proposes that the group list the important parameters for organic reactions, which is a concrete suggestion for the group to consider as they are trying to summarize the discussion and come up with ideas.'}, {'expand on existing idea': 'Ziming is building on the previous discussion about combining laboratory modeling and observational approaches by suggesting a way to prioritize parameters for study, which is a way to make the modeling and experimental work more efficient.'}]",89770.0,489,0
2021_06_10_SLU_S5,2021_06_10_SLU_S5,,,"Because I think, you know, either for modeling or experimental work, we need those like the the top, you know, priority, like the top parameters to to study with.",,2021_06_10_SLU_S5_SLU,Ziming Yang,,,,,688.048,700.576,,,SLU,694.312,"[{'propose decision': 'Ziming proposes that the group list the important parameters for organic reactions, which is a concrete suggestion for the group to consider as they are trying to summarize the discussion and come up with ideas.'}, {'expand on existing idea': 'Ziming is building on the previous discussion about combining laboratory modeling and observational approaches by suggesting a way to prioritize parameters for study, which is a way to make the modeling and experimental work more efficient.'}]",89770.0,490,0
2021_06_10_SLU_S5,2021_06_10_SLU_S5,,,So how do we determine which are more important than the others?,,2021_06_10_SLU_S5_SLU,Ziming Yang,,,,,700.5760000000001,705.5253333333334,,,SLU,703.0506666666668,"[{'propose decision': 'Ziming proposes that the group list the important parameters for organic reactions, which is a concrete suggestion for the group to consider as they are trying to summarize the discussion and come up with ideas.'}, {'expand on existing idea': 'Ziming is building on the previous discussion about combining laboratory modeling and observational approaches by suggesting a way to prioritize parameters for study, which is a way to make the modeling and experimental work more efficient.'}]",89770.0,491,0
2021_06_10_SLU_S5,2021_06_10_SLU_S5,,,That could be a question for us.,,2021_06_10_SLU_S5_SLU,Ziming Yang,,,,,705.5253333333333,708.0,,,SLU,706.7626666666666,"[{'propose decision': 'Ziming proposes that the group list the important parameters for organic reactions, which is a concrete suggestion for the group to consider as they are trying to summarize the discussion and come up with ideas.'}, {'expand on existing idea': 'Ziming is building on the previous discussion about combining laboratory modeling and observational approaches by suggesting a way to prioritize parameters for study, which is a way to make the modeling and experimental work more efficient.'}]",89770.0,492,0
2021_06_10_SLU_S5,2021_06_10_SLU_S5,,,"Um, and uh, I I think for for the experiments, uh, you know, if like radiation is a big concern for the planet uh the planets to form, the stars to form, uh, we can maybe uh put more emphasis, right?",,2021_06_10_SLU_S5_SLU,Ziming Yang,,,,,761.0,772.803084223013,,,SLU,766.9015421115065,"[{'expand on existing idea': 'Ziming is expanding on the discussion about the key parameters for experiments, suggesting that if radiation is a big concern, they can put more emphasis on studying different wavelengths of UV and radiation time, building on the previous discussion about the challenges of experiments and the need for planetary scientists to provide key parameters.'}, {'encourage particpatioin': 'Ziming is encouraging further exploration by highlighting that there are lots of opportunities for experiments related to radiation, wavelengths, and cycles, building on the discussion about the challenges of experiments and the need for planetary scientists to provide key parameters.'}]",89852.0,493,0
2021_06_10_SLU_S5,2021_06_10_SLU_S5,,,"On studying maybe different wavelengths of the UV and you know, radiation time, uh, and for you know, the the day day cycles, maybe seasonal cycles, um, they always, you know, they also tools we can simulate those processes, you know, we can also study like the cooling and warming processes, uh, you know, with you know, different temperature gradients uh to simulate this process as well.",,2021_06_10_SLU_S5_SLU,Ziming Yang,,,,,772.8030842230131,795.9347568208779,,,SLU,784.3689205219455,"[{'expand on existing idea': 'Ziming is expanding on the discussion about the key parameters for experiments, suggesting that if radiation is a big concern, they can put more emphasis on studying different wavelengths of UV and radiation time, building on the previous discussion about the challenges of experiments and the need for planetary scientists to provide key parameters.'}, {'encourage particpatioin': 'Ziming is encouraging further exploration by highlighting that there are lots of opportunities for experiments related to radiation, wavelengths, and cycles, building on the discussion about the challenges of experiments and the need for planetary scientists to provide key parameters.'}]",89852.0,494,0
2021_06_10_SLU_S5,2021_06_10_SLU_S5,,,"Um, but we don't know, you know, the results for those uh, you know, how how that, you know, related to the real situation, the real worlds out there.",,2021_06_10_SLU_S5_SLU,Ziming Yang,,,,,795.9347568208779,804.8315539739027,,,SLU,800.3831553973903,"[{'expand on existing idea': 'Ziming is expanding on the discussion about the key parameters for experiments, suggesting that if radiation is a big concern, they can put more emphasis on studying different wavelengths of UV and radiation time, building on the previous discussion about the challenges of experiments and the need for planetary scientists to provide key parameters.'}, {'encourage particpatioin': 'Ziming is encouraging further exploration by highlighting that there are lots of opportunities for experiments related to radiation, wavelengths, and cycles, building on the discussion about the challenges of experiments and the need for planetary scientists to provide key parameters.'}]",89852.0,495,0
2021_06_10_SLU_S5,2021_06_10_SLU_S5,,,"So, um, but you know, definitely worth exploring, you know, there are lots of opportunities there, yeah.",,2021_06_10_SLU_S5_SLU,Ziming Yang,,,,,804.8315539739028,811.0,,,SLU,807.9157769869514,"[{'expand on existing idea': 'Ziming is expanding on the discussion about the key parameters for experiments, suggesting that if radiation is a big concern, they can put more emphasis on studying different wavelengths of UV and radiation time, building on the previous discussion about the challenges of experiments and the need for planetary scientists to provide key parameters.'}, {'encourage particpatioin': 'Ziming is encouraging further exploration by highlighting that there are lots of opportunities for experiments related to radiation, wavelengths, and cycles, building on the discussion about the challenges of experiments and the need for planetary scientists to provide key parameters.'}]",89852.0,496,0
2021_06_10_SLU_S5,2021_06_10_SLU_S5,,,"Well looks to me there could be like, you know, a tipping point, right?",,2021_06_10_SLU_S5_SLU,Ziming Yang,,,,,882.0,885.7922848664689,,,SLU,883.8961424332344,"{'present new idea': 'Ziming introduces the idea of a ""tipping point"" in Earth\'s history where conditions aligned for life to begin, which is a novel concept in the discussion.', 'explain or define term or concept': 'Ziming explains the concept of a ""tipping point"" as a moment when all necessary parameters are ready for biomolecule synthesis, clarifying its meaning in the context of the origin of life.', 'express enthusiasm': 'Ziming expresses enthusiasm by suggesting that the Earth was ""waiting for the right moment"" for life to start, indicating excitement about the possibility of a specific point in time being conducive to life\'s origin.'}",89973.0,497,0
2021_06_10_SLU_S5,2021_06_10_SLU_S5,,,For all the reactions to occur maybe in the history of the earth.,,2021_06_10_SLU_S5_SLU,Ziming Yang,,,,,885.792284866469,889.2640949554897,,,SLU,887.5281899109793,"{'present new idea': 'Ziming introduces the idea of a ""tipping point"" in Earth\'s history where conditions aligned for life to begin, which is a novel concept in the discussion.', 'explain or define term or concept': 'Ziming explains the concept of a ""tipping point"" as a moment when all necessary parameters are ready for biomolecule synthesis, clarifying its meaning in the context of the origin of life.', 'express enthusiasm': 'Ziming expresses enthusiasm by suggesting that the Earth was ""waiting for the right moment"" for life to start, indicating excitement about the possibility of a specific point in time being conducive to life\'s origin.'}",89973.0,498,0
2021_06_10_SLU_S5,2021_06_10_SLU_S5,,,"So you just, you know, the earth is waiting for the right moment, right?",,2021_06_10_SLU_S5_SLU,Ziming Yang,,,,,889.2640949554896,893.1097922848664,,,SLU,891.186943620178,"{'present new idea': 'Ziming introduces the idea of a ""tipping point"" in Earth\'s history where conditions aligned for life to begin, which is a novel concept in the discussion.', 'explain or define term or concept': 'Ziming explains the concept of a ""tipping point"" as a moment when all necessary parameters are ready for biomolecule synthesis, clarifying its meaning in the context of the origin of life.', 'express enthusiasm': 'Ziming expresses enthusiasm by suggesting that the Earth was ""waiting for the right moment"" for life to start, indicating excitement about the possibility of a specific point in time being conducive to life\'s origin.'}",89973.0,499,0
2021_06_10_SLU_S5,2021_06_10_SLU_S5,,,"To have all kinds of, you know, parameters ready to synthesize biomolecules.",,2021_06_10_SLU_S5_SLU,Ziming Yang,,,,,893.1097922848664,897.1691394658753,,,SLU,895.1394658753709,"{'present new idea': 'Ziming introduces the idea of a ""tipping point"" in Earth\'s history where conditions aligned for life to begin, which is a novel concept in the discussion.', 'explain or define term or concept': 'Ziming explains the concept of a ""tipping point"" as a moment when all necessary parameters are ready for biomolecule synthesis, clarifying its meaning in the context of the origin of life.', 'express enthusiasm': 'Ziming expresses enthusiasm by suggesting that the Earth was ""waiting for the right moment"" for life to start, indicating excitement about the possibility of a specific point in time being conducive to life\'s origin.'}",89973.0,500,0
2021_06_10_SLU_S5,2021_06_10_SLU_S5,,,Maybe that's the time when life started.,,2021_06_10_SLU_S5_SLU,Ziming Yang,,,,,897.1691394658754,899.3056379821959,,,SLU,898.2373887240357,"{'present new idea': 'Ziming introduces the idea of a ""tipping point"" in Earth\'s history where conditions aligned for life to begin, which is a novel concept in the discussion.', 'explain or define term or concept': 'Ziming explains the concept of a ""tipping point"" as a moment when all necessary parameters are ready for biomolecule synthesis, clarifying its meaning in the context of the origin of life.', 'express enthusiasm': 'Ziming expresses enthusiasm by suggesting that the Earth was ""waiting for the right moment"" for life to start, indicating excitement about the possibility of a specific point in time being conducive to life\'s origin.'}",89973.0,501,0
2021_06_10_SLU_S5,2021_06_10_SLU_S5,,,So who knows?,,2021_06_10_SLU_S5_SLU,Ziming Yang,,,,,899.3056379821958,900.0,,,SLU,899.6528189910979,"{'present new idea': 'Ziming introduces the idea of a ""tipping point"" in Earth\'s history where conditions aligned for life to begin, which is a novel concept in the discussion.', 'explain or define term or concept': 'Ziming explains the concept of a ""tipping point"" as a moment when all necessary parameters are ready for biomolecule synthesis, clarifying its meaning in the context of the origin of life.', 'express enthusiasm': 'Ziming expresses enthusiasm by suggesting that the Earth was ""waiting for the right moment"" for life to start, indicating excitement about the possibility of a specific point in time being conducive to life\'s origin.'}",89973.0,502,0
2021_06_10_SLU_S5,2021_06_10_SLU_S5,,,Yeah I think it's very important like you know at different uh environmental settings right even for the models you know you're going to define like the key parameters right you're going to do the calculations.,,2021_06_10_SLU_S5_SLU,Ziming Yang,,,,,861.9999999999999,874.1323529411765,,,SLU,868.0661764705882,"[{'expand on existing idea': ""Ziming expands on the existing discussion about modeling prebiotic chemistry, emphasizing the importance of considering different environmental settings and key parameters for accurate predictions, building on Laurie and Aaron's points about the limitations of current models.""}, {'provide supporting evidence': 'Ziming supports the need for better models by pointing out that current chemical models often lack mineral components, which are important in real environments.'}]",90835.0,503,0
2021_06_10_SLU_S5,2021_06_10_SLU_S5,,,Uh and sometimes you can easily ignore some parameters like maybe like water content um and maybe like the pressure for instance and uh speciation of the organic molecules with the metal ions.,,2021_06_10_SLU_S5_SLU,Ziming Yang,,,,,874.1323529411765,885.2247899159664,,,SLU,879.6785714285714,"[{'expand on existing idea': ""Ziming expands on the existing discussion about modeling prebiotic chemistry, emphasizing the importance of considering different environmental settings and key parameters for accurate predictions, building on Laurie and Aaron's points about the limitations of current models.""}, {'provide supporting evidence': 'Ziming supports the need for better models by pointing out that current chemical models often lack mineral components, which are important in real environments.'}]",90835.0,504,0
2021_06_10_SLU_S5,2021_06_10_SLU_S5,,,Um so I I think the question is you know how do we figure out what are the key parameters going to use for those models to make like you know more accurate predictions right?,,2021_06_10_SLU_S5_SLU,Ziming Yang,,,,,885.2247899159664,895.2773109243698,,,SLU,890.2510504201681,"[{'expand on existing idea': ""Ziming expands on the existing discussion about modeling prebiotic chemistry, emphasizing the importance of considering different environmental settings and key parameters for accurate predictions, building on Laurie and Aaron's points about the limitations of current models.""}, {'provide supporting evidence': 'Ziming supports the need for better models by pointing out that current chemical models often lack mineral components, which are important in real environments.'}]",90835.0,505,0
2021_06_10_SLU_S5,2021_06_10_SLU_S5,,,And also like for I think for you know those organic molecules in those uh um environments like the minerals rocks right they definitely play an important role there.,,2021_06_10_SLU_S5_SLU,Ziming Yang,,,,,895.2773109243698,904.8676470588235,,,SLU,900.0724789915967,"[{'expand on existing idea': ""Ziming expands on the existing discussion about modeling prebiotic chemistry, emphasizing the importance of considering different environmental settings and key parameters for accurate predictions, building on Laurie and Aaron's points about the limitations of current models.""}, {'provide supporting evidence': 'Ziming supports the need for better models by pointing out that current chemical models often lack mineral components, which are important in real environments.'}]",90835.0,506,0
2021_06_10_SLU_S5,2021_06_10_SLU_S5,,,I think for most of the chemical models like for the organic speciation calculations uh they do not have the minerals components right in those calculations.,,2021_06_10_SLU_S5_SLU,Ziming Yang,,,,,904.8676470588235,913.938025210084,,,SLU,909.4028361344538,"[{'expand on existing idea': ""Ziming expands on the existing discussion about modeling prebiotic chemistry, emphasizing the importance of considering different environmental settings and key parameters for accurate predictions, building on Laurie and Aaron's points about the limitations of current models.""}, {'provide supporting evidence': 'Ziming supports the need for better models by pointing out that current chemical models often lack mineral components, which are important in real environments.'}]",90835.0,507,0
2021_06_10_SLU_S5,2021_06_10_SLU_S5,,,So that might open some discussions you know as well.,,2021_06_10_SLU_S5_SLU,Ziming Yang,,,,,913.9380252100841,917.0,,,SLU,915.469012605042,"[{'expand on existing idea': ""Ziming expands on the existing discussion about modeling prebiotic chemistry, emphasizing the importance of considering different environmental settings and key parameters for accurate predictions, building on Laurie and Aaron's points about the limitations of current models.""}, {'provide supporting evidence': 'Ziming supports the need for better models by pointing out that current chemical models often lack mineral components, which are important in real environments.'}]",90835.0,508,0
2021_06_10_SLU_S5,2021_06_10_SLU_S5,,,"Yeah, I think that's a good idea.",,2021_06_10_SLU_S5_SLU,Ziming Yang,,,,,755.0,758.5,,,SLU,756.75,"[{'express agreement': ""Ziming agrees with Aaron's idea to focus on experimentally tractable problems like thymine dimer formation.""}, {'expand on existing idea': ""Ziming expands on Aaron's idea by suggesting studying the interactions of smaller molecules like peptides and amino acids with minerals and other environmental factors.""}]",91590.0,509,0
2021_06_10_SLU_S5,2021_06_10_SLU_S5,,,"And also, you know, we we are working on some like a smaller molecules like peptides, amino acids, uh maybe the interactions, the minerals and the other, you know, um environment factors could be another way to to think about.",,2021_06_10_SLU_S5_SLU,Ziming Yang,,,,,758.5,782.469696969697,,,SLU,770.4848484848485,"[{'express agreement': ""Ziming agrees with Aaron's idea to focus on experimentally tractable problems like thymine dimer formation.""}, {'expand on existing idea': ""Ziming expands on Aaron's idea by suggesting studying the interactions of smaller molecules like peptides and amino acids with minerals and other environmental factors.""}]",91590.0,510,0
2021_06_10_SLU_S5,2021_06_10_SLU_S5,,,Yeah.,,2021_06_10_SLU_S5_SLU,Ziming Yang,,,,,782.469696969697,783.0,,,SLU,782.7348484848485,"[{'express agreement': ""Ziming agrees with Aaron's idea to focus on experimentally tractable problems like thymine dimer formation.""}, {'expand on existing idea': ""Ziming expands on Aaron's idea by suggesting studying the interactions of smaller molecules like peptides and amino acids with minerals and other environmental factors.""}]",91590.0,511,0
2021_06_10_SLU_S5,2021_06_10_SLU_S5,,,"Yeah, I'm also a big fan of the Enceladus.",,2021_06_10_SLU_S5_SLU,Ziming Yang,,,,,1122.9999999999998,1126.3923076923077,,,SLU,1124.6961538461537,"{'express agreement': 'Ziming expresses agreement with the ongoing discussion about Enceladus, which was brought up by Laurie and Dimitar.', 'expand on existing idea': ""Ziming expands on the discussion about Enceladus by stating his interest in the organic molecules in the plume and how they are formed and transformed during transfer, building on Laurie's mention of the organics found in Enceladus' plume."", 'explain or define term or concept': ""Ziming clarifies his perspective as a chemist, focusing on the formation and transformation of organic molecules, which provides context for his interest in Enceladus' plume.""}",91958.0,512,0
2021_06_10_SLU_S5,2021_06_10_SLU_S5,,,Sorry.,,2021_06_10_SLU_S5_SLU,Ziming Yang,,,,,1126.3923076923074,1126.876923076923,,,SLU,1126.6346153846152,"{'express agreement': 'Ziming expresses agreement with the ongoing discussion about Enceladus, which was brought up by Laurie and Dimitar.', 'expand on existing idea': ""Ziming expands on the discussion about Enceladus by stating his interest in the organic molecules in the plume and how they are formed and transformed during transfer, building on Laurie's mention of the organics found in Enceladus' plume."", 'explain or define term or concept': ""Ziming clarifies his perspective as a chemist, focusing on the formation and transformation of organic molecules, which provides context for his interest in Enceladus' plume.""}",91958.0,513,0
2021_06_10_SLU_S5,2021_06_10_SLU_S5,,,"And uh yeah, so I I'm a chemist, I'm more care about those organic molecules actually, you know, maybe in the plume and how they are, you know, formed and maybe transformed during the, you know, transfer process.",,2021_06_10_SLU_S5_SLU,Ziming Yang,,,,,1126.876923076923,1144.0,,,SLU,1135.4384615384615,"{'express agreement': 'Ziming expresses agreement with the ongoing discussion about Enceladus, which was brought up by Laurie and Dimitar.', 'expand on existing idea': ""Ziming expands on the discussion about Enceladus by stating his interest in the organic molecules in the plume and how they are formed and transformed during transfer, building on Laurie's mention of the organics found in Enceladus' plume."", 'explain or define term or concept': ""Ziming clarifies his perspective as a chemist, focusing on the formation and transformation of organic molecules, which provides context for his interest in Enceladus' plume.""}",91958.0,514,0
2021_06_10_SLU_S5,2021_06_10_SLU_S5,,,"Yeah, or you know, we can just choose specifically some maybe biomolecules, peptides or membranes, you know, and then just study different environment factors.",,2021_06_10_SLU_S5_SLU,Ziming Yang,,,,,718.0,736.0,,,SLU,727.0,"[{'expand on existing idea': 'Ziming is building on the previous discussion about the importance of parameters and organic chemistry by suggesting a specific approach to study biomolecules, peptides, or membranes under different environmental factors.'}, {'propose decision': 'Ziming proposes a concrete choice for the group to focus on specific biomolecules and study them under different environmental factors.'}]",92676.0,515,0
2021_06_10_SLU_S5,2021_06_10_SLU_S5,,,"Yeah, we really do experiments like, you know, changing temperature, pressure, pH, you know, solution chemistry, uh, and uh, you know, and our UV radiation, we can also do all kinds of those stuff.",,2021_06_10_SLU_S5_SLU,Ziming Yang,,,,,740.9999999999999,751.2337662337662,,,SLU,746.1168831168831,"[{'expand on existing idea': 'Ziming is expanding on the previous discussion about the challenges and opportunities in combining experimental and theoretical approaches to study prebiotic chemistry, mentioning specific experimental parameters they can manipulate.'}]",92699.0,516,0
2021_06_10_SLU_S5,2021_06_10_SLU_S5,,,"Um, and uh, they give quite different results, you know, depending on uh, you know, which parameters we choose.",,2021_06_10_SLU_S5_SLU,Ziming Yang,,,,,751.2337662337663,757.0,,,SLU,754.1168831168832,"[{'expand on existing idea': 'Ziming is expanding on the previous discussion about the challenges and opportunities in combining experimental and theoretical approaches to study prebiotic chemistry, mentioning specific experimental parameters they can manipulate.'}]",92699.0,517,0
2021_06_10_SLU_S5,2021_06_10_SLU_S5,,,Yeah.,,2021_06_10_SLU_S5_SLU,Ziming Yang,,,,,1167.0000000000002,1167.2768166089966,,,SLU,1167.1384083044984,"[{'express agreement': 'Ziming explicitly agrees with Laurie and Aaron, who were previously discussing the challenges in origin of life experiments and the need for geochemical input.', 'expand on existing idea': 'Ziming expands on the discussion about time scales by introducing two key questions: how long it takes for biomolecules to form and how stable they are, building on the previous discussion about the time scales involved in chemical reactions and the stability of the environment.'}]",93125.0,518,0
2021_06_10_SLU_S5,2021_06_10_SLU_S5,,,"I agree with Laurie and uh Aaron about uh, you know, I I think there are maybe two questions here, right?",,2021_06_10_SLU_S5_SLU,Ziming Yang,,,,,1167.2768166089966,1173.0899653979238,,,SLU,1170.1833910034602,"[{'express agreement': 'Ziming explicitly agrees with Laurie and Aaron, who were previously discussing the challenges in origin of life experiments and the need for geochemical input.', 'expand on existing idea': 'Ziming expands on the discussion about time scales by introducing two key questions: how long it takes for biomolecules to form and how stable they are, building on the previous discussion about the time scales involved in chemical reactions and the stability of the environment.'}]",93125.0,519,0
2021_06_10_SLU_S5,2021_06_10_SLU_S5,,,"So maybe the first one is like how long, you know, do those uh, you know, biomolecules to form, right?",,2021_06_10_SLU_S5_SLU,Ziming Yang,,,,,1173.089965397924,1178.7370242214533,,,SLU,1175.9134948096887,"[{'express agreement': 'Ziming explicitly agrees with Laurie and Aaron, who were previously discussing the challenges in origin of life experiments and the need for geochemical input.', 'expand on existing idea': 'Ziming expands on the discussion about time scales by introducing two key questions: how long it takes for biomolecules to form and how stable they are, building on the previous discussion about the time scales involved in chemical reactions and the stability of the environment.'}]",93125.0,520,0
2021_06_10_SLU_S5,2021_06_10_SLU_S5,,,"You know, under specific conditions.",,2021_06_10_SLU_S5_SLU,Ziming Yang,,,,,1178.7370242214533,1180.7301038062283,,,SLU,1179.7335640138408,"[{'express agreement': 'Ziming explicitly agrees with Laurie and Aaron, who were previously discussing the challenges in origin of life experiments and the need for geochemical input.', 'expand on existing idea': 'Ziming expands on the discussion about time scales by introducing two key questions: how long it takes for biomolecules to form and how stable they are, building on the previous discussion about the time scales involved in chemical reactions and the stability of the environment.'}]",93125.0,521,0
2021_06_10_SLU_S5,2021_06_10_SLU_S5,,,"And the second question is how stable those molecules can be, right?",,2021_06_10_SLU_S5_SLU,Ziming Yang,,,,,1180.7301038062283,1184.4948096885814,,,SLU,1182.6124567474048,"[{'express agreement': 'Ziming explicitly agrees with Laurie and Aaron, who were previously discussing the challenges in origin of life experiments and the need for geochemical input.', 'expand on existing idea': 'Ziming expands on the discussion about time scales by introducing two key questions: how long it takes for biomolecules to form and how stable they are, building on the previous discussion about the time scales involved in chemical reactions and the stability of the environment.'}]",93125.0,522,0
2021_06_10_SLU_S5,2021_06_10_SLU_S5,,,"Maybe the cells protiles, you know, maybe uh over like millions of years for for example.",,2021_06_10_SLU_S5_SLU,Ziming Yang,,,,,1184.4948096885812,1189.4221453287198,,,SLU,1186.9584775086505,"[{'express agreement': 'Ziming explicitly agrees with Laurie and Aaron, who were previously discussing the challenges in origin of life experiments and the need for geochemical input.', 'expand on existing idea': 'Ziming expands on the discussion about time scales by introducing two key questions: how long it takes for biomolecules to form and how stable they are, building on the previous discussion about the time scales involved in chemical reactions and the stability of the environment.'}]",93125.0,523,0
2021_06_10_SLU_S5,2021_06_10_SLU_S5,,,"I think there are two processes and they could be like competing process as well, right?",,2021_06_10_SLU_S5_SLU,Ziming Yang,,,,,1189.4221453287198,1194.2941176470588,,,SLU,1191.8581314878893,"[{'express agreement': 'Ziming explicitly agrees with Laurie and Aaron, who were previously discussing the challenges in origin of life experiments and the need for geochemical input.', 'expand on existing idea': 'Ziming expands on the discussion about time scales by introducing two key questions: how long it takes for biomolecules to form and how stable they are, building on the previous discussion about the time scales involved in chemical reactions and the stability of the environment.'}]",93125.0,524,0
2021_06_10_SLU_S5,2021_06_10_SLU_S5,,,"Maybe like they're forming the organics, but they're also degrading at the same time.",,2021_06_10_SLU_S5_SLU,Ziming Yang,,,,,1194.294117647059,1199.0,,,SLU,1196.6470588235295,"[{'express agreement': 'Ziming explicitly agrees with Laurie and Aaron, who were previously discussing the challenges in origin of life experiments and the need for geochemical input.', 'expand on existing idea': 'Ziming expands on the discussion about time scales by introducing two key questions: how long it takes for biomolecules to form and how stable they are, building on the previous discussion about the time scales involved in chemical reactions and the stability of the environment.'}]",93125.0,525,0
2021_06_10_SLU_S5,2021_06_10_SLU_S5,,,Yeah.,,2021_06_10_SLU_S5_SLU,Ziming Yang,,,,,884.0,884.3083109919571,,,SLU,884.1541554959786,"[{'explain or define term or concept': 'Ziming explains that radicals are very quick reactions that occur on a very short timescale, providing context for the discussion.'}, {'expand on existing idea': 'Ziming expands on the discussion about modeling, acknowledging that it is not easy to model radical chemistry but suggesting that they can design a model system to study it, building on the previous discussion about the challenges of modeling complex chemical reactions.'}]",94009.0,526,0
2021_06_10_SLU_S5,2021_06_10_SLU_S5,,,"Yeah, radicals already they they are very quick reactions, right?",,2021_06_10_SLU_S5_SLU,Ziming Yang,,,,,884.3083109919572,888.3163538873995,,,SLU,886.3123324396784,"[{'explain or define term or concept': 'Ziming explains that radicals are very quick reactions that occur on a very short timescale, providing context for the discussion.'}, {'expand on existing idea': 'Ziming expands on the discussion about modeling, acknowledging that it is not easy to model radical chemistry but suggesting that they can design a model system to study it, building on the previous discussion about the challenges of modeling complex chemical reactions.'}]",94009.0,527,0
2021_06_10_SLU_S5,2021_06_10_SLU_S5,,,"So uh it has some like uh like you know, a very very short short scale and for the modeling I think maybe uh uh you know, you guys learned about that is is not easy to do that.",,2021_06_10_SLU_S5_SLU,Ziming Yang,,,,,888.3163538873995,899.1689008042896,,,SLU,893.7426273458445,"[{'explain or define term or concept': 'Ziming explains that radicals are very quick reactions that occur on a very short timescale, providing context for the discussion.'}, {'expand on existing idea': 'Ziming expands on the discussion about modeling, acknowledging that it is not easy to model radical chemistry but suggesting that they can design a model system to study it, building on the previous discussion about the challenges of modeling complex chemical reactions.'}]",94009.0,528,0
2021_06_10_SLU_S5,2021_06_10_SLU_S5,,,"But well I think we can definitely try, you know, if it's worth is very important and very interesting.",,2021_06_10_SLU_S5_SLU,Ziming Yang,,,,,899.1689008042896,905.5201072386059,,,SLU,902.3445040214477,"[{'explain or define term or concept': 'Ziming explains that radicals are very quick reactions that occur on a very short timescale, providing context for the discussion.'}, {'expand on existing idea': 'Ziming expands on the discussion about modeling, acknowledging that it is not easy to model radical chemistry but suggesting that they can design a model system to study it, building on the previous discussion about the challenges of modeling complex chemical reactions.'}]",94009.0,529,0
2021_06_10_SLU_S5,2021_06_10_SLU_S5,,,"Um, and we we can design some model system to study that. you know, we we have done some like uh model organic compound that we know exactly what kinds of radicals can be formed and then we can use some you know different uh parameters, right?",,2021_06_10_SLU_S5_SLU,Ziming Yang,,,,,905.5201072386059,920.5040214477211,,,SLU,913.0120643431635,"[{'explain or define term or concept': 'Ziming explains that radicals are very quick reactions that occur on a very short timescale, providing context for the discussion.'}, {'expand on existing idea': 'Ziming expands on the discussion about modeling, acknowledging that it is not easy to model radical chemistry but suggesting that they can design a model system to study it, building on the previous discussion about the challenges of modeling complex chemical reactions.'}]",94009.0,530,0
2021_06_10_SLU_S5,2021_06_10_SLU_S5,,,"And to examine how the radicals, you know, form, maybe some chain reactions over time and uh yeah, so make things a little bit simpler at the beginning.",,2021_06_10_SLU_S5_SLU,Ziming Yang,,,,,920.5040214477212,929.8766756032171,,,SLU,925.1903485254692,"[{'explain or define term or concept': 'Ziming explains that radicals are very quick reactions that occur on a very short timescale, providing context for the discussion.'}, {'expand on existing idea': 'Ziming expands on the discussion about modeling, acknowledging that it is not easy to model radical chemistry but suggesting that they can design a model system to study it, building on the previous discussion about the challenges of modeling complex chemical reactions.'}]",94009.0,531,0
2021_06_10_SLU_S5,2021_06_10_SLU_S5,,,So,,2021_06_10_SLU_S5_SLU,Ziming Yang,,,,,929.8766756032171,930.0,,,SLU,929.9383378016086,"[{'explain or define term or concept': 'Ziming explains that radicals are very quick reactions that occur on a very short timescale, providing context for the discussion.'}, {'expand on existing idea': 'Ziming expands on the discussion about modeling, acknowledging that it is not easy to model radical chemistry but suggesting that they can design a model system to study it, building on the previous discussion about the challenges of modeling complex chemical reactions.'}]",94009.0,532,0
