person_name,conference,year,session_id,segment,session_duration_sec,p_speaking_duration_sec,p_turns,ann_knowledge_sharing_score,ann_evaluation_practices_score,ann_idea_management_score,ann_coordination_and_decision_practices_score,ann_information_seeking_score,ann_relational_climate_score,ann_none_score,ann_participation_dynamics_score,ann_integration_practices_score
Chris Gorski,2020NES,2020.0,S1,first,2165.0,7.0,1,2.0,,,,,,,,
Alissa Park,2020NES,2020.0,S1,first,2165.0,432.0,5,8.0,2.0,4.0,4.0,3.0,,,,
Valentina Prigiobbe,2020NES,2020.0,S1,first,2165.0,42.0,3,2.0,,,,4.0,,,,
Li-Chiang Lin,2020NES,2020.0,S1,last,2165.0,95.0,3,,,,,4.0,2.0,,,
Gary Moore,2020NES,2020.0,S1,last,2165.0,68.0,1,2.0,,2.0,,,,,,
Praveen Bollini,2020NES,2020.0,S1,first,2165.0,8.0,1,1.0,,,,,,,,
Fateme Rezaei,2020NES,2020.0,S1,last,2165.0,256.0,5,4.0,4.0,4.0,1.0,2.0,1.0,0.0,,
Rob Coridan,2020NES,2020.0,S1,last,2165.0,42.0,4,2.0,,2.0,3.0,2.0,2.0,,2.0,
George Shields,2020NES,2020.0,S1,last,2165.0,40.0,5,2.0,2.0,2.0,,,1.0,0.0,,
Emily Ryan,2020NES,2020.0,S1,last,2165.0,49.0,2,3.0,2.0,2.0,,2.0,,,,1.0
Chris Gorski,2020NES,2020.0,S1,last,2165.0,26.0,1,2.0,,2.0,,,,,,
Li-Chiang Lin,2020NES,2020.0,S1,first,2165.0,20.0,1,2.0,,,,,,,,
Rob Coridan,2020NES,2020.0,S1,middle,2165.0,50.0,4,2.0,,1.0,,5.0,,,,
Alissa Park,2020NES,2020.0,S1,last,2165.0,351.0,17,14.0,3.0,7.0,5.0,10.0,3.0,,2.0,2.0
Gary Moore,2020NES,2020.0,S1,first,2165.0,34.0,2,2.0,,2.0,,2.0,,,,
Emily Ryan,2020NES,2020.0,S1,middle,2165.0,69.0,4,8.0,6.0,,,4.0,,,,
Fateme Rezaei,2020NES,2020.0,S1,first,2165.0,55.0,2,4.0,,,,2.0,,,2.0,
Kristen Schell,2020NES,2020.0,S1,middle,2165.0,87.0,2,2.0,2.0,2.0,,4.0,1.0,,,
Rob Coridan,2020NES,2020.0,S1,first,2165.0,20.0,1,2.0,,,,,,,,
Praveen Bollini,2020NES,2020.0,S1,last,2165.0,67.0,3,2.0,1.0,,,2.0,2.0,,,
George Shields,2020NES,2020.0,S1,first,2165.0,13.0,1,,,,,2.0,,,2.0,
Emily Ryan,2020NES,2020.0,S1,first,2165.0,32.0,2,4.0,2.0,2.0,,,1.0,,,
Alissa Park,2020NES,2020.0,S1,middle,2165.0,241.0,9,11.0,5.0,3.0,,4.0,2.0,,1.0,2.0
Unknown Male Speaker,2020NES,2020.0,S1,last,2165.0,1.0,1,,,,,,1.0,,,
Kristen Schell,2020NES,2020.0,S1,first,2165.0,33.0,1,2.0,2.0,,,2.0,,,,
Valentina Prigiobbe,2020NES,2020.0,S1,middle,2165.0,27.0,1,1.0,,2.0,,1.0,,,,
Matt Green,2020NES,2020.0,S2,first,1835.0,9.0,1,,,1.0,,2.0,,,,
Jen Wilcox,2020NES,2020.0,S2,first,1835.0,28.0,1,2.0,,,,,1.0,,2.0,
Luisa Whittaker-Brooks,2020NES,2020.0,S2,last,1835.0,8.0,2,,,,,1.0,1.0,,,
Shu Hu,2020NES,2020.0,S2,middle,1835.0,39.0,1,2.0,,2.0,,,,,,
Oana Luca,2020NES,2020.0,S2,first,1835.0,27.0,1,2.0,,,,,2.0,,,
Chris Jones,2020NES,2020.0,S2,middle,1835.0,43.0,4,2.0,2.0,2.0,,,4.0,,1.0,
Shu Hu,2020NES,2020.0,S2,first,1835.0,7.0,2,3.0,,,4.0,2.0,,,1.0,
Jen Wilcox,2020NES,2020.0,S2,middle,1835.0,19.0,1,2.0,,2.0,,,,,,
Pratik Dholabhai,2020NES,2020.0,S2,middle,1835.0,76.0,5,2.0,1.0,2.0,,,3.0,,1.0,
Haotian Wang,2020NES,2020.0,S2,last,1835.0,42.0,1,2.0,2.0,,,,1.0,,,
Chris Jones,2020NES,2020.0,S2,first,1835.0,55.0,3,,,,5.0,,2.0,,2.0,
Matt Green,2020NES,2020.0,S2,last,1835.0,58.0,3,6.0,3.0,4.0,,,2.0,,,
Jen Wilcox,2020NES,2020.0,S2,last,1835.0,232.0,5,6.0,2.0,4.0,,2.0,2.0,,4.0,2.0
Oana Luca,2020NES,2020.0,S2,last,1835.0,330.0,7,8.0,2.0,6.0,,2.0,3.0,,,
Haotian Wang,2020NES,2020.0,S2,middle,1835.0,99.0,1,,0.0,,,,2.0,,,
Kelsey Hazell,2020NES,2020.0,S2,last,1835.0,272.0,8,6.0,4.0,7.0,,6.0,1.0,0.0,,
Shu Hu,2020NES,2020.0,S2,last,1835.0,103.0,4,2.0,2.0,4.0,,6.0,,,,2.0
Katherine Hornbostel,2020NES,2020.0,S2,last,1835.0,270.0,12,14.0,2.0,9.0,,7.0,5.0,,2.0,
Jared Mason,2020NES,2020.0,S2,last,1835.0,18.0,1,,,,,2.0,,,,
Chris Jones,2020NES,2020.0,S2,last,1835.0,100.0,4,3.0,1.0,4.0,,4.0,1.0,,,
Burcu Gurkan,2020NES,2020.0,S3,first,1619.0,75.0,1,2.0,2.0,2.0,,,,,,
Jeffrey Long,2020NES,2020.0,S3,first,1619.0,55.0,4,,,1.0,1.0,2.0,1.0,,4.0,1.0
Jeffrey Long,2020NES,2020.0,S3,last,1619.0,212.0,9,6.0,4.0,,10.0,2.0,3.0,,6.0,2.0
Burcu Gurkan,2020NES,2020.0,S3,last,1619.0,85.0,1,2.0,1.0,,,1.0,,,,
Phil Milner,2020NES,2020.0,S3,first,1619.0,102.0,1,2.0,2.0,2.0,,,,,,
Andrew Teixeira,2020NES,2020.0,S3,last,1619.0,37.0,2,2.0,1.0,3.0,1.0,,,,,
Xiao Su,2020NES,2020.0,S3,first,1619.0,57.0,1,1.0,,,,2.0,,,,
Phil Milner,2020NES,2020.0,S3,last,1619.0,33.0,2,,2.0,,,2.0,1.0,,,
Xiao Su,2020NES,2020.0,S3,last,1619.0,155.0,4,2.0,,2.0,3.0,3.0,3.0,,,2.0
Jimmy Jiang,2020NES,2020.0,S3,last,1619.0,55.0,2,2.0,2.0,1.0,,,,,,
David Kwabi,2020NES,2020.0,S3,first,1619.0,158.0,2,2.0,,2.0,,,,,2.0,
Jenny Yang,2020NES,2020.0,S3,first,1619.0,65.0,2,3.0,,1.0,,,1.0,,,
David Kwabi,2020NES,2020.0,S3,last,1619.0,174.0,5,5.0,2.0,6.0,1.0,1.0,,,,
Fik Brushett,2020NES,2020.0,S3,last,1619.0,237.0,4,6.0,4.0,6.0,,4.0,,,2.0,
Jenny Yang,2020NES,2020.0,S3,last,1619.0,92.0,3,2.0,2.0,2.0,,4.0,1.0,,,
Jesus Velazquez,2020NES,2020.0,S3,last,1619.0,27.0,2,1.0,,1.0,,,1.0,0.0,,
Katie Knowles,2020NES,2020.0,S4,first,1084.0,42.0,1,2.0,,,,,,,,
Chong Liu,2020NES,2020.0,S4,last,1084.0,41.0,2,2.0,,2.0,,2.0,,0.0,,
Marta Hatzell,2020NES,2020.0,S4,last,1084.0,25.0,4,4.0,2.0,,,3.0,,,,
Michael Nippe,2020NES,2020.0,S4,first,1084.0,100.0,1,2.0,,2.0,,2.0,,,,
Daniel Yawitz,2020NES,2020.0,S4,first,1084.0,19.0,1,2.0,,,,,1.0,,,
Adam Holewinski,2020NES,2020.0,S4,middle,1084.0,109.0,1,,,2.0,1.0,,1.0,,,
Jordi Cabana,2020NES,2020.0,S4,last,1084.0,79.0,8,1.0,,2.0,3.0,10.0,2.0,,2.0,2.0
Adam Holewinski,2020NES,2020.0,S4,first,1084.0,18.0,1,2.0,,,,,1.0,,,
Jordi Cabana,2020NES,2020.0,S4,first,1084.0,106.0,7,,,,7.0,2.0,5.0,,8.0,
Charles McCrory,2020NES,2020.0,S4,last,1084.0,30.0,2,2.0,1.0,3.0,,,,,,
Chong Liu,2020NES,2020.0,S4,first,1084.0,26.0,1,2.0,,,,,,,,
Carlos Morales-Guio,2020NES,2020.0,S4,last,1084.0,2.0,1,,,,,,,0.0,,
Marta Hatzell,2020NES,2020.0,S4,first,1084.0,19.0,1,2.0,,,,,,,,
Daniel Yawitz,2020NES,2020.0,S4,last,1084.0,238.0,3,4.0,2.0,,1.0,2.0,1.0,,,
Michael Nippe,2020NES,2020.0,S4,last,1084.0,35.0,2,2.0,,,1.0,,-1.0,,-1.0,
Katie Knowles,2020NES,2020.0,S4,middle,1084.0,57.0,1,,,2.0,,2.0,,,,
Charles McCrory,2020NES,2020.0,S4,first,1084.0,20.0,1,2.0,,,,,,,,
Carlos Morales-Guio,2020NES,2020.0,S4,first,1084.0,21.0,1,2.0,,,,,,,,
Adam Holewinski,2020NES,2020.0,S4,last,1084.0,97.0,2,1.0,2.0,1.0,,2.0,,,,
Roger Aines,2020NES,2020.0,S5,first,606.0,44.0,3,1.0,,,2.0,,,,3.0,
David Koweek,2020NES,2020.0,S5,first,606.0,37.0,1,2.0,2.0,2.0,,,,,,
Andrea Hicks,2020NES,2020.0,S5,first,606.0,39.0,1,,,2.0,,,,,,
Unidentified Speaker,2020NES,2020.0,S5,first,606.0,24.0,2,1.0,,2.0,,,,,,
Rafael Santos,2020NES,2020.0,S5,last,606.0,26.0,1,2.0,,2.0,,,,,,
Andrea Hicks,2020NES,2020.0,S5,last,606.0,118.0,5,7.0,,2.0,,,3.0,,,
David Koweek,2020NES,2020.0,S5,last,606.0,11.0,1,,,,,2.0,,,,
Marcel Schreier,2020NES,2020.0,S5,last,606.0,36.0,1,1.0,,,,2.0,,,2.0,
Julia Brown,2020NES,2020.0,S5,last,606.0,25.0,2,1.0,1.0,,1.0,,,,,
Roger Aines,2020NES,2020.0,S5,last,606.0,9.0,3,,1.0,1.0,1.0,1.0,1.0,,,
Andrew Feig,2020NES,2020.0,S5,last,606.0,21.0,2,,,,2.0,,1.0,,,
Peter Reiners,2020NES,2020.0,S5,first,606.0,51.0,1,2.0,,2.0,1.0,,,,,
Jane Zelikova,2020NES,2020.0,S5,middle,606.0,78.0,1,2.0,,2.0,,,,,,1.0
Venkat Viswanathan,2020NES,2020.0,S5,last,606.0,20.0,3,,,,1.0,4.0,,,,
Julia Brown,2020NES,2020.0,S5,middle,606.0,67.0,1,2.0,,,,,,,,
Jose Mendoza,2020NES,2020.0,S6,last,770.0,14.0,1,,,,,1.0,1.0,,,
Feng Lin,2020NES,2020.0,S6,last,770.0,126.0,2,2.0,2.0,3.0,-1.0,2.0,,,,
Linsey Seitz,2020NES,2020.0,S6,last,770.0,47.0,2,3.0,2.0,,,1.0,1.0,,,
Sarbajit Banerjee,2020NES,2020.0,S6,first,770.0,54.0,3,,,1.0,2.0,4.0,1.0,,2.0,
Shaama Sharada,2020NES,2020.0,S6,first,770.0,77.0,2,3.0,,2.0,2.0,,,,,
Tianbiao Leo Liu,2020NES,2020.0,S6,last,770.0,0.0,1,,,,,,,0.0,,
Rebecca Gieseking,2020NES,2020.0,S6,middle,770.0,46.0,1,2.0,2.0,2.0,,,,,,
Sarbajit Banerjee,2020NES,2020.0,S6,last,770.0,57.0,5,2.0,2.0,1.0,2.0,2.0,1.0,0.0,1.0,
Jose Mendoza,2020NES,2020.0,S6,first,770.0,155.0,1,2.0,2.0,2.0,,,,,,
Yuanyue Liu,2020NES,2020.0,S6,middle,770.0,147.0,2,4.0,4.0,2.0,,,1.0,,,
Eva Nichols,2020NES,2020.0,S6,last,770.0,20.0,1,2.0,1.0,1.0,,,,,,
Sarbajit Banerjee,2020NES,2020.0,S6,middle,770.0,27.0,2,,,2.0,,2.0,,,3.0,
Pratik Dholabhai,2020NES,2020.0,S1,last,1819.0,165.0,5,8.0,4.0,4.0,,,2.0,,,
Greeshma Gadikota,2020NES,2020.0,S1,last,1819.0,228.0,6,4.0,3.0,3.0,,7.0,1.0,,,
Burcu Gurkan,2020NES,2020.0,S1,last,1819.0,4.0,1,,,,,,,,0.0,
Andrew Teixeira,2020NES,2020.0,S1,last,1819.0,163.0,4,3.0,4.0,8.0,,2.0,,,,1.0
Xiao Su,2020NES,2020.0,S1,last,1819.0,181.0,5,8.0,5.0,6.0,,2.0,,0.0,2.0,
Jared Mason,2020NES,2020.0,S1,middle,1819.0,135.0,3,4.0,2.0,4.0,,1.0,,,,
Betar Gallant,2020NES,2020.0,S1,middle,1819.0,26.0,1,,,2.0,,2.0,2.0,,,
Chris Jones,2020NES,2020.0,S1,middle,1819.0,68.0,2,2.0,,2.0,,,,,,2.0
David Kwabi,2020NES,2020.0,S1,last,1819.0,69.0,2,2.0,,4.0,1.0,2.0,1.0,,,
Andrew Teixeira,2020NES,2020.0,S1,middle,1819.0,54.0,2,2.0,,2.0,,2.0,1.0,,,2.0
Greeshma Gadikota,2020NES,2020.0,S1,middle,1819.0,62.0,1,2.0,,2.0,,,2.0,,,
Burcu Gurkan,2020NES,2020.0,S1,middle,1819.0,65.0,2,2.0,2.0,3.0,,,,,,1.0
Katherine Hornbostel,2020NES,2020.0,S1,last,1819.0,50.0,1,2.0,,,,,1.0,,,
Jared Mason,2020NES,2020.0,S1,last,1819.0,197.0,6,9.0,,8.0,,2.0,1.0,,,
Chris Jones,2020NES,2020.0,S1,last,1819.0,300.0,12,11.0,9.0,8.0,4.0,8.0,1.0,,3.0,
Xiao Su,2020NES,2020.0,S1,middle,1819.0,52.0,3,3.0,5.0,2.0,,2.0,,,,
Pratik Dholabhai,2020NES,2020.0,S10,last,2236.0,111.0,2,4.0,2.0,4.0,,,1.0,,,
Kelsey Hazell,2020NES,2020.0,S10,middle,2236.0,5.0,1,,,,,2.0,,,,
Shu Hu,2020NES,2020.0,S10,middle,2236.0,18.0,2,,,,,4.0,2.0,,,
Wilson Smith,2020NES,2020.0,S10,last,2236.0,57.0,1,2.0,2.0,,,,,,,
Unknown Speaker,2020NES,2020.0,S10,middle,2236.0,35.0,1,,,,,,,0.0,,
Kelsey Hazell,2020NES,2020.0,S10,first,2236.0,38.0,3,2.0,2.0,2.0,,4.0,1.0,,4.0,1.0
Jordi Cabana,2020NES,2020.0,S10,middle,2236.0,87.0,7,,,2.0,4.0,6.0,,,5.0,
Adam Holewinski,2020NES,2020.0,S10,middle,2236.0,40.0,1,,,2.0,,2.0,,,,
Jordi Cabana,2020NES,2020.0,S10,last,2236.0,89.0,6,,,2.0,2.0,5.0,,0.0,0.0,1.0
Adam Holewinski,2020NES,2020.0,S10,first,2236.0,43.0,2,1.0,,,,4.0,,,,
Jenny Yang,2020NES,2020.0,S10,last,2236.0,38.0,1,2.0,,2.0,,,,,,
Venkat Viswanathan,2020NES,2020.0,S10,last,2236.0,211.0,3,6.0,2.0,2.0,,,,,,
Jordi Cabana,2020NES,2020.0,S10,first,2236.0,124.0,2,2.0,2.0,4.0,,4.0,,,,
Wilson Smith,2020NES,2020.0,S10,middle,2236.0,276.0,9,13.0,6.0,2.0,,3.0,5.0,,,1.0
Wilson Smith,2020NES,2020.0,S10,first,2236.0,357.0,7,14.0,6.0,6.0,,,,,,
Sen Zhang,2020NES,2020.0,S10,last,2236.0,33.0,1,2.0,,2.0,,,,,,
Jenny Yang,2020NES,2020.0,S10,middle,2236.0,137.0,5,6.0,0.0,4.0,,2.0,5.0,,,
Venkat Viswanathan,2020NES,2020.0,S10,middle,2236.0,156.0,4,4.0,,2.0,,2.0,1.0,,,
Caleb Hill,2020NES,2020.0,S10,last,2236.0,47.0,1,,2.0,2.0,,,,,,
Kelsey Hazell,2020NES,2020.0,S10,last,2236.0,56.0,1,2.0,2.0,,,,,,,
Jenny Yang,2020NES,2020.0,S10,first,2236.0,13.0,1,,,,,2.0,,,,
Shu Hu,2020NES,2020.0,S10,last,2236.0,23.0,2,2.0,,2.0,,1.0,0.0,,,1.0
Venkat Viswanathan,2020NES,2020.0,S10,first,2236.0,155.0,5,8.0,,4.0,,4.0,,,,1.0
Adam Holewinski,2020NES,2020.0,S10,last,2236.0,87.0,3,4.0,1.0,2.0,,2.0,,,,
Tianbiao Leo Liu,2020NES,2020.0,S11,first,2313.0,12.0,2,,,,,2.0,2.0,,1.0,
Jen Wilcox,2020NES,2020.0,S11,first,2313.0,173.0,6,,,2.0,3.0,4.0,2.0,,4.0,
Marta Hatzell,2020NES,2020.0,S11,last,2313.0,54.0,2,2.0,2.0,3.0,,2.0,,,,
Rafael Santos,2020NES,2020.0,S11,last,2313.0,103.0,2,2.0,,4.0,,,,,,
Michael Nippe,2020NES,2020.0,S11,first,2313.0,72.0,2,2.0,,2.0,1.0,,,,,3.0
Julia Brown,2020NES,2020.0,S11,first,2313.0,15.0,2,2.0,2.0,1.0,,,1.0,,,
Andrea Hicks,2020NES,2020.0,S11,last,2313.0,141.0,4,2.0,4.0,4.0,,,2.0,,,
Feng Jiao,2020NES,2020.0,S11,last,2313.0,101.0,5,5.0,1.0,5.0,,,1.0,0.0,,
Ashleigh Baber,2020NES,2020.0,S11,last,2313.0,17.0,2,,,2.0,,2.0,,,,
Shaama Sharada,2020NES,2020.0,S11,last,2313.0,197.0,2,4.0,2.0,4.0,,,,,,
Feng Jiao,2020NES,2020.0,S11,middle,2313.0,122.0,4,4.0,6.0,4.0,,,1.0,,,
Feng Jiao,2020NES,2020.0,S11,first,2313.0,44.0,1,2.0,,,,,1.0,,,
Rafael Santos,2020NES,2020.0,S11,first,2313.0,53.0,1,2.0,,2.0,,,,,,
Shaama Sharada,2020NES,2020.0,S11,middle,2313.0,81.0,2,4.0,2.0,2.0,,2.0,,,,
Marta Hatzell,2020NES,2020.0,S11,first,2313.0,101.0,3,4.0,,2.0,,2.0,,,2.0,
Ashleigh Baber,2020NES,2020.0,S11,first,2313.0,82.0,3,4.0,,4.0,1.0,2.0,2.0,,,
Tianbiao Leo Liu,2020NES,2020.0,S11,last,2313.0,205.0,7,4.0,6.0,5.0,,4.0,3.0,,2.0,
Jen Wilcox,2020NES,2020.0,S11,last,2313.0,351.0,9,11.0,1.0,4.0,3.0,6.0,3.0,,,2.0
Julia Brown,2020NES,2020.0,S11,last,2313.0,76.0,7,,2.0,5.0,,4.0,1.0,,4.0,
Michael Nippe,2020NES,2020.0,S11,last,2313.0,184.0,13,10.0,1.0,6.0,2.0,13.0,2.0,0.0,,1.0
Tianbiao Leo Liu,2020NES,2020.0,S11,middle,2313.0,41.0,2,2.0,3.0,2.0,,,,,,
Julia Brown,2020NES,2020.0,S11,middle,2313.0,33.0,2,,1.0,3.0,,1.0,2.0,,,
Michael Nippe,2020NES,2020.0,S11,middle,2313.0,55.0,3,4.0,2.0,4.0,,3.0,,,,
Chong Liu,2020NES,2020.0,S12,last,2890.0,607.0,13,15.0,5.0,7.0,1.0,2.0,4.0,,-1.0,2.0
Alissa Park,2020NES,2020.0,S12,first,2890.0,321.0,7,6.0,2.0,4.0,1.0,,2.0,0.0,3.0,
Praveen Bollini,2020NES,2020.0,S12,middle,2890.0,112.0,4,,,2.0,2.0,4.0,2.0,,2.0,
Burcu Gurkan,2020NES,2020.0,S12,last,2890.0,24.0,2,,,,,3.0,4.0,,,
David Kwabi,2020NES,2020.0,S12,middle,2890.0,146.0,3,5.0,,4.0,,3.0,1.0,,,
Praveen Bollini,2020NES,2020.0,S12,first,2890.0,277.0,5,1.0,,4.0,,8.0,1.0,,,
Fateme Rezaei,2020NES,2020.0,S12,last,2890.0,51.0,1,1.0,1.0,2.0,,,,,,
Chong Liu,2020NES,2020.0,S12,middle,2890.0,328.0,13,9.0,2.0,2.0,2.0,3.0,1.0,0.0,,1.0
Robert Gilliard,2020NES,2020.0,S12,first,2890.0,64.0,4,2.0,,,,2.0,0.0,0.0,,
Betar Gallant,2020NES,2020.0,S12,first,2890.0,77.0,2,4.0,2.0,4.0,,,,,,
Roger Aines,2020NES,2020.0,S12,middle,2890.0,5.0,2,,2.0,,,,1.0,,,
Chong Liu,2020NES,2020.0,S12,first,2890.0,105.0,3,4.0,,4.0,,,,0.0,,
Fateme Rezaei,2020NES,2020.0,S12,middle,2890.0,55.0,2,,2.0,2.0,,,1.0,,,
Feng Lin,2020NES,2020.0,S12,last,2890.0,44.0,2,1.0,,2.0,1.0,,2.0,,,
Roger Aines,2020NES,2020.0,S12,first,2890.0,106.0,4,4.0,4.0,2.0,,2.0,,0.0,,
Alissa Park,2020NES,2020.0,S12,last,2890.0,164.0,5,4.0,2.0,,,3.0,0.0,,4.0,2.0
Fateme Rezaei,2020NES,2020.0,S12,first,2890.0,27.0,1,,,,,2.0,,,,
Roger Aines Lawrence,2020NES,2020.0,S12,last,2890.0,54.0,2,4.0,2.0,,,,,,,
David Kwabi,2020NES,2020.0,S12,last,2890.0,29.0,1,,,,,2.0,,,,
Alissa Park,2020NES,2020.0,S12,middle,2890.0,294.0,13,4.0,,6.0,4.0,7.0,12.0,,3.0,4.0
Katie Knowles,2020NES,2020.0,S2,first,1873.0,3.0,1,,,,,1.0,,,,
Richard Wiener,2020NES,2020.0,S2,first,1873.0,244.0,5,,,2.0,8.0,,1.0,,2.0,
Luisa Whittaker-Brooks,2020NES,2020.0,S2,last,1873.0,11.0,1,,,2.0,,2.0,,,,
Silvia Ronco,2020NES,2020.0,S2,first,1873.0,7.0,1,,,,,,,,1.0,
Andrea Hicks,2020NES,2020.0,S2,last,1873.0,84.0,3,5.0,,2.0,,,1.0,,,
Li-Chiang Lin,2020NES,2020.0,S2,last,1873.0,38.0,1,2.0,,2.0,,,2.0,,,
Andrew Feig,2020NES,2020.0,S2,last,1873.0,69.0,3,6.0,,1.0,4.0,1.0,,,,
Dan Linzer,2020NES,2020.0,S2,first,1873.0,0.0,1,,1.0,,,,1.0,,,
George Shields,2020NES,2020.0,S2,last,1873.0,315.0,16,18.0,3.0,10.0,3.0,4.0,7.0,,2.0,
Emily Ryan,2020NES,2020.0,S2,last,1873.0,262.0,10,12.0,5.0,10.0,5.0,8.0,1.0,,,2.0
Jose Mendoza,2020NES,2020.0,S2,first,1873.0,11.0,2,,,,,2.0,1.0,,,
Kristen Schell,2020NES,2020.0,S2,last,1873.0,19.0,1,2.0,,,,,,,,
Katie Knowles,2020NES,2020.0,S2,last,1873.0,352.0,14,4.0,2.0,3.0,6.0,6.0,1.0,0.0,,5.0
George Shields,2020NES,2020.0,S2,middle,1873.0,69.0,3,4.0,,,2.0,,1.0,,3.0,
Matt Green,2020NES,2020.0,S2,last,1873.0,131.0,3,4.0,6.0,4.0,,,,,,
Emily Ryan,2020NES,2020.0,S2,middle,1873.0,18.0,1,2.0,,,,,0.0,,,
George Shields,2020NES,2020.0,S2,first,1873.0,15.0,2,1.0,,,3.0,,,,,
Charles McCrory,2020NES,2020.0,S2,first,1873.0,4.0,1,,,,,,0.0,,,
Adam Holewinski,2020NES,2020.0,S2,last,1873.0,221.0,8,8.0,,9.0,,3.0,1.0,,2.0,
Chong Liu,2020NES,2020.0,S3,last,790.0,18.0,1,2.0,,,,,,,,
Remi Bouteille,2020NES,2020.0,S3,last,790.0,15.0,3,3.0,,,3.0,,,,,
Jeffrey Long,2020NES,2020.0,S3,last,790.0,44.0,5,4.0,1.0,1.0,,4.0,2.0,,1.0,
Julia Brown,2020NES,2020.0,S3,first,790.0,4.0,1,,,,,2.0,,,,
Simona Liguori,2020NES,2020.0,S3,last,790.0,6.0,2,4.0,,,,,,,,
Shaama Sharada,2020NES,2020.0,S3,last,790.0,6.0,2,3.0,,,,,,,,
Shu Hu,2020NES,2020.0,S3,first,790.0,226.0,3,6.0,2.0,6.0,,,,,,
Rafael Santos,2020NES,2020.0,S3,middle,790.0,13.0,1,,,1.0,,,,,,
Jeffrey Long,2020NES,2020.0,S3,middle,790.0,101.0,4,2.0,2.0,2.0,,,3.0,,4.0,1.0
Jesus Velazquez,2020NES,2020.0,S3,last,790.0,34.0,2,1.0,,3.0,,2.0,,,2.0,
Rafael Santos,2020NES,2020.0,S3,first,790.0,1.0,1,,,,,,0.0,,,
Shaama Sharada,2020NES,2020.0,S3,middle,790.0,37.0,1,2.0,,2.0,,,,,,
Jeffrey Long,2020NES,2020.0,S3,first,790.0,31.0,1,2.0,,2.0,,,2.0,,,
Nanette Boyle,2020NES,2020.0,S3,middle,790.0,33.0,1,2.0,,2.0,,,,,,
Julia Brown,2020NES,2020.0,S3,last,790.0,5.0,2,1.0,,,,,0.0,,,
Daniel Yawitz,2020NES,2020.0,S3,last,790.0,62.0,3,4.0,,2.0,,,-1.0,,,
Phil Milner,2020NES,2020.0,S3,last,790.0,12.0,1,,,2.0,,,,,,
Fateme Rezaei,2020NES,2020.0,S3,first,790.0,71.0,1,,2.0,2.0,,,,,,
Shu Hu,2020NES,2020.0,S3,last,790.0,71.0,3,5.0,2.0,2.0,,,1.0,,,
Jane Zelikova,2020NES,2020.0,S4,last,2321.0,2.0,2,2.0,,,,,0.0,,,
Marcel Schreier,2020NES,2020.0,S4,first,2321.0,160.0,4,5.0,4.0,1.0,,2.0,2.0,,,
Oana Luca,2020NES,2020.0,S4,first,2321.0,82.0,3,4.0,,4.0,0.0,,,,,
Yuanyue Liu,2020NES,2020.0,S4,last,2321.0,42.0,1,2.0,2.0,2.0,,,,,,
Roger Aines,2020NES,2020.0,S4,last,2321.0,294.0,17,8.0,2.0,1.0,10.0,7.0,5.0,,16.0,
Gary Moore,2020NES,2020.0,S4,last,2321.0,18.0,2,2.0,1.0,,,,2.0,,,
Feng Jiao,2020NES,2020.0,S4,middle,2321.0,101.0,2,4.0,2.0,,,,,,,
Will Bowman,2020NES,2020.0,S4,first,2321.0,27.0,2,,,0.0,,2.0,0.0,,,
Feng Jiao,2020NES,2020.0,S4,first,2321.0,32.0,2,2.0,1.0,2.0,,2.0,,,,
Jenny Yang,2020NES,2020.0,S4,last,2321.0,132.0,6,3.0,,4.0,2.0,10.0,,,,
Gary Moore,2020NES,2020.0,S4,middle,2321.0,52.0,2,2.0,-1.0,,,,,,,
Carlos Morales-Guio,2020NES,2020.0,S4,last,2321.0,184.0,6,12.0,,4.0,,2.0,,,,
Feng Lin,2020NES,2020.0,S4,last,2321.0,82.0,2,4.0,2.0,,,,1.0,,,
Roger Aines,2020NES,2020.0,S4,first,2321.0,192.0,7,12.0,6.0,6.0,,2.0,4.0,,2.0,
Gary Moore,2020NES,2020.0,S4,first,2321.0,21.0,1,,2.0,2.0,,2.0,,,,
Tianbiao Leo Liu,2020NES,2020.0,S4,last,2321.0,118.0,4,2.0,,2.0,,6.0,1.0,,2.0,2.0
Marcel Schreier,2020NES,2020.0,S4,last,2321.0,91.0,2,2.0,2.0,2.0,,,3.0,,,
Oana Luca,2020NES,2020.0,S4,last,2321.0,144.0,3,6.0,2.0,2.0,,,1.0,,,
Jenny Yang,2020NES,2020.0,S4,middle,2321.0,3.0,1,,,,,,,,1.0,
Carlos Morales-Guio,2020NES,2020.0,S4,middle,2321.0,12.0,1,2.0,,,,2.0,,,,
Jenny Yang,2020NES,2020.0,S4,first,2321.0,97.0,5,6.0,2.0,4.0,,6.0,1.0,,,
Feng Lin,2020NES,2020.0,S4,middle,2321.0,8.0,1,,,,,2.0,,,,
Will Bowman,2020NES,2020.0,S4,last,2321.0,47.0,2,3.0,,,,,1.0,,,
Rebecca Gieseking,2020NES,2020.0,S4,last,2321.0,62.0,2,4.0,2.0,,,,,,,
Marcel Schreier,2020NES,2020.0,S4,middle,2321.0,16.0,1,2.0,1.0,2.0,,,,,,
Oana Luca,2020NES,2020.0,S4,middle,2321.0,54.0,1,2.0,,2.0,,,,,,
Feng Jiao,2020NES,2020.0,S4,last,2321.0,248.0,6,10.0,4.0,4.0,,2.0,1.0,,,
Linsey Seitz,2020NES,2020.0,S7,first,1795.0,9.0,2,,,,2.0,2.0,1.0,,,
Linsey Seitz,2020NES,2020.0,S7,last,1795.0,152.0,9,4.0,4.0,6.0,4.0,8.0,2.0,,1.0,
David Koweek,2020NES,2020.0,S7,last,1795.0,126.0,5,9.0,4.0,2.0,,,1.0,,,
Yuanyue Liu,2020NES,2020.0,S7,last,1795.0,16.0,1,2.0,,,,,,,,
Marcel Schreier,2020NES,2020.0,S7,last,1795.0,347.0,7,9.0,4.0,7.0,,3.0,3.0,,,3.0
Andrew Teixeira,2020NES,2020.0,S7,last,1795.0,263.0,10,13.0,6.0,14.0,,3.0,2.0,,,
Xiao Su,2020NES,2020.0,S7,first,1795.0,40.0,1,2.0,,,,,1.0,,,
Phil Milner,2020NES,2020.0,S7,last,1795.0,70.0,3,2.0,,2.0,,2.0,1.0,,1.0,
Oana Luca,2020NES,2020.0,S7,last,1795.0,99.0,1,2.0,2.0,2.0,,,,,,
Xiao Su,2020NES,2020.0,S7,last,1795.0,89.0,3,6.0,2.0,4.0,,2.0,,,,
George Shields,2020NES,2020.0,S7,first,1795.0,72.0,6,2.0,,,8.0,,3.0,,5.0,
George Shields,2020NES,2020.0,S7,last,1795.0,46.0,10,2.0,-1.0,2.0,2.0,2.0,6.0,,2.0,
Haotian Wang,2020NES,2020.0,S7,first,1795.0,1.0,1,,,,,,,,0.0,
Jesus Velazquez,2020NES,2020.0,S7,first,1795.0,31.0,1,2.0,,,,,,,,
Haotian Wang,2020NES,2020.0,S7,last,1795.0,131.0,4,8.0,6.0,4.0,,,3.0,,,
Jesus Velazquez,2020NES,2020.0,S7,last,1795.0,3.0,1,,,,,,2.0,,,
Chris Jones,2020NES,2020.0,S7,first,1795.0,1.0,1,2.0,,,2.0,,,,,
Chris Jones,2020NES,2020.0,S7,last,1795.0,299.0,14,14.0,5.0,5.0,5.0,2.0,5.0,,,
Chris Gorski,2020NES,2020.0,S8,first,1637.0,28.0,1,2.0,,,,,,,,
Jose Mendoza,2020NES,2020.0,S8,last,1637.0,95.0,2,2.0,,2.0,,2.0,,,,
Ellen Matson,2020NES,2020.0,S8,first,1637.0,40.0,6,4.0,,,2.0,,2.0,,,
Katie Knowles,2020NES,2020.0,S8,first,1637.0,0.0,1,,,,,,0.0,,,
Tianbiao Leo Liu,2020NES,2020.0,S8,first,1637.0,60.0,8,2.0,,,11.0,,2.0,,1.0,
Jeffrey Long,2020NES,2020.0,S8,last,1637.0,310.0,24,19.0,6.0,6.0,7.0,6.0,8.0,0.0,7.0,2.0
Will Bowman,2020NES,2020.0,S8,middle,1637.0,27.0,1,2.0,,,1.0,,,,,
Gary Moore,2020NES,2020.0,S8,last,1637.0,45.0,3,2.0,2.0,,,,0.0,,,
Will Bowman,2020NES,2020.0,S8,first,1637.0,39.0,6,3.0,,,6.0,,0.0,,,
Emily Ryan,2020NES,2020.0,S8,last,1637.0,75.0,4,1.0,6.0,5.0,,2.0,2.0,,,
Jeffrey Long,2020NES,2020.0,S8,middle,1637.0,110.0,7,,,2.0,5.0,4.0,3.0,,6.0,
Charles McCrory,2020NES,2020.0,S8,last,1637.0,244.0,8,14.0,7.0,4.0,,4.0,,,1.0,
Gary Moore,2020NES,2020.0,S8,middle,1637.0,24.0,1,2.0,,2.0,,,2.0,,,
Marta Hatzell,2020NES,2020.0,S8,first,1637.0,0.0,1,,,,,,0.0,,,
Remi Bouteille,2020NES,2020.0,S8,first,1637.0,2.0,1,,,,,1.0,,,,
Chris Gorski,2020NES,2020.0,S8,last,1637.0,44.0,1,,,,2.0,2.0,,,,
Jeffrey Long,2020NES,2020.0,S8,first,1637.0,111.0,12,3.0,,,8.0,1.0,12.0,,4.0,
Ellen Matson,2020NES,2020.0,S8,last,1637.0,77.0,11,10.0,,,2.0,5.0,0.0,0.0,1.0,1.0
Katie Knowles,2020NES,2020.0,S8,last,1637.0,112.0,12,4.0,2.0,5.0,,10.0,4.0,0.0,,
Gary Moore,2020NES,2020.0,S8,first,1637.0,14.0,1,2.0,,,,,1.0,,,
Charles McCrory,2020NES,2020.0,S8,middle,1637.0,62.0,2,2.0,1.0,2.0,,,,,1.0,
Emily Ryan,2020NES,2020.0,S8,first,1637.0,19.0,1,2.0,,,,,,,,
Andrew,2020NES,2020.0,S8,middle,1637.0,2.0,1,,,,,,,,1.0,
Ellen Matson,2020NES,2020.0,S8,middle,1637.0,20.0,1,2.0,1.0,2.0,,,,,,
Katie Knowles,2020NES,2020.0,S8,middle,1637.0,44.0,2,2.0,,3.0,,2.0,,,,1.0
Charles McCrory,2020NES,2020.0,S8,first,1637.0,19.0,1,2.0,,,,,1.0,,,
Daniel Yawitz,2020NES,2020.0,S8,middle,1637.0,14.0,1,2.0,,,,,2.0,,,
Jane Zelikova,2020NES,2020.0,S9,last,2836.0,154.0,6,11.0,4.0,3.0,,,1.0,,,
Li-Chiang Lin,2020NES,2020.0,S9,last,2836.0,13.0,1,,2.0,,,2.0,,,,
Simona Liguori,2020NES,2020.0,S9,last,2836.0,60.0,1,2.0,2.0,2.0,,,,,,
Sarbajit Banerjee,2020NES,2020.0,S9,last,2836.0,280.0,22,10.0,2.0,18.0,5.0,13.0,5.0,0.0,10.0,1.0
Rob Coridan,2020NES,2020.0,S9,last,2836.0,186.0,12,16.0,6.0,7.0,1.0,4.0,0.0,,,
Peter Reiners,2020NES,2020.0,S9,first,2836.0,21.0,1,,,,,2.0,,,,
Katherine Hornbostel,2020NES,2020.0,S9,first,2836.0,5.0,3,1.0,,,2.0,,,0.0,,
Nanette Boyle,2020NES,2020.0,S9,last,2836.0,7.0,1,1.0,,1.0,,,,,,
Jared Mason,2020NES,2020.0,S9,first,2836.0,53.0,2,2.0,,,,2.0,,,,
Eva Nichols,2020NES,2020.0,S9,last,2836.0,126.0,4,4.0,2.0,6.0,,2.0,3.0,,,
Simona Liguori,2020NES,2020.0,S9,middle,2836.0,166.0,4,4.0,2.0,5.0,,2.0,1.0,,,
Sarbajit Banerjee,2020NES,2020.0,S9,middle,2836.0,197.0,15,6.0,6.0,10.0,,11.0,6.0,0.0,2.0,2.0
Carlos Morales-Guio,2020NES,2020.0,S9,last,2836.0,112.0,4,6.0,,2.0,,6.0,,,,2.0
Marta Hatzell,2020NES,2020.0,S9,first,2836.0,1.0,1,,,,,,0.0,,,
Remi Bouteille,2020NES,2020.0,S9,first,2836.0,2.0,1,,,,,1.0,,,,
Greeshma Gadikota,2020NES,2020.0,S9,last,2836.0,289.0,11,17.0,7.0,10.0,1.0,3.0,4.0,,,
Rob Coridan,2020NES,2020.0,S9,middle,2836.0,135.0,10,5.0,4.0,5.0,,6.0,2.0,,1.0,
Simona Liguori,2020NES,2020.0,S9,first,2836.0,58.0,2,2.0,,,,2.0,1.0,,,1.0
Sarbajit Banerjee,2020NES,2020.0,S9,first,2836.0,131.0,11,5.0,,5.0,3.0,6.0,5.0,,2.0,2.0
Andrew Feig,2020NES,2020.0,S9,first,2836.0,58.0,8,1.0,,,9.0,,3.0,,,
Rob Coridan,2020NES,2020.0,S9,first,2836.0,32.0,1,2.0,2.0,2.0,,,,,,
Carlos Morales-Guio,2020NES,2020.0,S9,middle,2836.0,86.0,6,10.0,1.0,2.0,,2.0,,,,
Greeshma Gadikota,2020NES,2020.0,S9,middle,2836.0,252.0,9,12.0,6.0,11.0,,2.0,3.0,0.0,,2.0
Peter Reiners,2020NES,2020.0,S9,last,2836.0,110.0,5,10.0,1.0,2.0,,4.0,,,,
Richard Wiener RCSA,2020NES,2020.0,S9,first,2836.0,39.0,6,3.0,,,5.0,,0.0,,,
Carlos Morales-Guio,2020NES,2020.0,S9,first,2836.0,43.0,2,4.0,2.0,,,,,,,
Katherine Hornbostel,2020NES,2020.0,S9,last,2836.0,50.0,7,5.0,2.0,1.0,5.0,2.0,1.0,,2.0,
Jared Mason,2020NES,2020.0,S9,last,2836.0,170.0,4,6.0,6.0,2.0,,,,,,
Srigokul Upadhyayula,2021ABI,2021.0,S1,last,2042.0,248.0,17,12.0,4.0,2.0,2.0,8.0,5.0,0.0,,3.0
Yevgenia,2021ABI,2021.0,S1,last,2042.0,76.0,4,6.0,2.0,2.0,,,,0.0,,
Melike Lakadamyali,2021ABI,2021.0,S1,first,2042.0,2.0,1,,,,,,0.0,,,
Ellen Sletten,2021ABI,2021.0,S1,first,2042.0,8.0,5,1.0,1.0,,2.0,2.0,0.0,0.0,,
Samuel Achilefu,2021ABI,2021.0,S1,first,2042.0,20.0,5,1.0,,,1.0,4.0,3.0,,,
None,2021ABI,2021.0,S1,last,2042.0,0.0,1,,,,,,,0.0,,
Anna-Karin Gustavsson,2021ABI,2021.0,S1,last,2042.0,88.0,5,8.0,3.0,6.0,,,,,,2.0
Srigokul Upadhyayula,2021ABI,2021.0,S1,first,2042.0,6.0,2,,,,2.0,,,,,
Yevgenia Kozorovitskiy,2021ABI,2021.0,S1,last,2042.0,48.0,1,,,2.0,,,,,,2.0
Jin Zhang,2021ABI,2021.0,S1,last,2042.0,472.0,22,12.0,2.0,8.0,9.0,4.0,8.0,0.0,4.0,5.0
Nick Galati,2021ABI,2021.0,S1,last,2042.0,235.0,7,7.0,3.0,6.0,2.0,6.0,3.0,0.0,,
Morteza Mahmoudi,2021ABI,2021.0,S1,last,2042.0,148.0,2,2.0,,,,2.0,,,,
Melike Lakadamyali,2021ABI,2021.0,S1,last,2042.0,220.0,11,6.0,2.0,3.0,2.0,2.0,1.0,0.0,,1.0
Yevgenia Kozorovitskiy,2021ABI,2021.0,S1,first,2042.0,2.0,1,,,,1.0,,,,,
Ellen Sletten,2021ABI,2021.0,S1,last,2042.0,132.0,12,7.0,3.0,5.0,2.0,2.0,,0.0,2.0,1.0
Katharine White,2021ABI,2021.0,S1,last,2042.0,108.0,7,4.0,3.0,4.0,,3.0,0.0,,,
Jin Zhang,2021ABI,2021.0,S1,first,2042.0,101.0,13,2.0,,,10.0,4.0,6.0,,,
Seunghyun Sim,2021ABI,2021.0,S1,last,2042.0,101.0,4,3.0,,4.0,,6.0,,0.0,,
Samuel Achilefu,2021ABI,2021.0,S1,last,2042.0,27.0,1,,,2.0,,2.0,,,,
Brian Pogue,2021ABI,2021.0,S2,last,3347.0,19.0,8,3.0,1.0,,1.0,,1.0,0.0,,
Mark Sellmyer,2021ABI,2021.0,S2,first,3347.0,258.0,14,12.0,-1.0,7.0,3.0,2.0,3.0,0.0,,0.0
Brad Smith,2021ABI,2021.0,S2,middle,3347.0,54.0,5,4.0,2.0,,6.0,,2.0,,4.0,
Crystal Rogers,2021ABI,2021.0,S2,last,3347.0,1.0,1,,,,,1.0,,,,
Allison Dennis,2021ABI,2021.0,S2,first,3347.0,74.0,2,2.0,,,1.0,,2.0,,,
Brad Smith,2021ABI,2021.0,S2,first,3347.0,217.0,34,6.0,2.0,4.0,11.0,,2.0,,14.0,2.0
Brian Pogue,2021ABI,2021.0,S2,middle,3347.0,101.0,17,4.0,2.0,,5.0,6.0,1.0,0.0,3.0,2.0
Fanny Chapelin,2021ABI,2021.0,S2,middle,3347.0,67.0,7,14.0,5.0,,,,,,,
Ferdinand Schweser,2021ABI,2021.0,S2,middle,3347.0,45.0,4,,,4.0,,6.0,,0.0,,
Shwetadwip Chowdhury,2021ABI,2021.0,S2,last,3347.0,27.0,7,1.0,,1.0,4.0,,,0.0,,
Ping Wang,2021ABI,2021.0,S2,last,3347.0,165.0,10,15.0,4.0,2.0,1.0,5.0,,,,
Mimi Sammarco,2021ABI,2021.0,S2,last,3347.0,98.0,5,4.0,4.0,6.0,,1.0,,0.0,,
Fanny Chapelin,2021ABI,2021.0,S2,first,3347.0,25.0,4,4.0,0.0,,1.0,,2.0,,,
Brian Pogue,2021ABI,2021.0,S2,first,3347.0,82.0,14,2.0,1.0,5.0,3.0,8.0,0.0,0.0,,3.0
Ferdinand Schweser,2021ABI,2021.0,S2,first,3347.0,112.0,5,6.0,,,,4.0,0.0,,,
Crystal Rogers,2021ABI,2021.0,S2,middle,3347.0,21.0,2,2.0,1.0,1.0,1.0,,,,,
Mark Sellmyer,2021ABI,2021.0,S2,last,3347.0,167.0,7,11.0,2.0,9.0,1.0,,2.0,,,1.0
Shwetadwip Chowdhury,2021ABI,2021.0,S2,middle,3347.0,294.0,15,10.0,4.0,8.0,6.0,8.0,1.0,0.0,,
Crystal Rogers,2021ABI,2021.0,S2,first,3347.0,53.0,5,4.0,1.0,1.0,1.0,,3.0,,,
Ping Wang,2021ABI,2021.0,S2,middle,3347.0,289.0,25,30.0,6.0,1.0,5.0,8.0,1.0,0.0,,
Mimi Sammarco,2021ABI,2021.0,S2,middle,3347.0,83.0,8,7.0,2.0,4.0,,,,0.0,,
Arnold Hayer,2021ABI,2021.0,S2,middle,3347.0,67.0,1,2.0,,2.0,,,,,,
Allison Dennis,2021ABI,2021.0,S2,last,3347.0,116.0,7,13.0,3.0,2.0,2.0,2.0,,,,
Shwetadwip Chowdhury,2021ABI,2021.0,S2,first,3347.0,131.0,35,4.0,1.0,2.0,7.0,14.0,1.0,0.0,,1.0
Brad Smith,2021ABI,2021.0,S2,last,3347.0,39.0,3,2.0,0.0,,,2.0,1.0,,2.0,
Ping Wang,2021ABI,2021.0,S2,first,3347.0,238.0,14,11.0,2.0,6.0,2.0,4.0,6.0,0.0,,
Mark Sellmyer,2021ABI,2021.0,S2,middle,3347.0,207.0,17,18.0,2.0,3.0,,4.0,2.0,0.0,,2.0
Mimi Sammarco,2021ABI,2021.0,S2,first,3347.0,160.0,5,4.0,2.0,2.0,,2.0,1.0,,,
Arnold Hayer,2021ABI,2021.0,S2,first,3347.0,137.0,6,7.0,1.0,5.0,,,2.0,,,
Aseema Mohanty,2021ABI,2021.0,S3,middle,3649.0,162.0,8,1.0,2.0,2.0,,6.0,0.0,0.0,,
Shiva Abbbaszadeh,2021ABI,2021.0,S3,last,3649.0,3.0,1,,,,,,,0.0,,
Uzay Emir,2021ABI,2021.0,S3,last,3649.0,68.0,2,4.0,1.0,4.0,,,,,,
Luke Mortensen,2021ABI,2021.0,S3,first,3649.0,58.0,1,2.0,,,,,1.0,,,
Stefan Wilhelm,2021ABI,2021.0,S3,last,3649.0,77.0,2,2.0,1.0,4.0,,,2.0,,,
Matthew Lew,2021ABI,2021.0,S3,middle,3649.0,170.0,11,20.0,5.0,3.0,,,1.0,,,
Candace Fleischer,2021ABI,2021.0,S3,last,3649.0,52.0,2,3.0,,,,1.0,1.0,,,
Aseema Mohanty,2021ABI,2021.0,S3,first,3649.0,41.0,1,2.0,,,,,,,,
Kristen Maitland,2021ABI,2021.0,S3,middle,3649.0,119.0,8,9.0,,,,2.0,1.0,,2.0,
Andrew Feig,2021ABI,2021.0,S3,last,3649.0,1.0,1,,,,,,,0.0,,
Joshua Brake,2021ABI,2021.0,S3,last,3649.0,209.0,5,2.0,1.0,7.0,,,3.0,,1.0,2.0
Dylan Burnette,2021ABI,2021.0,S3,middle,3649.0,235.0,15,13.0,6.0,4.0,1.0,11.0,1.0,0.0,,
Matthew Lew,2021ABI,2021.0,S3,first,3649.0,48.0,1,2.0,,,,,,,,
Sixian You,2021ABI,2021.0,S3,last,3649.0,347.0,7,10.0,4.0,4.0,2.0,2.0,5.0,,2.0,2.0
Dylan Burnette,2021ABI,2021.0,S3,first,3649.0,114.0,4,4.0,4.0,,,2.0,1.0,,,
Kristen Maitland,2021ABI,2021.0,S3,first,3649.0,184.0,20,2.0,,1.0,15.0,6.0,13.0,,14.0,
Uzay Emir,2021ABI,2021.0,S3,middle,3649.0,53.0,1,1.0,,,,2.0,1.0,,,
Stefan Wilhelm,2021ABI,2021.0,S3,middle,3649.0,127.0,10,16.0,6.0,3.0,,2.0,,,,
Andrew Feig,2021ABI,2021.0,S3,middle,3649.0,5.0,2,,,,3.0,,,,,
Joshua Brake,2021ABI,2021.0,S3,middle,3649.0,27.0,1,2.0,2.0,2.0,,,,,,
Uzay Emir,2021ABI,2021.0,S3,first,3649.0,79.0,2,4.0,,,,,1.0,,,
Stefan Wilhelm,2021ABI,2021.0,S3,first,3649.0,47.0,1,2.0,,,,,,,,
Richard Weisman,2021ABI,2021.0,S3,first,3649.0,26.0,2,2.0,,,2.0,,4.0,,1.0,
Joshua Brake,2021ABI,2021.0,S3,first,3649.0,195.0,4,8.0,5.0,4.0,2.0,,2.0,,,
Silvia Ronco,2021ABI,2021.0,S3,last,3649.0,11.0,2,,,,1.0,1.0,2.0,,,
Luke Mortensen,2021ABI,2021.0,S3,last,3649.0,119.0,2,2.0,1.0,2.0,,,1.0,,,
Sixian You,2021ABI,2021.0,S3,first,3649.0,123.0,4,2.0,,2.0,1.0,2.0,1.0,,,
Vivian Qian Liu,2021ABI,2021.0,S3,first,3649.0,252.0,2,4.0,2.0,2.0,,,,,,
bot1,2021ABI,2021.0,S3,first,3649.0,19.0,4,2.0,,,0.0,3.0,,,0.0,
Matthew Lew,2021ABI,2021.0,S3,last,3649.0,165.0,4,2.0,,6.0,,2.0,3.0,,1.0,
Unidentified speaker,2021ABI,2021.0,S3,last,3649.0,4.0,4,,,,,,4.0,,,
Kristen Maitland,2021ABI,2021.0,S3,last,3649.0,442.0,14,4.0,1.0,9.0,14.0,1.0,7.0,0.0,4.0,2.0
Luke Mortensen,2021ABI,2021.0,S3,middle,3649.0,9.0,1,,,,,2.0,,,,
Dylan Burnette,2021ABI,2021.0,S3,last,3649.0,58.0,2,,1.0,2.0,,2.0,1.0,,,
Paris Perdikaris,2021ABI,2021.0,S4,first,3172.0,15.0,1,2.0,,,,,0.0,,,
Richard Wiener,2021ABI,2021.0,S4,first,3172.0,12.0,2,,0.0,,3.0,,,,,
Katy Keenan,2021ABI,2021.0,S4,middle,3172.0,55.0,2,2.0,2.0,,,2.0,0.0,,,
Carolyn Bayer,2021ABI,2021.0,S4,first,3172.0,55.0,3,5.0,,1.0,,2.0,1.0,,,
Shiva Abbbaszadeh,2021ABI,2021.0,S4,last,3172.0,99.0,4,4.0,1.0,1.0,1.0,,1.0,0.0,,
Lu Wei,2021ABI,2021.0,S4,middle,3172.0,124.0,1,2.0,,,,2.0,,,,
Katy Keenan,2021ABI,2021.0,S4,first,3172.0,42.0,2,2.0,,,,2.0,,,,
Maryellen Giger,2021ABI,2021.0,S4,middle,3172.0,434.0,22,18.0,6.0,10.0,3.0,5.0,7.0,0.0,10.0,3.0
Alexandra Walsh,2021ABI,2021.0,S4,middle,3172.0,91.0,1,2.0,,2.0,,,2.0,,,
Lu Wei,2021ABI,2021.0,S4,first,3172.0,26.0,2,2.0,,,1.0,,1.0,,1.0,
Ulugbek Kamilov,2021ABI,2021.0,S4,last,3172.0,86.0,12,5.0,3.0,2.0,1.0,12.0,1.0,0.0,,
Shiva Abbbaszadeh,2021ABI,2021.0,S4,middle,3172.0,48.0,2,2.0,,2.0,,,4.0,,,
Alexandra Walsh,2021ABI,2021.0,S4,first,3172.0,23.0,1,2.0,,,,,,,,
Maryellen Giger,2021ABI,2021.0,S4,first,3172.0,391.0,44,13.0,2.0,5.0,27.0,16.0,14.0,0.0,12.0,7.0
Girgis Obaid,2021ABI,2021.0,S4,last,3172.0,190.0,5,7.0,5.0,6.0,1.0,,,,,1.0
Shannon Quinn,2021ABI,2021.0,S4,last,3172.0,170.0,16,8.0,,6.0,6.0,,2.0,0.0,,1.0
Shiva Abbbaszadeh,2021ABI,2021.0,S4,first,3172.0,56.0,3,4.0,,4.0,,,,,,
Jim Mitchell,2021ABI,2021.0,S4,middle,3172.0,29.0,2,1.0,,,,2.0,1.0,,,
Paris Perdikaris,2021ABI,2021.0,S4,last,3172.0,98.0,4,4.0,,4.0,,4.0,1.0,0.0,,
Ulugbek Kamilov,2021ABI,2021.0,S4,middle,3172.0,85.0,6,4.0,,4.0,,2.0,2.0,0.0,1.0,
Carolyn Bayer,2021ABI,2021.0,S4,last,3172.0,52.0,1,2.0,,2.0,,,,,,
Jim Mitchell,2021ABI,2021.0,S4,first,3172.0,16.0,1,1.0,,,,,,,,
Ulugbek Kamilov,2021ABI,2021.0,S4,first,3172.0,88.0,6,4.0,,2.0,1.0,2.0,,0.0,,
Girgis Obaid,2021ABI,2021.0,S4,middle,3172.0,74.0,1,2.0,2.0,2.0,,,,,,
Katy Keenan,2021ABI,2021.0,S4,last,3172.0,32.0,5,3.0,4.0,,,2.0,2.0,,,
Paris Perdikaris,2021ABI,2021.0,S4,middle,3172.0,52.0,2,,2.0,2.0,,,1.0,,,
Shannon Quinn,2021ABI,2021.0,S4,first,3172.0,45.0,11,9.0,,1.0,1.0,3.0,1.0,0.0,,
Girgis Obaid,2021ABI,2021.0,S4,first,3172.0,24.0,2,2.0,,,,,2.0,,,
Alexandra Walsh,2021ABI,2021.0,S4,last,3172.0,8.0,2,2.0,,,,,0.0,,,
Maryellen Giger,2021ABI,2021.0,S4,last,3172.0,632.0,60,36.0,8.0,22.0,12.0,34.0,10.0,0.0,20.0,6.0
Sandra Laney,2021ABI,2021.0,S4,first,3172.0,20.0,2,2.0,,,2.0,2.0,,,,
Wei Min,2021ABI,2021.0,S5,first,3297.0,51.0,7,,2.0,1.0,3.0,4.0,3.0,,,
Sapun Parekh,2021ABI,2021.0,S5,middle,3297.0,85.0,8,4.0,5.0,4.0,,2.0,4.0,,3.0,
Aniruddha Ray,2021ABI,2021.0,S5,first,3297.0,84.0,1,2.0,,,,,,,,
Kevin Cash,2021ABI,2021.0,S5,middle,3297.0,69.0,2,4.0,4.0,,,,,,,
Lisa Poulikakos,2021ABI,2021.0,S5,last,3297.0,38.0,3,6.0,,3.0,,,1.0,,,
Joyoni Dey,2021ABI,2021.0,S5,last,3297.0,305.0,29,28.0,10.0,10.0,4.0,11.0,5.0,0.0,,
Ed McCleskey,2021ABI,2021.0,S5,last,3297.0,36.0,4,,,2.0,5.0,,,0.0,,
Silvia Ronco,2021ABI,2021.0,S5,first,3297.0,34.0,2,2.0,,,4.0,,,,,
Mini Das,2021ABI,2021.0,S5,last,3297.0,242.0,31,9.0,2.0,7.0,9.0,26.0,2.0,0.0,1.0,
Kevin Cash,2021ABI,2021.0,S5,first,3297.0,136.0,6,10.0,,,,,1.0,,1.0,
Lingyan Shi,2021ABI,2021.0,S5,last,3297.0,542.0,32,40.0,3.0,15.0,2.0,6.0,5.0,0.0,2.0,
Sapun Parekh,2021ABI,2021.0,S5,first,3297.0,59.0,1,2.0,,,,,1.0,,1.0,
Ed McCleskey CZI,2021ABI,2021.0,S5,last,3297.0,19.0,4,,,,,2.0,2.0,0.0,2.0,
Lisa Poulikakos,2021ABI,2021.0,S5,middle,3297.0,37.0,1,2.0,,2.0,,2.0,,,,
Joyoni Dey,2021ABI,2021.0,S5,middle,3297.0,209.0,6,6.0,0.0,2.0,,,,,0.0,
Mini Das,2021ABI,2021.0,S5,middle,3297.0,95.0,4,2.0,2.0,2.0,,2.0,1.0,0.0,1.0,
Lisa Poulikakos,2021ABI,2021.0,S5,first,3297.0,60.0,4,3.0,,3.0,,4.0,2.0,,1.0,
Huanyu Cheng,2021ABI,2021.0,S5,first,3297.0,69.0,1,2.0,,,,,,,2.0,
Mini Das,2021ABI,2021.0,S5,first,3297.0,163.0,5,2.0,,1.0,4.0,2.0,0.0,,1.0,1.0
Joyoni Dey,2021ABI,2021.0,S5,first,3297.0,258.0,6,5.0,0.0,1.0,3.0,3.0,2.0,,1.0,2.0
Wei Min,2021ABI,2021.0,S5,last,3297.0,52.0,16,8.0,2.0,,2.0,2.0,5.0,0.0,,4.0
Ed McCleskey,2021ABI,2021.0,S5,first,3297.0,77.0,5,4.0,,,4.0,,2.0,,4.0,
Aniruddha Ray,2021ABI,2021.0,S5,last,3297.0,23.0,3,3.0,,,,,1.0,,,
Lingyan Shi,2021ABI,2021.0,S5,first,3297.0,57.0,7,7.0,,,,,1.0,,1.0,
Ed McCleskey CZI,2021ABI,2021.0,S5,middle,3297.0,10.0,3,,,,,2.0,1.0,,,
Silvia Ronco,2021ABI,2021.0,S5,last,3297.0,28.0,8,2.0,,,6.0,3.0,2.0,,,
Sapun Parekh,2021ABI,2021.0,S5,last,3297.0,148.0,23,12.0,5.0,8.0,3.0,10.0,3.0,0.0,,1.0
Wei Min,2021ABI,2021.0,S5,middle,3297.0,311.0,13,15.0,6.0,6.0,,6.0,3.0,0.0,,
Molly Bright,2021ABI,2021.0,S6,last,3441.0,76.0,3,2.0,2.0,,,1.0,0.0,,,1.0
Bryan Spring,2021ABI,2021.0,S6,last,3441.0,18.0,2,,,,1.0,2.0,2.0,,,
David Van Valen,2021ABI,2021.0,S6,last,3441.0,164.0,22,7.0,4.0,14.0,,2.0,0.0,0.0,,2.0
Douglas Shepherd,2021ABI,2021.0,S6,first,3441.0,0.0,2,,,,,,0.0,,,
Benjamin Bartelle,2021ABI,2021.0,S6,middle,3441.0,238.0,5,4.0,3.0,2.0,2.0,5.0,1.0,,1.0,2.0
Matt Bozio,2021ABI,2021.0,S6,last,3441.0,29.0,8,3.0,0.0,,4.0,2.0,1.0,,0.0,
Benjamin Bartelle,2021ABI,2021.0,S6,first,3441.0,173.0,15,7.0,1.0,5.0,,6.0,6.0,0.0,1.0,
Barbara Smith,2021ABI,2021.0,S6,first,3441.0,1.0,1,1.0,,1.0,,,,,,
Molly Bright,2021ABI,2021.0,S6,middle,3441.0,71.0,1,2.0,,2.0,,1.0,,,,
Anna Moore,2021ABI,2021.0,S6,last,3441.0,127.0,5,2.0,4.0,,1.0,5.0,1.0,0.0,,
Matthew Lovett,2021ABI,2021.0,S6,last,3441.0,49.0,26,,,2.0,,4.0,0.0,0.0,2.0,
Dylan McCreedy,2021ABI,2021.0,S6,middle,3441.0,60.0,1,2.0,2.0,,,,,,,
Alexandra Dickinson,2021ABI,2021.0,S6,last,3441.0,198.0,9,8.0,2.0,5.0,,1.0,2.0,0.0,1.0,
David Van Valen,2021ABI,2021.0,S6,middle,3441.0,354.0,11,10.0,4.0,3.0,3.0,,4.0,,2.0,
Matthew Bogyo,2021ABI,2021.0,S6,last,3441.0,139.0,18,2.0,0.0,4.0,,5.0,1.0,0.0,3.0,3.0
Molly Bright,2021ABI,2021.0,S6,first,3441.0,21.0,4,5.0,,,1.0,,1.0,,,1.0
David Van Valen,2021ABI,2021.0,S6,first,3441.0,197.0,5,8.0,2.0,4.0,,,1.0,,,
Bryan Spring,2021ABI,2021.0,S6,first,3441.0,27.0,2,4.0,,,,,0.0,,,
Cori Bargmann,2021ABI,2021.0,S6,middle,3441.0,48.0,3,4.0,2.0,,,,,0.0,,
Matthew Lovett,2021ABI,2021.0,S6,middle,3441.0,79.0,8,8.0,,6.0,,2.0,1.0,0.0,,1.0
Alexandra Dickinson,2021ABI,2021.0,S6,middle,3441.0,104.0,4,4.0,3.0,4.0,,,1.0,,,
Douglas Shepherd,2021ABI,2021.0,S6,last,3441.0,318.0,16,14.0,7.0,2.0,,11.0,,0.0,2.0,
Matthew Bogyo,2021ABI,2021.0,S6,middle,3441.0,69.0,3,4.0,2.0,1.0,,4.0,,,2.0,
Anna Moore,2021ABI,2021.0,S6,first,3441.0,27.0,5,,0.0,,1.0,4.0,2.0,,,
Matthew Lovett,2021ABI,2021.0,S6,first,3441.0,62.0,2,4.0,,2.0,,,,,,2.0
Benjamin Bartelle,2021ABI,2021.0,S6,last,3441.0,303.0,18,4.0,4.0,7.0,3.0,3.0,6.0,0.0,1.0,5.0
Alexandra Dickinson,2021ABI,2021.0,S6,first,3441.0,38.0,3,2.0,,2.0,,,,0.0,,
Barbara Smith,2021ABI,2021.0,S6,last,3441.0,52.0,3,2.0,,,,4.0,1.0,,,
Matthew Bogyo,2021ABI,2021.0,S6,first,3441.0,253.0,23,8.0,0.0,1.0,18.0,3.0,4.0,,7.0,
Douglas Shepherd,2021ABI,2021.0,S6,middle,3441.0,146.0,2,4.0,4.0,2.0,,,,,,
Aseema Mohanty,2021ABI,2021.0,S7,middle,3755.0,163.0,4,2.0,4.0,2.0,,6.0,,,,
Richard Weiner,2021ABI,2021.0,S7,first,3755.0,26.0,2,2.0,,2.0,3.0,,1.0,,,
Shiva Abbbaszadeh,2021ABI,2021.0,S7,last,3755.0,3.0,1,,,,,,,0.0,,
Uzay Emir,2021ABI,2021.0,S7,last,3755.0,61.0,3,5.0,2.0,4.0,,1.0,,,,
Luke Mortensen,2021ABI,2021.0,S7,first,3755.0,65.0,8,11.0,,,,,,0.0,,
Stefan Wilhelm,2021ABI,2021.0,S7,last,3755.0,111.0,2,4.0,,4.0,,,2.0,,,
Matthew Lew,2021ABI,2021.0,S7,middle,3755.0,227.0,10,14.0,2.0,7.0,,,4.0,,,1.0
Candace Fleischer,2021ABI,2021.0,S7,last,3755.0,38.0,2,2.0,,,,1.0,1.0,0.0,,
Aseema Mohanty,2021ABI,2021.0,S7,first,3755.0,38.0,6,4.0,,1.0,,2.0,1.0,0.0,,
Kristen Maitland,2021ABI,2021.0,S7,middle,3755.0,314.0,15,19.0,,2.0,,,2.0,,2.0,
Andrew Feig,2021ABI,2021.0,S7,last,3755.0,13.0,2,2.0,,,1.0,,1.0,,1.0,
Joshua Brake,2021ABI,2021.0,S7,last,3755.0,169.0,10,12.0,1.0,11.0,,1.0,,,0.0,4.0
Dylan Burnette,2021ABI,2021.0,S7,middle,3755.0,316.0,19,14.0,2.0,3.0,,14.0,7.0,0.0,,
Matthew Lew,2021ABI,2021.0,S7,first,3755.0,36.0,1,2.0,,,,,,,,
Sixian You,2021ABI,2021.0,S7,last,3755.0,340.0,14,13.0,2.0,9.0,4.0,6.0,5.0,,2.0,2.0
Dylan Burnette,2021ABI,2021.0,S7,first,3755.0,116.0,10,13.0,3.0,1.0,1.0,,1.0,,,
Kristen Maitland,2021ABI,2021.0,S7,first,3755.0,179.0,25,2.0,,2.0,19.0,5.0,16.0,,18.0,
Uzay Emir,2021ABI,2021.0,S7,middle,3755.0,51.0,3,1.0,,,,3.0,,,1.0,1.0
Andrew Feig,2021ABI,2021.0,S7,middle,3755.0,6.0,1,2.0,,,,,,,,
Joshua Brake,2021ABI,2021.0,S7,middle,3755.0,108.0,1,2.0,,2.0,,,,,,
Uzay Emir,2021ABI,2021.0,S7,first,3755.0,86.0,3,4.0,,,,2.0,1.0,,,
Stefan Wilhelm,2021ABI,2021.0,S7,first,3755.0,49.0,1,2.0,,,,,,,,
Joshua Brake,2021ABI,2021.0,S7,first,3755.0,98.0,2,4.0,2.0,2.0,,,,,,
Silvia Ronco,2021ABI,2021.0,S7,last,3755.0,11.0,1,,,,1.0,1.0,1.0,,,
Luke Mortensen,2021ABI,2021.0,S7,last,3755.0,139.0,7,9.0,3.0,6.0,,,0.0,,,
Sixian You,2021ABI,2021.0,S7,first,3755.0,122.0,6,4.0,,2.0,1.0,2.0,2.0,,1.0,
Vivian Qian Liu,2021ABI,2021.0,S7,first,3755.0,223.0,2,4.0,,2.0,,,,,,
Matthew Lew,2021ABI,2021.0,S7,last,3755.0,175.0,7,6.0,1.0,10.0,,,3.0,0.0,1.0,
Kristen Maitland,2021ABI,2021.0,S7,last,3755.0,406.0,13,4.0,2.0,9.0,15.0,1.0,10.0,,3.0,2.0
Luke Mortensen,2021ABI,2021.0,S7,middle,3755.0,9.0,2,,,,,3.0,,,,
Dylan Burnette,2021ABI,2021.0,S7,last,3755.0,57.0,5,3.0,1.0,3.0,,4.0,1.0,,,
Jeff Albert Finefield,2021ABI,2021.0,S8,first,2749.0,25.0,6,4.0,,2.0,1.0,2.0,,0.0,,
Jeff Andrew Donahue,2021ABI,2021.0,S8,middle,2749.0,0.0,1,,,,,,0.0,,,
Lisa Poulikakos,2021ABI,2021.0,S8,last,2749.0,66.0,1,2.0,,,,2.0,,,,2.0
Kevin Taufour,2021ABI,2021.0,S8,first,2749.0,106.0,3,6.0,,,,,2.0,,,
Andrew Hsu,2021ABI,2021.0,S8,last,2749.0,3.0,3,5.0,,,,,,,,
Lisa Satterthwaite,2021ABI,2021.0,S8,last,2749.0,19.0,4,5.0,,3.0,,,0.0,,,1.0
Sanjukta Gayen,2021ABI,2021.0,S8,last,2749.0,64.0,2,2.0,,,,,,,1.0,
Jyoti Dube,2021ABI,2021.0,S8,last,2749.0,36.0,4,6.0,2.0,4.0,,,,,,
Joyati Deb Roy,2021ABI,2021.0,S8,middle,2749.0,54.0,1,2.0,,,,,1.0,,,
Mini Das,2021ABI,2021.0,S8,middle,2749.0,138.0,1,2.0,,2.0,,,1.0,,,
Lisa Poulikakos,2021ABI,2021.0,S8,first,2749.0,67.0,2,2.0,,2.0,1.0,2.0,,,1.0,
Jeff Wheeler,2021ABI,2021.0,S8,middle,2749.0,88.0,43,2.0,,,,,0.0,0.0,1.0,
Richard Wiener,2021ABI,2021.0,S8,last,2749.0,4.0,2,,,,2.0,,,,,
Lingyan Shi,2021ABI,2021.0,S8,first,2749.0,97.0,3,2.0,,,1.0,2.0,1.0,,1.0,
Jeff Elam,2021ABI,2021.0,S8,last,2749.0,3.0,2,2.0,,,,,,0.0,,
Anil Ousmane,2021ABI,2021.0,S8,last,2749.0,151.0,10,9.0,2.0,,0.0,,3.0,0.0,,2.0
Layla Shi,2021ABI,2021.0,S8,last,2749.0,207.0,14,20.0,,,,1.0,2.0,0.0,,
Bill Mccleskey,2021ABI,2021.0,S8,last,2749.0,20.0,5,1.0,1.0,,3.0,,,0.0,,2.0
Aniruddha Ray,2021ABI,2021.0,S8,middle,2749.0,122.0,1,2.0,,,,,1.0,,1.0,
Jeff Squier,2021ABI,2021.0,S8,last,2749.0,74.0,6,5.0,2.0,6.0,1.0,1.0,2.0,,,
Kevin Taufour,2021ABI,2021.0,S8,middle,2749.0,30.0,3,3.0,,,1.0,,0.0,,1.0,
Jeff Winkler,2021ABI,2021.0,S8,last,2749.0,178.0,17,20.0,2.0,1.0,,8.0,1.0,,,
Wan,2021ABI,2021.0,S8,last,2749.0,31.0,8,3.0,1.0,2.0,1.0,2.0,,,,1.0
Sapun Parekh,2021ABI,2021.0,S8,middle,2749.0,36.0,1,1.0,,,,,1.0,,,
Sayan Patra,2021ABI,2021.0,S8,last,2749.0,20.0,2,3.0,,,,,,,,
Jeff Tannebaum,2021ABI,2021.0,S8,middle,2749.0,25.0,1,2.0,,,,,,,,
Joyoni Dey,2021ABI,2021.0,S8,last,2749.0,190.0,11,10.0,,2.0,,1.0,0.0,0.0,,
Andrew Fegyveresi,2021ABI,2021.0,S8,last,2749.0,7.0,2,,2.0,1.0,,,,,,
Layla Oesper,2021ABI,2021.0,S8,last,2749.0,22.0,1,2.0,,,,,,,,
Jeff Andrew Donahue,2021ABI,2021.0,S8,first,2749.0,9.0,2,,,,,4.0,,,,
Mini Das,2021ABI,2021.0,S8,last,2749.0,210.0,30,11.0,,9.0,7.0,16.0,0.0,0.0,2.0,
Lingyan Shi,2021ABI,2021.0,S8,last,2749.0,20.0,38,2.0,,2.0,,,0.0,0.0,,
Gail Robertson,2021ABI,2021.0,S8,last,2749.0,28.0,5,,,,8.0,6.0,2.0,,,
Gail Mckee,2021ABI,2021.0,S8,last,2749.0,13.0,1,,,,2.0,1.0,1.0,,,
Pallavi Dhagat,2021ABI,2021.0,S8,first,2749.0,39.0,8,1.0,0.0,,5.0,5.0,1.0,,,
Linda Alvarez,2021ABI,2021.0,S8,first,2749.0,2.0,1,,,,,,1.0,,,
Jeff Baird Parente,2021ABI,2021.0,S8,last,2749.0,40.0,9,7.0,,,,4.0,2.0,0.0,2.0,
Jeff Douglas Winkler,2021ABI,2021.0,S8,first,2749.0,93.0,18,12.0,1.0,,14.0,8.0,2.0,0.0,,
Joyoni Basu,2021ABI,2021.0,S8,last,2749.0,29.0,5,2.0,2.0,,,,1.0,0.0,,
Carl Ed Mccauley,2021ABI,2021.0,S8,first,2749.0,48.0,3,,,,3.0,1.0,2.0,,1.0,
Mini Das,2021ABI,2021.0,S8,first,2749.0,42.0,10,5.0,,,2.0,4.0,0.0,0.0,,
Wei Min,2021ABI,2021.0,S8,last,2749.0,4.0,1,2.0,,,,,,,,
Pallavi Raghunathan,2021ABI,2021.0,S8,last,2749.0,14.0,7,1.0,2.0,,1.0,1.0,1.0,0.0,,
Carolyn Bertozzi,2021ABI,2021.0,S8,first,2749.0,41.0,7,,,,5.0,,0.0,0.0,,
Lingyang Luo,2021ABI,2021.0,S8,last,2749.0,29.0,3,1.0,,1.0,1.0,3.0,1.0,,,
Jeff Bodwin,2021ABI,2021.0,S8,last,2749.0,27.0,3,,,,,4.0,,0.0,2.0,
Liying Lu,2021ABI,2021.0,S8,last,2749.0,52.0,10,1.0,,6.0,3.0,2.0,2.0,,3.0,
Larry Zhang,2021ABI,2021.0,S8,middle,2749.0,87.0,2,2.0,,,,,0.0,,,
Jeff Boyd Farinha,2021ABI,2021.0,S8,middle,2749.0,39.0,4,2.0,2.0,2.0,,,3.0,,1.0,
Bryan Spring,2021ABI,2021.0,S1,last,3371.0,27.0,9,5.0,1.0,4.0,,,3.0,0.0,,
Brian Pogue,2021ABI,2021.0,S1,last,3371.0,414.5,63,14.0,2.0,10.0,29.0,8.0,6.0,0.0,9.0,5.0
Huanyu Cheng,2021ABI,2021.0,S1,last,3371.0,0.0,1,,,,,,1.0,,,
Katy Keenan,2021ABI,2021.0,S1,middle,3371.0,87.0,3,4.0,,,,4.0,0.0,,,
Carolyn Bayer,2021ABI,2021.0,S1,first,3371.0,70.0,6,8.0,1.0,,,4.0,,,,
Katharine White,2021ABI,2021.0,S1,middle,3371.0,202.0,8,11.0,2.0,6.0,,3.0,3.0,,,
Nina Cardoza,2021ABI,2021.0,S1,first,3371.0,1.0,1,,,,,,0.0,,,
Silvia Ronco RCS4,2021ABI,2021.0,S1,last,3371.0,5.0,4,,,,2.0,,1.0,,,
Katy Keenan,2021ABI,2021.0,S1,first,3371.0,123.0,7,8.0,,,,6.0,1.0,,,
Seunghyun Sim,2021ABI,2021.0,S1,middle,3371.0,134.0,4,5.0,,6.0,,4.0,,,,
Andrew Ferg,2021ABI,2021.0,S1,first,3371.0,80.0,6,7.0,,4.0,,2.0,0.0,0.0,,
Joshua Brake,2021ABI,2021.0,S1,last,3371.0,313.0,20,10.0,2.0,16.0,5.0,6.0,3.0,0.0,,3.0
Katharine White,2021ABI,2021.0,S1,first,3371.0,246.0,10,14.0,6.0,,,4.0,,0.0,,
Brian Pogue,2021ABI,2021.0,S1,middle,3371.0,221.0,20,14.0,2.0,4.0,0.0,10.0,6.0,,0.0,2.0
Huanyu Cheng,2021ABI,2021.0,S1,middle,3371.0,74.0,1,2.0,,,,,,,,
Seunghyun Sim,2021ABI,2021.0,S1,first,3371.0,25.0,1,2.0,,,,2.0,,,,
Bryan Spring,2021ABI,2021.0,S1,middle,3371.0,18.0,2,,,2.0,,2.0,,,,
Shannon Quinn,2021ABI,2021.0,S1,last,3371.0,147.0,21,10.0,,2.0,2.0,4.0,4.0,0.0,-1.0,
Brian Pogue,2021ABI,2021.0,S1,first,3371.0,200.0,38,9.0,,1.0,18.0,17.0,11.0,0.0,11.0,1.0
Bryan Spring,2021ABI,2021.0,S1,first,3371.0,25.0,2,2.0,,,,,1.0,,,
Joshua Brake,2021ABI,2021.0,S1,middle,3371.0,169.0,4,8.0,4.0,6.0,,,,,,
Huanyu Cheng,2021ABI,2021.0,S1,first,3371.0,37.0,1,2.0,,,,,2.0,,,
Carolyn Bayer,2021ABI,2021.0,S1,last,3371.0,146.0,8,2.0,-1.0,4.0,,6.0,3.0,,,
Joshua Brake,2021ABI,2021.0,S1,first,3371.0,33.0,2,2.0,,,1.0,,2.0,,,
Katy Keenan,2021ABI,2021.0,S1,last,3371.0,4.0,1,,,1.0,,,,,,
Katharine White,2021ABI,2021.0,S1,last,3371.0,452.0,25,18.0,9.0,9.0,2.0,4.0,7.0,,,6.0
Shannon Quinn,2021ABI,2021.0,S1,first,3371.0,49.0,6,3.0,,,1.0,5.0,3.0,,1.0,2.0
Carolyn Bayer,2021ABI,2021.0,S1,middle,3371.0,71.0,1,,,2.0,,,,,,2.0
Srigokul Upadhyayula,2021ABI,2021.0,S10,last,3033.0,136.0,2,2.0,2.0,,,2.0,1.0,,,
Sapun Parekh,2021ABI,2021.0,S10,middle,3033.0,69.0,2,2.0,,2.0,,,,,,1.0
David Van Valen,2021ABI,2021.0,S10,last,3033.0,83.0,4,4.0,0.0,2.0,,,2.0,0.0,1.0,
Fanny Chapelin,2021ABI,2021.0,S10,last,3033.0,84.0,8,5.0,,2.0,4.0,5.0,2.0,,,
Maryellen Giger,2021ABI,2021.0,S10,middle,3033.0,226.0,32,12.0,5.0,9.0,6.0,14.0,3.0,0.0,9.0,4.0
Matthew Lew,2021ABI,2021.0,S10,first,3033.0,92.0,6,4.0,,,4.0,,4.0,,,1.0
Matthew Lovett,2021ABI,2021.0,S10,last,3033.0,164.0,6,2.0,4.0,4.0,1.0,,4.0,,,
Srigokul Upadhyayula,2021ABI,2021.0,S10,middle,3033.0,67.0,2,2.0,,2.0,,,,0.0,,
David Van Valen,2021ABI,2021.0,S10,middle,3033.0,247.0,20,22.0,7.0,7.0,,2.0,1.0,0.0,,1.0
Fanny Chapelin,2021ABI,2021.0,S10,middle,3033.0,53.0,1,2.0,,2.0,,,,,,
Vivian Qian Liu,2021ABI,2021.0,S10,last,3033.0,69.0,3,2.0,,3.0,,2.0,0.0,,,
Maryellen Giger,2021ABI,2021.0,S10,first,3033.0,327.0,42,15.0,4.0,6.0,25.0,10.0,17.0,0.0,17.0,2.0
Arnold Hayer,2021ABI,2021.0,S10,last,3033.0,98.0,7,10.0,2.0,4.0,,,1.0,,,
David Van Valen,2021ABI,2021.0,S10,first,3033.0,52.0,4,4.0,,2.0,,2.0,,,,
Fanny Chapelin,2021ABI,2021.0,S10,first,3033.0,93.0,3,4.0,2.0,2.0,,2.0,,0.0,,
Srigokul Upadhyayula,2021ABI,2021.0,S10,first,3033.0,38.0,2,2.0,,,,,,0.0,,
Matthew Lovett,2021ABI,2021.0,S10,middle,3033.0,18.0,4,,,,,4.0,0.0,,,
Vivian Qian Liu,2021ABI,2021.0,S10,middle,3033.0,129.0,6,6.0,2.0,2.0,,4.0,,,,
Matthew Lovett,2021ABI,2021.0,S10,first,3033.0,76.0,3,4.0,,4.0,,,4.0,,,
Sapun Parekh,2021ABI,2021.0,S10,last,3033.0,133.0,8,4.0,4.0,6.0,2.0,2.0,3.0,,,
Matthew Lew,2021ABI,2021.0,S10,last,3033.0,142.0,7,4.0,1.0,2.0,,2.0,8.0,,,2.0
Arnold Hayer,2021ABI,2021.0,S10,first,3033.0,97.0,2,4.0,,1.0,,,,,,
Maryellen Giger,2021ABI,2021.0,S10,last,3033.0,540.0,41,12.0,10.0,9.0,20.0,3.0,20.0,0.0,20.0,5.0
Aniruddha Ray,2021ABI,2021.0,S11,first,3230.0,63.0,3,3.0,,,,,2.0,,,
Barbara Smith,2021ABI,2021.0,S11,middle,3230.0,139.0,6,11.0,,,,,,,,
Carolyn Bayer,2021ABI,2021.0,S11,first,3230.0,45.0,2,3.0,,,1.0,,1.0,,,
Brad Smith,2021ABI,2021.0,S11,middle,3230.0,86.0,12,4.0,,2.0,2.0,8.0,2.0,0.0,4.0,
Luke Mortensen,2021ABI,2021.0,S11,first,3230.0,177.0,8,6.0,,1.0,,2.0,1.0,0.0,,
Andrew Feig,2021ABI,2021.0,S11,last,3230.0,3.0,1,2.0,,,,,,,,
Barbara Smith,2021ABI,2021.0,S11,first,3230.0,56.0,8,4.0,,,1.0,,2.0,0.0,2.0,
Steve Jett,2021ABI,2021.0,S11,first,3230.0,63.0,2,2.0,,,,,,,1.0,
Jim Mitchell,2021ABI,2021.0,S11,last,3230.0,5.0,2,,-1.0,,1.0,,1.0,,,
Sixian You,2021ABI,2021.0,S11,last,3230.0,229.0,10,13.0,4.0,7.0,,4.0,4.0,,,1.0
Brad Smith,2021ABI,2021.0,S11,first,3230.0,189.0,18,4.0,,2.0,8.0,6.0,4.0,,9.0,1.0
Alexandra Dickinson,2021ABI,2021.0,S11,last,3230.0,82.0,2,4.0,2.0,4.0,,,,,,
Yevgenia Kozorovitskiy,2021ABI,2021.0,S11,last,3230.0,26.0,3,5.0,,2.0,,1.0,2.0,,,
Sixian You,2021ABI,2021.0,S11,middle,3230.0,77.0,2,4.0,,2.0,,,2.0,,1.0,
Aniruddha Ray,2021ABI,2021.0,S11,last,3230.0,133.0,16,15.0,1.0,3.0,4.0,1.0,2.0,0.0,1.0,2.0
Alexandra Dickinson,2021ABI,2021.0,S11,middle,3230.0,52.0,4,1.0,,,,6.0,1.0,,,
Carolyn Bayer,2021ABI,2021.0,S11,last,3230.0,91.0,10,4.0,3.0,2.0,3.0,3.0,4.0,0.0,,
Luke Mortensen,2021ABI,2021.0,S11,last,3230.0,47.0,3,4.0,1.0,2.0,,2.0,,,,
Sixian You,2021ABI,2021.0,S11,first,3230.0,211.0,7,10.0,2.0,2.0,,,1.0,,1.0,
Yevgenia Kozorovitskiy,2021ABI,2021.0,S11,middle,3230.0,216.0,4,7.0,6.0,4.0,,,,,,
Alexandra Dickinson,2021ABI,2021.0,S11,first,3230.0,48.0,1,2.0,,,,,1.0,,,
Barbara Smith,2021ABI,2021.0,S11,last,3230.0,394.0,11,8.0,,0.0,2.0,,7.0,0.0,,
Brad Smith,2021ABI,2021.0,S11,last,3230.0,311.0,35,10.0,4.0,11.0,16.0,25.0,10.0,0.0,3.0,
Aniruddha Ray,2021ABI,2021.0,S11,middle,3230.0,61.0,3,2.0,,2.0,1.0,2.0,1.0,,1.0,
Carolyn Bayer,2021ABI,2021.0,S11,middle,3230.0,294.0,13,15.0,4.0,7.0,,2.0,1.0,0.0,,
Yevgenia Kozorovitskiy,2021ABI,2021.0,S11,first,3230.0,132.0,4,8.0,2.0,2.0,,,,,,
Brian Pogue,2021ABI,2021.0,S12,last,3480.0,174.0,46,8.0,2.0,7.0,25.0,6.0,8.0,0.0,4.0,3.0
Huanyu Cheng,2021ABI,2021.0,S12,last,3480.0,60.0,2,2.0,,2.0,1.0,,1.0,,,
Mark Sellmyer,2021ABI,2021.0,S12,first,3480.0,147.0,5,9.0,,3.0,,2.0,,,,
Benjamin Bartelle,2021ABI,2021.0,S12,middle,3480.0,143.0,16,11.0,9.0,2.0,,4.0,3.0,0.0,1.0,
Joyoni Dey,2021ABI,2021.0,S12,last,3480.0,64.0,7,4.0,1.0,,2.0,3.0,2.0,0.0,1.0,
Shiva Abbbaszadeh,2021ABI,2021.0,S12,last,3480.0,184.0,9,8.0,2.0,7.0,2.0,1.0,1.0,,,2.0
Uzay Emir,2021ABI,2021.0,S12,last,3480.0,87.0,4,5.0,2.0,2.0,2.0,2.0,,,,
Mini Das,2021ABI,2021.0,S12,last,3480.0,205.0,22,5.0,,5.0,14.0,6.0,2.0,0.0,0.0,
Benjamin Bartelle,2021ABI,2021.0,S12,first,3480.0,63.0,5,2.0,2.0,,1.0,,2.0,,0.0,2.0
Brian Pogue,2021ABI,2021.0,S12,middle,3480.0,105.0,10,10.0,4.0,6.0,,6.0,0.0,0.0,,
Ulugbek Kamilov,2021ABI,2021.0,S12,last,3480.0,53.0,6,5.0,2.0,2.0,,4.0,0.0,,1.0,
Kristen Maitland,2021ABI,2021.0,S12,first,3480.0,170.0,20,2.0,,,18.0,,12.0,0.0,10.0,2.0
Uzay Emir,2021ABI,2021.0,S12,middle,3480.0,24.0,2,4.0,2.0,,,,,,,
Joyoni Dey,2021ABI,2021.0,S12,middle,3480.0,266.0,16,18.0,3.0,7.0,,4.0,1.0,0.0,,
Mini Das,2021ABI,2021.0,S12,middle,3480.0,157.0,19,11.0,3.0,5.0,1.0,8.0,1.0,0.0,2.0,
Brian Pogue,2021ABI,2021.0,S12,first,3480.0,61.0,5,2.0,1.0,1.0,1.0,,2.0,,,
Huanyu Cheng,2021ABI,2021.0,S12,first,3480.0,143.0,2,4.0,,2.0,,,,,,
Mini Das,2021ABI,2021.0,S12,first,3480.0,223.0,12,10.0,1.0,6.0,2.0,3.0,5.0,0.0,-1.0,
Shiva Abbbaszadeh,2021ABI,2021.0,S12,first,3480.0,28.0,3,2.0,,,,1.0,2.0,,,
Joyoni Dey,2021ABI,2021.0,S12,first,3480.0,112.0,2,3.0,2.0,2.0,,,,,,
Uzay Emir,2021ABI,2021.0,S12,first,3480.0,107.0,5,7.0,,2.0,,2.0,3.0,,,
Mark Sellmyer,2021ABI,2021.0,S12,last,3480.0,81.0,7,10.0,,2.0,,,,0.0,,
Ulugbek Kamilov,2021ABI,2021.0,S12,middle,3480.0,173.0,14,15.0,1.0,3.0,,4.0,2.0,0.0,,
Andrew Feig,2021ABI,2021.0,S12,first,3480.0,3.0,1,,,,,,2.0,,,
Ulugbek Kamilov,2021ABI,2021.0,S12,first,3480.0,88.0,6,5.0,1.0,,1.0,,1.0,,,
Benjamin Bartelle,2021ABI,2021.0,S12,last,3480.0,313.0,14,19.0,5.0,8.0,,1.0,5.0,,,1.0
Morteza Mahmoudi,2021ABI,2021.0,S12,middle,3480.0,83.0,1,2.0,2.0,,,,,,,
Mark Sellmyer,2021ABI,2021.0,S12,middle,3480.0,62.0,1,2.0,,,,,,,,
Kristen Maitland,2021ABI,2021.0,S12,last,3480.0,27.0,4,,,,5.0,,1.0,,,
Morteza Mahmoudi,2021ABI,2021.0,S12,first,3480.0,74.0,1,2.0,,,,,0.0,,,
Dylan McCreedy,2021ABI,2021.0,S13,last,3579.0,189.0,39,9.0,,8.0,4.0,12.0,2.0,0.0,,3.0
Nick Galati,2021ABI,2021.0,S13,first,3579.0,139.0,4,5.0,1.0,,,2.0,1.0,,2.0,
Melike Lakadamyali,2021ABI,2021.0,S13,first,3579.0,18.0,3,1.0,,,1.0,2.0,,,,
Katy Keenan,2021ABI,2021.0,S13,middle,3579.0,24.0,4,,,,,2.0,1.0,0.0,2.0,
Ferdinand Schweser,2021ABI,2021.0,S13,last,3579.0,247.0,15,12.0,3.0,9.0,1.0,4.0,2.0,,1.0,
Katy Keenan,2021ABI,2021.0,S13,first,3579.0,29.0,2,2.0,,,1.0,,,0.0,1.0,
Crystal Rogers,2021ABI,2021.0,S13,last,3579.0,152.0,6,6.0,2.0,6.0,1.0,,1.0,0.0,,3.0
Samuel Achilefu,2021ABI,2021.0,S13,middle,3579.0,68.0,6,3.0,0.0,2.0,,2.0,1.0,,2.0,2.0
Dylan Burnette,2021ABI,2021.0,S13,middle,3579.0,31.0,3,5.0,2.0,,,,,,,
Unknown speaker,2021ABI,2021.0,S13,last,3579.0,4.0,3,1.0,,,,1.0,1.0,,,
Dylan McCreedy,2021ABI,2021.0,S13,middle,3579.0,87.0,2,4.0,,1.0,2.0,,,,2.0,
Samuel Achilefu,2021ABI,2021.0,S13,first,3579.0,128.0,11,2.0,,1.0,6.0,3.0,4.0,,2.0,
Ferdinand Schweser,2021ABI,2021.0,S13,middle,3579.0,282.0,2,4.0,2.0,2.0,,2.0,,,,
Dylan Burnette,2021ABI,2021.0,S13,first,3579.0,174.0,7,8.0,2.0,4.0,1.0,2.0,,,1.0,
Shannon Quinn,2021ABI,2021.0,S13,last,3579.0,124.0,9,6.0,1.0,2.0,,8.0,3.0,,1.0,
Dylan McCreedy,2021ABI,2021.0,S13,first,3579.0,40.0,5,2.0,,,4.0,,1.0,,1.0,
Crystal Rogers,2021ABI,2021.0,S13,middle,3579.0,102.0,10,7.0,,3.0,,6.0,2.0,0.0,2.0,2.0
Ferdinand Schweser,2021ABI,2021.0,S13,first,3579.0,86.0,6,10.0,,4.0,,,,,1.0,
Nick Galati,2021ABI,2021.0,S13,last,3579.0,58.0,2,2.0,,2.0,,,2.0,,1.0,
Melike Lakadamyali,2021ABI,2021.0,S13,last,3579.0,131.0,8,9.0,,1.0,1.0,,1.0,,1.0,
Crystal Rogers,2021ABI,2021.0,S13,first,3579.0,197.0,12,9.0,2.0,6.0,2.0,3.0,6.0,0.0,1.0,1.0
Mimi Sammarco,2021ABI,2021.0,S13,middle,3579.0,52.0,3,2.0,1.0,3.0,,,2.0,,,
Shannon Quinn,2021ABI,2021.0,S13,middle,3579.0,240.0,4,4.0,2.0,5.0,1.0,2.0,,,,2.0
Katy Keenan,2021ABI,2021.0,S13,last,3579.0,87.0,6,4.0,0.0,3.0,2.0,4.0,3.0,0.0,,
Shannon Quinn,2021ABI,2021.0,S13,first,3579.0,78.0,10,9.0,4.0,3.0,,2.0,0.0,0.0,1.0,
Melike Lakadamyali,2021ABI,2021.0,S13,middle,3579.0,282.0,7,10.0,5.0,1.0,,,3.0,,,
Mimi Sammarco,2021ABI,2021.0,S13,first,3579.0,153.0,14,8.0,,2.0,5.0,4.0,0.0,0.0,1.0,
Nick Galati,2021ABI,2021.0,S13,middle,3579.0,108.0,3,6.0,4.0,2.0,,,1.0,,,2.0
Samuel Achilefu,2021ABI,2021.0,S13,last,3579.0,169.0,11,2.0,,1.0,5.0,4.0,2.0,0.0,1.0,3.0
Dylan Burnette,2021ABI,2021.0,S13,last,3579.0,100.0,2,4.0,,2.0,,,,,,
Molly Bright,2021ABI,2021.0,S14,last,2959.0,100.0,3,6.0,3.0,,,,1.0,,,
Alexandra Walsh,2021ABI,2021.0,S14,last,2959.0,126.0,3,4.0,,2.0,,,,0.0,,
Kevin Cash,2021ABI,2021.0,S14,middle,2959.0,29.0,4,5.0,2.0,1.0,,,,0.0,,
Katharine White,2021ABI,2021.0,S14,middle,2959.0,134.0,3,2.0,,4.0,1.0,4.0,2.0,,,1.0
Kevin Cash,2021ABI,2021.0,S14,first,2959.0,42.0,5,4.0,,2.0,2.0,2.0,1.0,,,
Candace Fleischer,2021ABI,2021.0,S14,last,2959.0,302.0,16,20.0,4.0,6.0,,4.0,0.0,0.0,,
Lingyan Shi,2021ABI,2021.0,S14,last,2959.0,67.0,6,2.0,2.0,5.0,,,2.0,,,
Andrew Feig,2021ABI,2021.0,S14,last,2959.0,22.0,2,4.0,,2.0,,,,,,
Seunghyun Sim,2021ABI,2021.0,S14,middle,2959.0,42.0,1,1.0,,1.0,,1.0,,,,
Allison Dennis,2021ABI,2021.0,S14,first,2959.0,36.0,2,2.0,,,,,1.0,,,
Katharine White,2021ABI,2021.0,S14,first,2959.0,42.0,3,2.0,,,,,0.0,,0.0,
Lu Wei,2021ABI,2021.0,S14,first,2959.0,80.0,3,6.0,,2.0,,,1.0,,,
Seunghyun Sim,2021ABI,2021.0,S14,first,2959.0,23.0,2,2.0,,,,,1.0,,,
Matthew Bogyo,2021ABI,2021.0,S14,last,2959.0,121.0,12,2.0,4.0,3.0,11.0,6.0,2.0,0.0,2.0,2.0
Alexandra Walsh,2021ABI,2021.0,S14,first,2959.0,20.0,1,2.0,,,,,1.0,,,
Molly Bright,2021ABI,2021.0,S14,first,2959.0,12.0,2,,,,,,1.0,,1.0,
Ping Wang,2021ABI,2021.0,S14,last,2959.0,51.0,1,2.0,,2.0,,,,,,
Lingyan Shi,2021ABI,2021.0,S14,middle,2959.0,156.0,3,6.0,2.0,3.0,,,,,,
Jin Zhang,2021ABI,2021.0,S14,last,2959.0,244.0,24,5.0,1.0,7.0,6.0,7.0,7.0,0.0,4.0,2.0
Aniruddha Ray,2021ABI,2021.0,S14,last,2959.0,0.0,1,,,,,,,0.0,,
Candace Fleischer,2021ABI,2021.0,S14,first,2959.0,12.0,1,2.0,,,,,,,,
Lingyan Shi,2021ABI,2021.0,S14,first,2959.0,112.0,2,2.0,,1.0,,,1.0,,1.0,
Matthew Bogyo,2021ABI,2021.0,S14,middle,2959.0,93.0,4,3.0,,5.0,,7.0,,,,
Silvia Ronco,2021ABI,2021.0,S14,last,2959.0,0.0,1,,,,,,,0.0,,
Ping Wang,2021ABI,2021.0,S14,middle,2959.0,248.0,10,12.0,2.0,7.0,1.0,4.0,0.0,,,
Kevin Cash,2021ABI,2021.0,S14,last,2959.0,118.0,6,,2.0,2.0,5.0,3.0,,,,1.0
Allison Dennis,2021ABI,2021.0,S14,last,2959.0,88.0,3,4.0,2.0,2.0,2.0,2.0,,,,
Katharine White,2021ABI,2021.0,S14,last,2959.0,69.0,3,2.0,5.0,4.0,,,2.0,,,
Matthew Bogyo,2021ABI,2021.0,S14,first,2959.0,91.0,15,2.0,,1.0,8.0,,9.0,,11.0,
Lu Wei,2021ABI,2021.0,S14,last,2959.0,112.0,7,4.0,,,,5.0,,0.0,,
Ping Wang,2021ABI,2021.0,S14,first,2959.0,62.0,1,2.0,,,,,1.0,,,
Jin Zhang,2021ABI,2021.0,S14,first,2959.0,253.0,9,,,4.0,14.0,4.0,3.0,,3.0,3.0
Seunghyun Sim,2021ABI,2021.0,S14,last,2959.0,52.0,30,,2.0,2.0,,,0.0,0.0,,
Aniruddha Ray,2021ABI,2021.0,S15,first,3237.0,64.0,6,4.0,,,-1.0,,0.0,,,
Barbara Smith,2021ABI,2021.0,S15,middle,3237.0,108.0,3,6.0,,,,,,,,
Carolyn Bayer,2021ABI,2021.0,S15,first,3237.0,18.0,8,7.0,,,,1.0,1.0,0.0,,
Brad Smith,2021ABI,2021.0,S15,middle,3237.0,97.0,12,2.0,2.0,1.0,,7.0,2.0,0.0,6.0,
Luke Mortensen,2021ABI,2021.0,S15,first,3237.0,86.0,6,7.0,,,,1.0,1.0,,1.0,
Andrew Feig,2021ABI,2021.0,S15,last,3237.0,3.0,1,2.0,,,,,,,,
Barbara Smith,2021ABI,2021.0,S15,first,3237.0,59.0,4,3.0,,,,,1.0,0.0,,
Steve Jett,2021ABI,2021.0,S15,first,3237.0,93.0,6,10.0,,3.0,,2.0,,,,
Jim Mitchell,2021ABI,2021.0,S15,last,3237.0,0.0,1,,,,,,1.0,,,
Sixian You,2021ABI,2021.0,S15,last,3237.0,129.0,9,9.0,,7.0,,4.0,2.0,,,
Brad Smith,2021ABI,2021.0,S15,first,3237.0,249.0,30,8.0,2.0,4.0,13.0,14.0,2.0,0.0,13.0,
Alexandra Dickinson,2021ABI,2021.0,S15,last,3237.0,70.0,3,4.0,2.0,2.0,,,,0.0,,
Yevgenia Kozorovitskiy,2021ABI,2021.0,S15,last,3237.0,32.0,4,6.0,1.0,2.0,,2.0,2.0,,,
Sixian You,2021ABI,2021.0,S15,middle,3237.0,86.0,9,9.0,3.0,2.0,,2.0,2.0,0.0,,
Aniruddha Ray,2021ABI,2021.0,S15,last,3237.0,115.0,20,19.0,2.0,3.0,2.0,7.0,1.0,0.0,2.0,1.0
Alexandra Dickinson,2021ABI,2021.0,S15,middle,3237.0,49.0,4,,,,,4.0,1.0,,,
Carolyn Bayer,2021ABI,2021.0,S15,last,3237.0,92.0,15,11.0,2.0,11.0,,7.0,2.0,,,
Silvia Ronco,2021ABI,2021.0,S15,last,3237.0,3.0,2,,,,1.0,,,0.0,,
Luke Mortensen,2021ABI,2021.0,S15,last,3237.0,70.0,6,5.0,2.0,2.0,,2.0,,0.0,,
Sixian You,2021ABI,2021.0,S15,first,3237.0,148.0,10,12.0,2.0,6.0,,,1.0,,,
Yevgenia Kozorovitskiy,2021ABI,2021.0,S15,middle,3237.0,241.0,13,24.0,7.0,5.0,,,,0.0,,
Alexandra Dickinson,2021ABI,2021.0,S15,first,3237.0,49.0,2,2.0,,2.0,,,0.0,,,
Barbara Smith,2021ABI,2021.0,S15,last,3237.0,396.0,11,9.0,0.0,,1.0,,7.0,,,1.0
Brad Smith,2021ABI,2021.0,S15,last,3237.0,420.0,40,12.0,4.0,12.0,12.0,24.0,3.0,0.0,7.0,
Aniruddha Ray,2021ABI,2021.0,S15,middle,3237.0,43.0,1,2.0,2.0,,,,,,,
Carolyn Bayer,2021ABI,2021.0,S15,middle,3237.0,380.0,20,21.0,5.0,11.0,2.0,6.0,0.0,0.0,,
Yevgenia Kozorovitskiy,2021ABI,2021.0,S15,first,3237.0,137.0,9,9.0,2.0,3.0,1.0,,,0.0,,
Ali Keshavarzian,2021ABI,2021.0,S16,middle,2949.0,161.0,3,4.0,,,2.0,,2.0,,3.0,2.0
Chris Whtibey,2021ABI,2021.0,S16,last,2949.0,1.0,1,,,,,,,0.0,,
Chris Whitbey,2021ABI,2021.0,S16,last,2949.0,75.0,4,4.0,,2.0,,3.0,,,,
Carolina Tropini,2021ABI,2021.0,S16,last,2949.0,12.0,3,1.0,,1.0,,,1.0,,,
Silvia Ronco,2021ABI,2021.0,S16,first,2949.0,49.0,14,5.0,,1.0,4.0,11.0,2.0,,,
Stavroula Hatzios,2021ABI,2021.0,S16,last,2949.0,80.0,1,2.0,2.0,2.0,,,,,,
Xin Qi,2021ABI,2021.0,S16,last,2949.0,160.0,4,6.0,,2.0,2.0,,,0.0,,
Abhishek Shrivastava,2021ABI,2021.0,S16,middle,2949.0,149.0,15,14.0,2.0,4.0,,2.0,4.0,0.0,1.0,1.0
Aisla Ibrahimi,2021ABI,2021.0,S16,first,2949.0,11.0,2,2.0,,,,1.0,,,,
Ali Keshavarziyan,2021ABI,2021.0,S16,middle,2949.0,15.0,1,,,,2.0,2.0,,,,
Andrew Ferg,2021ABI,2021.0,S16,first,2949.0,13.0,3,2.0,,,4.0,2.0,1.0,,2.0,
Lisa Ryne,2021ABI,2021.0,S16,first,2949.0,29.0,1,2.0,,,,,,,,
Aida Ebrahimi,2021ABI,2021.0,S16,middle,2949.0,142.0,3,5.0,,2.0,2.0,2.0,,,,
Ali Keshavarzi,2021ABI,2021.0,S16,first,2949.0,5.0,1,,,,,,1.0,,,
Chris Whtibey,2021ABI,2021.0,S16,middle,2949.0,86.0,1,2.0,,2.0,,2.0,,,,
Abhishek Shrivastava,2021ABI,2021.0,S16,first,2949.0,122.0,5,4.0,,1.0,2.0,,0.0,0.0,,
Aida Ebrahimi,2021ABI,2021.0,S16,first,2949.0,93.0,4,2.0,,,3.0,2.0,1.0,,,
Ali Keshavarziyan,2021ABI,2021.0,S16,first,2949.0,33.0,12,,,,8.0,2.0,5.0,,8.0,
Carolina Tropini,2021ABI,2021.0,S16,middle,2949.0,110.0,7,6.0,,6.0,,2.0,1.0,0.0,,
Ping Wang,2021ABI,2021.0,S16,last,2949.0,243.0,11,9.0,4.0,2.0,3.0,5.0,5.0,,,
Xin Qi,2021ABI,2021.0,S16,middle,2949.0,55.0,1,2.0,,2.0,,,,,,
Ying,2021ABI,2021.0,S16,last,2949.0,38.0,3,2.0,,2.0,,,,0.0,,
Stavroula Hatzios,2021ABI,2021.0,S16,middle,2949.0,103.0,5,6.0,1.0,5.0,,,0.0,,,1.0
Carolina Tropini,2021ABI,2021.0,S16,first,2949.0,58.0,6,2.0,,,1.0,,1.0,0.0,,
Chris Whitbey,2021ABI,2021.0,S16,first,2949.0,43.0,2,2.0,,,1.0,2.0,,,,
Stavroula Hatzios,2021ABI,2021.0,S16,first,2949.0,40.0,11,5.0,,1.0,3.0,2.0,4.0,0.0,2.0,
Silvia Ronco,2021ABI,2021.0,S16,last,2949.0,11.0,3,,,,2.0,,0.0,,,
Ping Wang,2021ABI,2021.0,S16,middle,2949.0,3.0,1,,,1.0,,,,,,
Lisa Ryno,2021ABI,2021.0,S16,last,2949.0,57.0,3,4.0,,4.0,,,0.0,,,
Ying,2021ABI,2021.0,S16,middle,2949.0,18.0,2,3.0,,,,2.0,,,,
Ali Keshavarzian,2021ABI,2021.0,S16,last,2949.0,288.0,52,6.0,,5.0,7.0,1.0,7.0,0.0,3.0,9.0
Lisa Ryne,2021ABI,2021.0,S16,last,2949.0,61.0,1,2.0,,2.0,,,,,,
Ping Wang,2021ABI,2021.0,S16,first,2949.0,49.0,12,6.0,,,2.0,4.0,3.0,0.0,,
Abhishek Shrivastava,2021ABI,2021.0,S16,last,2949.0,111.0,5,6.0,2.0,6.0,,2.0,2.0,,1.0,
Aida Ebrahimi,2021ABI,2021.0,S16,last,2949.0,423.0,28,6.0,2.0,3.0,13.0,19.0,5.0,0.0,2.0,3.0
Ying,2021ABI,2021.0,S16,first,2949.0,0.0,3,,,,,,1.0,,,
Lisa Ryno,2021ABI,2021.0,S16,middle,2949.0,2.0,1,1.0,,,,,,,,
Aseema Mohanty,2021ABI,2021.0,S2,middle,4227.0,69.0,4,1.0,,,,5.0,,0.0,,
Kirsten Marlo,2021ABI,2021.0,S2,last,4227.0,62.0,4,1.0,1.0,3.0,3.0,2.0,2.0,,2.0,
Nick Galati,2021ABI,2021.0,S2,first,4227.0,78.0,1,2.0,2.0,2.0,,,,,,
Douglas Shepherd,2021ABI,2021.0,S2,first,4227.0,134.0,6,9.0,2.0,,,2.0,,,,
Melike Lakadamyali,2021ABI,2021.0,S2,first,4227.0,115.0,3,6.0,,4.0,,,,,,
Joyoni Dey,2021ABI,2021.0,S2,last,4227.0,214.0,8,7.0,,6.0,3.0,2.0,2.0,0.0,,1.0
Aseema Mohanty,2021ABI,2021.0,S2,first,4227.0,74.0,5,8.0,,,,2.0,1.0,,,1.0
Lingyan Shi,2021ABI,2021.0,S2,last,4227.0,395.0,11,15.0,2.0,9.0,1.0,,2.0,0.0,,
Kristen Maitland,2021ABI,2021.0,S2,middle,4227.0,102.0,4,4.0,1.0,,1.0,,1.0,,1.0,1.0
Matthew Lovett,2021ABI,2021.0,S2,last,4227.0,203.0,10,5.0,2.0,6.0,7.0,4.0,1.0,,1.0,2.0
Vivian Qian Liu,2021ABI,2021.0,S2,last,4227.0,87.0,3,2.0,2.0,4.0,,,,,,2.0
Kristen Maitland,2021ABI,2021.0,S2,first,4227.0,186.0,23,,,,18.0,1.0,13.0,,10.0,
Mimi Sammarco,2021ABI,2021.0,S2,last,4227.0,48.0,3,2.0,4.0,,2.0,,4.0,,,
Arnold Hayer,2021ABI,2021.0,S2,last,4227.0,104.0,4,4.0,1.0,4.0,,,1.0,,,2.0
Lingyan Shi,2021ABI,2021.0,S2,middle,4227.0,125.0,2,4.0,2.0,4.0,,,,,,
Jin Zhang,2021ABI,2021.0,S2,last,4227.0,245.0,11,2.0,2.0,6.0,4.0,5.0,4.0,,2.0,3.0
Joyoni Dey,2021ABI,2021.0,S2,first,4227.0,103.0,6,7.0,,4.0,,,1.0,,,0.0
Matthew Lovett,2021ABI,2021.0,S2,middle,4227.0,96.0,7,5.0,4.0,3.0,,7.0,1.0,,2.0,
Nick Galati,2021ABI,2021.0,S2,last,4227.0,93.0,2,2.0,1.0,,,3.0,,,1.0,
Douglas Shepherd,2021ABI,2021.0,S2,last,4227.0,131.0,3,4.0,4.0,2.0,,1.0,,,,
Richard Wiener,2021ABI,2021.0,S2,last,4227.0,52.0,3,4.0,,,3.0,,3.0,,,
Aseema Mohery,2021ABI,2021.0,S2,middle,4227.0,20.0,1,,,2.0,,2.0,,,,
Lingyan Shi,2021ABI,2021.0,S2,first,4227.0,131.0,1,2.0,,,,,0.0,,,
Arnold Hayer,2021ABI,2021.0,S2,middle,4227.0,25.0,1,2.0,2.0,,,,,,,
Matthew Lovett,2021ABI,2021.0,S2,first,4227.0,118.0,5,7.0,,,,,2.0,,,
Jin Zhang,2021ABI,2021.0,S2,middle,4227.0,79.0,1,,,,2.0,2.0,,,,2.0
Vivian Qian Liu,2021ABI,2021.0,S2,first,4227.0,166.0,5,6.0,,2.0,,2.0,1.0,,,
Melike Lakadamyali,2021ABI,2021.0,S2,middle,4227.0,219.0,7,6.0,6.0,5.0,,2.0,,0.0,,
Mimi Sammarco,2021ABI,2021.0,S2,first,4227.0,93.0,5,8.0,,,,,1.0,,,
Jin Zhang,2021ABI,2021.0,S2,first,4227.0,1.0,1,,,,1.0,,1.0,,,
Arnold Hayer,2021ABI,2021.0,S2,first,4227.0,129.0,1,2.0,,2.0,,2.0,,,,
Nick Galati,2021ABI,2021.0,S2,middle,4227.0,327.0,14,14.0,7.0,7.0,1.0,,4.0,0.0,,
Kristen Maitland,2021ABI,2021.0,S2,last,4227.0,12.0,3,1.0,,,2.0,,1.0,,,1.0
Douglas Shepherd,2021ABI,2021.0,S2,middle,4227.0,191.0,6,9.0,5.0,4.0,,2.0,,,,2.0
Srigokul Upadhyayula,2021ABI,2021.0,S3,last,3694.0,270.0,8,12.0,5.0,,,1.0,3.0,,,
Wei Min,2021ABI,2021.0,S3,first,3694.0,92.0,22,4.0,3.0,,10.0,6.0,11.0,0.0,3.0,
Barbara Smith,2021ABI,2021.0,S3,middle,3694.0,3.0,1,,,,1.0,,,,1.0,
Stefan Wilhelm,2021ABI,2021.0,S3,last,3694.0,25.0,2,,,,,2.0,1.0,,,
Barbara Smith,2021ABI,2021.0,S3,first,3694.0,65.0,3,2.0,,,1.0,2.0,1.0,,1.0,
Alexandra Walsh,2021ABI,2021.0,S3,middle,3694.0,99.0,2,4.0,,,,,1.0,,,
Lu Wei,2021ABI,2021.0,S3,first,3694.0,85.0,4,2.0,,,1.0,,3.0,,1.0,
David Van Valen,2021ABI,2021.0,S3,middle,3694.0,207.0,30,14.0,5.0,11.0,,2.0,3.0,0.0,,
Shwetadwip Chowdhury,2021ABI,2021.0,S3,last,3694.0,374.0,35,11.0,3.0,8.0,7.0,17.0,7.0,0.0,4.0,2.0
Stefan Wilhelm,2021ABI,2021.0,S3,middle,3694.0,5.0,1,,,,,,,,1.0,
David Van Valen,2021ABI,2021.0,S3,first,3694.0,108.0,5,4.0,,2.0,,1.0,1.0,,1.0,
Srigokul Upadhyayula,2021ABI,2021.0,S3,first,3694.0,92.0,3,2.0,,,1.0,,1.0,0.0,1.0,
Wei Min,2021ABI,2021.0,S3,last,3694.0,424.0,24,20.0,4.0,5.0,2.0,10.0,9.0,0.0,2.0,1.0
Alexandra Dickinson,2021ABI,2021.0,S3,middle,3694.0,28.0,2,,,,,4.0,,,,
Stefan Wilhelm,2021ABI,2021.0,S3,first,3694.0,271.0,5,8.0,,2.0,,2.0,3.0,,,
Shwetadwip Chowdhury,2021ABI,2021.0,S3,middle,3694.0,155.0,16,4.0,1.0,4.0,1.0,10.0,4.0,0.0,,1.0
Luke Mortensen,2021ABI,2021.0,S3,last,3694.0,111.0,4,8.0,4.0,4.0,,,,,,
Barbara Smith,2021ABI,2021.0,S3,last,3694.0,255.0,19,13.0,7.0,3.0,3.0,9.0,1.0,0.0,1.0,
Alexandra Dickinson,2021ABI,2021.0,S3,first,3694.0,162.0,8,6.0,,,1.0,,2.0,0.0,1.0,
Shwetadwip Chowdhury,2021ABI,2021.0,S3,first,3694.0,166.0,15,4.0,,,9.0,2.0,-1.0,0.0,2.0,
Lu Wei,2021ABI,2021.0,S3,last,3694.0,231.0,7,12.0,,3.0,2.0,2.0,,,,
Wei Min,2021ABI,2021.0,S3,middle,3694.0,274.0,13,10.0,,5.0,4.0,,1.0,,2.0,1.0
Alexandra Walsh,2021ABI,2021.0,S3,last,3694.0,44.0,2,3.0,,,,,,,,
Luke Mortensen,2021ABI,2021.0,S3,middle,3694.0,148.0,1,2.0,,,,,1.0,,1.0,
Molly Bright,2021ABI,2021.0,S4,last,3932.0,169.0,22,12.0,4.0,6.0,,3.0,7.0,0.0,1.0,
Paris Perdikaris,2021ABI,2021.0,S4,first,3932.0,64.0,1,2.0,,,,,1.0,,,
Mark Sellmyer,2021ABI,2021.0,S4,first,3932.0,55.0,1,2.0,,,,,,,,
Lisa Poulikakos,2021ABI,2021.0,S4,last,3932.0,26.0,6,,,,,3.0,8.0,,,2.0
Benjamin Bartelle,2021ABI,2021.0,S4,middle,3932.0,180.0,12,13.0,3.0,1.0,,6.0,4.0,,,
Benjamin Bartelle,2021ABI,2021.0,S4,first,3932.0,55.0,5,3.0,,,1.0,,0.0,,1.0,
Crystal Rogers,2021ABI,2021.0,S4,last,3932.0,100.0,9,7.0,7.0,5.0,,,2.0,0.0,,
Dylan Burnette,2021ABI,2021.0,S4,middle,3932.0,98.0,6,9.0,6.0,0.0,,,1.0,,,
Anna Moore,2021ABI,2021.0,S4,last,3932.0,381.0,20,14.0,0.0,5.0,3.0,,10.0,0.0,4.0,
Sixian You,2021ABI,2021.0,S4,last,3932.0,216.0,19,11.0,,3.0,4.0,3.0,4.0,0.0,2.0,2.0
Lisa Poulikakos,2021ABI,2021.0,S4,middle,3932.0,92.0,2,4.0,,2.0,,2.0,,,,
Dylan Burnette,2021ABI,2021.0,S4,first,3932.0,79.0,1,2.0,,,,,,,,
Molly Bright,2021ABI,2021.0,S4,first,3932.0,49.0,3,2.0,,,1.0,,0.0,,,
Lisa Poulikakos,2021ABI,2021.0,S4,first,3932.0,171.0,4,7.0,,2.0,1.0,5.0,2.0,,1.0,
Crystal Rogers,2021ABI,2021.0,S4,middle,3932.0,57.0,1,2.0,,2.0,,,,,,
Arne Bakker,2021ABI,2021.0,S4,first,3932.0,38.0,1,2.0,,,,,1.0,,,
Anna Moore,2021ABI,2021.0,S4,middle,3932.0,130.0,14,12.0,,2.0,1.0,4.0,3.0,,2.0,
Sixian You,2021ABI,2021.0,S4,middle,3932.0,70.0,2,2.0,2.0,,,2.0,,,,
Morteza Mahmoudi,2021ABI,2021.0,S4,last,3932.0,42.0,1,2.0,,2.0,,,,,,
Mark Sellmyer,2021ABI,2021.0,S4,last,3932.0,98.0,11,7.0,3.0,3.0,,6.0,4.0,,,1.0
Crystal Rogers,2021ABI,2021.0,S4,first,3932.0,67.0,1,2.0,2.0,2.0,,,,,,
Anna Moore,2021ABI,2021.0,S4,first,3932.0,360.0,35,13.0,,,16.0,6.0,18.0,0.0,7.0,
Sixian You,2021ABI,2021.0,S4,first,3932.0,83.0,5,3.0,,2.0,1.0,2.0,2.0,,,
Benjamin Bartelle,2021ABI,2021.0,S4,last,3932.0,462.0,45,52.0,14.0,13.0,2.0,12.0,10.0,0.0,1.0,6.0
Morteza Mahmoudi,2021ABI,2021.0,S4,middle,3932.0,219.0,2,4.0,,4.0,1.0,1.0,,,,
Mark Sellmyer,2021ABI,2021.0,S4,middle,3932.0,334.0,9,15.0,2.0,8.0,,2.0,-1.0,,,
Sandra Laney,2021ABI,2021.0,S4,first,3932.0,21.0,1,2.0,,,,,,,1.0,
Dylan Burnette,2021ABI,2021.0,S4,last,3932.0,146.0,19,11.0,7.0,11.0,,3.0,1.0,0.0,0.0,
Morteza Mahmoudi,2021ABI,2021.0,S4,first,3932.0,70.0,1,2.0,,,,,,,,
Sapun Parekh,2021ABI,2021.0,S5,middle,3687.0,165.0,5,8.0,6.0,1.0,,1.0,2.0,,,
Alexandra Basford,2021ABI,2021.0,S5,first,3687.0,9.0,1,1.0,,,,,1.0,,,
Ellen Sletten,2021ABI,2021.0,S5,middle,3687.0,117.0,5,4.0,2.0,6.0,,,2.0,0.0,1.0,
Ferdinand Schweser,2021ABI,2021.0,S5,last,3687.0,100.0,10,6.0,10.0,4.0,1.0,4.0,,,,
Shiva Abbbaszadeh,2021ABI,2021.0,S5,last,3687.0,118.0,5,2.0,1.0,3.0,,5.0,0.0,,,1.0
Uzay Emir,2021ABI,2021.0,S5,last,3687.0,280.0,21,25.0,9.0,8.0,2.0,,3.0,0.0,2.0,2.0
Candace Fleischer,2021ABI,2021.0,S5,last,3687.0,1.0,1,,0.0,,,,1.0,,,
Sapun Parekh,2021ABI,2021.0,S5,first,3687.0,69.0,3,4.0,2.0,,,,2.0,,,
Maryellen Giger,2021ABI,2021.0,S5,middle,3687.0,252.0,18,7.0,1.0,4.0,2.0,6.0,5.0,0.0,10.0,
Ellen Sletten,2021ABI,2021.0,S5,first,3687.0,25.0,1,2.0,,,,,,,,
Ulugbek Kamilov,2021ABI,2021.0,S5,last,3687.0,127.0,31,13.0,2.0,8.0,10.0,9.0,6.0,0.0,1.0,1.0
Ferdinand Schweser,2021ABI,2021.0,S5,middle,3687.0,66.0,4,2.0,,5.0,,,,0.0,,
Shiva Abbbaszadeh,2021ABI,2021.0,S5,middle,3687.0,87.0,1,2.0,,2.0,,2.0,,,,
Uzay Emir,2021ABI,2021.0,S5,middle,3687.0,25.0,1,,2.0,2.0,,,,,,
Ping Wang,2021ABI,2021.0,S5,last,3687.0,101.0,5,4.0,1.0,2.0,,0.0,1.0,,,
Maryellen Giger,2021ABI,2021.0,S5,first,3687.0,222.0,34,,2.0,5.0,19.0,8.0,21.0,0.0,17.0,
Candace Fleischer,2021ABI,2021.0,S5,middle,3687.0,177.0,2,2.0,2.0,4.0,,,1.0,,,
Anna-Karin Gustavsson,2021ABI,2021.0,S5,last,3687.0,18.0,1,,,1.0,1.0,,,,,
Ferdinand Schweser,2021ABI,2021.0,S5,first,3687.0,167.0,6,10.0,6.0,,,,0.0,,,
Shiva Abbbaszadeh,2021ABI,2021.0,S5,first,3687.0,29.0,1,2.0,,,,,,,,
Uzay Emir,2021ABI,2021.0,S5,first,3687.0,141.0,8,6.0,,2.0,1.0,1.0,3.0,0.0,0.0,
Ulugbek Kamilov,2021ABI,2021.0,S5,middle,3687.0,78.0,10,5.0,0.0,8.0,,,0.0,,2.0,
Candace Fleischer,2021ABI,2021.0,S5,first,3687.0,20.0,1,2.0,,,,,,,,
Ping Wang,2021ABI,2021.0,S5,middle,3687.0,41.0,6,2.0,2.0,2.0,,,2.0,,,
Ulugbek Kamilov,2021ABI,2021.0,S5,first,3687.0,85.0,8,7.0,,4.0,3.0,,3.0,,,
Anna-Karin Gustavsson,2021ABI,2021.0,S5,middle,3687.0,115.0,3,2.0,,2.0,,4.0,1.0,,1.0,
Sapun Parekh,2021ABI,2021.0,S5,last,3687.0,32.0,7,2.0,1.0,1.0,1.0,2.0,1.0,,,
Bot 5,2021ABI,2021.0,S5,last,3687.0,1.0,1,,,,1.0,,,,,
Ellen Sletten,2021ABI,2021.0,S5,last,3687.0,73.0,5,2.0,,6.0,1.0,2.0,,0.0,,
Ping Wang,2021ABI,2021.0,S5,first,3687.0,206.0,6,6.0,2.0,4.0,1.0,,4.0,,1.0,
Anna-Karin Gustavsson,2021ABI,2021.0,S5,first,3687.0,50.0,4,5.0,,,,,,,,
Samuel Achilefu,2021ABI,2021.0,S5,last,3687.0,15.0,1,2.0,,1.0,,,2.0,,,
Maryellen Giger,2021ABI,2021.0,S5,last,3687.0,675.0,82,45.0,11.0,22.0,24.0,15.0,15.0,0.0,12.0,10.0
Kevin Cash,2021ABI,2021.0,S6,middle,3513.0,29.0,1,2.0,1.0,2.0,,,,,,
Dylan McCreedy,2021ABI,2021.0,S6,last,3513.0,197.0,6,7.0,,6.0,,4.0,0.0,,,
Fanny Chapelin,2021ABI,2021.0,S6,last,3513.0,155.0,20,12.0,3.0,2.0,3.0,,3.0,0.0,,1.0
Allison Dennis,2021ABI,2021.0,S6,middle,3513.0,124.0,10,2.0,2.0,6.0,,2.0,6.0,0.0,2.0,
Brad Smith,2021ABI,2021.0,S6,middle,3513.0,74.0,3,2.0,,2.0,,2.0,1.0,0.0,2.0,
Mini Das,2021ABI,2021.0,S6,last,3513.0,304.0,28,4.0,4.0,3.0,10.0,13.0,11.0,,4.0,3.0
Kevin Cash,2021ABI,2021.0,S6,first,3513.0,32.0,1,2.0,,,,2.0,,,,
Matthew Lew,2021ABI,2021.0,S6,middle,3513.0,40.0,1,2.0,,2.0,,,,,,
Allison Dennis,2021ABI,2021.0,S6,first,3513.0,114.0,2,2.0,2.0,2.0,,2.0,,,,
Matthew Lew,2021ABI,2021.0,S6,first,3513.0,37.0,1,2.0,,2.0,,,,,,
Brad Smith,2021ABI,2021.0,S6,first,3513.0,76.0,9,3.0,1.0,2.0,5.0,,1.0,0.0,1.0,
Fanny Chapelin,2021ABI,2021.0,S6,middle,3513.0,14.0,1,2.0,2.0,,,,,,,
Matthew Bogyo,2021ABI,2021.0,S6,last,3513.0,145.0,18,8.0,3.0,7.0,1.0,7.0,3.0,0.0,5.0,2.0
Mini Das,2021ABI,2021.0,S6,middle,3513.0,269.0,8,8.0,4.0,12.0,1.0,2.0,0.0,,1.0,
Girgis Obaid,2021ABI,2021.0,S6,last,3513.0,179.0,14,14.0,11.0,6.0,,1.0,8.0,,3.0,1.0
Fanny Chapelin,2021ABI,2021.0,S6,first,3513.0,28.0,2,2.0,,,,2.0,,,,
Yevgenia Kozorovitskiy,2021ABI,2021.0,S6,last,3513.0,98.0,7,8.0,2.0,8.0,,1.0,,0.0,,
Dylan McCreedy,2021ABI,2021.0,S6,first,3513.0,25.0,1,2.0,,,,,,,,
Mini Das,2021ABI,2021.0,S6,first,3513.0,149.0,20,13.0,,5.0,4.0,5.0,1.0,0.0,3.0,
Aniruddha Ray,2021ABI,2021.0,S6,last,3513.0,127.0,12,10.0,,,,,0.0,0.0,1.0,
Matthew Bogyo,2021ABI,2021.0,S6,middle,3513.0,67.0,26,2.0,,2.0,,3.0,1.0,,1.0,
Kevin Cash,2021ABI,2021.0,S6,last,3513.0,212.0,17,25.0,2.0,6.0,,,0.0,0.0,,
Girgis Obaid,2021ABI,2021.0,S6,middle,3513.0,33.0,1,,2.0,2.0,,2.0,,,,
Yevgenia Kozorovitskiy,2021ABI,2021.0,S6,middle,3513.0,124.0,3,5.0,2.0,2.0,,,2.0,,,
Matthew Bogyo,2021ABI,2021.0,S6,first,3513.0,322.0,40,10.0,3.0,5.0,15.0,4.0,7.0,0.0,5.0,1.0
Brad Smith,2021ABI,2021.0,S6,last,3513.0,276.0,19,13.0,6.0,2.0,7.0,4.0,2.0,0.0,4.0,1.0
Aniruddha Ray,2021ABI,2021.0,S6,middle,3513.0,71.0,7,8.0,2.0,,,,0.0,0.0,,
Matthew Lew,2021ABI,2021.0,S6,last,3513.0,75.0,5,2.0,,5.0,,4.0,,,,
Girgis Obaid,2021ABI,2021.0,S6,first,3513.0,115.0,4,5.0,,,,2.0,1.0,,1.0,
Yevgenia Kozorovitskiy,2021ABI,2021.0,S6,first,3513.0,2.0,1,2.0,,,,,,,,
Aseema Mohanty,2021ABI,2021.0,S7,middle,4067.0,19.0,2,,,1.0,,1.0,1.0,,,
Nick Galati,2021ABI,2021.0,S7,first,4067.0,79.0,1,2.0,,2.0,,,,,,
Douglas Shepherd,2021ABI,2021.0,S7,first,4067.0,14.0,1,,2.0,2.0,,,,,,
Melike Lakadamyali,2021ABI,2021.0,S7,first,4067.0,148.0,2,2.0,2.0,4.0,,,,,,
Joyoni Dey,2021ABI,2021.0,S7,last,4067.0,230.0,13,8.0,1.0,5.0,5.0,2.0,4.0,0.0,2.0,
Aseema Mohanty,2021ABI,2021.0,S7,first,4067.0,75.0,2,2.0,,,,,0.0,,,1.0
Lingyan Shi,2021ABI,2021.0,S7,last,4067.0,420.0,9,12.0,,8.0,1.0,2.0,3.0,,,
Kristen Maitland,2021ABI,2021.0,S7,middle,4067.0,17.0,1,2.0,,,,,,,,
Matthew Lovett,2021ABI,2021.0,S7,last,4067.0,204.0,11,4.0,2.0,5.0,6.0,4.0,2.0,,1.0,2.0
Vivian Qian Liu,2021ABI,2021.0,S7,last,4067.0,94.0,1,2.0,2.0,,,,,,,
Kristen Maitland,2021ABI,2021.0,S7,first,4067.0,117.0,20,,,,13.0,,11.0,,10.0,
Mimi Sammarco,2021ABI,2021.0,S7,last,4067.0,108.0,5,2.0,3.0,,2.0,,4.0,0.0,1.0,2.0
Arnold Hayer,2021ABI,2021.0,S7,last,4067.0,127.0,3,4.0,2.0,4.0,,,2.0,,,3.0
Jin Zhang,2021ABI,2021.0,S7,last,4067.0,230.0,17,2.0,2.0,10.0,4.0,7.0,5.0,0.0,6.0,2.0
Joyoni Dey,2021ABI,2021.0,S7,first,4067.0,98.0,1,2.0,,2.0,,2.0,,,,
Matthew Lovett,2021ABI,2021.0,S7,middle,4067.0,98.0,6,3.0,3.0,2.0,1.0,8.0,1.0,,2.0,
Nick Galati,2021ABI,2021.0,S7,last,4067.0,47.0,2,1.0,1.0,,,3.0,,,1.0,
Douglas Shepherd,2021ABI,2021.0,S7,last,4067.0,141.0,2,4.0,4.0,2.0,,2.0,,,,
Richard Wiener,2021ABI,2021.0,S7,last,4067.0,54.0,1,2.0,,1.0,2.0,,,,,
Lingyan Shi,2021ABI,2021.0,S7,first,4067.0,132.0,1,2.0,,,,,,,,
Arnold Hayer,2021ABI,2021.0,S7,middle,4067.0,36.0,2,2.0,2.0,,,2.0,,,,
Matthew Lovett,2021ABI,2021.0,S7,first,4067.0,117.0,1,2.0,,1.0,,,,,,
Jin Zhang,2021ABI,2021.0,S7,middle,4067.0,130.0,2,,,,1.0,2.0,,,1.0,2.0
Vivian Qian Liu,2021ABI,2021.0,S7,first,4067.0,167.0,1,2.0,,2.0,,2.0,,,,
Melike Lakadamyali,2021ABI,2021.0,S7,middle,4067.0,217.0,7,8.0,4.0,6.0,,2.0,0.0,0.0,,
Mimi Sammarco,2021ABI,2021.0,S7,first,4067.0,92.0,1,2.0,,,,2.0,,,,
Arnold Hayer,2021ABI,2021.0,S7,first,4067.0,128.0,1,2.0,,2.0,,2.0,,,,
Nick Galati,2021ABI,2021.0,S7,middle,4067.0,451.0,11,17.0,5.0,8.0,,4.0,4.0,,,
Kristen Maitland,2021ABI,2021.0,S7,last,4067.0,96.0,8,2.0,1.0,4.0,5.0,2.0,2.0,,2.0,2.0
Douglas Shepherd,2021ABI,2021.0,S7,middle,4067.0,181.0,4,8.0,6.0,2.0,,2.0,,,,2.0
Molly Bright,2021ABI,2021.0,S8,last,4107.0,170.0,12,7.0,4.0,4.0,,4.0,2.0,,1.0,
Paris Perdikaris,2021ABI,2021.0,S8,first,4107.0,63.0,1,2.0,,,,,,,,
Mark Sellmyer,2021ABI,2021.0,S8,first,4107.0,19.0,1,2.0,,1.0,,,1.0,,,
Lisa Poulikakos,2021ABI,2021.0,S8,last,4107.0,36.0,7,,1.0,,,3.0,9.0,,,1.0
Benjamin Bartelle,2021ABI,2021.0,S8,middle,4107.0,199.0,14,17.0,4.0,7.0,,,5.0,,,2.0
Benjamin Bartelle,2021ABI,2021.0,S8,first,4107.0,160.0,8,7.0,2.0,,2.0,,4.0,,1.0,2.0
Crystal Rogers,2021ABI,2021.0,S8,last,4107.0,98.0,5,7.0,4.0,7.0,1.0,,,,,
Dylan Burnette,2021ABI,2021.0,S8,middle,4107.0,113.0,3,6.0,4.0,4.0,,,,,,
Anna Moore,2021ABI,2021.0,S8,last,4107.0,296.0,17,18.0,4.0,11.0,3.0,2.0,8.0,,4.0,1.0
Sixian You,2021ABI,2021.0,S8,last,4107.0,236.0,22,5.0,2.0,4.0,4.0,6.0,5.0,0.0,3.0,4.0
Lisa Poulikakos,2021ABI,2021.0,S8,middle,4107.0,83.0,3,6.0,,3.0,,2.0,2.0,,2.0,
Dylan Burnette,2021ABI,2021.0,S8,first,4107.0,78.0,1,2.0,,,,,2.0,,,
Molly Bright,2021ABI,2021.0,S8,first,4107.0,52.0,3,2.0,,,1.0,,1.0,,,
Lisa Poulikakos,2021ABI,2021.0,S8,first,4107.0,105.0,4,4.0,,,,4.0,,,,2.0
Crystal Rogers,2021ABI,2021.0,S8,middle,4107.0,37.0,2,2.0,2.0,2.0,,,,,,
Arne Bakker,2021ABI,2021.0,S8,first,4107.0,38.0,1,2.0,,,,,1.0,,1.0,
Anna Moore,2021ABI,2021.0,S8,middle,4107.0,265.0,17,18.0,2.0,7.0,3.0,4.0,2.0,0.0,3.0,
Sixian You,2021ABI,2021.0,S8,middle,4107.0,63.0,2,2.0,2.0,2.0,,2.0,,,,
Morteza Mahmoudi,2021ABI,2021.0,S8,last,4107.0,43.0,2,3.0,,3.0,,,,,,
Mark Sellmyer,2021ABI,2021.0,S8,last,4107.0,68.0,10,3.0,0.0,5.0,1.0,4.0,1.0,0.0,,
Crystal Rogers,2021ABI,2021.0,S8,first,4107.0,148.0,3,5.0,2.0,3.0,,,,,,
Anna Moore,2021ABI,2021.0,S8,first,4107.0,335.0,29,10.0,,,11.0,9.0,21.0,0.0,11.0,1.0
Sixian You,2021ABI,2021.0,S8,first,4107.0,96.0,6,3.0,,,1.0,2.0,3.0,0.0,,
Benjamin Bartelle,2021ABI,2021.0,S8,last,4107.0,397.0,32,24.0,7.0,11.0,1.0,9.0,12.0,,,5.0
Morteza Mahmoudi,2021ABI,2021.0,S8,middle,4107.0,196.0,5,8.0,,4.0,1.0,2.0,1.0,,1.0,
Mark Sellmyer,2021ABI,2021.0,S8,middle,4107.0,381.0,16,21.0,3.0,8.0,,,2.0,,3.0,
Sandra Laney,2021ABI,2021.0,S8,first,4107.0,20.0,1,2.0,,,,,1.0,,,
Dylan Burnette,2021ABI,2021.0,S8,last,4107.0,242.0,8,8.0,4.0,10.0,,,2.0,,,
Morteza Mahmoudi,2021ABI,2021.0,S8,first,4107.0,70.0,2,2.0,,,1.0,,0.0,,1.0,
Molly Bright,2021ABI,2021.0,S9,last,3427.0,97.0,1,2.0,2.0,,,,2.0,,,
Alexandra Walsh,2021ABI,2021.0,S9,last,3427.0,102.0,3,6.0,,,,,,,,
Kevin Cash,2021ABI,2021.0,S9,middle,3427.0,29.0,2,4.0,4.0,,,,,,,
Kevin Carlo,2021ABI,2021.0,S9,last,3427.0,49.0,5,1.0,0.0,,,2.0,6.0,,,
Katharine White,2021ABI,2021.0,S9,middle,3427.0,135.0,1,2.0,,,,2.0,,,,2.0
Lu Wei,2021ABI,2021.0,S9,middle,3427.0,43.0,2,2.0,,,,3.0,,,,
Kevin Cash,2021ABI,2021.0,S9,first,3427.0,28.0,4,2.0,,,2.0,,0.0,,,
Candace Fleischer,2021ABI,2021.0,S9,last,3427.0,261.0,11,16.0,7.0,3.0,,,1.0,0.0,1.0,
Lingyan Shi,2021ABI,2021.0,S9,last,3427.0,125.0,8,2.0,,3.0,4.0,6.0,2.0,0.0,,1.0
Andrew Feig,2021ABI,2021.0,S9,last,3427.0,25.0,2,3.0,,2.0,,,,,,
Seunghyun Sim,2021ABI,2021.0,S9,middle,3427.0,40.0,1,1.0,,2.0,,2.0,,,,
Allison Dennis,2021ABI,2021.0,S9,first,3427.0,36.0,3,2.0,,,,,1.0,,,
Katharine White,2021ABI,2021.0,S9,first,3427.0,55.0,3,4.0,,,,,,,0.0,
Katharine Miller,2021ABI,2021.0,S9,last,3427.0,40.0,1,2.0,,2.0,,,,,,2.0
Lu Wei,2021ABI,2021.0,S9,first,3427.0,65.0,1,2.0,,2.0,,,,,,
Kevin Cavallo,2021ABI,2021.0,S9,first,3427.0,31.0,1,,,2.0,,2.0,,,,
Seunghyun Sim,2021ABI,2021.0,S9,first,3427.0,24.0,3,2.0,,,,1.0,1.0,,,
Matthew Bogyo,2021ABI,2021.0,S9,last,3427.0,40.0,6,,1.0,1.0,3.0,2.0,0.0,0.0,2.0,
Alexandra Walsh,2021ABI,2021.0,S9,first,3427.0,19.0,1,2.0,,,,,,,,
Molly Bright,2021ABI,2021.0,S9,first,3427.0,46.0,3,2.0,,,,,1.0,,,
Ping Wang,2021ABI,2021.0,S9,last,3427.0,50.0,1,1.0,,2.0,1.0,,,,,
Candace Fleischer,2021ABI,2021.0,S9,middle,3427.0,215.0,9,14.0,4.0,7.0,,,0.0,,,
Lingyan Shi,2021ABI,2021.0,S9,middle,3427.0,224.0,3,6.0,,2.0,,,,,,
Jin Zhang,2021ABI,2021.0,S9,last,3427.0,328.0,26,18.0,4.0,12.0,5.0,10.0,11.0,,6.0,1.0
Candace Fleischer,2021ABI,2021.0,S9,first,3427.0,12.0,2,2.0,,,,,0.0,,,
Lingyan Shi,2021ABI,2021.0,S9,first,3427.0,107.0,2,2.0,,,,,1.0,,1.0,
Matthew Bogyo,2021ABI,2021.0,S9,middle,3427.0,111.0,6,2.0,2.0,1.0,,10.0,0.0,,2.0,
Ping Wang,2021ABI,2021.0,S9,middle,3427.0,241.0,9,9.0,2.0,3.0,,5.0,0.0,0.0,,
Allison Dennis,2021ABI,2021.0,S9,last,3427.0,87.0,3,3.0,3.0,2.0,,2.0,1.0,,,
Katharine White,2021ABI,2021.0,S9,last,3427.0,41.0,2,2.0,,1.0,,,1.0,,,
Matthew Bogyo,2021ABI,2021.0,S9,first,3427.0,111.0,19,2.0,,1.0,12.0,1.0,11.0,,10.0,
Lu Wei,2021ABI,2021.0,S9,last,3427.0,63.0,4,4.0,2.0,2.0,1.0,2.0,1.0,,2.0,
Matt Scruggs,2021ABI,2021.0,S9,last,3427.0,78.0,6,7.0,2.0,8.0,,3.0,2.0,,1.0,
Ping Wang,2021ABI,2021.0,S9,first,3427.0,62.0,1,2.0,,,,,,,,
Jin Zhang,2021ABI,2021.0,S9,first,3427.0,261.0,12,,,2.0,15.0,5.0,5.0,,2.0,2.0
Seunghyun Sim,2021ABI,2021.0,S9,last,3427.0,82.0,3,2.0,3.0,4.0,,,1.0,,,
Kevin Carlo O'Mines,2021ABI,2021.0,S9,last,3427.0,64.0,4,2.0,,,4.0,,,,,1.0
Srigokul Upadhyayula,2021ABI,,output-2021-05-20-ABI-S1,last,1358.0,145.0,8,6.0,2.0,3.0,3.0,2.0,2.0,0.0,0.0,2.0
Nick Galati,2021ABI,,output-2021-05-20-ABI-S1,first,1358.0,93.0,1,2.0,,,,,2.0,,2.0,
Melike Lakadamyali,2021ABI,,output-2021-05-20-ABI-S1,first,1358.0,87.0,1,2.0,,2.0,,,,,,
Melike Lakadamyali,2021ABI,,output-2021-05-20-ABI-S1,last,1358.0,26.0,2,,,3.0,,2.0,,,,
Seunghyun Sim,2021ABI,,output-2021-05-20-ABI-S1,middle,1358.0,51.0,1,2.0,,2.0,,,2.0,,,
Anna-Karin Gustavsson,2021ABI,,output-2021-05-20-ABI-S1,middle,1358.0,31.0,1,2.0,,,1.0,,,,1.0,
Ellen Sletten,2021ABI,,output-2021-05-20-ABI-S1,first,1358.0,37.0,1,2.0,,,1.0,,,,1.0,
Katharine White,2021ABI,,output-2021-05-20-ABI-S1,first,1358.0,68.0,1,2.0,,,2.0,,,,2.0,
Yevgenia Kozorovitskiy,2021ABI,,output-2021-05-20-ABI-S1,middle,1358.0,142.0,1,2.0,,,,2.0,2.0,,,
Srigokul Upadhyayula,2021ABI,,output-2021-05-20-ABI-S1,middle,1358.0,101.0,2,2.0,,,1.0,,,,1.0,
Katharine White,2021ABI,,output-2021-05-20-ABI-S1,last,1358.0,253.0,6,4.0,1.0,,,4.0,1.0,0.0,,
Ellen Sletten,2021ABI,,output-2021-05-20-ABI-S1,last,1358.0,72.0,3,,2.0,2.0,2.0,2.0,,0.0,,
Jin Zhang,2021ABI,,output-2021-05-20-ABI-S1,first,1358.0,59.0,1,,,,2.0,,,,1.0,
Samuel Achilefu,2021ABI,,output-2021-05-20-ABI-S1,last,1358.0,96.0,4,2.0,,2.0,2.0,4.0,6.0,,2.0,
Jin Zhang,2021ABI,,output-2021-05-20-ABI-S1,last,1358.0,97.0,6,,,,5.0,2.0,3.0,0.0,2.0,2.0
Kathy F. Liu,2021CMC,2021.0,S1,first,4005.0,43.0,1,2.0,,,,,,,,
Matthias Heyden,2021CMC,2021.0,S1,last,4005.0,150.0,14,7.0,0.0,4.0,5.0,4.0,3.0,0.0,,
Erika Matunis JHU,2021CMC,2021.0,S1,first,4005.0,49.0,5,4.0,,,6.0,5.0,2.0,,1.0,
PAUL SELVIN,2021CMC,2021.0,S1,first,4005.0,508.0,24,6.0,,4.0,20.0,6.0,14.0,,15.0,1.0
Caitlin Davis,2021CMC,2021.0,S1,last,4005.0,30.0,4,1.0,,,,4.0,0.0,,,4.0
Joshua Weinstein,2021CMC,2021.0,S1,last,4005.0,118.0,3,,,,,4.0,,,1.0,
G.W. Gant Luxton,2021CMC,2021.0,S1,last,4005.0,199.0,16,10.0,2.0,4.0,1.0,9.0,0.0,0.0,,2.0
Erika Matunis,2021CMC,2021.0,S1,last,4005.0,54.0,9,3.0,,,5.0,7.0,5.0,,2.0,1.0
Brian Zid,2021CMC,2021.0,S1,middle,4005.0,45.0,4,2.0,,2.0,1.0,2.0,,0.0,,2.0
Matthias Heyden,2021CMC,2021.0,S1,middle,4005.0,153.0,7,6.0,,2.0,,4.0,1.0,,2.0,
Elizabeth Read,2021CMC,2021.0,S1,last,4005.0,20.0,2,,,2.0,1.0,,1.0,,,
Jan Spille,2021CMC,2021.0,S1,last,4005.0,154.0,5,6.0,2.0,7.0,,4.0,2.0,,,
Brian Zid,2021CMC,2021.0,S1,first,4005.0,134.0,4,6.0,2.0,4.0,1.0,2.0,,,,
G.W. Gant Luxton,2021CMC,2021.0,S1,middle,4005.0,328.0,11,10.0,2.0,9.0,,3.0,4.0,0.0,,3.0
Caitlin Davis,2021CMC,2021.0,S1,middle,4005.0,323.0,10,18.0,,5.0,,,2.0,,,2.0
Matthias Heyden,2021CMC,2021.0,S1,first,4005.0,77.0,3,4.0,,2.0,,,2.0,0.0,,
Erika Matunis,2021CMC,2021.0,S1,middle,4005.0,24.0,2,,,2.0,2.0,2.0,,,2.0,
Kathy F. Liu,2021CMC,2021.0,S1,last,4005.0,117.0,5,5.0,,6.0,,4.0,1.0,,,
G.W. Gant Luxton,2021CMC,2021.0,S1,first,4005.0,53.0,5,2.0,,,,3.0,1.0,0.0,,
Caitlin Davis,2021CMC,2021.0,S1,first,4005.0,80.0,5,6.0,,,,2.0,2.0,,,1.0
Joshua Weinstein,2021CMC,2021.0,S1,first,4005.0,26.0,1,2.0,,,,,,,,
Erika Matunis,2021CMC,2021.0,S1,first,4005.0,42.0,3,2.0,,1.0,1.0,2.0,2.0,,,
Judith Su,2021CMC,2021.0,S1,middle,4005.0,12.0,2,,,,,1.0,0.0,,,
Elizabeth Read,2021CMC,2021.0,S1,middle,4005.0,169.0,6,8.0,2.0,4.0,,4.0,0.0,0.0,,
PAUL SELVIN,2021CMC,2021.0,S1,last,4005.0,317.0,15,1.0,0.0,4.0,10.0,12.0,5.0,,1.0,1.0
Jan Spille,2021CMC,2021.0,S1,middle,4005.0,22.0,3,2.0,,2.0,,2.0,1.0,,,
Judith Su,2021CMC,2021.0,S1,first,4005.0,18.0,1,2.0,,,,,1.0,,,
Elizabeth Read,2021CMC,2021.0,S1,first,4005.0,33.0,1,2.0,,,,,,,,
Seth Childers,2021CMC,2021.0,S1,middle,4005.0,38.0,1,2.0,,2.0,,,,,,
Jan Spille,2021CMC,2021.0,S1,first,4005.0,131.0,3,4.0,,,,,3.0,,,2.0
Kathy F. Liu,2021CMC,2021.0,S1,middle,4005.0,60.0,1,2.0,1.0,,,2.0,,,,
PAUL SELVIN,2021CMC,2021.0,S1,middle,4005.0,76.0,13,,,0.0,,15.0,0.0,0.0,2.0,
Seth Childers,2021CMC,2021.0,S1,first,4005.0,13.0,1,2.0,,,,,,,,
Brian Zid,2021CMC,2021.0,S1,last,4005.0,389.0,13,11.0,5.0,4.0,3.0,6.0,1.0,,2.0,6.0
Lulu Cambronne,2021CMC,2021.0,S2,middle,3879.0,163.0,6,7.0,2.0,4.0,,2.0,1.0,,,
Alexander Green,2021CMC,2021.0,S2,first,3879.0,43.0,1,2.0,,1.0,,,0.0,,,
Dmitri Kosenkov,2021CMC,2021.0,S2,first,3879.0,55.0,1,2.0,,,,2.0,,,,
Richard Wiener,2021CMC,2021.0,S2,first,3879.0,4.0,1,2.0,,,,,2.0,,,
Grace Stokes,2021CMC,2021.0,S2,first,3879.0,110.0,1,2.0,,2.0,,,,,,
Anna Sokac,2021CMC,2021.0,S2,last,3879.0,234.0,3,4.0,2.0,2.0,,2.0,3.0,,,
Julien Berro,2021CMC,2021.0,S2,middle,3879.0,214.0,4,4.0,4.0,2.0,,6.0,1.0,,,1.0
Cathy Murphy,2021CMC,2021.0,S2,last,3879.0,300.0,21,6.0,2.0,1.0,13.0,8.0,6.0,0.0,5.0,3.0
Lulu Cambronne,2021CMC,2021.0,S2,first,3879.0,109.0,2,2.0,,1.0,2.0,4.0,,,,
Alison Ondrus,2021CMC,2021.0,S2,middle,3879.0,160.0,3,4.0,2.0,1.0,,2.0,2.0,,2.0,
Lars Plate,2021CMC,2021.0,S2,last,3879.0,97.0,5,4.0,,5.0,,2.0,3.0,,2.0,2.0
Julien Berro,2021CMC,2021.0,S2,first,3879.0,111.0,1,2.0,,2.0,,,1.0,,,
Haoran Zhang,2021CMC,2021.0,S2,last,3879.0,48.0,1,2.0,2.0,2.0,,,,,,
Alison Ondrus,2021CMC,2021.0,S2,first,3879.0,186.0,3,4.0,,6.0,1.0,4.0,,,,
Anna Sokac,2021CMC,2021.0,S2,middle,3879.0,96.0,2,4.0,2.0,,,2.0,,,,
Cathy Murphy,2021CMC,2021.0,S2,middle,3879.0,158.0,12,2.0,,2.0,2.0,11.0,2.0,0.0,7.0,3.0
Yan Yu,2021CMC,2021.0,S2,last,3879.0,94.0,2,3.0,,3.0,,,,,,
Lars Plate,2021CMC,2021.0,S2,middle,3879.0,199.0,4,6.0,2.0,4.0,,4.0,1.0,,,
Anna Sokac,2021CMC,2021.0,S2,first,3879.0,136.0,1,2.0,2.0,,,2.0,,,,
Cathy Murphy,2021CMC,2021.0,S2,first,3879.0,180.0,13,,1.0,,6.0,2.0,16.0,,12.0,2.0
Haoran Zhang,2021CMC,2021.0,S2,middle,3879.0,107.0,2,2.0,,,,,1.0,,3.0,
Grace Stokes,2021CMC,2021.0,S2,last,3879.0,6.0,1,1.0,,,,,,,,1.0
Lars Plate,2021CMC,2021.0,S2,first,3879.0,91.0,1,2.0,,,,2.0,1.0,,,
Yan Yu,2021CMC,2021.0,S2,middle,3879.0,156.0,3,5.0,,2.0,,2.0,1.0,,,
Lulu Cambronne,2021CMC,2021.0,S2,last,3879.0,180.0,13,4.0,,,6.0,7.0,3.0,0.0,1.0,3.0
Kathryn Haas,2021CMC,2021.0,S2,first,3879.0,77.0,1,2.0,2.0,,,2.0,,,,
Haoran Zhang,2021CMC,2021.0,S2,first,3879.0,82.0,1,2.0,,2.0,,1.0,,,,
Alexander Green,2021CMC,2021.0,S2,middle,3879.0,23.0,1,2.0,2.0,,,,1.0,,,
Julien Berro,2021CMC,2021.0,S2,last,3879.0,106.0,2,2.0,2.0,,,,1.0,,,
Yan Yu,2021CMC,2021.0,S2,first,3879.0,77.0,2,2.0,,2.0,,2.0,,0.0,,
Grace Stokes,2021CMC,2021.0,S2,middle,3879.0,21.0,1,2.0,1.0,,,,,,,
Alison Ondrus,2021CMC,2021.0,S2,last,3879.0,256.0,6,8.0,4.0,6.0,,,3.0,,1.0,1.0
Gang-yu Liu,2021CMC,2021.0,S3,middle,3039.0,13.0,2,,,,,2.0,1.0,,2.0,
Neel Shah,2021CMC,2021.0,S3,last,3039.0,170.0,14,6.0,-1.0,4.0,,3.0,3.0,0.0,3.0,6.0
Neil Kelleher,2021CMC,2021.0,S3,middle,3039.0,125.0,4,4.0,1.0,5.0,,1.0,3.0,,,
Alexis Komor,2021CMC,2021.0,S3,first,3039.0,118.0,3,5.0,1.0,,,,,,,
Wenjing Wang,2021CMC,2021.0,S3,middle,3039.0,103.0,1,2.0,,2.0,,,,,,2.0
Gang-yu Liu,2021CMC,2021.0,S3,first,3039.0,87.0,7,,3.0,4.0,,7.0,9.0,,2.0,1.0
Taras Pogorelov,2021CMC,2021.0,S3,last,3039.0,47.0,2,4.0,2.0,2.0,,,,,,
Andrew Feig,2021CMC,2021.0,S3,last,3039.0,28.0,2,4.0,,,,,,,,
Neil Kelleher,2021CMC,2021.0,S3,first,3039.0,278.0,11,2.0,,8.0,6.0,10.0,8.0,,6.0,
Nathan DeYonker,2021CMC,2021.0,S3,last,3039.0,112.0,6,6.0,,4.0,0.0,1.0,1.0,,,
Rongsheng (Ross) Wang,2021CMC,2021.0,S3,middle,3039.0,53.0,1,2.0,,,,,,,,
Stephanie Gupton,2021CMC,2021.0,S3,middle,3039.0,66.0,2,4.0,,4.0,,,,,,
Tania Lupoli,2021CMC,2021.0,S3,first,3039.0,67.0,1,2.0,2.0,,,,,,,
Neel Shah,2021CMC,2021.0,S3,middle,3039.0,115.0,2,2.0,2.0,2.0,,,2.0,,,
Rongsheng (Ross) Wang,2021CMC,2021.0,S3,first,3039.0,74.0,2,4.0,,4.0,,,,,,
Sandy Schmid,2021CMC,2021.0,S3,last,3039.0,92.0,2,4.0,2.0,2.0,,2.0,,,,
Stephanie Gupton,2021CMC,2021.0,S3,first,3039.0,38.0,3,1.0,4.0,3.0,,,,,,2.0
Maria (Masha) Kamenetska,2021CMC,2021.0,S3,last,3039.0,166.0,10,6.0,2.0,4.0,,4.0,1.0,0.0,1.0,
Nathan DeYonker,2021CMC,2021.0,S3,middle,3039.0,61.0,1,2.0,2.0,,,2.0,,,,
Neel Shah,2021CMC,2021.0,S3,first,3039.0,109.0,2,4.0,,,2.0,4.0,,,,
Stefano Di Talia,2021CMC,2021.0,S3,last,3039.0,58.0,2,4.0,2.0,,,,,,,
Alexis Komor,2021CMC,2021.0,S3,last,3039.0,108.0,3,4.0,,2.0,,2.0,,0.0,,
Gang-yu Liu,2021CMC,2021.0,S3,last,3039.0,310.0,41,10.0,3.0,4.0,24.0,3.0,14.0,,18.0,1.0
Maria (Masha) Kamenetska,2021CMC,2021.0,S3,middle,3039.0,42.0,1,,,,,2.0,,,,2.0
Neil Kelleher,2021CMC,2021.0,S3,last,3039.0,183.0,15,12.0,4.0,7.0,3.0,4.0,12.0,,1.0,
Wenjing Wang,2021CMC,2021.0,S3,last,3039.0,39.0,2,1.0,1.0,3.0,,,,,,
Tania Lupoli,2021CMC,2021.0,S3,last,3039.0,73.0,15,5.0,0.0,3.0,7.0,2.0,6.0,0.0,,3.0
Maria (Masha) Kamenetska,2021CMC,2021.0,S3,first,3039.0,32.0,2,3.0,,2.0,,,,,1.0,
Stefano Di Talia,2021CMC,2021.0,S3,middle,3039.0,59.0,2,4.0,,,,,,,,
Rongsheng (Ross) Wang,2021CMC,2021.0,S3,last,3039.0,112.0,4,6.0,,2.0,,2.0,3.0,,,
Gabriela Schlau-Cohen,2021CMC,2021.0,S3,first,3039.0,101.0,4,6.0,4.0,2.0,,,1.0,,,2.0
Holly Goodson,2021CMC,2021.0,S4,first,3338.0,95.0,5,4.0,3.0,4.0,2.0,2.0,1.0,,1.0,
Gulcin Pekkurnaz,2021CMC,2021.0,S4,first,3338.0,126.0,4,4.0,1.0,6.0,,4.0,2.0,,,
Juan Perilla,2021CMC,2021.0,S4,middle,3338.0,357.0,7,11.0,,4.0,1.0,2.0,1.0,,,2.0
Shankar Mukherji,2021CMC,2021.0,S4,last,3338.0,57.0,7,2.0,2.0,5.0,,4.0,4.0,,,1.0
Laura Sanchez,2021CMC,2021.0,S4,last,3338.0,153.0,8,8.0,4.0,1.0,,,4.0,,,
Ronit Freeman,2021CMC,2021.0,S4,last,3338.0,35.0,7,3.0,0.0,2.0,,6.0,1.0,,,
Martin Gruebele,2021CMC,2021.0,S4,middle,3338.0,236.0,6,5.0,2.0,2.0,,8.0,,,2.0,
Lydia Kisley,2021CMC,2021.0,S4,last,3338.0,94.0,8,7.0,1.0,6.0,,,3.0,,,3.0
Allie Obermeyer,2021CMC,2021.0,S4,last,3338.0,172.0,19,4.0,1.0,4.0,5.0,9.0,6.0,0.0,1.0,2.0
Shankar Mukherji,2021CMC,2021.0,S4,middle,3338.0,18.0,1,1.0,,,,2.0,2.0,,,
Martin Gruebele,2021CMC,2021.0,S4,first,3338.0,411.0,26,28.0,8.0,20.0,11.0,6.0,10.0,,8.0,
Laura Sanchez,2021CMC,2021.0,S4,middle,3338.0,37.0,1,2.0,,2.0,,,,,,
Lydia Kisley,2021CMC,2021.0,S4,middle,3338.0,68.0,2,,2.0,,,2.0,1.0,,,1.0
Ronit Freeman,2021CMC,2021.0,S4,middle,3338.0,160.0,5,8.0,2.0,2.0,,,1.0,,,
Allie Obermeyer,2021CMC,2021.0,S4,middle,3338.0,39.0,1,,2.0,2.0,,,1.0,,,
Shankar Mukherji,2021CMC,2021.0,S4,first,3338.0,119.0,5,7.0,,6.0,,,1.0,,1.0,2.0
Laura Sanchez,2021CMC,2021.0,S4,first,3338.0,2.0,2,,,,,,2.0,,,
Gulcin Pekkurnaz,2021CMC,2021.0,S4,last,3338.0,69.0,2,2.0,,4.0,,2.0,,,,
Lydia Kisley,2021CMC,2021.0,S4,first,3338.0,73.0,3,2.0,,4.0,1.0,,,,1.0,
Michelle Farkas,2021CMC,2021.0,S4,last,3338.0,72.0,1,2.0,2.0,2.0,,,,,,
Allie Obermeyer,2021CMC,2021.0,S4,first,3338.0,47.0,2,2.0,,2.0,2.0,4.0,,,,
Ronit Freeman,2021CMC,2021.0,S4,first,3338.0,119.0,9,7.0,,10.0,,8.0,3.0,,,
Andrew Feig,2021CMC,2021.0,S4,first,3338.0,19.0,1,2.0,,2.0,,,,,,
Holly Goodson,2021CMC,2021.0,S4,last,3338.0,169.0,17,7.0,8.0,3.0,3.0,8.0,11.0,0.0,5.0,
Juan Perilla,2021CMC,2021.0,S4,last,3338.0,15.0,4,2.0,,3.0,,1.0,1.0,,,
Michelle Farkas,2021CMC,2021.0,S4,middle,3338.0,174.0,2,2.0,,2.0,,2.0,1.0,,,
Martin Gruebele,2021CMC,2021.0,S4,last,3338.0,389.0,31,22.0,7.0,21.0,12.0,9.0,14.0,0.0,6.0,
Holly Goodson,2021CMC,2021.0,S4,middle,3338.0,13.0,1,,,,,2.0,1.0,,0.0,
Matthias Heyden,2021CMC,2021.0,S5,last,3024.0,163.0,15,10.0,1.0,4.0,4.0,2.0,5.0,0.0,,
PAUL SELVIN,2021CMC,2021.0,S5,first,3024.0,248.0,13,2.0,,4.0,7.0,4.0,4.0,0.0,8.0,
Caitlin Davis,2021CMC,2021.0,S5,last,3024.0,212.0,15,21.0,6.0,8.0,,4.0,2.0,,,6.0
Joshua Weinstein,2021CMC,2021.0,S5,last,3024.0,76.0,4,,,,,6.0,,,1.0,
G.W. Gant Luxton,2021CMC,2021.0,S5,last,3024.0,213.0,18,10.0,0.0,5.0,3.0,10.0,1.0,0.0,,1.0
Erika Matunis,2021CMC,2021.0,S5,last,3024.0,54.0,10,3.0,,,4.0,6.0,4.0,,2.0,1.0
Andrew Feig,2021CMC,2021.0,S5,last,3024.0,1.0,1,,,,,,,0.0,,
Brian Zid,2021CMC,2021.0,S5,middle,3024.0,35.0,1,2.0,,2.0,,,,,,
Matthias Heyden,2021CMC,2021.0,S5,middle,3024.0,75.0,5,2.0,2.0,6.0,,4.0,3.0,,,
Elizabeth Read,2021CMC,2021.0,S5,last,3024.0,21.0,4,,,,1.0,1.0,1.0,,,2.0
Jan Spille,2021CMC,2021.0,S5,last,3024.0,182.0,13,6.0,4.0,6.0,,8.0,1.0,0.0,,1.0
Brian Zid,2021CMC,2021.0,S5,first,3024.0,111.0,2,,,2.0,1.0,2.0,,,,
G.W. Gant Luxton,2021CMC,2021.0,S5,middle,3024.0,180.0,7,6.0,,6.0,,5.0,2.0,,,2.0
Caitlin Davis,2021CMC,2021.0,S5,middle,3024.0,137.0,3,5.0,,2.0,,,,,,
Matthias Heyden,2021CMC,2021.0,S5,first,3024.0,61.0,1,2.0,,,,2.0,2.0,,,
Kathy F. Liu,2021CMC,2021.0,S5,last,3024.0,139.0,5,4.0,,2.0,,2.0,2.0,,,
G.W. Gant Luxton,2021CMC,2021.0,S5,first,3024.0,51.0,4,2.0,,,,2.0,1.0,0.0,,
Caitlin Davis,2021CMC,2021.0,S5,first,3024.0,81.0,3,6.0,,,,2.0,1.0,,,1.0
Richard Wiener,2021CMC,2021.0,S5,last,3024.0,5.0,1,1.0,,,1.0,,,,,
Erika Matunis,2021CMC,2021.0,S5,first,3024.0,58.0,7,3.0,,,4.0,7.0,3.0,,4.0,
Judith Su,2021CMC,2021.0,S5,middle,3024.0,9.0,1,,,,,2.0,,,,
Elizabeth Read,2021CMC,2021.0,S5,middle,3024.0,67.0,2,2.0,,2.0,,2.0,0.0,,,
PAUL SELVIN,2021CMC,2021.0,S5,last,3024.0,231.0,15,1.0,0.0,5.0,5.0,12.0,1.0,0.0,1.0,1.0
Holly Goodson,2021CMC,2021.0,S5,last,3024.0,2.0,1,,,,,,,0.0,,
Seth Childers,2021CMC,2021.0,S5,middle,3024.0,38.0,3,4.0,,5.0,,3.0,,,,
Jan Spille,2021CMC,2021.0,S5,first,3024.0,128.0,2,4.0,,,,,2.0,,,2.0
Kathy F. Liu,2021CMC,2021.0,S5,middle,3024.0,60.0,1,2.0,,,,2.0,1.0,,,
PAUL SELVIN,2021CMC,2021.0,S5,middle,3024.0,8.0,2,,,,,,0.0,,1.0,
Brian Zid,2021CMC,2021.0,S5,last,3024.0,378.0,15,12.0,11.0,3.0,,10.0,1.0,,2.0,8.0
Davide Donadio,2021CMC,2021.0,S6,middle,3697.0,94.0,5,4.0,,4.0,,3.0,,,,
Gary Greenburg,2021CMC,2021.0,S6,first,3697.0,22.0,2,2.0,,1.0,,,,,,
Abhishek Singharoy,2021CMC,2021.0,S6,middle,3697.0,246.0,6,9.0,3.0,6.0,,2.0,1.0,,,
Lu Wang,2021CMC,2021.0,S6,middle,3697.0,100.0,8,8.0,3.0,6.0,,2.0,3.0,,,1.0
Rommie Amaro,2021CMC,2021.0,S6,middle,3697.0,36.0,2,2.0,,2.0,2.0,,,,1.0,
Davide Donadio,2021CMC,2021.0,S6,first,3697.0,58.0,3,3.0,,2.0,,,-1.0,,,
Abhishek Singharoy,2021CMC,2021.0,S6,first,3697.0,54.0,5,4.0,2.0,4.0,1.0,1.0,3.0,,,
Cheemeng Tan,2021CMC,2021.0,S6,last,3697.0,23.0,1,,,2.0,,,,,,
Lu Wang,2021CMC,2021.0,S6,first,3697.0,62.0,2,4.0,,,,,1.0,,,
Rommie Amaro,2021CMC,2021.0,S6,first,3697.0,13.0,2,,,,,2.0,,0.0,,
Rigoberto Hernandez,2021CMC,2021.0,S6,last,3697.0,333.0,20,11.0,4.0,11.0,8.0,12.0,4.0,,5.0,7.0
S. Stephen Yi,2021CMC,2021.0,S6,last,3697.0,28.0,1,2.0,,,,,,,,
Stephen Fried,2021CMC,2021.0,S6,last,3697.0,251.0,10,14.0,4.0,6.0,,6.0,0.0,,2.0,4.0
Richard Wiener,2021CMC,2021.0,S6,last,3697.0,4.0,1,,,,,,,0.0,,
Cheemeng Tan,2021CMC,2021.0,S6,middle,3697.0,106.0,2,2.0,,4.0,,,,,,2.0
Jim Mitchell,2021CMC,2021.0,S6,first,3697.0,51.0,6,8.0,,4.0,,2.0,0.0,,,
S. Stephen Yi,2021CMC,2021.0,S6,middle,3697.0,166.0,2,4.0,2.0,2.0,,,1.0,,,2.0
Rigoberto Hernandez,2021CMC,2021.0,S6,middle,3697.0,263.0,13,4.0,2.0,,7.0,2.0,1.0,,13.0,2.0
Stephen Fried,2021CMC,2021.0,S6,middle,3697.0,116.0,9,9.0,3.0,5.0,,2.0,2.0,0.0,1.0,
Davide Donadio,2021CMC,2021.0,S6,last,3697.0,141.0,4,8.0,2.0,6.0,,2.0,,,,
Cheemeng Tan,2021CMC,2021.0,S6,first,3697.0,79.0,2,3.0,,,,2.0,1.0,,,
S. Stephen Yi,2021CMC,2021.0,S6,first,3697.0,234.0,5,5.0,,6.0,1.0,,3.0,,,2.0
Rigoberto Hernandez,2021CMC,2021.0,S6,first,3697.0,358.0,27,11.0,,6.0,14.0,2.0,14.0,,23.0,
Abhishek Singharoy,2021CMC,2021.0,S6,last,3697.0,456.0,17,17.0,3.0,12.0,,5.0,4.0,0.0,1.0,
Sandra Laney,2021CMC,2021.0,S6,first,3697.0,8.0,1,1.0,,,,,1.0,,,
Stephen Fried,2021CMC,2021.0,S6,first,3697.0,241.0,11,6.0,2.0,4.0,1.0,11.0,4.0,0.0,,1.0
Lu Wang,2021CMC,2021.0,S6,last,3697.0,49.0,3,4.0,1.0,,,1.0,,,,
Rommie Amaro,2021CMC,2021.0,S6,last,3697.0,105.0,6,4.0,4.0,2.0,2.0,0.0,6.0,,,
Davide Donadio,2021CMC,2021.0,S7,middle,3251.0,78.0,1,2.0,,2.0,,,,,,
Gary Greenburg,2021CMC,2021.0,S7,first,3251.0,18.0,1,,,1.0,,1.0,,,,
Abhishek Singharoy,2021CMC,2021.0,S7,middle,3251.0,252.0,3,4.0,2.0,2.0,,,1.0,,1.0,
Lu Wang,2021CMC,2021.0,S7,middle,3251.0,57.0,2,1.0,2.0,2.0,,2.0,2.0,,,
Davide Donadio,2021CMC,2021.0,S7,first,3251.0,18.0,1,2.0,,2.0,,,,,,
Abhishek Singharoy,2021CMC,2021.0,S7,first,3251.0,2.0,1,,,,,,,,1.0,
Cheemeng Tan,2021CMC,2021.0,S7,last,3251.0,24.0,2,,0.0,2.0,,,1.0,,,
Lu Wang,2021CMC,2021.0,S7,first,3251.0,47.0,1,2.0,2.0,2.0,,,,,,
Rommie Amaro,2021CMC,2021.0,S7,first,3251.0,2.0,1,,,,1.0,,,,1.0,
Rigoberto Hernandez,2021CMC,2021.0,S7,last,3251.0,387.0,27,10.0,8.0,15.0,9.0,9.0,4.0,0.0,9.0,4.0
S. Stephen Yi,2021CMC,2021.0,S7,last,3251.0,100.0,3,4.0,2.0,2.0,,,0.0,,,2.0
Stephen Fried,2021CMC,2021.0,S7,last,3251.0,324.0,19,14.0,8.0,11.0,1.0,7.0,3.0,0.0,2.0,5.0
Cheemeng Tan,2021CMC,2021.0,S7,middle,3251.0,102.0,3,4.0,,6.0,,1.0,,,,1.0
Jim Mitchell,2021CMC,2021.0,S7,first,3251.0,39.0,3,4.0,,4.0,,2.0,,0.0,,
S. Stephen Yi,2021CMC,2021.0,S7,middle,3251.0,247.0,2,4.0,,4.0,,,2.0,,,
Rigoberto Hernandez,2021CMC,2021.0,S7,middle,3251.0,108.0,5,2.0,0.0,,,2.0,1.0,,7.0,
Stephen Fried,2021CMC,2021.0,S7,middle,3251.0,130.0,4,6.0,4.0,2.0,,2.0,1.0,,2.0,
Davide Donadio,2021CMC,2021.0,S7,last,3251.0,141.0,4,6.0,3.0,4.0,,,,,,
Cheemeng Tan,2021CMC,2021.0,S7,first,3251.0,69.0,1,2.0,2.0,,,2.0,,,,
S. Stephen Yi,2021CMC,2021.0,S7,first,3251.0,77.0,2,2.0,,2.0,2.0,,,,0.0,
Rigoberto Hernandez,2021CMC,2021.0,S7,first,3251.0,225.0,13,10.0,,,2.0,4.0,8.0,,6.0,
Abhishek Singharoy,2021CMC,2021.0,S7,last,3251.0,685.0,20,26.0,5.0,14.0,,6.0,4.0,0.0,1.0,
Stephen Fried,2021CMC,2021.0,S7,first,3251.0,8.0,2,2.0,,,,2.0,,,,
Lu Wang,2021CMC,2021.0,S7,last,3251.0,11.0,2,,2.0,2.0,,,1.0,,,
Rommie Amaro,2021CMC,2021.0,S7,last,3251.0,100.0,8,8.0,3.0,3.0,4.0,,3.0,,1.0,
Stephanie Gupton,2021CMC,2021.0,S1,last,3685.0,53.0,2,2.0,,,1.0,2.0,2.0,,,
Gang-yu Liu,2021CMC,2021.0,S1,middle,3685.0,193.0,12,5.0,2.0,5.0,3.0,,11.0,,2.0,1.0
Michelle Farkas,2021CMC,2021.0,S1,first,3685.0,142.0,3,4.0,,2.0,,2.0,0.0,,,
PAUL SELVIN,2021CMC,2021.0,S1,first,3685.0,186.0,9,4.0,,2.0,5.0,4.0,2.0,,,
Anna Sokac,2021CMC,2021.0,S1,last,3685.0,24.0,5,4.0,,,5.0,,2.0,,1.0,
Jim Mitchel,2021CMC,2021.0,S1,last,3685.0,35.0,3,,,,,1.0,2.0,,,
Joshua Weinstein,2021CMC,2021.0,S1,last,3685.0,198.0,2,4.0,,4.0,,,,,,
Gary Greenburg,2021CMC,2021.0,S1,first,3685.0,11.0,1,2.0,,,,,,,,
Alexis Komor,2021CMC,2021.0,S1,first,3685.0,95.0,3,5.0,,2.0,,2.0,,,,
Abhishek Singharoy,2021CMC,2021.0,S1,middle,3685.0,242.0,3,4.0,,2.0,,2.0,2.0,,1.0,
Gang-yu Liu,2021CMC,2021.0,S1,first,3685.0,316.0,23,4.0,,2.0,18.0,3.0,16.0,,17.0,
Alison Ondrus,2021CMC,2021.0,S1,middle,3685.0,211.0,7,3.0,,4.0,,2.0,0.0,0.0,1.0,
Ronit Freeman,2021CMC,2021.0,S1,last,3685.0,289.0,6,8.0,,4.0,,,1.0,,,2.0
Lydia Kisley,2021CMC,2021.0,S1,last,3685.0,59.0,2,3.0,,3.0,,,,,,2.0
Stephanie Gupton,2021CMC,2021.0,S1,middle,3685.0,69.0,1,2.0,,2.0,,,1.0,,,
Abhishek Singharoy,2021CMC,2021.0,S1,first,3685.0,21.0,3,2.0,,,,,2.0,,,
Judith Su,2021CMC,2021.0,S1,last,3685.0,28.0,3,,,2.0,,,0.0,,1.0,1.0
Alison Ondrus,2021CMC,2021.0,S1,first,3685.0,25.0,3,3.0,,,,,0.0,,,
Stephanie Gupton,2021CMC,2021.0,S1,first,3685.0,15.0,2,2.0,,,,1.0,,,1.0,
Lydia Kisley,2021CMC,2021.0,S1,middle,3685.0,97.0,1,2.0,2.0,2.0,,,,,,
Ronit Freeman,2021CMC,2021.0,S1,middle,3685.0,14.0,1,,,2.0,,2.0,,,,
Anna Sokac,2021CMC,2021.0,S1,first,3685.0,20.0,1,2.0,,,,,1.0,,,
Joshua Weinstein,2021CMC,2021.0,S1,first,3685.0,47.0,3,2.0,,,,2.0,0.0,,,
Judith Su,2021CMC,2021.0,S1,middle,3685.0,35.0,1,,1.0,2.0,,,2.0,,,
Richard Wiener,2021CMC,2021.0,S1,last,3685.0,7.0,2,2.0,,,1.0,,,,1.0,
Michelle Farkas,2021CMC,2021.0,S1,last,3685.0,272.0,23,6.0,1.0,8.0,7.0,10.0,7.0,0.0,1.0,2.0
Lydia Kisley,2021CMC,2021.0,S1,first,3685.0,26.0,1,2.0,,,,,,,,
PAUL SELVIN,2021CMC,2021.0,S1,last,3685.0,30.0,6,,,,2.0,2.0,0.0,,1.0,
Ronit Freeman,2021CMC,2021.0,S1,first,3685.0,165.0,3,6.0,,4.0,,2.0,1.0,,,
Jim Mitchell,2021CMC,2021.0,S1,first,3685.0,18.0,1,2.0,,,,,1.0,,,
Alexis Komor,2021CMC,2021.0,S1,last,3685.0,97.0,5,1.0,,3.0,2.0,2.0,0.0,,,2.0
Judith Su,2021CMC,2021.0,S1,first,3685.0,18.0,1,2.0,,,,,2.0,,,
Gang-yu Liu,2021CMC,2021.0,S1,last,3685.0,403.0,21,6.0,3.0,5.0,11.0,4.0,16.0,,9.0,3.0
Multiple Speakers,2021CMC,2021.0,S1,last,3685.0,1.0,1,,,,,,0.0,,,
Michelle Farkas,2021CMC,2021.0,S1,middle,3685.0,70.0,1,1.0,,1.0,,,1.0,,,
PAUL SELVIN,2021CMC,2021.0,S1,middle,3685.0,62.0,3,,,,3.0,2.0,,,4.0,
Alison Ondrus,2021CMC,2021.0,S1,last,3685.0,91.0,9,7.0,2.0,5.0,1.0,2.0,2.0,,,
Soragni,2021CMC,2021.0,S10,first,3704.0,13.0,2,2.0,,,,1.0,1.0,,1.0,
Grace Stokes,2021CMC,2021.0,S10,first,3704.0,22.0,3,2.0,,,3.0,,,,,
Anna Sokac,2021CMC,2021.0,S10,last,3704.0,135.0,2,2.0,,3.0,,,,,,
Caitlin Davis,2021CMC,2021.0,S10,last,3704.0,101.0,5,4.0,1.0,2.0,,4.0,1.0,,,
Gary Greenburg,2021CMC,2021.0,S10,first,3704.0,5.0,1,1.0,,,,,,,,
Erika Matunis,2021CMC,2021.0,S10,last,3704.0,142.0,14,10.0,5.0,4.0,4.0,,2.0,0.0,2.0,2.0
Andrew Feig,2021CMC,2021.0,S10,last,3704.0,28.0,1,2.0,,,,,,,,2.0
Martin Gruebele,2021CMC,2021.0,S10,middle,3704.0,257.0,12,19.0,4.0,8.0,,2.0,2.0,0.0,,
Lydia Kisley,2021CMC,2021.0,S10,last,3704.0,63.0,2,2.0,2.0,2.0,,,,,,1.0
Nathan DeYonker,2021CMC,2021.0,S10,last,3704.0,159.0,5,4.0,,3.0,,4.0,2.0,,1.0,
Allie Obermeyer,2021CMC,2021.0,S10,last,3704.0,83.0,3,3.0,2.0,4.0,,1.0,,0.0,,
Elizabeth Read,2021CMC,2021.0,S10,last,3704.0,55.0,2,,2.0,2.0,1.0,3.0,,,1.0,
Alison Ondrus,2021CMC,2021.0,S10,first,3704.0,149.0,4,3.0,5.0,4.0,,,1.0,,,
Anna Sokac,2021CMC,2021.0,S10,middle,3704.0,93.0,3,2.0,2.0,4.0,,,1.0,,1.0,
Martin Gruebele,2021CMC,2021.0,S10,first,3704.0,192.0,9,13.0,4.0,5.0,,,4.0,,,
Caitlin Davis,2021CMC,2021.0,S10,middle,3704.0,78.0,4,5.0,,4.0,,,,0.0,,
Erika Matunis,2021CMC,2021.0,S10,middle,3704.0,169.0,14,10.0,4.0,2.0,3.0,4.0,6.0,,6.0,1.0
Stephen Fried,2021CMC,2021.0,S10,last,3704.0,100.0,9,6.0,3.0,4.0,,2.0,2.0,,,
Lydia Kisley,2021CMC,2021.0,S10,middle,3704.0,67.0,3,2.0,,2.0,,,,0.0,1.0,2.0
Nathan DeYonker,2021CMC,2021.0,S10,middle,3704.0,203.0,3,4.0,,4.0,,2.0,,0.0,,
Allie Obermeyer,2021CMC,2021.0,S10,middle,3704.0,29.0,1,2.0,,2.0,,,1.0,,,
Anna Sokac,2021CMC,2021.0,S10,first,3704.0,71.0,2,2.0,,2.0,,2.0,,,,
Caitlin Davis,2021CMC,2021.0,S10,first,3704.0,11.0,1,2.0,,,,,,,,
Soragni,2021CMC,2021.0,S10,last,3704.0,156.0,7,9.0,5.0,4.0,,4.0,0.0,,,
Erika Matunis,2021CMC,2021.0,S10,first,3704.0,386.0,33,10.0,6.0,3.0,18.0,15.0,17.0,,22.0,1.0
Grace Stokes,2021CMC,2021.0,S10,last,3704.0,15.0,2,,,,,2.0,,0.0,,
Lydia Kisley,2021CMC,2021.0,S10,first,3704.0,45.0,2,4.0,,2.0,,,,,,
Allie Obermeyer,2021CMC,2021.0,S10,first,3704.0,8.0,1,2.0,,,,,,,,
Andrew Feig,2021CMC,2021.0,S10,first,3704.0,69.0,2,4.0,2.0,,,,,,,
Nathan DeYonker,2021CMC,2021.0,S10,first,3704.0,52.0,2,4.0,,,,,1.0,,,
Elizabeth Read,2021CMC,2021.0,S10,first,3704.0,73.0,8,6.0,2.0,,5.0,,2.0,,1.0,
Stephen Fried,2021CMC,2021.0,S10,middle,3704.0,140.0,7,8.0,,7.0,,,2.0,,,1.0
Sandy Schmid,2021CMC,2021.0,S10,first,3704.0,16.0,1,2.0,,,,,2.0,,,
Grace Stokes,2021CMC,2021.0,S10,middle,3704.0,84.0,2,2.0,1.0,4.0,,,,,1.0,
Soragni,2021CMC,2021.0,S10,middle,3704.0,29.0,1,,,2.0,,2.0,,,1.0,
Alison Ondrus,2021CMC,2021.0,S10,last,3704.0,143.0,1,,2.0,2.0,,,,,,
Stephen Fried,2021CMC,2021.0,S10,first,3704.0,130.0,4,6.0,1.0,4.0,,,2.0,,,
Martin Gruebele,2021CMC,2021.0,S10,last,3704.0,133.0,4,6.0,4.0,4.0,1.0,,1.0,,,
Gulcin Pekkurnaz,2021CMC,2021.0,S11,first,4124.0,100.0,7,7.0,,2.0,1.0,6.0,2.0,,,
Davide Donadio,2021CMC,2021.0,S11,middle,4124.0,44.0,1,2.0,,2.0,,1.0,,,,
Stefano Di Talia,2021CMC,2021.0,S11,first,4124.0,61.0,2,2.0,,2.0,,2.0,1.0,,,1.0
Joshua Weinstein,2021CMC,2021.0,S11,last,4124.0,99.0,3,3.0,,2.0,,,0.0,,,
Wenjing Wang,2021CMC,2021.0,S11,middle,4124.0,125.0,4,6.0,,1.0,,2.0,1.0,,,1.0
Davide Donadio,2021CMC,2021.0,S11,first,4124.0,55.0,4,4.0,,2.0,,,1.0,0.0,,
Judith Su,2021CMC,2021.0,S11,last,4124.0,99.0,6,6.0,,4.0,,2.0,2.0,,,
Cheemeng Tan,2021CMC,2021.0,S11,last,4124.0,20.0,1,,,,,,,,,2.0
Wenjing Wang,2021CMC,2021.0,S11,first,4124.0,77.0,3,2.0,,1.0,2.0,2.0,,,,
Joshua Weinstein,2021CMC,2021.0,S11,middle,4124.0,141.0,2,2.0,,2.0,,4.0,,,,
Yan Yu,2021CMC,2021.0,S11,last,4124.0,141.0,3,4.0,2.0,2.0,,,,,,
Rigoberto Hernandez,2021CMC,2021.0,S11,last,4124.0,524.0,19,13.0,,13.0,4.0,16.0,3.0,,16.0,1.0
Taras Pogorelov,2021CMC,2021.0,S11,middle,4124.0,74.0,2,3.0,,2.0,,,,,,
Kathryn Haas,2021CMC,2021.0,S11,middle,4124.0,103.0,2,2.0,2.0,4.0,,4.0,,,,
Joshua Weinstein,2021CMC,2021.0,S11,first,4124.0,13.0,1,,,,,,1.0,,,
Judith Su,2021CMC,2021.0,S11,middle,4124.0,37.0,2,2.0,,1.0,,,,0.0,,
Gulcin Pekkurnaz,2021CMC,2021.0,S11,last,4124.0,276.0,6,6.0,2.0,8.0,,8.0,,,1.0,1.0
Taras Pogorelov,2021CMC,2021.0,S11,first,4124.0,24.0,2,,,,1.0,2.0,2.0,,,
Stefano Di Talia,2021CMC,2021.0,S11,last,4124.0,198.0,6,10.0,2.0,6.0,,,1.0,,,1.0
Silvia Ronco,2021CMC,2021.0,S11,last,4124.0,26.0,2,,,,3.0,1.0,,,,
Rigoberto Hernandez,2021CMC,2021.0,S11,middle,4124.0,306.0,20,2.0,5.0,9.0,7.0,19.0,6.0,,14.0,2.0
Yan Yu,2021CMC,2021.0,S11,middle,4124.0,116.0,2,3.0,,2.0,,,,,,
Judith Su,2021CMC,2021.0,S11,first,4124.0,31.0,3,2.0,,2.0,1.0,,1.0,,,
Kathryn Haas,2021CMC,2021.0,S11,first,4124.0,18.0,2,1.0,,,,,2.0,,,
Davide Donadio,2021CMC,2021.0,S11,last,4124.0,112.0,10,5.0,4.0,1.0,,4.0,2.0,,,
Yan Yu,2021CMC,2021.0,S11,first,4124.0,88.0,8,6.0,2.0,2.0,,3.0,3.0,,,
Rigoberto Hernandez,2021CMC,2021.0,S11,first,4124.0,657.0,34,9.0,,6.0,26.0,2.0,28.0,,21.0,
Wenjing Wang,2021CMC,2021.0,S11,last,4124.0,157.0,11,7.0,4.0,4.0,3.0,,2.0,,2.0,4.0
Gulcin Pekkurnaz,2021CMC,2021.0,S11,middle,4124.0,77.0,2,2.0,2.0,4.0,,2.0,,,,
Sandra Laney,2021CMC,2021.0,S11,first,4124.0,11.0,1,1.0,,,,,1.0,,,
Stefano Di Talia,2021CMC,2021.0,S11,middle,4124.0,314.0,8,16.0,3.0,8.0,,,,,,
Kathy F. Liu,2021CMC,2021.0,S12,first,3016.0,58.0,1,2.0,,,,,,,,
Neil Kelleher,2021CMC,2021.0,S12,middle,3016.0,183.0,5,8.0,2.0,2.0,,,,0.0,,2.0
Laura Sanchez,2021CMC,2021.0,S12,last,3016.0,235.0,16,12.0,2.0,2.0,8.0,3.0,2.0,0.0,2.0,
Lars Plate,2021CMC,2021.0,S12,last,3016.0,259.0,13,14.0,4.0,11.0,4.0,6.0,1.0,0.0,,2.0
Neil Kelleher,2021CMC,2021.0,S12,first,3016.0,183.0,3,3.0,,2.0,1.0,1.0,1.0,,2.0,
Tania Lupoli,2021CMC,2021.0,S12,middle,3016.0,67.0,1,2.0,2.0,2.0,,,,,,
Rongsheng (Ross) Wang,2021CMC,2021.0,S12,middle,3016.0,60.0,3,4.0,2.0,,,,,0.0,,
S. Stephen Yi,2021CMC,2021.0,S12,last,3016.0,34.0,1,2.0,,2.0,,,2.0,,,
Laura Sanchez,2021CMC,2021.0,S12,middle,3016.0,194.0,6,8.0,2.0,5.0,,,,,1.0,
Lars Plate,2021CMC,2021.0,S12,middle,3016.0,100.0,2,4.0,,,,2.0,,,,2.0
Kathy F. Liu,2021CMC,2021.0,S12,last,3016.0,38.0,1,,2.0,2.0,,2.0,,,,
PAUL SELVIN,2021CMC,2021.0,S12,last,3016.0,163.0,9,4.0,,1.0,7.0,5.0,2.0,,0.0,1.0
Lars Plate,2021CMC,2021.0,S12,first,3016.0,86.0,1,2.0,,,,,1.0,,,
S. Stephen Yi,2021CMC,2021.0,S12,middle,3016.0,54.0,2,2.0,1.0,,,,1.0,,,1.0
Alexis Komor,2021CMC,2021.0,S12,last,3016.0,103.0,9,8.0,1.0,6.0,,3.0,2.0,,1.0,
Neil Kelleher,2021CMC,2021.0,S12,last,3016.0,362.0,10,14.0,4.0,7.0,1.0,2.0,1.0,,,2.0
S. Stephen Yi,2021CMC,2021.0,S12,first,3016.0,72.0,1,2.0,2.0,,,,,,,
Tania Lupoli,2021CMC,2021.0,S12,last,3016.0,255.0,17,18.0,6.0,11.0,,5.0,2.0,0.0,,
PAUL SELVIN,2021CMC,2021.0,S12,middle,3016.0,232.0,5,4.0,,2.0,1.0,6.0,0.0,,2.0,
Rongsheng (Ross) Wang,2021CMC,2021.0,S12,last,3016.0,174.0,15,12.0,3.0,5.0,,10.0,4.0,,,1.0
Alexis Komor,2021CMC,2021.0,S12,middle,3016.0,104.0,5,5.0,,4.0,,2.0,0.0,,,1.0
Markita Landry [low confidence],2021CMC,2021.0,S13,first,3611.0,28.0,1,2.0,,,,,,,,
Neel Shah,2021CMC,2021.0,S13,last,3611.0,43.0,3,,1.0,,,4.0,2.0,,,
Michelle Farkas,2021CMC,2021.0,S13,first,3611.0,94.0,3,6.0,,,,,,,,2.0
Cathy Murphy,2021CMC,2021.0,S13,last,3611.0,219.0,18,8.0,2.0,8.0,10.0,10.0,6.0,,2.0,1.0
Abhishek Singharoy,2021CMC,2021.0,S13,middle,3611.0,247.0,10,8.0,6.0,6.0,2.0,1.0,2.0,,,
Ronit Freeman,2021CMC,2021.0,S13,last,3611.0,250.0,10,13.0,4.0,8.0,1.0,,2.0,,,1.0
Markita Landry,2021CMC,2021.0,S13,middle,3611.0,116.0,1,2.0,,2.0,,,,,,2.0
Rommie Amaro,2021CMC,2021.0,S13,middle,3611.0,29.0,3,3.0,,,2.0,,1.0,,,1.0
Abhishek Singharoy,2021CMC,2021.0,S13,first,3611.0,47.0,5,3.0,,,3.0,,1.0,,,
Jan Spille,2021CMC,2021.0,S13,last,3611.0,198.0,5,9.0,2.0,2.0,,,1.0,,,
Cheemeng Tan,2021CMC,2021.0,S13,last,3611.0,4.0,1,1.0,,,,,,,,
Neel Shah,2021CMC,2021.0,S13,middle,3611.0,166.0,6,2.0,,4.0,,6.0,2.0,0.0,,2.0
Cathy Murphy,2021CMC,2021.0,S13,middle,3611.0,169.0,11,8.0,3.0,9.0,4.0,5.0,1.0,,2.0,2.0
Lu Wang,2021CMC,2021.0,S13,first,3611.0,54.0,1,2.0,,,,,,,,
Rommie Amaro,2021CMC,2021.0,S13,first,3611.0,40.0,9,2.0,,,4.0,4.0,4.0,0.0,,
Maria (Masha) Kamenetska,2021CMC,2021.0,S13,last,3611.0,59.0,6,7.0,,6.0,,,4.0,,,
Seth Childers,2021CMC,2021.0,S13,last,3611.0,13.0,4,2.0,,,2.0,,1.0,,,
Ronit Freeman,2021CMC,2021.0,S13,middle,3611.0,63.0,3,4.0,,4.0,,,,,,3.0
Neel Shah,2021CMC,2021.0,S13,first,3611.0,114.0,3,6.0,,,1.0,,1.0,,,
Cathy Murphy,2021CMC,2021.0,S13,first,3611.0,346.0,28,6.0,1.0,4.0,25.0,8.0,17.0,,17.0,
Michelle Farkas,2021CMC,2021.0,S13,last,3611.0,134.0,4,7.0,3.0,3.0,-1.0,2.0,,,,
Ronit Freeman,2021CMC,2021.0,S13,first,3611.0,49.0,5,4.0,1.0,,,2.0,2.0,,,
Silvia Ronco,2021CMC,2021.0,S13,last,3611.0,33.0,2,,,,3.0,1.0,,,,
Jan Spille,2021CMC,2021.0,S13,middle,3611.0,202.0,7,6.0,2.0,6.0,,4.0,2.0,0.0,,
Maria (Masha) Kamenetska,2021CMC,2021.0,S13,middle,3611.0,9.0,1,2.0,,,,,,,,
Seth Childers,2021CMC,2021.0,S13,middle,3611.0,39.0,3,6.0,,4.0,2.0,,1.0,,,
Jan Spille,2021CMC,2021.0,S13,first,3611.0,65.0,3,4.0,,,,2.0,1.0,,,
Abhishek Singharoy,2021CMC,2021.0,S13,last,3611.0,418.0,17,15.0,5.0,9.0,8.0,1.0,7.0,,1.0,1.0
Michelle Farkas,2021CMC,2021.0,S13,middle,3611.0,79.0,1,2.0,,2.0,,,,,,
Markita Landry,2021CMC,2021.0,S13,last,3611.0,18.0,1,2.0,,1.0,,,2.0,,,
Maria (Masha) Kamenetska,2021CMC,2021.0,S13,first,3611.0,144.0,6,3.0,2.0,2.0,,8.0,2.0,,,
Seth Childers,2021CMC,2021.0,S13,first,3611.0,33.0,3,2.0,,,3.0,1.0,,,,
Lu Wang,2021CMC,2021.0,S13,last,3611.0,51.0,8,1.0,1.0,,,8.0,4.0,,,
Rommie Amaro,2021CMC,2021.0,S13,last,3611.0,38.0,3,4.0,,2.0,1.0,,4.0,,,
Neel Shah,2021CMC,2021.0,S14,last,4203.0,114.0,5,6.0,,7.0,,2.0,1.0,,,2.0
Michelle Farkas,2021CMC,2021.0,S14,first,4203.0,91.0,4,6.0,,3.0,,,2.0,,,2.0
Cathy Murphy,2021CMC,2021.0,S14,last,4203.0,225.0,29,11.0,4.0,4.0,11.0,11.0,3.0,0.0,5.0,0.0
Abhishek Singharoy,2021CMC,2021.0,S14,middle,4203.0,405.0,13,12.0,1.0,10.0,6.0,1.0,4.0,0.0,1.0,
Ronit Freeman,2021CMC,2021.0,S14,last,4203.0,159.0,10,12.0,4.0,10.0,,4.0,4.0,,,
Markita Landry,2021CMC,2021.0,S14,middle,4203.0,115.0,1,2.0,,2.0,,,1.0,,,
Lu Wang,2021CMC,2021.0,S14,middle,4203.0,56.0,5,3.0,2.0,,,8.0,,,,
Rommie Amaro,2021CMC,2021.0,S14,middle,4203.0,19.0,3,6.0,,,2.0,,,,,
Abhishek Singharoy,2021CMC,2021.0,S14,first,4203.0,131.0,4,4.0,1.0,2.0,1.0,1.0,1.0,,,
Markita Landry,2021CMC,2021.0,S14,first,4203.0,27.0,1,2.0,,,,,,,,
Jan Spille,2021CMC,2021.0,S14,last,4203.0,89.0,3,6.0,4.0,,,,1.0,,,
Neel Shah,2021CMC,2021.0,S14,middle,4203.0,122.0,6,2.0,,2.0,,8.0,1.0,,,2.0
Cathy Murphy,2021CMC,2021.0,S14,middle,4203.0,186.0,15,8.0,6.0,5.0,5.0,3.0,4.0,0.0,1.0,2.0
Lu Wang,2021CMC,2021.0,S14,first,4203.0,54.0,1,2.0,,1.0,,,0.0,,,
Rommie Amaro,2021CMC,2021.0,S14,first,4203.0,41.0,11,3.0,,,6.0,3.0,5.0,,,
Maria (Masha) Kamenetska,2021CMC,2021.0,S14,last,4203.0,56.0,6,7.0,,7.0,,,2.0,0.0,,
Seth Childers,2021CMC,2021.0,S14,last,4203.0,73.0,10,3.0,,3.0,4.0,,2.0,0.0,,3.0
Ronit Freeman,2021CMC,2021.0,S14,middle,4203.0,80.0,5,4.0,1.0,5.0,,,0.0,0.0,,
Neel Shah,2021CMC,2021.0,S14,first,4203.0,192.0,6,7.0,,4.0,,2.0,,,,3.0
Cathy Murphy,2021CMC,2021.0,S14,first,4203.0,359.0,30,6.0,2.0,3.0,25.0,5.0,16.0,0.0,16.0,2.0
Michelle Farkas,2021CMC,2021.0,S14,last,4203.0,102.0,4,2.0,1.0,4.0,,2.0,1.0,0.0,,
Ronit Freeman,2021CMC,2021.0,S14,first,4203.0,144.0,7,7.0,2.0,4.0,,2.0,1.0,,,
Jan Spille,2021CMC,2021.0,S14,middle,4203.0,218.0,7,8.0,4.0,7.0,,1.0,2.0,,,
Seth Childers,2021CMC,2021.0,S14,middle,4203.0,41.0,3,4.0,,4.0,1.0,,1.0,,,
Jan Spille,2021CMC,2021.0,S14,first,4203.0,107.0,4,4.0,,2.0,,4.0,1.0,,,
Abhishek Singharoy,2021CMC,2021.0,S14,last,4203.0,612.0,38,20.0,2.0,17.0,14.0,5.0,7.0,0.0,2.0,8.0
Michelle Farkas,2021CMC,2021.0,S14,middle,4203.0,112.0,2,4.0,2.0,2.0,,,,,,
Markita Landry,2021CMC,2021.0,S14,last,4203.0,17.0,1,2.0,,2.0,,,2.0,,,
Maria (Masha) Kamenetska,2021CMC,2021.0,S14,first,4203.0,154.0,8,3.0,,4.0,0.0,12.0,1.0,,,
Seth Childers,2021CMC,2021.0,S14,first,4203.0,34.0,3,2.0,,,2.0,,,,,
Lu Wang,2021CMC,2021.0,S14,last,4203.0,4.0,4,,,,,,2.0,,,
Rommie Amaro,2021CMC,2021.0,S14,last,4203.0,64.0,9,7.0,,1.0,1.0,3.0,6.0,,1.0,
Kathy F. Liu,2021CMC,2021.0,S2,first,3141.0,99.0,1,2.0,,,,,1.0,,,
Matthias Heyden,2021CMC,2021.0,S2,last,3141.0,38.0,6,5.0,,3.0,,1.0,4.0,,,
Dmitri Kosenkov,2021CMC,2021.0,S2,first,3141.0,42.0,1,2.0,,,,,1.0,,,
Richard Wiener,2021CMC,2021.0,S2,first,3141.0,5.0,2,,,,1.0,,1.0,,,
Davide Donadio,2021CMC,2021.0,S2,middle,3141.0,25.0,3,4.0,2.0,0.0,,,,,,
Stefano Di Talia,2021CMC,2021.0,S2,first,3141.0,49.0,1,2.0,,,,,1.0,,,
Cathy Murphy,2021CMC,2021.0,S2,last,3141.0,253.0,30,12.0,5.0,10.0,10.0,13.0,8.0,0.0,4.0,5.0
Andrew Feig,2021CMC,2021.0,S2,last,3141.0,16.0,1,2.0,,,,,,,,
Lars Plate,2021CMC,2021.0,S2,last,3141.0,175.0,9,8.0,4.0,3.0,,4.0,1.0,0.0,,
Davide Donadio,2021CMC,2021.0,S2,first,3141.0,53.0,4,4.0,,,1.0,1.0,,,,
Allie Obermeyer,2021CMC,2021.0,S2,last,3141.0,314.0,15,15.0,,12.0,1.0,4.0,5.0,,,
Matthias Heyden,2021CMC,2021.0,S2,middle,3141.0,53.0,5,2.0,2.0,,,2.0,3.0,,3.0,
Cathy Murphy,2021CMC,2021.0,S2,middle,3141.0,22.0,5,,,,,3.0,2.0,,1.0,
Maria (Masha) Kamenetska,2021CMC,2021.0,S2,last,3141.0,97.0,9,7.0,2.0,12.0,,8.0,2.0,,,
Stephen Fried,2021CMC,2021.0,S2,last,3141.0,261.0,24,16.0,9.0,13.0,2.0,9.0,3.0,0.0,3.0,
Matthias Heyden,2021CMC,2021.0,S2,first,3141.0,42.0,1,2.0,,,,,1.0,,,
Lars Plate,2021CMC,2021.0,S2,middle,3141.0,17.0,1,1.0,,,,2.0,,,,
Allie Obermeyer,2021CMC,2021.0,S2,middle,3141.0,143.0,6,7.0,,6.0,,2.0,1.0,0.0,,
Kathy F. Liu,2021CMC,2021.0,S2,last,3141.0,346.0,11,16.0,2.0,5.0,1.0,,4.0,0.0,,
Cathy Murphy,2021CMC,2021.0,S2,first,3141.0,237.0,15,2.0,,,12.0,2.0,14.0,0.0,12.0,
Allie Obermeyer,2021CMC,2021.0,S2,first,3141.0,74.0,1,2.0,,,,,,,,
Lars Plate,2021CMC,2021.0,S2,first,3141.0,86.0,1,2.0,,,,2.0,1.0,,,
Stefano Di Talia,2021CMC,2021.0,S2,last,3141.0,118.0,2,4.0,2.0,2.0,,,,,,
Maria (Masha) Kamenetska,2021CMC,2021.0,S2,middle,3141.0,91.0,4,5.0,,2.0,,4.0,0.0,0.0,,1.0
Stephen Fried,2021CMC,2021.0,S2,middle,3141.0,118.0,4,7.0,4.0,4.0,,,,,,
Davide Donadio,2021CMC,2021.0,S2,last,3141.0,170.0,11,4.0,,3.0,2.0,7.0,0.0,,2.0,0.0
Maria (Masha) Kamenetska,2021CMC,2021.0,S2,first,3141.0,77.0,2,2.0,,2.0,,,1.0,,,1.0
Stephen Fried,2021CMC,2021.0,S2,first,3141.0,87.0,3,6.0,,,2.0,,1.0,,,
Stefano Di Talia,2021CMC,2021.0,S2,middle,3141.0,33.0,2,4.0,2.0,,,,,,,
Lulu Cambronne,2021CMC,2021.0,S3,middle,2693.0,321.0,9,10.0,,9.0,,2.0,2.0,0.0,1.0,
Alexander Green,2021CMC,2021.0,S3,first,2693.0,9.0,1,2.0,,,,,,,,
Soragni,2021CMC,2021.0,S3,first,2693.0,9.0,1,2.0,,,,,,,,
Neil Kelleher,2021CMC,2021.0,S3,middle,2693.0,215.0,9,10.0,2.0,3.0,,4.0,6.0,0.0,2.0,1.0
Caitlin Davis,2021CMC,2021.0,S3,last,2693.0,125.0,6,10.0,,2.0,,1.0,,,,
G.W. Gant Luxton,2021CMC,2021.0,S3,last,2693.0,58.0,4,2.0,,2.0,,,2.0,0.0,,
Wenjing Wang,2021CMC,2021.0,S3,middle,2693.0,56.0,2,1.0,,,,4.0,1.0,,,
Lulu Cambronne,2021CMC,2021.0,S3,first,2693.0,13.0,2,2.0,,,,2.0,,,,
Erika Matunis,2021CMC,2021.0,S3,last,2693.0,150.0,23,8.0,2.0,6.0,5.0,15.0,6.0,,3.0,4.0
Neil Kelleher,2021CMC,2021.0,S3,first,2693.0,131.0,11,9.0,,2.0,1.0,4.0,4.0,,2.0,
Tania Lupoli,2021CMC,2021.0,S3,first,2693.0,13.0,4,5.0,,,1.0,,1.0,,,
Wenjing Wang,2021CMC,2021.0,S3,first,2693.0,10.0,1,2.0,,,,,,,,
G.W. Gant Luxton,2021CMC,2021.0,S3,middle,2693.0,32.0,1,2.0,,1.0,,,1.0,,,
Rongsheng (Ross) Wang,2021CMC,2021.0,S3,first,2693.0,22.0,1,2.0,,,,,1.0,,,
Erika Matunis,2021CMC,2021.0,S3,middle,2693.0,85.0,5,4.0,3.0,1.0,1.0,5.0,1.0,,2.0,
G.W. Gant Luxton,2021CMC,2021.0,S3,first,2693.0,97.0,5,5.0,,2.0,1.0,,3.0,,,
Caitlin Davis,2021CMC,2021.0,S3,first,2693.0,12.0,3,2.0,,,,3.0,,,,
Soragni,2021CMC,2021.0,S3,last,2693.0,5.0,1,1.0,,,,,,,1.0,
Erika Matunis,2021CMC,2021.0,S3,first,2693.0,402.0,25,6.0,,1.0,26.0,2.0,21.0,,16.0,1.0
Alice Soragni,2021CMC,2021.0,S3,last,2693.0,222.0,13,18.0,2.0,4.0,,,3.0,,,
Taras Pogorelov,2021CMC,2021.0,S3,first,2693.0,24.0,2,4.0,,,1.0,,1.0,,,
Lulu Cambronne,2021CMC,2021.0,S3,last,2693.0,104.0,5,4.0,2.0,4.0,,2.0,2.0,,,
Haoran Zhang,2021CMC,2021.0,S3,first,2693.0,11.0,3,4.0,,,,,0.0,,,
Neil Kelleher,2021CMC,2021.0,S3,last,2693.0,196.0,13,4.0,1.0,2.0,1.0,8.0,7.0,,3.0,2.0
Daren Ginete,2021CMC,2021.0,S3,first,2693.0,24.0,1,2.0,,,,,2.0,,,
Tania Lupoli,2021CMC,2021.0,S3,last,2693.0,75.0,6,4.0,1.0,5.0,,2.0,,0.0,,
Wenjing Wang,2021CMC,2021.0,S3,last,2693.0,132.0,4,5.0,2.0,2.0,,2.0,4.0,,,
Rongsheng (Ross) Wang,2021CMC,2021.0,S3,last,2693.0,140.0,8,10.0,2.0,3.0,,3.0,2.0,,1.0,
Grace Stokes,2021CMC,2021.0,S4,first,3482.0,52.0,2,4.0,,,,2.0,,,,
Holly Goodson,2021CMC,2021.0,S4,first,3482.0,172.0,17,5.0,2.0,,9.0,5.0,12.0,,11.0,
Gulcin Pekkurnaz,2021CMC,2021.0,S4,first,3482.0,51.0,2,2.0,,,,2.0,1.0,,,
Brian Zid,2021CMC,2021.0,S4,middle,3482.0,121.0,2,4.0,2.0,2.0,,2.0,,,,
Jan Spille,2021CMC,2021.0,S4,last,3482.0,436.0,22,13.0,5.0,4.0,9.0,11.0,6.0,0.0,2.0,4.0
Cheemeng Tan,2021CMC,2021.0,S4,last,3482.0,186.0,5,3.0,2.0,6.0,,8.0,,,,
Brian Zid,2021CMC,2021.0,S4,first,3482.0,83.0,3,2.0,,,,6.0,,,,
S. Stephen Yi,2021CMC,2021.0,S4,last,3482.0,214.0,5,8.0,1.0,6.0,,2.0,2.0,0.0,,2.0
Yan Yu,2021CMC,2021.0,S4,last,3482.0,143.0,6,8.0,2.0,2.0,,2.0,2.0,,,
Seth Childers,2021CMC,2021.0,S4,last,3482.0,169.0,6,10.0,2.0,8.0,,2.0,,,,
Richard Wiener,2021CMC,2021.0,S4,last,3482.0,14.0,1,,,,1.0,,,,,
Grace Stokes,2021CMC,2021.0,S4,last,3482.0,8.0,1,1.0,,,1.0,,,,,
Gulcin Pekkurnaz,2021CMC,2021.0,S4,last,3482.0,46.0,2,1.0,,2.0,1.0,1.0,,,,
Silvia Ronco,2021CMC,2021.0,S4,last,3482.0,2.0,1,,,,,1.0,,,,
Jan Spille,2021CMC,2021.0,S4,middle,3482.0,49.0,1,2.0,2.0,,,,,,,
Holly Goodson,2021CMC,2021.0,S4,last,3482.0,413.0,35,14.0,9.0,8.0,14.0,12.0,17.0,0.0,6.0,
S. Stephen Yi,2021CMC,2021.0,S4,middle,3482.0,139.0,2,4.0,,4.0,,,,,,
Yan Yu,2021CMC,2021.0,S4,middle,3482.0,59.0,2,,,,,4.0,,,,
Seth Childers,2021CMC,2021.0,S4,middle,3482.0,37.0,1,1.0,,2.0,,,1.0,,,
Jan Spille,2021CMC,2021.0,S4,first,3482.0,189.0,7,12.0,,4.0,2.0,2.0,2.0,,,
Yan Yu,2021CMC,2021.0,S4,first,3482.0,40.0,1,2.0,,,,,1.0,,,
Gulcin Pekkurnaz,2021CMC,2021.0,S4,middle,3482.0,130.0,2,2.0,2.0,4.0,,2.0,,,,2.0
Seth Childers,2021CMC,2021.0,S4,first,3482.0,132.0,5,8.0,,2.0,,2.0,,,,
Brian Zid,2021CMC,2021.0,S4,last,3482.0,424.0,15,11.0,4.0,6.0,,23.0,2.0,,,
Holly Goodson,2021CMC,2021.0,S4,middle,3482.0,173.0,5,,2.0,4.0,3.0,,2.0,,3.0,
Stephanie Gupton,2021CMC,2021.0,S5,last,3619.0,54.0,2,2.0,,,1.0,2.0,2.0,,,
Gang-yu Liu,2021CMC,2021.0,S5,middle,3619.0,182.0,8,6.0,1.0,2.0,3.0,,6.0,0.0,2.0,1.0
Michelle Farkas,2021CMC,2021.0,S5,first,3619.0,143.0,4,4.0,,,2.0,2.0,1.0,,,
PAUL SELVIN,2021CMC,2021.0,S5,first,3619.0,185.0,8,4.0,,,5.0,4.0,4.0,,,
Anna Sokac,2021CMC,2021.0,S5,last,3619.0,26.0,7,4.0,,,6.0,,2.0,,1.0,
Joshua Weinstein,2021CMC,2021.0,S5,last,3619.0,183.0,2,4.0,,3.0,,,,,,
Gary Greenburg,2021CMC,2021.0,S5,first,3619.0,11.0,1,2.0,,,,,,,,
Alexis Komor,2021CMC,2021.0,S5,first,3619.0,95.0,2,4.0,,2.0,,2.0,,,,
Abhishek Singharoy,2021CMC,2021.0,S5,middle,3619.0,214.0,2,4.0,2.0,2.0,,,,,,
Gang-yu Liu,2021CMC,2021.0,S5,first,3619.0,298.0,26,7.0,,,22.0,3.0,16.0,,20.0,
Alison Ondrus,2021CMC,2021.0,S5,middle,3619.0,221.0,3,4.0,,5.0,,4.0,,,,
Ronit Freeman,2021CMC,2021.0,S5,last,3619.0,284.0,6,8.0,,2.0,,,1.0,,,2.0
Lydia Kisley,2021CMC,2021.0,S5,last,3619.0,50.0,1,2.0,,2.0,,,,,,1.0
Jim Mitchell,2021CMC,2021.0,S5,last,3619.0,6.0,4,,,,,2.0,4.0,,,
Stephanie Gupton,2021CMC,2021.0,S5,middle,3619.0,69.0,1,2.0,,2.0,,,,,,1.0
Abhishek Singharoy,2021CMC,2021.0,S5,first,3619.0,22.0,4,2.0,,,,,3.0,,,
Judith Su,2021CMC,2021.0,S5,last,3619.0,26.0,3,1.0,,3.0,,,,,,
Alison Ondrus,2021CMC,2021.0,S5,first,3619.0,24.0,3,3.0,,,,,0.0,,,
Stephanie Gupton,2021CMC,2021.0,S5,first,3619.0,16.0,2,2.0,,,,1.0,,,,
Lydia Kisley,2021CMC,2021.0,S5,middle,3619.0,97.0,1,2.0,2.0,,,2.0,,,,
Ronit Freeman,2021CMC,2021.0,S5,middle,3619.0,30.0,2,2.0,,2.0,,2.0,,,1.0,
Anna Sokac,2021CMC,2021.0,S5,first,3619.0,21.0,2,2.0,,,2.0,,2.0,,,
Joshua Weinstein,2021CMC,2021.0,S5,first,3619.0,46.0,3,2.0,,,,2.0,0.0,,,
Judith Su,2021CMC,2021.0,S5,middle,3619.0,35.0,1,2.0,,2.0,,,1.0,,,
Richard Wiener,2021CMC,2021.0,S5,last,3619.0,7.0,2,1.0,,,2.0,,,,,
Michelle Farkas,2021CMC,2021.0,S5,last,3619.0,298.0,24,4.0,,4.0,7.0,9.0,10.0,0.0,1.0,2.0
Lydia Kisley,2021CMC,2021.0,S5,first,3619.0,26.0,1,2.0,,,,,,,,
PAUL SELVIN,2021CMC,2021.0,S5,last,3619.0,37.0,10,,,0.0,3.0,3.0,0.0,0.0,1.0,
Ronit Freeman,2021CMC,2021.0,S5,first,3619.0,121.0,2,4.0,,2.0,,,1.0,,,
Jim Mitchell,2021CMC,2021.0,S5,first,3619.0,18.0,1,2.0,,,,,1.0,,,
Alexis Komor,2021CMC,2021.0,S5,last,3619.0,102.0,6,2.0,2.0,3.0,,2.0,4.0,,,
Judith Su,2021CMC,2021.0,S5,first,3619.0,19.0,3,2.0,,,,,1.0,,,
Gang-yu Liu,2021CMC,2021.0,S5,last,3619.0,430.0,32,9.0,2.0,9.0,12.0,5.0,19.0,0.0,8.0,2.0
Michelle Farkas,2021CMC,2021.0,S5,middle,3619.0,70.0,1,2.0,,2.0,,,2.0,,,
PAUL SELVIN,2021CMC,2021.0,S5,middle,3619.0,62.0,4,,,,3.0,2.0,,0.0,4.0,
Alison Ondrus,2021CMC,2021.0,S5,last,3619.0,91.0,11,8.0,1.0,4.0,2.0,4.0,3.0,,1.0,
Neel Shah,2021CMC,2021.0,S6,last,3120.0,304.0,9,7.0,1.0,6.0,,4.0,7.0,0.0,2.0,2.0
Julien Berro,2021CMC,2021.0,S6,middle,3120.0,47.0,1,,2.0,1.0,,2.0,,,,
Shankar Mukherji,2021CMC,2021.0,S6,last,3120.0,190.0,7,9.0,3.0,4.0,,2.0,1.0,,,
Laura Sanchez,2021CMC,2021.0,S6,last,3120.0,157.0,6,4.0,0.0,,2.0,4.0,,0.0,,2.0
Markita Landry,2021CMC,2021.0,S6,middle,3120.0,109.0,2,2.0,,2.0,,2.0,1.0,,,
Lu Wang,2021CMC,2021.0,S6,middle,3120.0,122.0,1,2.0,2.0,2.0,,,,,,
Rommie Amaro,2021CMC,2021.0,S6,middle,3120.0,139.0,9,,,,5.0,2.0,2.0,,6.0,1.0
Nathan DeYonker,2021CMC,2021.0,S6,last,3120.0,206.0,12,7.0,1.0,5.0,,7.0,2.0,0.0,3.0,2.0
Kathryn Haas,2021CMC,2021.0,S6,last,3120.0,163.0,5,4.0,,3.0,,3.0,,,,2.0
Julien Berro,2021CMC,2021.0,S6,first,3120.0,2.0,1,2.0,,,,,,,,
Elizabeth Read,2021CMC,2021.0,S6,last,3120.0,260.0,5,2.0,2.0,,,6.0,1.0,,,
Markita Landry,2021CMC,2021.0,S6,first,3120.0,8.0,1,,,,,,1.0,,,
Rommie Amaro,2021CMC,2021.0,S6,first,3120.0,229.0,11,2.0,2.0,,10.0,6.0,6.0,0.0,4.0,
Laura Sanchez,2021CMC,2021.0,S6,middle,3120.0,7.0,1,1.0,,,,,,,,
Rigoberto Hernandez,2021CMC,2021.0,S6,last,3120.0,271.0,22,15.0,4.0,6.0,5.0,6.0,4.0,,2.0,4.0
Sandy Schmid,2021CMC,2021.0,S6,last,3120.0,19.0,1,,,,,2.0,,,,
Nathan DeYonker,2021CMC,2021.0,S6,middle,3120.0,176.0,5,6.0,2.0,2.0,1.0,4.0,,0.0,2.0,
Shankar Mukherji,2021CMC,2021.0,S6,first,3120.0,1.0,1,,,,,,1.0,,,
Richard Wiener,2021CMC,2021.0,S6,last,3120.0,7.0,1,,,,1.0,,,,,
Laura Sanchez,2021CMC,2021.0,S6,first,3120.0,12.0,3,,,1.0,5.0,,1.0,,,
Elizabeth Read,2021CMC,2021.0,S6,middle,3120.0,4.0,2,,,,,1.0,,0.0,,
Silvia Ronco,2021CMC,2021.0,S6,last,3120.0,1.0,1,,,,,1.0,,,,
Nathan DeYonker,2021CMC,2021.0,S6,first,3120.0,2.0,2,,,,2.0,,,0.0,,
Rigoberto Hernandez,2021CMC,2021.0,S6,middle,3120.0,117.0,3,4.0,,,5.0,,,,,
Elizabeth Read,2021CMC,2021.0,S6,first,3120.0,1.0,1,,,,,,0.0,,,
Julien Berro,2021CMC,2021.0,S6,last,3120.0,59.0,2,4.0,,4.0,,,,,,
Sandy Schmid,2021CMC,2021.0,S6,first,3120.0,10.0,3,,,,,1.0,1.0,,,
Rigoberto Hernandez,2021CMC,2021.0,S6,first,3120.0,105.0,10,2.0,1.0,2.0,7.0,,5.0,,3.0,
Lu Wang,2021CMC,2021.0,S6,last,3120.0,127.0,4,8.0,,4.0,,4.0,,,2.0,
Rommie Amaro,2021CMC,2021.0,S6,last,3120.0,265.0,35,5.0,4.0,4.0,8.0,9.0,18.0,0.0,13.0,6.0
Neel Shah,2021CMC,2021.0,S7,last,3411.0,307.0,9,6.0,2.0,4.0,1.0,4.0,6.0,,1.0,2.0
Julien Berro,2021CMC,2021.0,S7,middle,3411.0,62.0,2,2.0,,0.0,,2.0,,,,1.0
Shankar Mukherji,2021CMC,2021.0,S7,last,3411.0,187.0,9,11.0,4.0,2.0,,,1.0,,1.0,
Laura Sanchez,2021CMC,2021.0,S7,last,3411.0,129.0,4,4.0,,,,4.0,0.0,,,
Markita Landry,2021CMC,2021.0,S7,middle,3411.0,108.0,1,2.0,,1.0,,2.0,,,,
Lu Wang,2021CMC,2021.0,S7,middle,3411.0,204.0,2,4.0,4.0,1.0,,,,,,
Rommie Amaro,2021CMC,2021.0,S7,middle,3411.0,126.0,10,2.0,,,7.0,2.0,2.0,,6.0,2.0
Nathan DeYonker,2021CMC,2021.0,S7,last,3411.0,144.0,8,5.0,,5.0,,4.0,1.0,,,2.0
Kathryn Haas,2021CMC,2021.0,S7,last,3411.0,193.0,4,4.0,4.0,4.0,,2.0,,,,
Julien Berro,2021CMC,2021.0,S7,first,3411.0,49.0,4,4.0,,,,,3.0,,,
Elizabeth Read,2021CMC,2021.0,S7,last,3411.0,257.0,4,2.0,2.0,2.0,,4.0,,0.0,,
Markita Landry,2021CMC,2021.0,S7,first,3411.0,53.0,3,4.0,,,,,4.0,,,
Neel Shah,2021CMC,2021.0,S7,middle,3411.0,24.0,2,,,,,3.0,,,,
Shankar Mukherji,2021CMC,2021.0,S7,middle,3411.0,114.0,1,2.0,,2.0,,,,,,
Lu Wang,2021CMC,2021.0,S7,first,3411.0,42.0,1,2.0,,,,,1.0,,,
Rommie Amaro,2021CMC,2021.0,S7,first,3411.0,122.0,16,,,1.0,9.0,7.0,18.0,,12.0,
Rigoberto Hernandez,2021CMC,2021.0,S7,last,3411.0,142.0,9,3.0,2.0,3.0,3.0,6.0,-2.0,,1.0,3.0
Sandy Schmid,2021CMC,2021.0,S7,last,3411.0,18.0,1,,,,,2.0,,,,
Nathan DeYonker,2021CMC,2021.0,S7,middle,3411.0,162.0,5,6.0,2.0,4.0,1.0,2.0,0.0,,,
Neel Shah,2021CMC,2021.0,S7,first,3411.0,33.0,2,2.0,,,1.0,,1.0,,,
Shankar Mukherji,2021CMC,2021.0,S7,first,3411.0,35.0,2,3.0,,,,,3.0,,,
Laura Sanchez,2021CMC,2021.0,S7,first,3411.0,20.0,1,2.0,,,,,1.0,,,
Elizabeth Read,2021CMC,2021.0,S7,middle,3411.0,7.0,2,1.0,,,,1.0,,,,
Nathan DeYonker,2021CMC,2021.0,S7,first,3411.0,63.0,1,2.0,,,,,1.0,,,
Rigoberto Hernandez,2021CMC,2021.0,S7,middle,3411.0,191.0,6,3.0,,6.0,6.0,4.0,,,,1.0
Kathryn Haas,2021CMC,2021.0,S7,first,3411.0,26.0,1,2.0,,,,1.0,,,,
Elizabeth Read,2021CMC,2021.0,S7,first,3411.0,43.0,1,2.0,,,,,1.0,,,
Julien Berro,2021CMC,2021.0,S7,last,3411.0,195.0,2,3.0,,4.0,,2.0,,,,
Sandy Schmid,2021CMC,2021.0,S7,first,3411.0,28.0,4,2.0,,,,1.0,1.0,0.0,1.0,
Rigoberto Hernandez,2021CMC,2021.0,S7,first,3411.0,41.0,4,2.0,1.0,,4.0,1.0,1.0,,1.0,
Lu Wang,2021CMC,2021.0,S7,last,3411.0,92.0,5,6.0,,2.0,,3.0,,,2.0,
Rommie Amaro,2021CMC,2021.0,S7,last,3411.0,194.0,25,,2.0,5.0,5.0,5.0,21.0,,8.0,4.0
Kathy F. Liu,2021CMC,2021.0,S8,first,3495.0,62.0,2,3.0,,,1.0,,,,,
Neil Kelleher,2021CMC,2021.0,S8,middle,3495.0,303.0,10,17.0,2.0,8.0,,,,,1.0,4.0
PAUL SELVIN,2021CMC,2021.0,S8,first,3495.0,240.0,14,3.0,,,10.0,4.0,7.0,,4.0,
Laura Sanchez,2021CMC,2021.0,S8,last,3495.0,185.0,13,10.0,,2.0,6.0,2.0,1.0,0.0,2.0,2.0
Lars Plate,2021CMC,2021.0,S8,last,3495.0,214.0,13,13.0,2.0,7.0,4.0,4.0,1.0,0.0,,1.0
Neil Kelleher,2021CMC,2021.0,S8,first,3495.0,329.0,17,7.0,,2.0,10.0,4.0,9.0,,11.0,
Tania Lupoli,2021CMC,2021.0,S8,middle,3495.0,73.0,4,4.0,2.0,2.0,,,0.0,0.0,,
Rongsheng (Ross) Wang,2021CMC,2021.0,S8,middle,3495.0,92.0,4,6.0,4.0,,,,0.0,,,
Cheemeng Tan,2021CMC,2021.0,S8,last,3495.0,120.0,1,2.0,2.0,,,,,,,2.0
S. Stephen Yi,2021CMC,2021.0,S8,last,3495.0,24.0,1,,0.0,2.0,,,1.0,,,
Laura Sanchez,2021CMC,2021.0,S8,middle,3495.0,141.0,7,8.0,6.0,5.0,,4.0,,0.0,,
Rongsheng (Ross) Wang,2021CMC,2021.0,S8,first,3495.0,38.0,1,2.0,,,,,1.0,,,
Lars Plate,2021CMC,2021.0,S8,middle,3495.0,152.0,3,5.0,2.0,3.0,,2.0,,,,1.0
Laura Sanchez,2021CMC,2021.0,S8,first,3495.0,106.0,3,3.0,,,1.0,2.0,-1.0,,,
PAUL SELVIN,2021CMC,2021.0,S8,last,3495.0,203.0,9,4.0,2.0,2.0,4.0,4.0,2.0,,0.0,2.0
Lars Plate,2021CMC,2021.0,S8,first,3495.0,102.0,5,2.0,1.0,,2.0,,5.0,,,
Silvia Ronco,2021CMC,2021.0,S8,last,3495.0,33.0,2,,,,3.0,1.0,,,,
S. Stephen Yi,2021CMC,2021.0,S8,middle,3495.0,55.0,3,3.0,2.0,2.0,,,1.0,,,1.0
Alexis Komor,2021CMC,2021.0,S8,last,3495.0,56.0,8,3.0,,5.0,,4.0,3.0,,,
Neil Kelleher,2021CMC,2021.0,S8,last,3495.0,175.0,6,10.0,2.0,4.0,1.0,,0.0,,,
Kathy F. Liu,2021CMC,2021.0,S8,middle,3495.0,36.0,1,,2.0,2.0,,2.0,,,,
S. Stephen Yi,2021CMC,2021.0,S8,first,3495.0,118.0,4,4.0,2.0,2.0,2.0,,1.0,,,
Tamar Lupu,2021CMC,2021.0,S8,last,3495.0,2.0,1,,0.0,,,,1.0,,,
Tania Lupoli,2021CMC,2021.0,S8,last,3495.0,202.0,15,15.0,5.0,11.0,,7.0,0.0,0.0,,1.0
PAUL SELVIN,2021CMC,2021.0,S8,middle,3495.0,151.0,6,4.0,,2.0,,4.0,0.0,,,
Rongsheng (Ross) Wang,2021CMC,2021.0,S8,last,3495.0,136.0,15,11.0,2.0,4.0,,10.0,6.0,,,
Alexis Komor,2021CMC,2021.0,S8,middle,3495.0,147.0,5,7.0,,4.0,,2.0,,,,4.0
Stephanie Gupton,2021CMC,2021.0,S9,last,2605.0,45.0,1,1.0,,1.0,,,1.0,,,
Lulu Cambronne,2021CMC,2021.0,S9,middle,2605.0,89.0,5,3.0,,4.0,,6.0,1.0,,,
Matthias Heyden,2021CMC,2021.0,S9,last,2605.0,70.0,7,5.0,2.0,6.0,,,3.0,,,
Holly Goodson,2021CMC,2021.0,S9,first,2605.0,324.0,24,12.0,3.0,1.0,12.0,8.0,16.0,,4.0,2.0
Shankar Mukherji,2021CMC,2021.0,S9,last,2605.0,245.0,12,12.0,1.0,13.0,,6.0,6.0,,,1.0
G.W. Gant Luxton,2021CMC,2021.0,S9,last,2605.0,188.0,12,7.0,4.0,6.0,,4.0,2.0,,2.0,
Gang-yu Liu,2021CMC,2021.0,S9,first,2605.0,136.0,15,8.0,,,3.0,3.0,12.0,0.0,,
Brian Zid,2021CMC,2021.0,S9,middle,2605.0,89.0,1,2.0,,2.0,,2.0,,,,
Stephanie Gupton,2021CMC,2021.0,S9,middle,2605.0,18.0,2,2.0,,2.0,,,,,,
Matthias Heyden,2021CMC,2021.0,S9,middle,2605.0,22.0,2,2.0,,2.0,,2.0,,,,
Cheemeng Tan,2021CMC,2021.0,S9,last,2605.0,46.0,10,4.0,,2.0,4.0,2.0,1.0,0.0,,
Brian Zid,2021CMC,2021.0,S9,first,2605.0,67.0,1,2.0,,2.0,,2.0,,,,
Shankar Mukherji,2021CMC,2021.0,S9,middle,2605.0,49.0,2,2.0,2.0,2.0,,,,,,1.0
G.W. Gant Luxton,2021CMC,2021.0,S9,middle,2605.0,65.0,7,5.0,,5.0,,2.0,1.0,,,
Stephanie Gupton,2021CMC,2021.0,S9,first,2605.0,17.0,3,,,1.0,1.0,2.0,,0.0,,1.0
Matthias Heyden,2021CMC,2021.0,S9,first,2605.0,109.0,5,4.0,,4.0,1.0,2.0,3.0,,,
G.W. Gant Luxton,2021CMC,2021.0,S9,first,2605.0,97.0,6,2.0,,4.0,,4.0,0.0,0.0,,
Shankar Mukherji,2021CMC,2021.0,S9,first,2605.0,74.0,3,4.0,2.0,2.0,1.0,,,,1.0,
Holly Goodson,2021CMC,2021.0,S9,last,2605.0,246.0,19,11.0,5.0,11.0,5.0,7.0,9.0,0.0,1.0,5.0
Lulu Cambronne,2021CMC,2021.0,S9,last,2605.0,139.0,4,4.0,3.0,4.0,1.0,2.0,,0.0,,
Gang-yu Liu,2021CMC,2021.0,S9,last,2605.0,196.0,22,18.0,3.0,3.0,7.0,,11.0,,3.0,
Haoran Zhang,2021CMC,2021.0,S9,first,2605.0,7.0,1,2.0,,,2.0,,,,,
Cheemeng Tan,2021CMC,2021.0,S9,first,2605.0,6.0,3,5.0,,,,,1.0,,,
Julien Berro,2021CMC,2021.0,S9,last,2605.0,145.0,7,8.0,2.0,5.0,,2.0,3.0,0.0,,
Brian Zid,2021CMC,2021.0,S9,last,2605.0,25.0,1,2.0,,2.0,,,,,,
Holly Goodson,2021CMC,2021.0,S9,middle,2605.0,91.0,9,5.0,2.0,2.0,,3.0,3.0,,2.0,
Shikha Nangia,2021MND,2021.0,S1,first,3770.0,220.0,3,6.0,,4.0,,2.0,,,,
Richard Wiener,2021MND,2021.0,S1,first,3770.0,12.0,2,,,,4.0,,2.0,,,
Barbara Bendlin,2021MND,2021.0,S1,middle,3770.0,38.0,2,,,,2.0,2.0,4.0,,2.0,
Yanjiao Zhou,2021MND,2021.0,S1,middle,3770.0,40.0,2,2.0,,2.0,,2.0,1.0,,,
Erin Longbrake,2021MND,2021.0,S1,last,3770.0,159.0,15,4.0,5.0,3.0,1.0,6.0,2.0,0.0,,
Amina Schartup,2021MND,2021.0,S1,first,3770.0,13.0,1,2.0,,,,,,,,
Andrew Feig,2021MND,2021.0,S1,last,3770.0,25.0,2,4.0,,,1.0,,,,,
Barbara Bendlin,2021MND,2021.0,S1,first,3770.0,173.0,24,2.0,1.0,4.0,19.0,5.0,17.0,0.0,8.0,
Aida Ebrahimi,2021MND,2021.0,S1,middle,3770.0,165.0,1,2.0,,2.0,,2.0,,,,
Yanjiao Zhou,2021MND,2021.0,S1,first,3770.0,47.0,2,2.0,,,,2.0,,,,
Mei Shen,2021MND,2021.0,S1,last,3770.0,19.0,2,,,1.0,,2.0,,0.0,,
Chris  Whidbey,2021MND,2021.0,S1,last,3770.0,254.0,24,9.0,3.0,11.0,5.0,9.0,0.0,0.0,3.0,1.0
Aida Ebrahimi,2021MND,2021.0,S1,first,3770.0,351.0,7,12.0,,5.0,,4.0,,,,4.0
Erin Longbrake,2021MND,2021.0,S1,middle,3770.0,186.0,5,6.0,4.0,4.0,,2.0,0.0,,,0.0
Flavio Frohlich,2021MND,2021.0,S1,last,3770.0,274.0,10,12.0,8.0,10.0,1.0,2.0,3.0,,2.0,
Ashley Ross,2021MND,2021.0,S1,last,3770.0,123.0,5,5.0,1.0,,,6.0,,,,
Shikha Nangia,2021MND,2021.0,S1,last,3770.0,120.0,5,2.0,2.0,4.0,3.0,2.0,1.0,0.0,,2.0
Mei Shen,2021MND,2021.0,S1,middle,3770.0,71.0,3,,1.0,1.0,,3.0,,,0.0,
Erin Longbrake,2021MND,2021.0,S1,first,3770.0,26.0,1,2.0,,,,,,,,
Chris  Whidbey,2021MND,2021.0,S1,middle,3770.0,119.0,1,2.0,,2.0,,2.0,,,,
Flavio Frohlich,2021MND,2021.0,S1,middle,3770.0,83.0,1,,,2.0,,,2.0,,,2.0
Mei Shen,2021MND,2021.0,S1,first,3770.0,86.0,3,4.0,,2.0,,,0.0,,,
Shikha Nangia,2021MND,2021.0,S1,middle,3770.0,313.0,6,6.0,3.0,7.0,,,4.0,,,
Chris  Whidbey,2021MND,2021.0,S1,first,3770.0,32.0,5,5.0,,,2.0,,,,1.0,
Yanjiao Zhou,2021MND,2021.0,S1,last,3770.0,113.0,5,3.0,,3.0,,4.0,0.0,0.0,0.0,
Barbara Bendlin,2021MND,2021.0,S1,last,3770.0,227.0,30,5.0,2.0,8.0,19.0,4.0,6.0,,11.0,5.0
Flavio Frohlich,2021MND,2021.0,S1,first,3770.0,22.0,1,2.0,,,,,1.0,,,
Ashley Ross,2021MND,2021.0,S1,first,3770.0,75.0,4,4.0,,2.0,,,2.0,0.0,,
Aida Ebrahimi,2021MND,2021.0,S1,last,3770.0,384.0,27,19.0,4.0,11.0,6.0,9.0,4.0,0.0,2.0,3.0
Joel Zylberberg,2021MND,2021.0,S2,middle,5.0,5.0,1,1.0,,,,,,,,
Sarkis Mazmanian,2021MND,2021.0,S3,first,3247.0,211.0,8,4.0,7.0,4.0,,10.0,2.0,0.0,,
Kai Zhang,2021MND,2021.0,S3,last,3247.0,82.0,10,1.0,3.0,4.0,,6.0,1.0,,1.0,
Xin Qi,2021MND,2021.0,S3,last,3247.0,125.0,2,2.0,2.0,2.0,,4.0,,,,
Will Ludington,2021MND,2021.0,S3,last,3247.0,131.0,10,2.0,2.0,2.0,4.0,2.0,1.0,,,7.0
Lisa Osborne,2021MND,2021.0,S3,first,3247.0,97.0,4,6.0,7.0,,,,,,,1.0
Kai Zhang,2021MND,2021.0,S3,middle,3247.0,119.0,6,2.0,2.0,4.0,,6.0,1.0,,,
Faranak Fattahi,2021MND,2021.0,S3,last,3247.0,147.0,9,9.0,3.0,5.0,,2.0,2.0,,,
Judith Eisen,2021MND,2021.0,S3,last,3247.0,237.0,14,12.0,5.0,9.0,4.0,,3.0,,0.0,1.0
Will Ludington,2021MND,2021.0,S3,middle,3247.0,88.0,6,2.0,4.0,6.0,,2.0,1.0,0.0,,
Kai Zhang,2021MND,2021.0,S3,first,3247.0,19.0,2,,,,,3.0,,,,
Elaine Hsiao,2021MND,2021.0,S3,last,3247.0,227.0,7,8.0,,6.0,,4.0,0.0,0.0,1.0,2.0
Sarkis Mazmanian,2021MND,2021.0,S3,last,3247.0,265.0,9,8.0,8.0,8.0,2.0,5.0,1.0,,,2.0
Camille Nebeker,2021MND,2021.0,S3,last,3247.0,109.0,4,1.0,,4.0,2.0,1.0,,,,1.0
Xin Qi,2021MND,2021.0,S3,first,3247.0,181.0,5,5.0,,4.0,,4.0,,,2.0,
Will Ludington,2021MND,2021.0,S3,first,3247.0,46.0,6,1.0,0.0,4.0,,2.0,2.0,0.0,,
Faranak Fattahi,2021MND,2021.0,S3,middle,3247.0,202.0,7,9.0,,4.0,,9.0,1.0,,,
Judith Eisen,2021MND,2021.0,S3,middle,3247.0,74.0,7,3.0,1.0,4.0,,,3.0,0.0,,
Elaine Hsiao,2021MND,2021.0,S3,middle,3247.0,84.0,5,5.0,1.0,4.0,,1.0,1.0,,0.0,
Sarkis Mazmanian,2021MND,2021.0,S3,middle,3247.0,199.0,11,8.0,5.0,5.0,1.0,6.0,,0.0,,
Faranak Fattahi,2021MND,2021.0,S3,first,3247.0,268.0,10,11.0,6.0,9.0,,2.0,4.0,,,
Lisa Osborne,2021MND,2021.0,S3,last,3247.0,75.0,6,3.0,3.0,2.0,2.0,2.0,,0.0,1.0,1.0
Ying-hui Chou,2021MND,2021.0,S3,last,3247.0,41.0,2,2.0,,2.0,1.0,1.0,,,,
Judith Eisen,2021MND,2021.0,S3,first,3247.0,81.0,7,5.0,2.0,2.0,,2.0,5.0,,,
Elaine Hsiao,2021MND,2021.0,S3,first,3247.0,139.0,6,1.0,2.0,4.0,,6.0,3.0,,,
Shikha Nangia,2021MND,2021.0,S4,first,3396.0,151.0,5,4.0,,3.0,,1.0,,0.0,2.0,3.0
Amina Schartup,2021MND,2021.0,S4,middle,3396.0,126.0,4,4.0,,1.0,,3.0,-1.0,,-1.0,
Richard Wiener,2021MND,2021.0,S4,first,3396.0,14.0,5,2.0,,,1.0,,0.0,,,
Barbara Bendlin,2021MND,2021.0,S4,middle,3396.0,40.0,5,2.0,,1.0,2.0,2.0,3.0,,4.0,
Yanjiao Zhou,2021MND,2021.0,S4,middle,3396.0,14.0,4,2.0,,,,,0.0,0.0,,
Erin Longbrake,2021MND,2021.0,S4,last,3396.0,126.0,10,4.0,0.0,4.0,1.0,4.0,1.0,0.0,0.0,
Andrew Feig,2021MND,2021.0,S4,last,3396.0,80.0,6,4.0,1.0,,,1.0,1.0,,,
Barbara Bendlin,2021MND,2021.0,S4,first,3396.0,116.0,16,8.0,,,8.0,4.0,9.0,,3.0,
Aida Ebrahimi,2021MND,2021.0,S4,middle,3396.0,131.0,5,2.0,,3.0,,2.0,0.0,,,
Yanjiao Zhou,2021MND,2021.0,S4,first,3396.0,50.0,4,3.0,,0.0,,1.0,,,,
Mei Shen,2021MND,2021.0,S4,last,3396.0,38.0,2,,,,0.0,1.0,1.0,,,
Chris  Whidbey,2021MND,2021.0,S4,last,3396.0,172.0,18,4.0,4.0,2.0,6.0,4.0,2.0,0.0,4.0,3.0
Aida Ebrahimi,2021MND,2021.0,S4,first,3396.0,193.0,31,10.0,2.0,6.0,,4.0,1.0,,,
Erin Longbrake,2021MND,2021.0,S4,middle,3396.0,118.0,4,4.0,2.0,,,,1.0,0.0,,
Flavio Frohlich,2021MND,2021.0,S4,last,3396.0,302.0,12,17.0,2.0,12.0,,3.0,3.0,,2.0,
Ashley Ross,2021MND,2021.0,S4,last,3396.0,80.0,2,1.0,,2.0,,,,0.0,2.0,
Shikha Nangia,2021MND,2021.0,S4,last,3396.0,114.0,5,4.0,4.0,3.0,3.0,,1.0,,,
Mei Shen,2021MND,2021.0,S4,middle,3396.0,75.0,3,3.0,,2.0,,2.0,,,,
Erin Longbrake,2021MND,2021.0,S4,first,3396.0,25.0,1,2.0,,,,,,,,
Chris  Whidbey,2021MND,2021.0,S4,middle,3396.0,152.0,9,8.0,,1.0,,2.0,0.0,0.0,,
Flavio Frohlich,2021MND,2021.0,S4,middle,3396.0,36.0,5,3.0,2.0,,,,4.0,,,
Amina Schartup,2021MND,2021.0,S4,last,3396.0,21.0,3,,2.0,,,0.0,1.0,,0.0,2.0
Mei Shen,2021MND,2021.0,S4,first,3396.0,38.0,1,2.0,,,,,,,,
botB1,2021MND,2021.0,S4,first,3396.0,9.0,4,,,,1.0,2.0,1.0,,,
Shikha Nangia,2021MND,2021.0,S4,middle,3396.0,244.0,8,12.0,2.0,8.0,,,5.0,0.0,,
Chris  Whidbey,2021MND,2021.0,S4,first,3396.0,26.0,4,3.0,,,2.0,,,,,
Yanjiao Zhou,2021MND,2021.0,S4,last,3396.0,113.0,5,3.0,0.0,0.0,,2.0,1.0,,,1.0
Barbara Bendlin,2021MND,2021.0,S4,last,3396.0,229.0,19,3.0,4.0,6.0,14.0,3.0,3.0,,4.0,5.0
Michael Burton,2021MND,2021.0,S4,first,3396.0,10.0,2,1.0,,,1.0,,1.0,,,
Ashley Ross,2021MND,2021.0,S4,first,3396.0,155.0,5,6.0,,2.0,,,0.0,,1.0,
Aida Ebrahimi,2021MND,2021.0,S4,last,3396.0,367.0,24,14.0,4.0,8.0,3.0,8.0,3.0,0.0,2.0,6.0
Unknown speaker,2021MND,2021.0,S4,last,3396.0,31.0,9,4.0,,2.0,3.0,1.0,1.0,0.0,,
David Bryman,2021MND,2021.0,S5,last,3815.0,125.0,7,1.0,1.0,1.0,,3.0,6.0,,2.0,
Leanne Joan Dube,2021MND,2021.0,S5,last,3815.0,28.0,5,3.0,,3.0,1.0,1.0,0.0,,,
John-Paul Yu,2021MND,2021.0,S5,first,3815.0,178.0,3,4.0,,,,3.0,1.0,,,
William Zuckerberg,2021MND,2021.0,S5,last,3815.0,102.0,9,1.0,4.0,1.0,2.0,4.0,4.0,,,3.0
Jeff Dongga,2021MND,2021.0,S5,first,3815.0,75.0,4,4.0,,,,,0.0,,,
Jial Rongge Xue,2021MND,2021.0,S5,middle,3815.0,290.0,5,8.0,4.0,5.0,,,1.0,,,
Jill Panzer Codding,2021MND,2021.0,S5,last,3815.0,17.0,1,,,,,,,,,0.0
William Zuercher,2021MND,2021.0,S5,middle,3815.0,90.0,3,5.0,2.0,,,2.0,1.0,,,
Jeff Bryan Kottkamp,2021MND,2021.0,S5,last,3815.0,69.0,7,,,1.0,2.0,4.0,3.0,,3.0,2.0
Joel Weizman,2021MND,2021.0,S5,last,3815.0,40.0,4,6.0,,,2.0,,,,,
Harris Wang,2021MND,2021.0,S5,last,3815.0,3.0,2,,,,,,2.0,,,
Sarah MacEachern,2021MND,2021.0,S5,last,3815.0,150.0,6,6.0,,4.0,,2.0,3.0,0.0,,2.0
Stephanie M Goggin,2021MND,2021.0,S5,middle,3815.0,42.0,4,3.0,,2.0,,6.0,,,,
Wei Wang,2021MND,2021.0,S5,last,3815.0,41.0,2,,,2.0,,1.0,1.0,,,2.0
Wenjing Wang W,2021MND,2021.0,S5,last,3815.0,11.0,2,,,,,2.0,,0.0,,
Stephanie Culina,2021MND,2021.0,S5,first,3815.0,50.0,1,2.0,,,,,2.0,,,
Lee Berg,2021MND,2021.0,S5,first,3815.0,17.0,3,2.0,,2.0,,,0.0,,,
Jeff Levenson-King,2021MND,2021.0,S5,last,3815.0,62.0,2,2.0,,,,,,,,
Kallol Mondal,2021MND,2021.0,S5,last,3815.0,45.0,1,2.0,,,,,,,,
Gillian Zybertberg,2021MND,2021.0,S5,first,3815.0,37.0,3,2.0,1.0,,2.0,,1.0,,,
Stephanie M Goggin,2021MND,2021.0,S5,first,3815.0,30.0,2,2.0,2.0,,,,,0.0,,
Carl Bryan Bates,2021MND,2021.0,S5,last,3815.0,120.0,5,4.0,2.0,3.0,1.0,,4.0,,,
John-Paul Yu,2021MND,2021.0,S5,last,3815.0,89.0,5,4.0,1.0,,,,1.0,,,
Michael D Cullinan,2021MND,2021.0,S5,last,3815.0,13.0,1,1.0,,,,,,,,
Sarah MacEachern,2021MND,2021.0,S5,first,3815.0,94.0,1,2.0,,2.0,,,1.0,,,
Leanne Debra Opheim Stoltze,2021MND,2021.0,S5,middle,3815.0,7.0,1,2.0,,,,,,,,
Jae Sung Kim,2021MND,2021.0,S5,first,3815.0,98.0,4,4.0,,,,2.0,,0.0,,
Stephanie Grainger McOgga,2021MND,2021.0,S5,first,3815.0,97.0,9,5.0,,2.0,,6.0,1.0,,2.0,
William Zuberbierg,2021MND,2021.0,S5,first,3815.0,65.0,5,4.0,,,4.0,,,0.0,,
Leanne Debra Opheim Stoltze,2021MND,2021.0,S5,first,3815.0,19.0,1,2.0,,2.0,,,,,,
Jae Hwan Song,2021MND,2021.0,S5,last,3815.0,44.0,2,2.0,,2.0,,2.0,0.0,,,
Carl Bryan Agee,2021MND,2021.0,S5,last,3815.0,104.0,10,5.0,,2.0,1.0,6.0,2.0,,1.0,2.0
Joel Bornstein,2021MND,2021.0,S5,first,3815.0,53.0,21,2.0,2.0,2.0,6.0,7.0,8.0,0.0,2.0,
Jiali Ping,2021MND,2021.0,S5,last,3815.0,79.0,4,3.0,,,,4.0,3.0,,,
Jill Panzer Godager,2021MND,2021.0,S5,last,3815.0,9.0,1,,,,,,,,,2.0
All,2021MND,2021.0,S5,first,3815.0,3.0,2,,,,2.0,,3.0,,,
Paul Hsu,2021MND,2021.0,S5,middle,3815.0,69.0,1,2.0,2.0,,,,,,,
LaureAnne O'Bryan,2021MND,2021.0,S5,middle,3815.0,28.0,1,2.0,,2.0,,,1.0,,,
All Bryan Bayles,2021MND,2021.0,S5,first,3815.0,5.0,2,,,,,2.0,0.0,,2.0,
Joel Zylberberg,2021MND,2021.0,S5,last,3815.0,72.0,7,2.0,0.0,3.0,3.0,1.0,3.0,,,
Jill Marburger-Goodwin,2021MND,2021.0,S5,first,3815.0,42.0,3,4.0,,3.0,,,,,,
Zongqi Xia,2021MND,2021.0,S5,last,3815.0,3.0,2,,,,,,0.0,0.0,,
David Bryman,2021MND,2021.0,S5,middle,3815.0,12.0,1,,,,,2.0,,,,
Jeff Balser,2021MND,2021.0,S5,first,3815.0,5.0,5,4.0,,,4.0,,2.0,,,
Liang Song,2021MND,2021.0,S5,middle,3815.0,313.0,12,13.0,4.0,4.0,1.0,2.0,6.0,,,
Stephanie Rosener-Goodman,2021MND,2021.0,S5,last,3815.0,33.0,1,1.0,,2.0,,2.0,,,,
Joel P Fhu,2021MND,2021.0,S5,middle,3815.0,135.0,3,2.0,4.0,2.0,,2.0,,,,0.0
Sarah MacEachern,2021MND,2021.0,S5,middle,3815.0,33.0,3,3.0,,2.0,,,2.0,,1.0,
Wenjing Wang W,2021MND,2021.0,S5,middle,3815.0,51.0,4,2.0,,2.0,,4.0,1.0,,,
Jia Li Zhu,2021MND,2021.0,S5,last,3815.0,10.0,1,,1.0,,,1.0,,,,
Kai Iwi,2021MND,2021.0,S5,middle,3815.0,56.0,3,4.0,,,,,,,,1.0
Jeff Levenson-King,2021MND,2021.0,S5,middle,3815.0,65.0,3,2.0,,2.0,,2.0,1.0,,4.0,
Wang Ying,2021MND,2021.0,S5,middle,3815.0,11.0,1,2.0,,1.0,,,,,,
Laurel Beckett,2021MND,2021.0,S5,first,3815.0,3.0,1,1.0,,1.0,,,,,,
Lauren O'Connell,2021MND,2021.0,S5,last,3815.0,11.0,1,2.0,,,,,,,,
Wenjing Wang W,2021MND,2021.0,S5,first,3815.0,42.0,1,2.0,,,,,1.0,,,
Joel Bango Kote,2021MND,2021.0,S5,last,3815.0,70.0,1,2.0,,2.0,,,,,,
Joel Bryan Bornstein,2021MND,2021.0,S5,middle,3815.0,9.0,2,2.0,,,,2.0,,,,
Michael Burton,2021MND,2021.0,S5,first,3815.0,81.0,1,2.0,,,,,2.0,,,
Gillian Zuberberg,2021MND,2021.0,S5,last,3815.0,194.0,6,6.0,2.0,7.0,3.0,2.0,1.0,0.0,,
Unknown speaker,2021MND,2021.0,S5,last,3815.0,8.0,5,,,,,,4.0,0.0,,
Joel Bryan Bornstein,2021MND,2021.0,S5,first,3815.0,32.0,2,1.0,,1.0,,2.0,,,,1.0
Jill Sean McEachern,2021MND,2021.0,S5,last,3815.0,26.0,1,2.0,,,,,2.0,,,
Marie-Claire Arrieta,2021MND,2021.0,S6,first,3862.0,67.0,1,2.0,,,,,,,,
Linnea Freeman,2021MND,2021.0,S6,first,3862.0,244.0,9,14.0,1.0,11.0,,2.0,3.0,,0.0,
Ali Keshavarzian,2021MND,2021.0,S6,middle,3862.0,331.0,12,9.0,1.0,7.0,2.0,4.0,2.0,0.0,5.0,
Rosy Krajmalnik-Brown,2021MND,2021.0,S6,middle,3862.0,71.0,7,4.0,2.0,4.0,,4.0,,0.0,,
Cesar De,2021MND,2021.0,S6,last,3862.0,27.0,4,2.0,,,,,4.0,,,
Pamela Chang,2021MND,2021.0,S6,first,3862.0,48.0,2,2.0,1.0,1.0,,2.0,,,,
Andrew Feig,2021MND,2021.0,S6,last,3862.0,4.0,1,,,,,,,0.0,,
Ali Keshavarzian,2021MND,2021.0,S6,first,3862.0,164.0,15,7.0,2.0,2.0,2.0,12.0,2.0,0.0,7.0,
Mark Mimee,2021MND,2021.0,S6,last,3862.0,285.0,13,12.0,1.0,11.0,2.0,8.0,0.0,,1.0,2.0
Alexandra Bedford,2021MND,2021.0,S6,last,3862.0,5.0,1,1.0,,,,,1.0,,,
Unidentified speaker,2021MND,2021.0,S6,first,3862.0,3.0,2,,,,,1.0,0.0,,0.0,
Rosy Krajmalnik-Brown,2021MND,2021.0,S6,first,3862.0,299.0,10,12.0,3.0,3.0,,9.0,,,3.0,1.0
Dave Durgan,2021MND,2021.0,S6,last,3862.0,45.0,5,4.0,,,1.0,,1.0,0.0,,
Nandita Garud,2021MND,2021.0,S6,last,3862.0,230.0,23,5.0,,3.0,9.0,1.0,12.0,,2.0,4.0
Cesar De,2021MND,2021.0,S6,middle,3862.0,200.0,4,2.0,2.0,4.0,,3.0,0.0,,,
Robin Voigt-Zuwala,2021MND,2021.0,S6,last,3862.0,47.0,4,3.0,,4.0,,,,0.0,,
Marie-Claire Arrieta,2021MND,2021.0,S6,last,3862.0,53.5,2,2.0,,,,,1.0,,,
Linnea Freeman,2021MND,2021.0,S6,last,3862.0,146.0,2,4.0,,4.0,,,2.0,,1.0,
Dave Durgan,2021MND,2021.0,S6,middle,3862.0,214.0,10,12.0,3.0,4.0,1.0,5.0,,0.0,,1.0
Nandita Garud,2021MND,2021.0,S6,middle,3862.0,61.0,1,2.0,,,,,,,,
Mark Mimee,2021MND,2021.0,S6,first,3862.0,121.0,7,1.0,,2.0,2.0,12.0,,,,
Lisa Ryno,2021MND,2021.0,S6,last,3862.0,47.0,4,4.0,,,1.0,,1.0,,,
Robin Voigt-Zuwala,2021MND,2021.0,S6,middle,3862.0,81.0,5,6.0,4.0,8.0,,4.0,1.0,,,
Ali Keshavarzian,2021MND,2021.0,S6,last,3862.0,329.0,33,7.0,1.0,4.0,20.0,9.0,17.0,,13.0,1.0
Pamela Chang,2021MND,2021.0,S6,last,3862.0,51.0,4,2.0,2.0,,1.0,,,,1.0,1.0
Marie-Claire Arrieta,2021MND,2021.0,S6,middle,3862.0,172.0,2,3.0,3.0,2.0,,,1.0,,,
Dave Durgan,2021MND,2021.0,S6,first,3862.0,54.0,2,2.0,0.0,2.0,,,1.0,,,
Rosy Krajmalnik-Brown,2021MND,2021.0,S6,last,3862.0,194.5,33,8.0,,6.0,16.0,12.0,7.0,0.0,1.0,1.0
Robin Voigt-Zuwala,2021MND,2021.0,S6,first,3862.0,94.0,2,3.0,,2.0,,2.0,,,,
Nandita Garud,2021MND,2021.0,S6,first,3862.0,49.0,3,,,,,4.0,3.0,,,
Unknown speaker,2021MND,2021.0,S6,last,3862.0,8.0,2,,,,,2.0,-1.0,,,
Lisa Ryno,2021MND,2021.0,S6,middle,3862.0,118.0,3,3.0,,4.0,,1.0,,0.0,,
Tim Sampson,2021MND,2021.0,S7,last,3576.0,169.0,10,10.0,6.0,2.0,,,1.0,,1.0,1.0
Tanya Nguyen,2021MND,2021.0,S7,last,3576.0,63.0,8,2.0,2.0,2.0,,,2.0,0.0,1.0,2.0
Elizabeth Bess,2021MND,2021.0,S7,first,3576.0,96.0,2,4.0,2.0,4.0,,2.0,,,,
Stavroula Hatzios,2021MND,2021.0,S7,last,3576.0,85.0,3,4.0,2.0,4.0,1.0,2.0,,,1.0,1.0
Yang-Yu Liu,2021MND,2021.0,S7,middle,3576.0,145.0,2,4.0,2.0,2.0,,,,,,
Abhishek Shrivastava,2021MND,2021.0,S7,middle,3576.0,171.0,9,,0.0,5.0,,15.0,3.0,,,
Harris Wang,2021MND,2021.0,S7,last,3576.0,238.0,9,8.0,,9.0,1.0,,2.0,0.0,1.0,
Andrew Feig,2021MND,2021.0,S7,last,3576.0,8.0,1,2.0,,,1.0,,1.0,,,
Maayan Levy,2021MND,2021.0,S7,last,3576.0,273.0,19,12.0,,9.0,1.0,2.0,5.0,0.0,,
Lawrence David,2021MND,2021.0,S7,middle,3576.0,159.0,9,1.0,4.0,6.0,5.0,2.0,3.0,,0.0,2.0
Emily Balskus,2021MND,2021.0,S7,middle,3576.0,178.0,5,2.0,2.0,3.0,2.0,,,,1.0,1.0
Yang-Yu Liu,2021MND,2021.0,S7,first,3576.0,217.0,4,6.0,2.0,,,5.0,,,,
Tanya Nguyen,2021MND,2021.0,S7,middle,3576.0,39.0,2,1.0,,1.0,,1.0,1.0,,,
Lawrence David,2021MND,2021.0,S7,first,3576.0,44.0,1,,1.0,2.0,,2.0,,,,
Abhishek Shrivastava,2021MND,2021.0,S7,first,3576.0,82.0,2,2.0,,,,4.0,,,,
Emily Balskus,2021MND,2021.0,S7,first,3576.0,55.0,1,,,2.0,,1.0,,,,
Tanya Nguyen,2021MND,2021.0,S7,first,3576.0,83.0,5,4.0,4.0,1.0,,4.0,4.0,,,
Sandra Laney,2021MND,2021.0,S7,last,3576.0,34.0,3,4.0,,,3.0,,2.0,,,
Tim Sampson,2021MND,2021.0,S7,first,3576.0,164.0,2,4.0,2.0,2.0,,2.0,1.0,,,
Harris Wang,2021MND,2021.0,S7,middle,3576.0,132.0,3,6.0,6.0,4.0,,,,,,
Stavroula Hatzios,2021MND,2021.0,S7,middle,3576.0,50.0,2,2.0,,2.0,,,1.0,,,
Maayan Levy,2021MND,2021.0,S7,middle,3576.0,157.0,6,9.0,4.0,3.0,,2.0,0.0,,,
Harris Wang,2021MND,2021.0,S7,first,3576.0,265.0,3,6.0,6.0,4.0,,2.0,,,,
Stavroula Hatzios,2021MND,2021.0,S7,first,3576.0,15.0,1,2.0,,2.0,,,,,,
Elizabeth Bess,2021MND,2021.0,S7,last,3576.0,34.0,4,2.0,,,,,,0.0,1.0,
Maayan Levy,2021MND,2021.0,S7,first,3576.0,53.0,4,4.0,,,,,4.0,0.0,2.0,
Yang-Yu Liu,2021MND,2021.0,S7,last,3576.0,57.0,5,4.0,,,,,1.0,,,
Abhishek Shrivastava,2021MND,2021.0,S7,last,3576.0,115.0,9,5.0,0.0,,1.0,4.0,3.0,0.0,2.0,
Sandra Laney,2021MND,2021.0,S7,first,3576.0,10.0,1,,,,,2.0,,,,
Lawrence David,2021MND,2021.0,S7,last,3576.0,214.0,28,15.0,5.0,5.0,11.0,6.0,16.0,0.0,0.0,
Emily Balskus,2021MND,2021.0,S7,last,3576.0,171.0,24,3.0,,3.0,13.0,,12.0,0.0,5.0,3.0
Irene Yang,2021MND,2021.0,S8,last,3445.0,123.0,9,6.0,,5.0,1.0,3.0,6.0,,,1.0
Carolina Tropini,2021MND,2021.0,S8,last,3445.0,58.0,2,4.0,,2.0,2.0,,1.0,,,
Noah Palm,2021MND,2021.0,S8,middle,3445.0,123.0,6,8.0,,6.0,,4.0,2.0,,,
Tom Mansell,2021MND,2021.0,S8,middle,3445.0,134.0,9,4.0,2.0,4.0,0.0,2.0,2.0,,1.0,1.0
Andrew Feig,2021MND,2021.0,S8,last,3445.0,1.0,1,,,,,,1.0,,,
Melanie Gareau,2021MND,2021.0,S8,first,3445.0,137.0,2,2.0,,3.0,,3.0,,,,
Noah Palm,2021MND,2021.0,S8,first,3445.0,230.0,9,8.0,4.0,11.0,2.0,,0.0,,,
Kaixiong Ye,2021MND,2021.0,S8,last,3445.0,343.0,14,6.0,2.0,13.0,,7.0,4.0,0.0,,
Tom Mansell,2021MND,2021.0,S8,first,3445.0,152.0,3,6.0,2.0,4.0,,2.0,,,,
Elizabeth Weiss- Science Philanthropy Alliance,2021MND,2021.0,S8,last,3445.0,14.0,1,1.0,,,,,1.0,,,
Irene Yang,2021MND,2021.0,S8,middle,3445.0,120.0,8,3.0,0.0,6.0,,4.0,,0.0,1.0,
Carolina Tropini,2021MND,2021.0,S8,middle,3445.0,41.0,2,2.0,,2.0,,2.0,,,,
George Weinstock,2021MND,2021.0,S8,last,3445.0,189.0,28,10.0,1.0,10.0,10.0,4.0,16.0,,8.0,1.0
Heather Bean,2021MND,2021.0,S8,last,3445.0,388.0,25,17.0,13.0,19.0,2.0,3.0,4.0,0.0,,2.0
Irene Yang,2021MND,2021.0,S8,first,3445.0,85.0,2,4.0,,2.0,,,,,,2.0
Carolina Tropini,2021MND,2021.0,S8,first,3445.0,116.0,2,4.0,4.0,2.0,,,1.0,,,
Gianna Hammer,2021MND,2021.0,S8,last,3445.0,23.0,2,,,1.0,,2.0,,,,1.0
Kaixiong Ye,2021MND,2021.0,S8,middle,3445.0,53.0,5,2.0,3.0,,,1.0,1.0,,,
George Weinstock,2021MND,2021.0,S8,middle,3445.0,51.0,3,,1.0,2.0,,3.0,-1.0,,,
Heather Bean,2021MND,2021.0,S8,middle,3445.0,286.0,13,16.0,,6.0,,,3.0,0.0,,
Kaixiong Ye,2021MND,2021.0,S8,first,3445.0,72.0,7,2.0,0.0,4.0,,4.0,2.0,,,
Noah Palm,2021MND,2021.0,S8,last,3445.0,91.0,7,10.0,0.0,2.0,,,2.0,,,
Heather Bean,2021MND,2021.0,S8,first,3445.0,155.0,10,6.0,2.0,10.0,,,3.0,,,
George Weinstock,2021MND,2021.0,S8,first,3445.0,19.0,4,,-1.0,1.0,,2.0,-1.0,,1.0,
Tom Mansell,2021MND,2021.0,S8,last,3445.0,301.0,23,17.0,7.0,12.0,2.0,4.0,2.0,0.0,1.0,2.0
Gianna Hammer,2021MND,2021.0,S8,first,3445.0,140.0,4,4.0,3.0,6.0,,6.0,,,,
Tanya Nguyen,2021MND,2021.0,S1,last,3013.0,25.0,3,5.0,,,1.0,,1.0,,,
Joan Woodard,2021MND,2021.0,S1,last,3013.0,24.0,1,2.0,,,,,1.0,,,
Tom Mansell,2021MND,2021.0,S1,middle,3013.0,150.0,4,7.0,,4.0,,2.0,,,,
Emily Balskus,2021MND,2021.0,S1,middle,3013.0,8.0,1,,,,,,1.0,,,
Kaixiong Ye,2021MND,2021.0,S1,last,3013.0,130.0,7,1.0,2.0,7.0,,6.0,2.0,0.0,,
Tom Mansell,2021MND,2021.0,S1,first,3013.0,152.0,11,10.0,5.0,8.0,2.0,2.0,6.0,,2.0,
Chris  Whidbey,2021MND,2021.0,S1,last,3013.0,20.0,1,2.0,,,,,,,,
George Weinstock,2021MND,2021.0,S1,last,3013.0,53.0,13,2.0,,,7.0,,7.0,0.0,11.0,
Emily Balskus,2021MND,2021.0,S1,first,3013.0,122.0,7,2.0,,,4.0,,2.0,,1.0,1.0
Elizabeth Weiss,2021MND,2021.0,S1,last,3013.0,12.0,1,2.0,,,,,1.0,,,
Faranak Fattahi,2021MND,2021.0,S1,last,3013.0,224.0,9,10.0,4.0,8.0,1.0,4.0,3.0,,1.0,2.0
Robin Voigt-Zuwala,2021MND,2021.0,S1,last,3013.0,169.0,15,13.0,3.0,7.0,,2.0,7.0,0.0,,2.0
Tanya Nguyen,2021MND,2021.0,S1,first,3013.0,49.0,1,,,2.0,,,,,,1.0
Jae Sung,2021MND,2021.0,S1,last,3013.0,351.0,15,11.0,4.0,6.0,3.0,5.0,5.0,0.0,3.0,1.0
Kaixiong,2021MND,2021.0,S1,last,3013.0,13.0,1,2.0,,,,,,,1.0,
Camille Nebeker,2021MND,2021.0,S1,last,3013.0,153.0,5,4.0,4.0,4.0,1.0,2.0,3.0,,,
Chris  Whidbey,2021MND,2021.0,S1,middle,3013.0,128.0,3,4.0,2.0,2.0,,4.0,1.0,,,
Kaixiong Ye,2021MND,2021.0,S1,middle,3013.0,115.0,8,2.0,3.0,8.0,2.0,4.0,2.0,0.0,,
George Weinstock,2021MND,2021.0,S1,middle,3013.0,136.0,3,6.0,,3.0,2.0,2.0,,,2.0,
Faranak Fattahi,2021MND,2021.0,S1,middle,3013.0,104.0,5,,,6.0,2.0,10.0,,,,
Lisa Ryno,2021MND,2021.0,S1,last,3013.0,23.0,1,2.0,,,,,,,,
Robin Voigt-Zuwala,2021MND,2021.0,S1,middle,3013.0,247.0,11,15.0,6.0,4.0,,2.0,3.0,,,
Jae Sung,2021MND,2021.0,S1,middle,3013.0,48.0,2,3.0,1.0,,,,,,,
George Weinstock,2021MND,2021.0,S1,first,3013.0,97.0,1,2.0,,,,,,,2.0,
Tom Mansell,2021MND,2021.0,S1,last,3013.0,63.0,3,4.0,,2.0,0.0,,,,,
Faranak Fattahi,2021MND,2021.0,S1,first,3013.0,157.0,5,7.0,,4.0,,2.0,2.0,,,4.0
Camille Nebeker,2021MND,2021.0,S1,middle,3013.0,21.0,1,,,,,2.0,,,,
Jae Sung,2021MND,2021.0,S1,first,3013.0,49.0,6,2.0,,2.0,1.0,3.0,1.0,,,1.0
Emily Balskus,2021MND,2021.0,S1,last,3013.0,102.0,7,5.0,0.0,,5.0,,0.0,,0.0,
Lisa Ryno,2021MND,2021.0,S1,middle,3013.0,68.0,2,,1.0,,,4.0,,,,
Linnea Freeman,2021MND,2021.0,S10,first,3256.0,42.0,2,2.0,,,,,,,1.0,
Elizabeth Bess,2021MND,2021.0,S10,first,3256.0,48.0,3,2.0,,,2.0,,2.0,,1.0,
Rosy Krajmalnik-Brown,2021MND,2021.0,S10,middle,3256.0,94.0,8,8.0,3.0,1.0,,4.0,4.0,,5.0,1.0
Tom Mansell,2021MND,2021.0,S10,middle,3256.0,274.0,16,15.0,6.0,15.0,,12.0,0.0,,,
Pamela Chang,2021MND,2021.0,S10,first,3256.0,85.0,7,9.0,2.0,4.0,1.0,,1.0,,2.0,
Emily Balskus,2021MND,2021.0,S10,middle,3256.0,45.0,3,4.0,2.0,,,,,0.0,,2.0
Will Ludington,2021MND,2021.0,S10,last,3256.0,21.0,2,2.0,,,,2.0,,0.0,,
Mark Mimee,2021MND,2021.0,S10,last,3256.0,262.0,11,17.0,3.0,6.0,,,,,,
Rosy Krajmalnik-Brown,2021MND,2021.0,S10,first,3256.0,64.0,16,4.0,,,5.0,2.0,7.0,0.0,3.0,
Tom Mansell,2021MND,2021.0,S10,first,3256.0,49.0,7,6.0,,2.0,2.0,,1.0,,1.0,
Lisa Osborne,2021MND,2021.0,S10,first,3256.0,61.0,5,2.0,,,1.0,,,0.0,1.0,2.0
Emily Balskus,2021MND,2021.0,S10,first,3256.0,36.0,8,2.0,,,5.0,,2.0,,1.0,
Jae Sung,2021MND,2021.0,S10,last,3256.0,55.0,10,,,,,10.0,4.0,0.0,2.0,1.0
Sarah MacEachern,2021MND,2021.0,S10,middle,3256.0,68.0,2,2.0,,,,,4.0,,1.0,
Mark Mimee,2021MND,2021.0,S10,middle,3256.0,112.0,5,6.0,2.0,6.0,,3.0,,,,
Will Ludington,2021MND,2021.0,S10,middle,3256.0,88.0,2,1.0,2.0,4.0,,2.0,,,,
Unidentified Speaker,2021MND,2021.0,S10,first,3256.0,1.0,2,,,,,,0.0,,,
Emily Balskus,2021MND,2021.0,S10,last,3256.0,39.0,5,4.0,,2.0,1.0,2.0,1.0,0.0,,
Elizabeth Bess,2021MND,2021.0,S10,last,3256.0,365.0,21,20.0,1.0,3.0,3.0,8.0,8.0,0.0,,
Mark Mimee,2021MND,2021.0,S10,first,3256.0,117.0,11,9.0,,,,4.0,1.0,,0.0,
Will Ludington,2021MND,2021.0,S10,first,3256.0,182.0,15,10.0,1.0,2.0,4.0,8.0,4.0,0.0,3.0,
Jae Sung,2021MND,2021.0,S10,middle,3256.0,11.0,3,,,,,2.0,1.0,0.0,2.0,
Pamela Chang,2021MND,2021.0,S10,last,3256.0,19.0,1,2.0,,2.0,,,,,,
Jae-Sung Moon,2021MND,2021.0,S10,last,3256.0,14.0,1,,,,,2.0,,,,
Linnea Freeman,2021MND,2021.0,S10,middle,3256.0,79.0,2,2.0,,2.0,,,2.0,0.0,,
Rosy Krajmalnik-Brown,2021MND,2021.0,S10,last,3256.0,148.0,15,3.0,,3.0,8.0,7.0,4.0,,4.0,4.0
Tom Mansell,2021MND,2021.0,S10,last,3256.0,238.0,17,17.0,4.0,11.0,,4.0,3.0,,2.0,3.0
Lisa Osborne,2021MND,2021.0,S10,last,3256.0,403.0,11,3.0,1.0,4.0,4.0,4.0,7.0,,0.0,6.0
Jae Sung,2021MND,2021.0,S10,first,3256.0,101.0,9,12.0,0.0,2.0,1.0,,2.0,,1.0,
Elizabeth Bess,2021MND,2021.0,S10,middle,3256.0,135.0,3,4.0,,2.0,,2.0,,0.0,2.0,
Marie-Claire Arrieta,2021MND,2021.0,S11,first,3107.0,87.0,6,5.0,2.0,4.0,1.0,2.0,,0.0,,
Tanya Nguyen,2021MND,2021.0,S11,last,3107.0,78.0,9,8.0,,4.0,,,1.0,0.0,,
Sarkis Mazmanian,2021MND,2021.0,S11,first,3107.0,467.0,15,15.0,3.0,11.0,3.0,9.0,,0.0,,1.0
Kai Zhang,2021MND,2021.0,S11,last,3107.0,195.0,28,15.0,3.0,7.0,7.0,10.0,1.0,0.0,,3.0
Melanie Gareau,2021MND,2021.0,S11,middle,3107.0,23.0,1,2.0,,,,,,,,
Melanie Gareau,2021MND,2021.0,S11,first,3107.0,26.0,2,,,,1.0,2.0,,,,
Tanya Nguyen,2021MND,2021.0,S11,middle,3107.0,120.0,9,11.0,2.0,6.0,,2.0,,,1.0,
Kai Zhang,2021MND,2021.0,S11,middle,3107.0,57.0,6,2.0,,1.0,,6.0,0.0,,,1.0
Marie-Claire Arrieta,2021MND,2021.0,S11,last,3107.0,14.0,7,,,,1.0,2.0,3.0,0.0,,
Kai Zhang,2021MND,2021.0,S11,first,3107.0,107.0,8,4.0,1.0,2.0,6.0,4.0,1.0,,1.0,
Elaine Hsiao,2021MND,2021.0,S11,last,3107.0,51.0,5,5.0,,2.0,,2.0,0.0,0.0,,
Sarkis Mazmanian,2021MND,2021.0,S11,last,3107.0,686.0,53,41.0,0.0,22.0,7.0,34.0,7.0,0.0,3.0,3.0
Camille Nebeker,2021MND,2021.0,S11,last,3107.0,112.0,4,6.0,,2.0,,2.0,0.0,,,
Ashley Ross,2021MND,2021.0,S11,middle,3107.0,30.0,3,4.0,,,,,0.0,,,
Marie-Claire Arrieta,2021MND,2021.0,S11,middle,3107.0,27.0,1,1.0,,,,,,,,
Elaine Hsiao,2021MND,2021.0,S11,middle,3107.0,224.0,7,8.0,,8.0,,2.0,2.0,,,
Melanie Gareau,2021MND,2021.0,S11,last,3107.0,269.0,26,11.0,,3.0,10.0,7.0,0.0,0.0,,3.0
Sarkis Mazmanian,2021MND,2021.0,S11,middle,3107.0,319.0,19,14.0,2.0,11.0,2.0,13.0,1.0,,5.0,
Ashley Ross,2021MND,2021.0,S11,first,3107.0,51.0,2,2.0,,2.0,,,1.0,,,
Camille Nebeker,2021MND,2021.0,S11,middle,3107.0,12.0,1,1.0,,1.0,,1.0,,,,
Elaine Hsiao,2021MND,2021.0,S11,first,3107.0,152.0,2,,,4.0,,3.0,,,,3.0
John-Paul Yu,2021MND,2021.0,S12,first,3727.0,134.0,17,19.0,2.0,4.0,2.0,2.0,1.0,0.0,4.0,
Noah Palm,2021MND,2021.0,S12,middle,3727.0,402.0,5,10.0,4.0,4.0,,1.0,1.0,,1.0,
Erin Longbrake,2021MND,2021.0,S12,last,3727.0,73.0,5,4.0,1.0,3.0,1.0,,0.0,0.0,2.0,
Maayan Levy,2021MND,2021.0,S12,last,3727.0,15.0,5,1.0,,1.0,,4.0,1.0,,,
Noah Palm,2021MND,2021.0,S12,first,3727.0,318.0,6,8.0,2.0,,,2.0,,0.0,,
Mei Shen,2021MND,2021.0,S12,last,3727.0,200.0,12,6.0,1.0,7.0,1.0,5.0,1.0,0.0,,
Dave Durgan,2021MND,2021.0,S12,last,3727.0,36.0,4,5.0,2.0,2.0,,2.0,,,,
Robin Voigt,2021MND,2021.0,S12,last,3727.0,38.0,2,4.0,2.0,2.0,,,,,,
Robin Voigt-Zuwala,2021MND,2021.0,S12,last,3727.0,12.0,2,1.0,,1.0,,,1.0,,,
Maayan Levy,2021MND,2021.0,S12,middle,3727.0,137.0,6,1.0,,6.0,,4.0,,,,
Judith Eisen,2021MND,2021.0,S12,last,3727.0,246.0,19,18.0,4.0,6.0,2.0,10.0,2.0,0.0,2.0,
Robin Voigt-Zuwala-Rush U Med Ctr,2021MND,2021.0,S12,last,3727.0,47.0,3,,3.0,4.0,,,,0.0,,
John-Paul Yu,2021MND,2021.0,S12,last,3727.0,99.0,7,4.0,1.0,3.0,,6.0,,0.0,,
Mei Shen,2021MND,2021.0,S12,middle,3727.0,120.0,3,3.0,,,,4.0,,,,
Erin Longbrake,2021MND,2021.0,S12,first,3727.0,26.0,9,9.0,,1.0,1.0,,2.0,,1.0,
Dave Durgan,2021MND,2021.0,S12,middle,3727.0,143.0,5,10.0,2.0,6.0,,,1.0,,,
Andrew Feig,2021MND,2021.0,S12,first,3727.0,5.0,3,3.0,,,3.0,,,,,
Maayan Levy,2021MND,2021.0,S12,first,3727.0,115.0,8,10.0,1.0,5.0,1.0,,2.0,,,
Robin Voigt-Zuwala,2021MND,2021.0,S12,middle,3727.0,30.0,1,,2.0,,,2.0,1.0,,,
Mei Shen,2021MND,2021.0,S12,first,3727.0,147.0,10,7.0,,,4.0,5.0,1.0,,2.0,
Judith Eisen,2021MND,2021.0,S12,middle,3727.0,219.0,4,6.0,4.0,3.0,,,,,,
Courtney Robinson,2021MND,2021.0,S12,middle,3727.0,68.0,2,,,4.0,,4.0,,,,
Dave Durgan,2021MND,2021.0,S12,first,3727.0,32.0,1,2.0,,,,,,,,
Noah Palm,2021MND,2021.0,S12,last,3727.0,589.0,25,27.0,8.0,13.0,,8.0,9.0,0.0,,
Robin Voigt-Zuwala,2021MND,2021.0,S12,first,3727.0,57.0,3,2.0,2.0,2.0,,2.0,1.0,,1.0,
John-Paul Yu,2021MND,2021.0,S12,middle,3727.0,110.0,4,2.0,1.0,3.0,,4.0,1.0,,,
Sandra Laney,2021MND,2021.0,S12,first,3727.0,4.0,3,1.0,,,,,3.0,,,
Judith Eisen,2021MND,2021.0,S12,first,3727.0,240.0,18,6.0,,1.0,6.0,2.0,7.0,0.0,2.0,
Courtney Robinson,2021MND,2021.0,S12,first,3727.0,65.0,1,2.0,,,,,,,,
Linnea Freeman,2021MND,2021.0,S13,first,3163.0,42.0,2,2.0,,,1.0,,,,1.0,
Alexandra Basford,2021MND,2021.0,S13,first,3163.0,5.0,1,2.0,,,,,2.0,,,
Richard Wiener,2021MND,2021.0,S13,first,3163.0,8.0,1,2.0,,,,,2.0,,,
Silvia Ronco,2021MND,2021.0,S13,first,3163.0,9.0,1,1.0,,,,,,,,
Elizabeth Bess,2021MND,2021.0,S13,first,3163.0,144.0,4,4.0,,2.0,1.0,2.0,2.0,,1.0,
Rosy Krajmalnik-Brown,2021MND,2021.0,S13,middle,3163.0,48.0,9,2.0,1.0,,,4.0,3.0,0.0,5.0,
Tom Mansell,2021MND,2021.0,S13,middle,3163.0,221.0,14,8.0,1.0,6.0,,12.0,0.0,0.0,,
Pamela Chang,2021MND,2021.0,S13,first,3163.0,82.0,4,5.0,,2.0,,,1.0,,1.0,
Emily Balskus,2021MND,2021.0,S13,middle,3163.0,27.0,2,4.0,2.0,,,,,,,
Mark Mimee,2021MND,2021.0,S13,last,3163.0,276.0,10,17.0,4.0,2.0,,,0.0,,,
Will Ludington,2021MND,2021.0,S13,last,3163.0,31.0,2,2.0,,,,4.0,,,,
Rosy Krajmalnik-Brown,2021MND,2021.0,S13,first,3163.0,90.0,18,5.0,,,10.0,3.0,6.0,0.0,4.0,
Tom Mansell,2021MND,2021.0,S13,first,3163.0,54.0,2,2.0,,,,,2.0,,1.0,
Lisa Osborne,2021MND,2021.0,S13,first,3163.0,62.0,4,2.0,,,1.0,,,,1.0,1.0
Emily Balskus,2021MND,2021.0,S13,first,3163.0,2.0,4,2.0,,,,,2.0,,,
Jae Sung,2021MND,2021.0,S13,last,3163.0,55.0,11,,,,1.0,8.0,5.0,0.0,,
Sarah MacEachern,2021MND,2021.0,S13,middle,3163.0,107.0,6,4.0,,,,,5.0,0.0,1.0,
Mark Mimee,2021MND,2021.0,S13,middle,3163.0,93.0,3,4.0,2.0,4.0,,,0.0,,,
Will Ludington,2021MND,2021.0,S13,middle,3163.0,37.0,2,,1.0,2.0,,2.0,,,,
Emily Balskus,2021MND,2021.0,S13,last,3163.0,16.0,2,,,,3.0,1.0,,,,
Silvia Ronco,2021MND,2021.0,S13,last,3163.0,35.0,3,,,,3.0,,1.0,,1.0,
Elizabeth Bess,2021MND,2021.0,S13,last,3163.0,306.0,21,13.0,2.0,2.0,5.0,6.0,12.0,0.0,,1.0
Mark Mimee,2021MND,2021.0,S13,first,3163.0,121.0,5,6.0,,,1.0,5.0,1.0,,,
Will Ludington,2021MND,2021.0,S13,first,3163.0,162.0,9,6.0,2.0,2.0,2.0,10.0,1.0,,2.0,
Jae Sung,2021MND,2021.0,S13,middle,3163.0,6.0,4,,,,1.0,2.0,0.0,,,
Pamela Chang,2021MND,2021.0,S13,last,3163.0,18.0,1,2.0,,2.0,,,,,,
Linnea Freeman,2021MND,2021.0,S13,middle,3163.0,78.0,1,,,1.0,,2.0,,,2.0,
Rosy Krajmalnik-Brown,2021MND,2021.0,S13,last,3163.0,133.0,17,5.0,2.0,4.0,11.0,8.0,3.0,0.0,4.0,4.0
Tom Mansell,2021MND,2021.0,S13,last,3163.0,224.0,16,13.0,,12.0,,4.0,5.0,,2.0,1.0
Lisa Osborne,2021MND,2021.0,S13,last,3163.0,441.0,19,6.0,,2.0,8.0,7.0,7.0,0.0,1.0,12.0
Jae Sung,2021MND,2021.0,S13,first,3163.0,153.0,6,7.0,,2.0,1.0,,1.0,0.0,1.0,
Elizabeth Bess,2021MND,2021.0,S13,middle,3163.0,77.0,5,2.0,,,,4.0,1.0,0.0,,
Marie-Claire Arrieta,2021MND,2021.0,S14,first,3331.0,52.0,1,2.0,,,,,2.0,,,
Xun Zhang,2021MND,2021.0,S14,middle,3331.0,180.0,12,8.0,,5.0,,5.0,1.0,0.0,,
Xu Zhang,2021MND,2021.0,S14,middle,3331.0,89.0,7,7.0,,3.0,,6.0,1.0,,,1.0
Jeff Brian Thurman-Galley,2021MND,2021.0,S14,middle,3331.0,225.0,11,7.0,,4.0,1.0,8.0,0.0,,1.0,
Tanya Nguyen,2021MND,2021.0,S14,last,3331.0,65.0,4,4.0,,4.0,,,1.0,0.0,,
Kai Zhang,2021MND,2021.0,S14,last,3331.0,93.0,14,3.0,,,6.0,8.0,0.0,0.0,,1.0
Jell Barone-Vales,2021MND,2021.0,S14,first,3331.0,14.0,1,,,2.0,,2.0,1.0,,,
Jeff Brian Marcum,2021MND,2021.0,S14,last,3331.0,290.0,16,10.0,,4.0,,12.0,1.0,0.0,,
Helene Gerasimo,2021MND,2021.0,S14,last,3331.0,42.0,6,,0.0,,4.0,1.0,3.0,,1.0,
Jarrad Horowitz,2021MND,2021.0,S14,last,3331.0,223.0,13,5.0,1.0,6.0,10.0,12.0,1.0,,4.0,2.0
Ashley Harris,2021MND,2021.0,S14,first,3331.0,127.0,4,4.0,,4.0,,2.0,0.0,,0.0,
Juli Barre-Keller,2021MND,2021.0,S14,middle,3331.0,131.0,6,7.0,,2.0,,,1.0,,,
Tanya Nguyen,2021MND,2021.0,S14,middle,3331.0,155.0,7,10.0,1.0,3.0,,,0.0,0.0,,
Carol F Huseboe,2021MND,2021.0,S14,middle,3331.0,11.0,1,,,2.0,,2.0,2.0,,,
Jeff Miller-Coorey,2021MND,2021.0,S14,last,3331.0,109.0,3,5.0,,,,,,,,
Melanie Garami,2021MND,2021.0,S14,last,3331.0,78.0,11,6.0,,,4.0,,0.0,0.0,,3.0
Xun Wang,2021MND,2021.0,S14,last,3331.0,18.0,5,1.0,,,4.0,,1.0,,,
Jeff Miller,2021MND,2021.0,S14,last,3331.0,104.0,11,,,1.0,6.0,4.0,1.0,0.0,,1.0
Kai Zhang,2021MND,2021.0,S14,first,3331.0,92.0,5,2.0,,,5.0,4.0,2.0,,1.0,
Jeff Errington,2021MND,2021.0,S14,first,3331.0,241.0,5,6.0,,2.0,2.0,4.0,,,1.0,2.0
Richard Morimoto,2021MND,2021.0,S14,last,3331.0,3.0,1,,,,1.0,2.0,,,,
Camille Carole Habousha,2021MND,2021.0,S14,last,3331.0,83.0,4,6.0,,2.0,,,,,,
Jeff Bleich,2021MND,2021.0,S14,last,3331.0,50.0,5,4.0,1.0,5.0,1.0,,,,,
Melanie Garces,2021MND,2021.0,S14,first,3331.0,27.0,2,,,,,4.0,,,,
Elizabeth Bess,2021MND,2021.0,S14,last,3331.0,6.0,1,,,,,,1.0,,,
Jeff Brian Norman,2021MND,2021.0,S14,middle,3331.0,181.0,17,8.0,2.0,6.0,2.0,11.0,2.0,0.0,3.0,
Jeff Brian Thurman-Galley,2021MND,2021.0,S14,last,3331.0,99.0,5,4.0,0.0,,,,2.0,0.0,,
Xin Zhang,2021MND,2021.0,S14,first,3331.0,40.0,4,2.0,,,,2.0,2.0,0.0,,
Ashley Marie Gorey,2021MND,2021.0,S14,middle,3331.0,29.0,3,2.0,,,,,,0.0,,
Jeff Miller-Olsen,2021MND,2021.0,S14,middle,3331.0,23.0,1,2.0,,,,,,,,
Marie Claire,2021MND,2021.0,S14,first,3331.0,73.0,1,,,2.0,,,,,,2.0
Maria Garami,2021MND,2021.0,S14,last,3331.0,4.0,1,,,,,,1.0,,,
Jell Barone-Vales,2021MND,2021.0,S14,middle,3331.0,48.0,1,2.0,,,,,,,,
Jeff Brian Harman,2021MND,2021.0,S14,first,3331.0,326.0,15,17.0,3.0,12.0,1.0,3.0,0.0,0.0,,2.0
Chris Whitbey-Scott,2021MND,2021.0,S15,first,3059.0,11.0,5,,,,3.0,2.0,1.0,,,
Ali Keshavarzian,2021MND,2021.0,S15,middle,3059.0,208.0,9,4.0,,2.0,3.0,2.0,,,7.0,2.0
Silvia Ronco RC4SA,2021MND,2021.0,S15,last,3059.0,21.0,4,2.0,,,4.0,,0.0,,,
Carolina Tropini,2021MND,2021.0,S15,last,3059.0,63.0,5,3.0,0.0,1.0,,,1.0,0.0,,
Silvia Ronco,2021MND,2021.0,S15,first,3059.0,46.0,12,5.0,,,2.0,9.0,2.0,,,
Aida Ebrahimi- Penn State U,2021MND,2021.0,S15,last,3059.0,238.0,10,2.0,,,6.0,8.0,2.0,0.0,1.0,5.0
Stavroula Hatzios,2021MND,2021.0,S15,last,3059.0,80.0,1,2.0,2.0,2.0,,,,,,
Lisa Ryno,2021MND,2021.0,S15,first,3059.0,33.0,1,2.0,,,,,,,,
Xin Qi,2021MND,2021.0,S15,last,3059.0,145.0,5,4.0,,3.0,,,0.0,0.0,,
Abhishek Shrivastava,2021MND,2021.0,S15,middle,3059.0,101.0,11,7.0,0.0,4.0,,4.0,2.0,0.0,1.0,
Ying-hui Chou,2021MND,2021.0,S15,middle,3059.0,19.0,2,2.0,,1.0,,1.0,,,,
Andrew Ferg,2021MND,2021.0,S15,first,3059.0,8.0,1,,,,1.0,,,,1.0,
Ali Keshavarzian,2021MND,2021.0,S15,first,3059.0,26.0,10,,,,7.0,,4.0,,9.0,
Wenjing Wang W,2021MND,2021.0,S15,last,3059.0,71.0,6,4.0,1.0,1.0,1.0,6.0,,0.0,,
Wenjing Wang,2021MND,2021.0,S15,first,3059.0,106.0,13,6.0,,1.0,2.0,3.0,3.0,0.0,,
Ying-hui Chou,2021MND,2021.0,S15,first,3059.0,1.0,2,,,,,,1.0,,,
Abhishek Shrivastava,2021MND,2021.0,S15,first,3059.0,66.0,5,2.0,,,2.0,2.0,1.0,,1.0,
Aida Ebrahimi,2021MND,2021.0,S15,first,3059.0,8.0,1,2.0,,,,,,,,
Carolina Tropini,2021MND,2021.0,S15,middle,3059.0,123.0,7,6.0,,2.0,,,1.0,0.0,,
Aida Ebrahimi- Penn State U,2021MND,2021.0,S15,middle,3059.0,98.0,2,4.0,,2.0,,,,,1.0,
Chris  Whidbey,2021MND,2021.0,S15,last,3059.0,76.0,5,4.0,,3.0,,2.0,,0.0,,
Xin Qi,2021MND,2021.0,S15,middle,3059.0,82.0,2,2.0,,2.0,2.0,,,0.0,,
Stavroula Hatzios,2021MND,2021.0,S15,middle,3059.0,140.0,7,8.0,,7.0,,,0.0,0.0,,2.0
Carolina Tropini,2021MND,2021.0,S15,first,3059.0,58.0,6,3.0,,,1.0,,1.0,,,
Wenjing Wang W,2021MND,2021.0,S15,middle,3059.0,3.0,1,,,1.0,,,,,,
Stavroula Hatzios,2021MND,2021.0,S15,first,3059.0,45.0,10,7.0,,1.0,1.0,4.0,3.0,,2.0,
Chris  Whidbey,2021MND,2021.0,S15,middle,3059.0,86.0,2,2.0,,2.0,,2.0,,0.0,,
Lisa Ryno,2021MND,2021.0,S15,last,3059.0,135.0,4,6.0,,4.0,,,,0.0,,
Wenjing Wang W,2021MND,2021.0,S15,first,3059.0,27.0,3,4.0,,,1.0,,,,,
Ali Keshavarzian,2021MND,2021.0,S15,last,3059.0,376.0,34,21.0,4.0,13.0,10.0,7.0,9.0,0.0,5.0,5.0
Aida Ebrahimi-Penn State U,2021MND,2021.0,S15,first,3059.0,163.0,4,2.0,,,5.0,,2.0,,,
Chris  Whidbey,2021MND,2021.0,S15,first,3059.0,34.0,1,2.0,,,,,,,,
Abhishek Shrivastava,2021MND,2021.0,S15,last,3059.0,122.0,5,6.0,2.0,4.0,,2.0,2.0,,1.0,1.0
Ying-hui Chou,2021MND,2021.0,S15,last,3059.0,47.0,3,2.0,0.0,2.0,1.0,2.0,2.0,,,
Aida Ebrahimi,2021MND,2021.0,S15,last,3059.0,105.0,11,4.0,,,2.0,3.0,4.0,0.0,1.0,2.0
Wensheng Wang,2021MND,2021.0,S15,last,3059.0,86.0,2,2.0,3.0,2.0,,,1.0,,,
Lisa Ryno,2021MND,2021.0,S15,middle,3059.0,2.0,1,1.0,,,,,,,,
Stephanie Cologna,2021MND,2021.0,S16,last,3107.0,149.0,14,10.0,7.0,8.0,,4.0,6.0,,1.0,
Irene Yang,2021MND,2021.0,S16,last,3107.0,284.0,9,2.0,,4.0,3.0,4.0,3.0,0.0,2.0,4.0
Barbara Bendlin,2021MND,2021.0,S16,middle,3107.0,36.0,5,1.0,,4.0,,,2.0,,1.0,
Yanjiao Zhou,2021MND,2021.0,S16,middle,3107.0,75.0,5,6.0,2.0,,1.0,,1.0,0.0,,
Yang-Yu Liu,2021MND,2021.0,S16,middle,3107.0,110.0,6,3.0,2.0,2.0,3.0,,0.0,,,
Barbara Bendlin,2021MND,2021.0,S16,first,3107.0,182.0,24,1.0,1.0,2.0,10.0,4.0,14.0,,14.0,
Zongqi Xia,2021MND,2021.0,S16,last,3107.0,169.0,7,11.0,2.0,8.0,2.0,,1.0,,,
Yanjiao Zhou,2021MND,2021.0,S16,first,3107.0,64.0,2,2.0,,2.0,,2.0,,,,
Kaixiong Ye,2021MND,2021.0,S16,last,3107.0,249.0,8,10.0,6.0,3.0,,,1.0,0.0,,1.0
Stephanie Cologna,2021MND,2021.0,S16,middle,3107.0,13.0,1,,,,,2.0,,,,
Yang-Yu Liu,2021MND,2021.0,S16,first,3107.0,57.0,3,4.0,2.0,,,1.0,1.0,,,
Irene Yang,2021MND,2021.0,S16,middle,3107.0,28.0,9,,,,1.0,9.0,1.0,0.0,1.0,2.0
George Weinstock,2021MND,2021.0,S16,last,3107.0,153.0,1,2.0,,2.0,2.0,,,,,
Nandita Garud,2021MND,2021.0,S16,last,3107.0,11.0,1,1.0,,,,,2.0,,,
Unknown speaker,2021MND,2021.0,S16,first,3107.0,0.0,2,,,,,,0.0,,,
Bishakha Mona,2021MND,2021.0,S16,first,3107.0,12.0,2,2.0,,,,,1.0,0.0,,
Stephanie Cologna,2021MND,2021.0,S16,first,3107.0,89.0,3,4.0,,3.0,,2.0,,,,
Heather Bean,2021MND,2021.0,S16,last,3107.0,165.0,14,10.0,,8.0,,,6.0,0.0,,
Irene Yang,2021MND,2021.0,S16,first,3107.0,83.0,7,4.0,,2.0,3.0,,2.0,0.0,,
Zongqi Xia,2021MND,2021.0,S16,middle,3107.0,282.0,4,7.0,4.0,2.0,,2.0,2.0,,,
Anne Hultgren,2021MND,2021.0,S16,first,3107.0,5.0,1,1.0,,,,,,,,
Kaixiong Ye,2021MND,2021.0,S16,middle,3107.0,33.0,6,5.0,,3.0,,2.0,,,,
Nandita Garud,2021MND,2021.0,S16,middle,3107.0,53.0,1,2.0,,,,,,,,
Zongqi Xia,2021MND,2021.0,S16,first,3107.0,142.0,8,13.0,1.0,7.0,,,1.0,,,1.0
Heather Bean,2021MND,2021.0,S16,middle,3107.0,180.0,3,6.0,2.0,2.0,,,,,,
Kaixiong Ye,2021MND,2021.0,S16,first,3107.0,37.0,2,2.0,,,,,1.0,,,
Barbara Bendlin,2021MND,2021.0,S16,last,3107.0,108.0,10,2.0,1.0,2.0,5.0,5.0,4.0,,7.0,4.0
Yanjiao Zhou,2021MND,2021.0,S16,last,3107.0,68.0,9,6.0,,2.0,,6.0,0.0,,,
Heather Bean,2021MND,2021.0,S16,first,3107.0,31.0,1,2.0,,,,,2.0,,,
George Weinstock,2021MND,2021.0,S16,first,3107.0,10.0,1,2.0,,,,,1.0,,,
Nandita Garud,2021MND,2021.0,S16,first,3107.0,81.0,4,5.0,,3.0,,,0.0,,,
Yang-Yu Liu,2021MND,2021.0,S16,last,3107.0,148.0,13,15.0,2.0,3.0,1.0,6.0,2.0,,,
Stephanie Cologna,2021MND,2021.0,S2,last,2953.0,162.0,9,4.0,1.0,7.0,3.0,4.0,1.0,,,4.0
Richard Wiener,2021MND,2021.0,S2,first,2953.0,8.0,4,,,,,,1.0,,1.0,
Cesar de la Fuente Ureña,2021MND,2021.0,S2,last,2953.0,20.0,7,,2.0,5.0,1.0,,3.0,0.0,,
Kai Zhang,2021MND,2021.0,S2,last,2953.0,290.0,15,10.0,3.0,12.0,2.0,4.0,3.0,0.0,1.0,2.0
Barbara Bendlin,2021MND,2021.0,S2,middle,2953.0,25.0,1,,,,,2.0,,,,1.0
Elizabeth Bess,2021MND,2021.0,S2,first,2953.0,68.0,1,2.0,,,,,2.0,,,
Cesar De,2021MND,2021.0,S2,last,2953.0,39.0,4,4.0,,,,,3.0,,,
Amina Schartup,2021MND,2021.0,S2,first,2953.0,54.0,1,2.0,,,,,,,,
Sarah MacEachern,2021MND,2021.0,S2,last,2953.0,7.0,2,1.0,,,,,,0.0,,
Shawroulla Hatoum,2021MND,2021.0,S2,last,2953.0,8.0,2,2.0,,2.0,,,,,,2.0
Barbara Bendlin,2021MND,2021.0,S2,first,2953.0,223.0,25,1.0,,4.0,18.0,2.0,16.0,0.0,16.0,
Mei Shen,2021MND,2021.0,S2,last,2953.0,399.0,39,14.0,3.0,10.0,14.0,14.0,4.0,0.0,2.0,3.0
Stephanie Cologna,2021MND,2021.0,S2,middle,2953.0,95.0,4,2.0,1.0,3.0,,5.0,1.0,,,
Kai Zhang,2021MND,2021.0,S2,middle,2953.0,125.0,3,6.0,,4.0,,2.0,2.0,,,
Erin Longbrake,2021MND,2021.0,S2,middle,2953.0,80.0,2,4.0,2.0,4.0,,,,,,
Sheryl Hozier,2021MND,2021.0,S2,last,2953.0,3.0,1,,,,,,1.0,,,
Stephanie Cologna,2021MND,2021.0,S2,first,2953.0,20.0,1,2.0,,,,,,,,
Stavroula Hatzios,2021MND,2021.0,S2,middle,2953.0,78.0,2,4.0,1.0,2.0,,,3.0,,,
Sarah MacEachern,2021MND,2021.0,S2,middle,2953.0,80.0,1,2.0,,2.0,,,,,,
Kai Zhang,2021MND,2021.0,S2,first,2953.0,101.0,4,3.0,,,,6.0,,,,
Mei Shen,2021MND,2021.0,S2,middle,2953.0,0.0,2,,,,,,0.0,,,
Stavroula Hatzios,2021MND,2021.0,S2,first,2953.0,40.0,1,2.0,,,,,,,,
Sarah MacEachern,2021MND,2021.0,S2,first,2953.0,53.0,1,2.0,,,,,2.0,,,
Erin Longbrake,2021MND,2021.0,S2,first,2953.0,94.0,2,2.0,2.0,2.0,,,,,,
Cesar De,2021MND,2021.0,S2,first,2953.0,150.0,7,10.0,,4.0,,,6.0,,,
Elizabeth Bess,2021MND,2021.0,S2,last,2953.0,234.0,6,9.0,2.0,6.0,,,0.0,,,
Amina Schartup,2021MND,2021.0,S2,last,2953.0,164.0,5,8.0,,3.0,,2.0,,,,
Mei Shen,2021MND,2021.0,S2,first,2953.0,118.0,2,2.0,,,,2.0,,,,
Barbara Bendlin,2021MND,2021.0,S2,last,2953.0,136.0,17,3.0,5.0,5.0,8.0,2.0,2.0,0.0,4.0,
Elizabeth Bess,2021MND,2021.0,S2,middle,2953.0,79.0,47,2.0,,2.0,,,2.0,0.0,,
Tim Sampson,2021MND,2021.0,S3,last,2663.0,182.0,10,10.0,2.0,2.0,1.0,2.0,2.0,,-1.0,
John-Paul Yu,2021MND,2021.0,S3,first,2663.0,84.0,2,3.0,,,,,,,,
Irene Yang,2021MND,2021.0,S3,last,2663.0,74.0,4,4.0,,2.0,,4.0,,,,
Bob Bryan,2021MND,2021.0,S3,first,2663.0,145.0,13,2.0,,2.0,10.0,3.0,11.0,,4.0,
Pamela Chang,2021MND,2021.0,S3,first,2663.0,42.0,1,2.0,,,,,,,1.0,
Maayan Levy,2021MND,2021.0,S3,last,2663.0,80.0,10,,,5.0,,8.0,2.0,,,
Tim Sampson,2021MND,2021.0,S3,middle,2663.0,118.0,5,6.0,,2.0,,,1.0,,,
Yanjiao Zhou,2021MND,2021.0,S3,first,2663.0,42.0,1,2.0,,,,,,,1.0,
Irene Yang,2021MND,2021.0,S3,middle,2663.0,77.0,1,2.0,,2.0,,,,,,2.0
Michael Burton,2021MND,2021.0,S3,last,2663.0,458.0,18,20.0,3.0,9.0,,4.0,6.0,0.0,,
Xin Qi,2021MND,2021.0,S3,middle,2663.0,173.0,4,4.0,,4.0,,2.0,,0.0,,
Tim Sampson,2021MND,2021.0,S3,first,2663.0,54.0,1,2.0,,,,,,,,
Irene Yang,2021MND,2021.0,S3,first,2663.0,104.0,2,2.0,,,1.0,,1.0,,0.0,
Judith Eisen,2021MND,2021.0,S3,last,2663.0,61.0,2,2.0,,,,,-1.0,,,
John-Paul Yu,2021MND,2021.0,S3,last,2663.0,60.0,9,3.0,,1.0,,6.0,2.0,0.0,,
Elaine Hsiao,2021MND,2021.0,S3,last,2663.0,89.0,4,4.0,2.0,2.0,,,2.0,0.0,,
Richard Wiener,2021MND,2021.0,S3,last,2663.0,18.0,4,1.0,,1.0,2.0,,,,,
Xin Qi,2021MND,2021.0,S3,first,2663.0,90.0,1,2.0,,,,,1.0,,,
Silvia Ronco,2021MND,2021.0,S3,last,2663.0,10.0,3,3.0,1.0,,,,0.0,,,
Maayan Levy,2021MND,2021.0,S3,first,2663.0,58.0,1,2.0,,,,,,,1.0,
Bob Bryan,2021MND,2021.0,S3,last,2663.0,125.0,12,8.0,2.0,,,6.0,5.0,,0.0,
Michael Burton,2021MND,2021.0,S3,middle,2663.0,3.0,1,,,1.0,,,1.0,,,
Judith Eisen,2021MND,2021.0,S3,middle,2663.0,79.0,4,,2.0,2.0,3.0,2.0,2.0,,,
Yanjiao Zhou,2021MND,2021.0,S3,last,2663.0,55.0,4,,,,,6.0,,0.0,,
Michael Burton,2021MND,2021.0,S3,first,2663.0,42.0,2,2.0,,,,,3.0,,,
John-Paul Yu,2021MND,2021.0,S3,middle,2663.0,115.0,4,5.0,1.0,2.0,,,,,,2.0
Judith Eisen,2021MND,2021.0,S3,first,2663.0,88.0,3,4.0,,,2.0,,,,,
Elaine Hsiao,2021MND,2021.0,S3,first,2663.0,51.0,2,2.0,,,,,2.0,,1.0,
Bob Bryan,2021MND,2021.0,S3,middle,2663.0,86.0,6,3.0,,2.0,1.0,6.0,2.0,,1.0,
Linnea Freeman,2021MND,2021.0,S4,first,3317.0,86.0,5,2.0,2.0,2.0,3.0,,2.0,,,
Sarkis Mazmanian,2021MND,2021.0,S4,first,3317.0,370.0,14,13.0,,10.0,8.0,8.0,2.0,,2.0,3.0
Noah Palm,2021MND,2021.0,S4,middle,3317.0,230.0,5,8.0,2.0,4.0,,4.0,0.0,,,
Melanie Gareau,2021MND,2021.0,S4,middle,3317.0,72.0,4,7.0,2.0,3.0,,,1.0,,,
Melanie Gareau,2021MND,2021.0,S4,first,3317.0,38.0,3,4.0,,,1.0,,,,,
Noah Palm,2021MND,2021.0,S4,first,3317.0,303.0,8,13.0,3.0,9.0,,1.0,4.0,,2.0,
Leah Pyter,2021MND,2021.0,S4,last,3317.0,145.0,17,7.0,,3.0,8.0,7.0,1.0,,3.0,4.0
Ashley Ross,2021MND,2021.0,S4,last,3317.0,53.0,3,5.0,2.0,4.0,,2.0,,,,
Sandra Laney,2021MND,2021.0,S4,last,3317.0,7.0,2,,,,1.0,,0.0,,,
Linnea Freeman,2021MND,2021.0,S4,last,3317.0,54.0,11,2.0,1.0,,3.0,3.0,4.0,,1.0,
Sarkis Mazmanian,2021MND,2021.0,S4,last,3317.0,612.0,46,31.0,10.0,26.0,10.0,19.0,5.0,0.0,2.0,5.0
Leah Pyter,2021MND,2021.0,S4,middle,3317.0,34.0,4,6.0,,2.0,,,1.0,,,2.0
Dave Durgan,2021MND,2021.0,S4,middle,3317.0,44.0,1,2.0,,2.0,,,,,,
Andrew Feig,2021MND,2021.0,S4,first,3317.0,6.0,1,,,,1.0,,,,,
Zongqi Xia,2021MND,2021.0,S4,first,3317.0,28.0,2,4.0,,2.0,2.0,,,,,
Ashley Ross,2021MND,2021.0,S4,middle,3317.0,42.0,2,2.0,,,,,0.0,,,
Leah Pyter,2021MND,2021.0,S4,first,3317.0,66.0,4,2.0,1.0,2.0,4.0,2.0,1.0,,2.0,
Dave Durgan,2021MND,2021.0,S4,first,3317.0,13.0,1,,,,,2.0,,,,
Linnea Freeman,2021MND,2021.0,S4,middle,3317.0,92.0,6,6.0,,4.0,,4.0,4.0,0.0,,
Noah Palm,2021MND,2021.0,S4,last,3317.0,391.0,22,19.0,4.0,6.0,1.0,2.0,5.0,,2.0,3.0
Melanie Gareau,2021MND,2021.0,S4,last,3317.0,104.0,3,5.0,,,,2.0,,,,
Sarkis Mazmanian,2021MND,2021.0,S4,middle,3317.0,441.0,15,15.0,4.0,15.0,2.0,13.0,3.0,,,
Ashley Ross,2021MND,2021.0,S4,first,3317.0,86.0,3,5.0,,2.0,,2.0,,,,
Stephanie Cologna,2021MND,2021.0,S5,last,3168.0,131.0,12,1.0,3.0,4.0,,6.0,1.0,0.0,,2.0
Richard Wiener,2021MND,2021.0,S5,first,3168.0,4.0,1,,,,1.0,,1.0,,,
Kai Zhang,2021MND,2021.0,S5,last,3168.0,138.0,13,7.0,1.0,8.0,1.0,4.0,4.0,0.0,2.0,
Barbara Bendlin,2021MND,2021.0,S5,middle,3168.0,25.0,1,,,,,2.0,,,,2.0
Elizabeth Bess,2021MND,2021.0,S5,first,3168.0,148.0,2,4.0,,,,,4.0,,,2.0
Stavroula Hatzios,2021MND,2021.0,S5,last,3168.0,8.0,2,,,2.0,,,1.0,,,2.0
Cesar De,2021MND,2021.0,S5,last,3168.0,75.0,4,4.0,1.0,,,,3.0,,,
Amina Schartup,2021MND,2021.0,S5,first,3168.0,54.0,1,2.0,,,,,,,,
Andrew Feig,2021MND,2021.0,S5,last,3168.0,23.0,7,10.0,,,2.0,,,,,
Sarah MacEachern,2021MND,2021.0,S5,last,3168.0,19.0,4,2.0,,1.0,,,4.0,0.0,,
Barbara Bendlin,2021MND,2021.0,S5,first,3168.0,211.0,19,2.0,,3.0,18.0,3.0,14.0,0.0,8.0,
Mei Shen,2021MND,2021.0,S5,last,3168.0,177.0,24,8.0,,,8.0,14.0,5.0,,2.0,1.0
Stephanie Cologna,2021MND,2021.0,S5,middle,3168.0,49.0,7,,2.0,3.0,,4.0,2.0,,,1.0
Kai Zhang,2021MND,2021.0,S5,middle,3168.0,205.0,5,4.0,1.0,4.0,,6.0,1.0,0.0,,2.0
Erin Longbrake,2021MND,2021.0,S5,middle,3168.0,76.0,4,8.0,,6.0,,,,,,
Stephanie Cologna,2021MND,2021.0,S5,first,3168.0,91.0,2,4.0,,2.0,,2.0,,,,
Stavroula Hatzios,2021MND,2021.0,S5,middle,3168.0,223.0,6,9.0,,8.0,,,1.0,0.0,,
Sarah MacEachern,2021MND,2021.0,S5,middle,3168.0,167.0,8,10.0,4.0,8.0,,6.0,2.0,,1.0,
Kai Zhang,2021MND,2021.0,S5,first,3168.0,55.0,5,3.0,,,,6.0,0.0,,,
Mei Shen,2021MND,2021.0,S5,middle,3168.0,101.0,2,2.0,,3.0,,,,,,1.0
Sarah MacEachern,2021MND,2021.0,S5,first,3168.0,53.0,1,2.0,,2.0,,,2.0,,,
Erin Longbrake,2021MND,2021.0,S5,first,3168.0,99.0,2,2.0,2.0,2.0,,,,,,
Cesar De,2021MND,2021.0,S5,first,3168.0,158.0,6,8.0,,3.0,1.0,,3.0,,,
Silvia Ronco,2021MND,2021.0,S5,last,3168.0,35.0,7,1.0,,,5.0,2.0,0.0,,,
Elizabeth Bess,2021MND,2021.0,S5,last,3168.0,305.0,7,11.0,2.0,4.0,,4.0,3.0,0.0,,
Cesar de la Fuente U Penn,2021MND,2021.0,S5,last,3168.0,21.0,4,,,3.0,,,2.0,,,
Amina Schartup,2021MND,2021.0,S5,last,3168.0,172.0,4,5.0,,2.0,1.0,,,,,
Mei Shen,2021MND,2021.0,S5,first,3168.0,118.0,3,2.0,,1.0,,2.0,1.0,,,
Barbara Bendlin,2021MND,2021.0,S5,last,3168.0,103.0,10,2.0,3.0,3.0,7.0,2.0,6.0,,3.0,1.0
Elizabeth Bess,2021MND,2021.0,S5,middle,3168.0,124.0,3,5.0,,5.0,,,2.0,,,
John-Paul Yu,2021MND,2021.0,S6,first,3152.0,66.0,2,2.0,,,,,0.0,,,
Silvia Rossbach,2021MND,2021.0,S6,last,3152.0,47.0,17,6.0,1.0,,6.0,6.0,2.0,0.0,4.0,
Irene Yang,2021MND,2021.0,S6,last,3152.0,29.0,4,1.0,,,,6.0,,,,
Jeff Stine,2021MND,2021.0,S6,last,3152.0,115.0,3,4.0,,4.0,,,2.0,,,
Maayan Levy,2021MND,2021.0,S6,last,3152.0,39.0,9,1.0,,1.0,,4.0,0.0,0.0,2.0,
Laura Elias,2021MND,2021.0,S6,middle,3152.0,86.0,9,2.0,,3.0,2.0,4.0,1.0,0.0,1.0,
Tim Sampson,2021MND,2021.0,S6,middle,3152.0,27.0,2,3.0,,,,,,,,
Yael Kiselman-Lain,2021MND,2021.0,S6,last,3152.0,24.0,4,,,,,6.0,0.0,,,
Will Thompson-Tachera,2021MND,2021.0,S6,last,3152.0,41.0,2,4.0,,,1.0,2.0,,,,1.0
Michael O'Bananu Coleman-Uzo,2021MND,2021.0,S6,last,3152.0,5.0,2,1.0,,,,,1.0,,,
Michael D Coleman,2021MND,2021.0,S6,middle,3152.0,117.0,4,4.0,2.0,,1.0,2.0,0.0,,,
Tim Sampson,2021MND,2021.0,S6,first,3152.0,166.0,8,13.0,3.0,3.0,,,1.0,,,
Irene Yang,2021MND,2021.0,S6,first,3152.0,146.0,3,3.0,,,,,1.0,,,
Xiao-Mei Qi,2021MND,2021.0,S6,middle,3152.0,148.0,4,4.0,,2.0,,,0.0,,,
John-Paul Yu,2021MND,2021.0,S6,last,3152.0,63.0,2,3.0,2.0,,,2.0,,,,
JP Bryson,2021MND,2021.0,S6,middle,3152.0,18.0,4,3.0,,3.0,2.0,,1.0,0.0,2.0,
Michael O'Bananu Coleman-Uzo,2021MND,2021.0,S6,middle,3152.0,224.0,12,17.0,,6.0,1.0,2.0,2.0,0.0,,
Michael Burton,2021MND,2021.0,S6,middle,3152.0,1.0,1,1.0,,,,,1.0,,,
Pamela Chang,2021MND,2021.0,S6,last,3152.0,72.0,5,6.0,,,,4.0,,,,
Jia Li,2021MND,2021.0,S6,middle,3152.0,45.0,3,2.0,,2.0,,4.0,,,,
John-Paul Yu,2021MND,2021.0,S6,middle,3152.0,117.0,1,2.0,,2.0,,,,,,2.0
Bob Bryan,2021MND,2021.0,S6,middle,3152.0,65.0,7,2.0,0.0,,,4.0,5.0,,1.0,
Haike Qi,2021MND,2021.0,S6,middle,3152.0,28.0,1,,,,,2.0,,,,
Jeff Thompson,2021MND,2021.0,S6,last,3152.0,174.0,10,18.0,2.0,2.0,,4.0,2.0,,,1.0
Robert Isaacson Jr,2021MND,2021.0,S6,last,3152.0,14.0,2,,,,,2.0,1.0,,,2.0
Laura Ellen Eisen,2021MND,2021.0,S6,first,3152.0,93.0,2,2.0,,,1.0,,,,1.0,
Jinha Choi,2021MND,2021.0,S6,first,3152.0,132.0,2,4.0,,,,,,,,
Bob Bryan,2021MND,2021.0,S6,first,3152.0,110.0,14,2.0,,2.0,8.0,,8.0,,4.0,
Laura Eisen,2021MND,2021.0,S6,last,3152.0,110.0,6,8.0,2.0,,1.0,2.0,1.0,,,
Pamela Chang,2021MND,2021.0,S6,first,3152.0,45.0,1,2.0,,,,,,,,
Robert Frymier Jr,2021MND,2021.0,S6,last,3152.0,38.0,2,3.0,0.0,,,,,,,
Andrew Walker R,2021MND,2021.0,S6,last,3152.0,40.0,9,7.0,,,4.0,4.0,3.0,0.0,,
Mayana Keynan,2021MND,2021.0,S6,last,3152.0,4.0,1,,,,,2.0,,,,
Jeff Thomas-Yakin,2021MND,2021.0,S6,last,3152.0,98.0,13,15.0,,,7.0,2.0,2.0,,,
Elaine Hsiao,2021MND,2021.0,S6,first,3152.0,52.0,4,2.0,,,,,2.0,0.0,1.0,
Irene Yang,2021MND,2021.0,S6,middle,3152.0,80.0,6,4.0,,2.0,,0.0,,0.0,1.0,
Michael Coleman-Hicks,2021MND,2021.0,S6,last,3152.0,134.0,13,11.0,2.0,8.0,,,2.0,0.0,1.0,
Michael Burton,2021MND,2021.0,S6,last,3152.0,56.0,18,1.0,,,2.0,3.0,8.0,0.0,,
Abigail Levy,2021MND,2021.0,S6,first,3152.0,23.0,1,2.0,,,,,,,1.0,
Maayan Levy,2021MND,2021.0,S6,middle,3152.0,17.0,3,,2.0,2.0,,2.0,,0.0,,
Andrew,2021MND,2021.0,S6,last,3152.0,3.0,1,2.0,,,,,,,,
Jia Li,2021MND,2021.0,S6,last,3152.0,1.0,4,,,,,,0.0,0.0,1.0,
Leslie Eisen,2021MND,2021.0,S6,last,3152.0,67.0,12,,2.0,2.0,2.0,,9.0,,1.0,2.0
Bob Bryan,2021MND,2021.0,S6,last,3152.0,52.0,10,4.0,6.0,,,10.0,,0.0,0.0,
Wendy Bahr,2021MND,2021.0,S6,last,3152.0,71.0,8,8.0,,2.0,,8.0,,,,
Michael Burton,2021MND,2021.0,S6,first,3152.0,45.0,2,2.0,,,1.0,,2.0,,,
Tanisia Chung,2021MND,2021.0,S6,last,3152.0,4.0,3,2.0,,,,2.0,1.0,,,
Unknown speaker,2021MND,2021.0,S6,last,3152.0,0.0,3,,,,,,2.0,,,
Shikha Nangia,2021MND,2021.0,S7,first,3511.0,253.0,2,4.0,,2.0,2.0,,2.0,,,
Marie-Claire Arrieta,2021MND,2021.0,S7,first,3511.0,286.0,3,4.0,2.0,2.0,,,,0.0,,
Ali Keshavarzian,2021MND,2021.0,S7,middle,3511.0,163.0,7,6.0,4.0,2.0,,4.0,,,2.0,2.0
Abhishek Shrivastava,2021MND,2021.0,S7,middle,3511.0,132.0,10,2.0,2.0,1.0,1.0,9.0,1.0,,2.0,2.0
Harris Wang,2021MND,2021.0,S7,last,3511.0,0.0,1,,,,,,0.0,,,
Ali Keshavarzian,2021MND,2021.0,S7,first,3511.0,194.0,22,10.0,2.0,,5.0,5.0,12.0,,8.0,1.0
Will Ludington,2021MND,2021.0,S7,last,3511.0,117.0,9,4.0,,4.0,2.0,2.0,2.0,0.0,,
Mark Mimee,2021MND,2021.0,S7,last,3511.0,197.0,8,11.0,,2.0,,2.0,0.0,,,
Wenjing Wang W,2021MND,2021.0,S7,last,3511.0,2.0,1,1.0,,,,,1.0,,,
Abhishek Shrivastava,2021MND,2021.0,S7,first,3511.0,99.0,5,6.0,,2.0,1.0,2.0,1.0,,,
Heather Bean,2021MND,2021.0,S7,last,3511.0,2.0,5,6.0,,,2.0,,0.0,,,
Harris Wang,2021MND,2021.0,S7,middle,3511.0,157.0,2,2.0,2.0,2.0,,,,0.0,,
Will Ludington,2021MND,2021.0,S7,middle,3511.0,134.0,10,4.0,4.0,3.0,,10.0,4.0,,,2.0
Shikha Nangia,2021MND,2021.0,S7,last,3511.0,295.0,12,14.0,4.0,8.0,3.0,,4.0,0.0,,
Marie-Claire Arrieta,2021MND,2021.0,S7,last,3511.0,372.0,34,13.0,8.0,11.0,10.0,8.0,6.0,0.0,2.0,1.0
Wenjing Wang W,2021MND,2021.0,S7,middle,3511.0,165.0,4,8.0,,4.0,,,1.0,,,
Harris Wang,2021MND,2021.0,S7,first,3511.0,47.0,2,3.0,,,,,1.0,,,
Mark Mimee,2021MND,2021.0,S7,first,3511.0,50.0,3,2.0,,,,1.0,1.0,,,
Will Ludington,2021MND,2021.0,S7,first,3511.0,90.0,3,2.0,,,,3.0,,,,
Heather Bean,2021MND,2021.0,S7,middle,3511.0,95.0,3,4.0,4.0,4.0,,,0.0,,,
Wenjing Wang W,2021MND,2021.0,S7,first,3511.0,76.0,2,2.0,,,,,,,1.0,
Ali Keshavarzian,2021MND,2021.0,S7,last,3511.0,175.0,25,6.0,2.0,4.0,7.0,3.0,5.0,0.0,5.0,
Shikha Nangia,2021MND,2021.0,S7,middle,3511.0,81.0,4,8.0,2.0,2.0,,,,,,
Marie-Claire Arrieta,2021MND,2021.0,S7,middle,3511.0,129.0,4,4.0,3.0,4.0,,,1.0,,,
Heather Bean,2021MND,2021.0,S7,first,3511.0,53.0,3,2.0,,,1.0,,1.0,,,
Abhishek Shrivastava,2021MND,2021.0,S7,last,3511.0,147.0,18,8.0,0.0,6.0,2.0,9.0,9.0,0.0,5.0,2.0
Carolina Tropini,2021MND,2021.0,S8,last,3449.0,101.0,5,4.0,,4.0,,2.0,1.0,,1.0,1.0
Rosy Krajmalnik-Brown,2021MND,2021.0,S8,middle,3449.0,225.0,11,2.0,2.0,,2.0,4.0,3.0,,9.0,6.0
Yang-Yu Liu,2021MND,2021.0,S8,middle,3449.0,166.0,2,4.0,4.0,2.0,,2.0,,,,
Lisa Osborne,2021MND,2021.0,S8,middle,3449.0,85.0,2,2.0,,2.0,,,2.0,,,1.0
Bot 6,2021MND,2021.0,S8,first,3449.0,0.0,1,,,,,,,0.0,,
Lawrence David,2021MND,2021.0,S8,middle,3449.0,170.0,6,4.0,2.0,6.0,,,2.0,0.0,-1.0,2.0
Aida Ebrahimi,2021MND,2021.0,S8,middle,3449.0,106.0,1,2.0,2.0,2.0,,,,,,
Rosy Krajmalnik-Brown,2021MND,2021.0,S8,first,3449.0,227.0,39,5.0,1.0,6.0,18.0,15.0,11.0,0.0,14.0,10.0
Yang-Yu Liu,2021MND,2021.0,S8,first,3449.0,305.0,6,10.0,4.0,4.0,,3.0,,,,
Lawrence David,2021MND,2021.0,S8,first,3449.0,168.0,13,9.0,3.0,7.0,1.0,,7.0,0.0,,4.0
Lisa Osborne,2021MND,2021.0,S8,first,3449.0,238.0,11,13.0,4.0,4.0,,,5.0,,3.0,
Daren Ginete,2021MND,2021.0,S8,last,3449.0,69.0,2,2.0,,2.0,2.0,,1.0,,,
Aida Ebrahimi,2021MND,2021.0,S8,first,3449.0,206.0,7,4.0,,4.0,,6.0,2.0,,,
Carolina Tropini,2021MND,2021.0,S8,middle,3449.0,231.0,6,2.0,2.0,2.0,,6.0,3.0,,2.0,4.0
Nandita Garud,2021MND,2021.0,S8,last,3449.0,34.0,1,2.0,,,,,1.0,,,
Carolina Tropini,2021MND,2021.0,S8,first,3449.0,171.0,18,4.0,2.0,10.0,4.0,10.0,5.0,0.0,1.0,1.0
Courtney Robinson,2021MND,2021.0,S8,last,3449.0,42.0,1,2.0,,,,,,,,
Nandita Garud,2021MND,2021.0,S8,middle,3449.0,168.0,4,4.0,4.0,6.0,,2.0,2.0,,,
Rosy Krajmalnik-Brown,2021MND,2021.0,S8,last,3449.0,316.0,19,10.0,1.0,2.0,12.0,4.0,9.0,,7.0,
Yang-Yu Liu,2021MND,2021.0,S8,last,3449.0,24.0,1,2.0,,,,,1.0,,,
Nandita Garud,2021MND,2021.0,S8,first,3449.0,69.0,5,4.0,,2.0,,,4.0,,,
Lisa Osborne,2021MND,2021.0,S8,last,3449.0,141.0,3,4.0,,2.0,,,,0.0,,1.0
Aida Ebrahimi,2021MND,2021.0,S8,last,3449.0,107.0,6,2.0,,,1.0,8.0,1.0,,1.0,
Courtney Robinson,2021MND,2021.0,S8,first,3449.0,80.0,5,3.0,1.0,4.0,,2.0,1.0,,,
Shikha Nangia,2021MND,2021.0,S9,first,3534.0,268.0,9,11.0,,2.0,,3.0,2.0,0.0,1.0,
Tim Sampson,2021MND,2021.0,S9,last,3534.0,333.0,8,8.0,2.0,2.0,2.0,2.0,,0.0,,2.0
Cesar De,2021MND,2021.0,S9,last,3534.0,22.0,2,,,1.0,,2.0,2.0,,,
Bob Bryan,2021MND,2021.0,S9,first,3534.0,263.0,24,10.0,,2.0,7.0,11.0,3.0,0.0,6.0,
Harris Wang,2021MND,2021.0,S9,last,3534.0,190.0,6,2.0,,7.0,,5.0,,0.0,,
Lawrence David,2021MND,2021.0,S9,middle,3534.0,68.0,5,,2.0,2.0,,8.0,1.0,,1.0,2.0
Tim Sampson,2021MND,2021.0,S9,middle,3534.0,83.0,4,6.0,2.0,,,2.0,,,,
Lawrence David,2021MND,2021.0,S9,first,3534.0,22.0,2,2.0,,,,2.0,,,,
Leah Pyter,2021MND,2021.0,S9,last,3534.0,70.0,5,6.0,1.0,2.0,,4.0,2.0,,,
Faranak Fattahi,2021MND,2021.0,S9,last,3534.0,248.0,19,12.0,3.0,19.0,1.0,8.0,1.0,,,
Flavio Frohlich,2021MND,2021.0,S9,last,3534.0,195.0,13,9.0,2.0,5.0,,6.0,4.0,0.0,,
Michael Burton,2021MND,2021.0,S9,last,3534.0,132.0,3,4.0,1.0,4.0,,2.0,1.0,,,
Tim Sampson,2021MND,2021.0,S9,first,3534.0,92.0,9,10.0,,2.0,,2.0,4.0,0.0,1.0,
Harris Wang,2021MND,2021.0,S9,middle,3534.0,187.0,5,8.0,2.0,2.0,,6.0,,,,
Harris Wang,2021MND,2021.0,S9,first,3534.0,55.0,1,2.0,,,,,,,,
Cesar De,2021MND,2021.0,S9,first,3534.0,1.0,1,,,,,,0.0,,,
Leah Pyter,2021MND,2021.0,S9,middle,3534.0,163.0,10,10.0,4.0,9.0,,8.0,,,,
Faranak Fattahi,2021MND,2021.0,S9,middle,3534.0,212.0,7,8.0,0.0,3.0,,3.0,2.0,,,
Flavio Frohlich,2021MND,2021.0,S9,middle,3534.0,4.0,1,,,,,2.0,,,,
Michael Burton,2021MND,2021.0,S9,middle,3534.0,103.0,3,6.0,5.0,2.0,,,,,,
Bob Bryan,2021MND,2021.0,S9,last,3534.0,100.0,9,2.0,,,2.0,4.0,7.0,,2.0,1.0
Leah Pyter,2021MND,2021.0,S9,first,3534.0,47.0,3,5.0,,,,,2.0,,,
Daren Ginete,2021MND,2021.0,S9,first,3534.0,14.0,1,2.0,,,,,1.0,,,
Shikha Nangia,2021MND,2021.0,S9,middle,3534.0,124.0,2,2.0,,,2.0,2.0,,,,
Michael Burton,2021MND,2021.0,S9,first,3534.0,87.0,4,6.0,,,,,3.0,,,
Faranak Fattahi,2021MND,2021.0,S9,first,3534.0,133.0,7,7.0,,,,4.0,,0.0,,
Flavio Frohlich,2021MND,2021.0,S9,first,3534.0,85.0,4,3.0,,2.0,,,2.0,,,
Lawrence David,2021MND,2021.0,S9,last,3534.0,96.0,8,6.0,,6.0,,8.0,3.0,,2.0,
Bob Bryan,2021MND,2021.0,S9,middle,3534.0,137.0,5,4.0,3.0,4.0,2.0,2.0,1.0,,,
Bethany McGregor,2021MZT,2021.0,S2,first,2434.0,98.0,3,6.0,3.0,4.0,,,0.0,,,
Michael C. Wimberly,2021MZT,2021.0,S2,first,2434.0,32.0,1,1.0,,,1.0,1.0,,,,
Liliana Salvador,2021MZT,2021.0,S2,last,2434.0,56.3,7,,1.0,1.0,,8.0,2.0,,3.0,
Mark Q Wilber,2021MZT,2021.0,S2,middle,2434.0,45.0,5,,,2.0,,3.0,,0.0,0.0,
Andrew Feig,2021MZT,2021.0,S2,last,2434.0,55.8,2,3.0,2.0,,,2.0,,,,
Gonzalo Vazquez-Prokopec,2021MZT,2021.0,S2,first,2434.0,101.0,1,2.0,2.0,2.0,,,,,,
Guillaume Bastille-Rousseau,2021MZT,2021.0,S2,middle,2434.0,73.0,28,7.0,3.0,7.0,1.0,2.0,2.0,0.0,,
Mark Q Wilber,2021MZT,2021.0,S2,first,2434.0,71.0,2,4.0,,4.0,,2.0,,,,
Guillaume Bastille-Rousseau,2021MZT,2021.0,S2,first,2434.0,71.0,1,2.0,,2.0,,,1.0,,,
Liliana Salvador,2021MZT,2021.0,S2,middle,2434.0,62.0,3,5.0,2.0,,,3.0,3.0,,,
Lauren Charles,2021MZT,2021.0,S2,last,2434.0,313.3,18,8.0,5.0,5.0,0.0,2.0,5.0,0.0,5.0,
Kezia Manlove,2021MZT,2021.0,S2,last,2434.0,133.79999999999998,11,2.0,4.0,,1.0,14.0,1.0,,1.0,
Bethany McGregor,2021MZT,2021.0,S2,last,2434.0,72.8,5,9.0,,,,,1.0,,,
Daniel Becker,2021MZT,2021.0,S2,last,2434.0,80.0,3,6.0,,6.0,,2.0,,,,
Michael C. Wimberly,2021MZT,2021.0,S2,last,2434.0,120.0,2,,,,,2.0,,,1.0,2.0
Avery E. Strait,2021MZT,2021.0,S2,last,2434.0,93.30000000000001,9,10.0,,,,4.0,1.0,,,2.0
Liliana Salvador,2021MZT,2021.0,S2,first,2434.0,48.0,2,2.0,2.0,,,,,,1.0,
Andrew Feig,2021MZT,2021.0,S2,first,2434.0,54.0,4,4.0,,4.0,,4.0,,,,
Guillaume Bastille-Rousseau,2021MZT,2021.0,S2,last,2434.0,76.2,9,2.0,,2.0,2.0,4.0,0.0,0.0,,
Lauren Charles,2021MZT,2021.0,S2,middle,2434.0,163.0,10,4.0,4.0,7.0,1.0,,3.0,0.0,1.0,1.0
Kezia Manlove,2021MZT,2021.0,S2,middle,2434.0,39.0,3,,,,4.0,2.0,2.0,,2.0,
Michael C. Wimberly,2021MZT,2021.0,S2,middle,2434.0,178.0,1,,,2.0,1.0,,,,,2.0
Avery E. Strait,2021MZT,2021.0,S2,middle,2434.0,54.0,1,2.0,,2.0,,,,,,
Lauren Charles,2021MZT,2021.0,S2,first,2434.0,30.0,3,1.0,,,1.0,2.0,1.0,,,
Mark Q Wilber,2021MZT,2021.0,S2,last,2434.0,49.0,1,2.0,,2.0,,,1.0,,,
Kezia Manlove,2021MZT,2021.0,S2,first,2434.0,173.0,6,8.0,4.0,6.0,,,,,,
Daniel Becker,2021MZT,2021.0,S2,first,2434.0,78.0,3,4.0,2.0,4.0,,,0.0,,,
Avery E. Strait,2021MZT,2021.0,S2,first,2434.0,28.0,1,2.0,,2.0,,,,,,
Danae Schulz,2021MZT,2021.0,S3,middle,2752.0,43.0,2,,,2.0,,4.0,,,,2.0
Brenda Marilyn Rubenstein,2021MZT,2021.0,S3,last,2752.0,55.0,4,2.0,2.0,2.0,,2.0,1.0,,,
William H. Witola,2021MZT,2021.0,S3,last,2752.0,129.0,4,6.0,,5.0,,,,,,
Diego Huet,2021MZT,2021.0,S3,first,2752.0,109.0,1,2.0,1.0,2.0,,,,,,
Angad Mehta,2021MZT,2021.0,S3,middle,2752.0,100.0,6,4.0,2.0,5.0,,4.0,,0.0,,1.0
Danae Schulz,2021MZT,2021.0,S3,first,2752.0,11.0,2,,,,,2.0,2.0,,,
Gisselle Medina,2021MZT,2021.0,S3,first,2752.0,111.0,3,2.0,,2.0,1.0,2.0,1.0,,,
Brenda Marilyn Rubenstein,2021MZT,2021.0,S3,middle,2752.0,14.0,1,2.0,1.0,,,2.0,,,,
William H. Witola,2021MZT,2021.0,S3,middle,2752.0,232.0,4,7.0,,2.0,,,1.0,,,
Wilfred van der Donk,2021MZT,2021.0,S3,last,2752.0,129.0,5,,,2.0,5.0,5.0,,,2.0,2.0
Peter Dorhout,2021MZT,2021.0,S3,last,2752.0,196.0,13,,1.0,4.0,4.0,7.0,3.0,0.0,2.0,7.0
Brenda Marilyn Rubenstein,2021MZT,2021.0,S3,first,2752.0,92.0,1,2.0,2.0,2.0,,,,,,
William H. Witola,2021MZT,2021.0,S3,first,2752.0,188.0,4,7.0,,1.0,,,1.0,,,
Erik Procko,2021MZT,2021.0,S3,last,2752.0,70.0,2,2.0,3.0,4.0,,,,,,
Richard Wiener,2021MZT,2021.0,S3,last,2752.0,25.0,3,1.0,,,4.0,,1.0,,,
Wilfred van der Donk UIUC,2021MZT,2021.0,S3,last,2752.0,91.0,12,,4.0,2.0,8.0,2.0,5.0,0.0,,
Diego Huet,2021MZT,2021.0,S3,last,2752.0,2.0,1,,,,1.0,1.0,,,,
Wilfred van der Donk,2021MZT,2021.0,S3,middle,2752.0,9.0,1,,,,,2.0,,,,2.0
Danae Schulz,2021MZT,2021.0,S3,last,2752.0,92.0,6,2.0,4.0,8.0,,3.0,1.0,0.0,6.0,4.0
Gisselle Medina,2021MZT,2021.0,S3,last,2752.0,251.0,6,10.0,2.0,4.0,,,,0.0,,
Angela Arenas,2021MZT,2021.0,S3,middle,2752.0,190.0,1,2.0,2.0,1.0,,,,,,
Wilfred van der Donk,2021MZT,2021.0,S3,first,2752.0,46.0,1,2.0,,,2.0,,,,,
Angad Mehta,2021MZT,2021.0,S3,last,2752.0,324.0,28,28.0,2.0,8.0,3.0,7.0,1.0,0.0,,4.0
Erik Procko,2021MZT,2021.0,S3,middle,2752.0,44.0,4,2.0,1.0,,,,4.0,,,
Wilfred van der Donk UIUC,2021MZT,2021.0,S3,middle,2752.0,20.0,1,,,,,2.0,,,2.0,
Diego Huet,2021MZT,2021.0,S3,middle,2752.0,66.0,1,2.0,2.0,,,,,,,
Peter Dorhout,2021MZT,2021.0,S3,first,2752.0,48.0,5,,,,5.0,,4.0,,5.0,
Erik Procko,2021MZT,2021.0,S3,first,2752.0,65.0,1,2.0,,,,,1.0,,,
Jenny G Maloney,2021MZT,2021.0,S4,last,2108.0,451.0,61,7.0,4.0,14.0,15.0,18.0,7.0,0.0,,3.0
Claudia P Herrera,2021MZT,2021.0,S4,last,2108.0,11.0,2,1.0,,1.0,,,0.0,,,
Yanling Chang,2021MZT,2021.0,S4,middle,2108.0,111.0,1,2.0,,2.0,,,1.0,,,
Christoph Thaiss,2021MZT,2021.0,S4,last,2108.0,81.0,2,2.0,2.0,,,3.0,,,,
Prashant Singh,2021MZT,2021.0,S4,last,2108.0,0.0,1,,,1.0,,,,,,
Jenny G Maloney,2021MZT,2021.0,S4,middle,2108.0,59.0,1,,2.0,2.0,,,,,1.0,
Curt Horvath,2021MZT,2021.0,S4,last,2108.0,129.0,19,9.0,6.0,10.0,4.0,5.0,6.0,,1.0,
Sandra Laney,2021MZT,2021.0,S4,last,2108.0,15.0,1,2.0,,,,,,,,
Claudia P Herrera,2021MZT,2021.0,S4,first,2108.0,217.0,2,2.0,,2.0,,2.0,,0.0,,
Efrem Lim,2021MZT,2021.0,S4,middle,2108.0,173.0,4,7.0,2.0,5.0,,,1.0,,1.0,
Christoph Thaiss,2021MZT,2021.0,S4,middle,2108.0,35.0,1,,2.0,2.0,,,,,,2.0
Jenny G Maloney,2021MZT,2021.0,S4,first,2108.0,78.0,2,2.0,,2.0,,4.0,,,,2.0
Paola M. Boggiatto,2021MZT,2021.0,S4,last,2108.0,92.0,10,4.0,,6.0,,1.0,2.0,0.0,,4.0
Prashant Singh,2021MZT,2021.0,S4,first,2108.0,107.0,3,6.0,2.0,6.0,,,,,,
Curt Horvath,2021MZT,2021.0,S4,middle,2108.0,74.0,5,2.0,3.0,2.0,0.0,,1.0,,,
Laurene Tetard,2021MZT,2021.0,S4,last,2108.0,143.0,17,2.0,0.0,3.0,3.0,4.0,1.0,0.0,1.0,1.0
Curt Horvath,2021MZT,2021.0,S4,first,2108.0,26.0,1,,2.0,2.0,,,,,,
Yanling Chang,2021MZT,2021.0,S4,last,2108.0,83.0,5,1.0,,7.0,,4.0,,,,
Paola M. Boggiatto,2021MZT,2021.0,S4,middle,2108.0,110.0,5,2.0,1.0,4.0,0.0,3.0,1.0,0.0,,
Laurene Tetard,2021MZT,2021.0,S4,middle,2108.0,80.0,2,1.0,,3.0,,1.0,,,,
Paola M. Boggiatto,2021MZT,2021.0,S4,first,2108.0,33.0,2,,,2.0,,2.0,,,1.0,
Ana Bento,2021MZT,2021.0,S5,middle,2945.0,148.0,3,2.0,,5.0,,,3.0,,,2.0
Joyce Jose,2021MZT,2021.0,S5,last,2945.0,38.0,16,3.0,,1.0,7.0,2.0,2.0,,2.0,2.0
Nicole Eikmeier,2021MZT,2021.0,S5,first,2945.0,131.0,2,2.0,,1.0,,2.0,2.0,,,
Pilar Fernandez,2021MZT,2021.0,S5,first,2945.0,269.0,5,10.0,,8.0,1.0,,3.0,,,
Troy C Sutton,2021MZT,2021.0,S5,middle,2945.0,146.0,5,8.0,6.0,6.0,,,,0.0,,
Ana Bento,2021MZT,2021.0,S5,first,2945.0,253.0,7,10.0,,10.0,2.0,1.0,4.0,,2.0,3.0
Troy C Sutton,2021MZT,2021.0,S5,first,2945.0,56.0,4,3.0,3.0,5.0,,,,,,
Joyce Jose,2021MZT,2021.0,S5,middle,2945.0,110.0,3,6.0,,6.0,,2.0,,,,
Matt Erdman,2021MZT,2021.0,S5,last,2945.0,120.0,17,3.0,0.0,5.0,7.0,7.0,3.0,,5.0,3.0
Charles E. Lewis,2021MZT,2021.0,S5,first,2945.0,72.0,2,4.0,,4.0,,,,,,
Joyce Jose,2021MZT,2021.0,S5,first,2945.0,38.0,4,3.0,,2.0,1.0,1.0,,0.0,,
Hongfu Liu,2021MZT,2021.0,S5,middle,2945.0,79.0,5,4.0,,4.0,,,,0.0,,
Matthew W. Hopken,2021MZT,2021.0,S5,last,2945.0,126.0,7,6.0,,7.0,,4.0,2.0,,,
Pilar Fernandez,2021MZT,2021.0,S5,last,2945.0,360.0,11,6.0,2.0,10.0,,7.0,0.0,,,
Nicole Eikmeier,2021MZT,2021.0,S5,last,2945.0,30.0,1,,,1.0,,,,,,1.0
Matt Erdman,2021MZT,2021.0,S5,middle,2945.0,25.0,3,,,,,4.0,,0.0,,1.0
Ana Bento,2021MZT,2021.0,S5,last,2945.0,225.0,7,6.0,3.0,8.0,,2.0,2.0,,,
Matt Erdman,2021MZT,2021.0,S5,first,2945.0,55.0,4,,,,3.0,6.0,,,,
Matthew W. Hopken,2021MZT,2021.0,S5,middle,2945.0,169.0,7,8.0,2.0,4.0,,2.0,0.0,0.0,,1.0
Troy C Sutton,2021MZT,2021.0,S5,last,2945.0,123.0,7,3.0,3.0,6.0,2.0,,1.0,0.0,1.0,
Pilar Fernandez,2021MZT,2021.0,S5,middle,2945.0,210.0,4,7.0,4.0,7.0,,,,,,
Matthew W. Hopken,2021MZT,2021.0,S5,first,2945.0,44.0,3,4.0,,3.0,,,,,,
Charles E. Lewis,2021MZT,2021.0,S5,last,2945.0,118.0,3,5.0,2.0,,,5.0,,,,
Joyce Jose,2021MZT,2021.0,S6,last,337.0,8.0,2,,,,2.0,2.0,0.0,,,
Pilar Fernandez,2021MZT,2021.0,S6,last,337.0,10.0,10,9.0,,6.0,,,,0.0,,
Matt Erdman,2021MZT,2021.0,S6,middle,337.0,49.0,4,,,,5.0,4.0,1.0,,1.0,
Sandra Laney,2021MZT,2021.0,S6,middle,337.0,38.0,1,2.0,,1.0,,,1.0,,,
Ana Bento,2021MZT,2021.0,S6,last,337.0,0.0,3,4.0,,4.0,,,,0.0,,2.0
Troy C Sutton,2021MZT,2021.0,S6,first,337.0,36.0,2,2.0,,,,,3.0,,,
Matt Erdman,2021MZT,2021.0,S6,first,337.0,6.0,3,,,,,1.0,2.0,,1.0,
Joyce Jose,2021MZT,2021.0,S6,middle,337.0,2.0,3,2.0,,,1.0,,0.0,,,
Matt Erdman,2021MZT,2021.0,S6,last,337.0,106.0,7,,,,6.0,1.0,,,2.0,1.0
Troy C Sutton,2021MZT,2021.0,S6,last,337.0,19.0,2,2.0,,2.0,,2.0,,,,
Matthew W. Hopken,2021MZT,2021.0,S6,first,337.0,63.0,2,2.0,,,,,3.0,,,
Cheryl Andam,2021MZT,2021.0,S7,first,7541.0,119.0,3,4.0,,2.0,0.0,,1.0,,,
Bethany McGregor,2021MZT,2021.0,S7,first,7541.0,134.0,7,10.0,2.0,2.0,,4.0,,,,
Michael C. Wimberly,2021MZT,2021.0,S7,first,7541.0,287.0,10,7.0,,4.0,4.0,4.0,4.0,,3.0,3.0
Richard Wiener,2021MZT,2021.0,S7,first,7541.0,12.0,2,,,,2.0,,,,2.0,
Liliana Salvador,2021MZT,2021.0,S7,last,7541.0,181.0,6,8.0,2.0,2.0,,,1.0,,1.0,
Sara Zimmer,2021MZT,2021.0,S7,middle,7541.0,210.0,8,2.0,5.0,4.0,,6.0,1.0,0.0,0.0,
Rebecca Garabed,2021MZT,2021.0,S7,middle,7541.0,82.0,14,4.0,1.0,,10.0,3.0,2.0,,5.0,
Guillaume Bastille-Rousseau,2021MZT,2021.0,S7,middle,7541.0,31.0,1,2.0,,,,,1.0,,,
Gonzalo Vazquez-Prokopec,2021MZT,2021.0,S7,first,7541.0,53.0,1,2.0,,2.0,,,,,,2.0
Mark Q Wilber,2021MZT,2021.0,S7,first,7541.0,138.0,5,3.0,-1.0,5.0,,2.0,5.0,,1.0,
Sara Zimmer,2021MZT,2021.0,S7,first,7541.0,222.0,4,3.0,,2.0,,2.0,3.0,,,
Linda A. Detwiler,2021MZT,2021.0,S7,first,7541.0,608.0,46,7.0,3.0,8.0,24.0,5.0,28.0,0.0,15.0,
Crystal Hepp,2021MZT,2021.0,S7,first,7541.0,23.0,4,,0.0,2.0,,,1.0,0.0,1.0,
Lauren Charles,2021MZT,2021.0,S7,last,7541.0,29.0,3,2.0,,2.0,2.0,4.0,2.0,,,
Salvador Almagro-Moreno,2021MZT,2021.0,S7,middle,7541.0,183.0,6,4.0,,4.0,,,2.0,0.0,,2.0
Andrew Feig,2021MZT,2021.0,S7,middle,7541.0,14.0,3,2.0,,,3.0,2.0,0.0,,2.0,
Jason Ladner,2021MZT,2021.0,S7,first,7541.0,55.0,1,2.0,,,1.0,,2.0,,,
Kezia Manlove,2021MZT,2021.0,S7,last,7541.0,92.0,2,2.0,2.0,4.0,,2.0,2.0,,,
Bethany McGregor,2021MZT,2021.0,S7,last,7541.0,47.0,1,2.0,,2.0,,,1.0,,,
Avery E. Strait,2021MZT,2021.0,S7,last,7541.0,40.0,2,4.0,,3.0,,,,,,
Salvador Almagro-Moreno,2021MZT,2021.0,S7,first,7541.0,99.0,1,2.0,,2.0,,2.0,,,,
Andrew Feig,2021MZT,2021.0,S7,first,7541.0,61.0,4,4.0,,2.0,,4.0,,,,
Daniel Becker,2021MZT,2021.0,S7,middle,7541.0,35.0,3,6.0,,,,,,,,
Rebecca Garabed,2021MZT,2021.0,S7,last,7541.0,92.0,7,,,,5.0,7.0,1.0,,1.0,2.0
Kezia Manlove,2021MZT,2021.0,S7,first,7541.0,430.0,16,6.0,9.0,9.0,8.0,16.0,2.0,0.0,2.0,2.0
Avery E. Strait,2021MZT,2021.0,S7,first,7541.0,209.0,12,14.0,,7.0,,3.0,2.0,,1.0,
Tavis K Anderson,2021MZT,2021.0,S7,first,7541.0,277.0,9,10.0,,4.0,,,6.0,,,
Gonzalo Vazquez-Prokopec,2021MZT,2021.0,S7,middle,7541.0,11.0,1,,,,0.0,,1.0,,,
Hannah Frank,2021MZT,2021.0,S7,middle,7541.0,217.0,15,7.0,0.0,5.0,3.0,6.0,5.0,,,4.0
Mark Q Wilber,2021MZT,2021.0,S7,middle,7541.0,20.0,1,2.0,,,,,0.0,,,
Andrew Feig,2021MZT,2021.0,S7,last,7541.0,25.0,3,,,1.0,,2.0,1.0,,,
Linda A. Detwiler,2021MZT,2021.0,S7,middle,7541.0,292.0,52,9.0,7.0,6.0,21.0,7.0,17.0,0.0,32.0,2.0
Crystal Hepp,2021MZT,2021.0,S7,middle,7541.0,26.0,4,4.0,,,,2.0,1.0,,,
Justin Bahl,2021MZT,2021.0,S7,middle,7541.0,210.0,7,6.0,0.0,6.0,1.0,5.0,2.0,0.0,,
Hannah Frank,2021MZT,2021.0,S7,first,7541.0,168.0,13,10.0,2.0,6.0,5.0,2.0,3.0,0.0,1.0,
Guillaume Bastille-Rousseau,2021MZT,2021.0,S7,first,7541.0,177.0,8,4.0,,5.0,1.0,2.0,1.0,0.0,,
Kim M Pepin,2021MZT,2021.0,S7,middle,7541.0,190.0,9,7.0,3.0,9.0,,2.0,2.0,,,
Justin Bahl,2021MZT,2021.0,S7,first,7541.0,378.0,6,8.0,,6.0,1.0,4.0,1.0,,,
Daniel Becker,2021MZT,2021.0,S7,last,7541.0,12.0,1,2.0,,,,,,,,
Liliana Salvador,2021MZT,2021.0,S7,first,7541.0,111.0,9,2.0,2.0,3.0,,6.0,3.0,0.0,4.0,
Kim M Pepin,2021MZT,2021.0,S7,first,7541.0,364.0,10,6.0,4.0,4.0,1.0,3.0,2.0,0.0,,
Lauren Charles,2021MZT,2021.0,S7,middle,7541.0,5.0,2,,,,,1.0,0.0,,,
Cheryl Andam,2021MZT,2021.0,S7,middle,7541.0,105.0,5,2.0,2.0,4.0,,,3.0,,1.0,
Daren Ginete,2021MZT,2021.0,S7,first,7541.0,33.0,1,2.0,,,,,2.0,,1.0,
Kezia Manlove,2021MZT,2021.0,S7,middle,7541.0,53.0,3,4.0,,,,1.0,1.0,,,
Bethany McGregor,2021MZT,2021.0,S7,middle,7541.0,105.0,7,9.0,,2.0,,,3.0,,1.0,
Avery E. Strait,2021MZT,2021.0,S7,middle,7541.0,35.0,2,2.0,,,,,0.0,,,
Richard Wiener,2021MZT,2021.0,S7,middle,7541.0,11.0,1,,,,1.0,,1.0,,1.0,
Gonzalo Vazquez-Prokopec,2021MZT,2021.0,S7,last,7541.0,62.0,5,6.0,,2.0,1.0,,1.0,,,
Adela S Oliva Chavez,2021MZT,2021.0,S7,first,7541.0,41.0,2,2.0,,,,,,0.0,,
Tavis K Anderson,2021MZT,2021.0,S7,middle,7541.0,277.0,18,15.0,2.0,7.0,2.0,5.0,5.0,,3.0,2.0
Lauren Charles,2021MZT,2021.0,S7,first,7541.0,621.0,52,14.0,6.0,11.0,4.0,7.0,5.0,0.0,4.0,
Mark Q Wilber,2021MZT,2021.0,S7,last,7541.0,99.0,3,4.0,,6.0,,2.0,,,,
Guillaume Bastille-Rousseau,2021MZT,2021.0,S7,last,7541.0,40.0,2,2.0,2.0,2.0,,,1.0,,,
Daniel Becker,2021MZT,2021.0,S7,first,7541.0,90.0,2,4.0,2.0,2.0,,,,,,
Danae Schulz,2021MZT,2021.0,S1,middle,3280.0,55.0,3,1.0,,,,4.0,,0.0,2.0,
Silvie Huijben,2021MZT,2021.0,S1,last,3280.0,293.0,13,10.0,7.0,12.0,1.0,5.0,6.0,0.0,,
William H. Witola,2021MZT,2021.0,S1,last,3280.0,202.0,9,6.0,,4.0,2.0,5.0,1.0,,,3.0
Jenny G Maloney,2021MZT,2021.0,S1,last,3280.0,53.0,3,2.0,,2.0,,,,,1.0,1.0
Claudia P Herrera,2021MZT,2021.0,S1,last,3280.0,73.0,26,2.0,1.0,1.0,,,5.0,0.0,,
Diego Huet,2021MZT,2021.0,S1,first,3280.0,64.0,1,2.0,,,,,,,1.0,
Pilar Fernandez,2021MZT,2021.0,S1,first,3280.0,80.0,3,2.0,,,1.0,2.0,,,1.0,
Danae Schulz,2021MZT,2021.0,S1,first,3280.0,86.0,4,5.0,,,,,1.0,,2.0,
Sara Zimmer,2021MZT,2021.0,S1,middle,3280.0,36.0,5,,1.0,3.0,,5.0,0.0,,2.0,
Kristin S. Koutmou,2021MZT,2021.0,S1,middle,3280.0,13.0,3,1.0,,1.0,,2.0,,0.0,,
Silvie Huijben,2021MZT,2021.0,S1,middle,3280.0,270.0,12,10.0,,6.0,1.0,8.0,1.0,0.0,1.0,2.0
William H. Witola,2021MZT,2021.0,S1,middle,3280.0,106.0,1,2.0,,,1.0,,,,,
Jenny G Maloney,2021MZT,2021.0,S1,middle,3280.0,39.0,3,2.0,2.0,2.0,1.0,2.0,1.0,,,
Kristin S. Koutmou,2021MZT,2021.0,S1,first,3280.0,38.0,2,2.0,,1.0,,,,,2.0,
Sara Zimmer,2021MZT,2021.0,S1,first,3280.0,188.0,6,2.0,,,3.0,2.0,2.0,0.0,,
Claudia P Herrera,2021MZT,2021.0,S1,middle,3280.0,124.0,7,,1.0,3.0,,4.0,1.0,0.0,,
Claudia P Herrera,2021MZT,2021.0,S1,first,3280.0,290.0,8,6.0,,5.0,3.0,,2.0,,1.0,
Silvie Huijben,2021MZT,2021.0,S1,first,3280.0,92.0,3,2.0,,,,4.0,4.0,,,
William H. Witola,2021MZT,2021.0,S1,first,3280.0,148.0,2,2.0,,,1.0,,,,1.0,
Jenny G Maloney,2021MZT,2021.0,S1,first,3280.0,1.0,1,,,,,,1.0,,,
Amy Vincent,2021MZT,2021.0,S1,last,3280.0,96.0,18,3.0,2.0,1.0,6.0,1.0,11.0,0.0,2.0,
Pilar Fernandez,2021MZT,2021.0,S1,last,3280.0,579.0,25,18.0,8.0,22.0,2.0,10.0,3.0,0.0,1.0,
Danae Schulz,2021MZT,2021.0,S1,last,3280.0,0.0,1,2.0,,,,,,,,
Heather D S Walden,2021MZT,2021.0,S1,first,3280.0,52.0,3,2.0,,,1.0,,1.0,,1.0,
Sara Zimmer,2021MZT,2021.0,S1,last,3280.0,246.0,29,6.0,7.0,4.0,4.0,8.0,4.0,0.0,,2.0
Kristin S. Koutmou,2021MZT,2021.0,S1,last,3280.0,2.0,1,,,,,,1.0,,,
Pilar Fernandez,2021MZT,2021.0,S1,middle,3280.0,7.0,5,,1.0,1.0,,,1.0,0.0,1.0,
Amy Vincent,2021MZT,2021.0,S1,first,3280.0,47.0,4,1.0,,,5.0,,1.0,,,
Cheryl Andam,2021MZT,2021.0,S11,first,3265.0,109.0,3,2.0,,2.0,,4.0,0.0,,,
Danae Schulz,2021MZT,2021.0,S11,middle,3265.0,40.0,1,,,,,2.0,,,,
Brenda Marilyn Rubenstein,2021MZT,2021.0,S11,last,3265.0,31.0,1,,,2.0,,,,,,
William H. Witola,2021MZT,2021.0,S11,last,3265.0,67.0,9,5.0,2.0,2.0,,5.0,1.0,0.0,,
Joyce Jose,2021MZT,2021.0,S11,last,3265.0,381.0,13,19.0,1.0,6.0,,2.0,4.0,0.0,,
Danae Schulz,2021MZT,2021.0,S11,first,3265.0,17.0,7,2.0,,,,8.0,2.0,,,
Brenda Marilyn Rubenstein,2021MZT,2021.0,S11,middle,3265.0,54.0,3,1.0,,2.0,,3.0,,0.0,,
William H. Witola,2021MZT,2021.0,S11,middle,3265.0,597.0,5,7.0,,,,2.0,,0.0,,
Kristin S. Koutmou,2021MZT,2021.0,S11,first,3265.0,162.0,6,7.0,,4.0,,,2.0,,,
Wilfred van der Donk,2021MZT,2021.0,S11,last,3265.0,264.0,17,6.0,,4.0,14.0,7.0,7.0,,9.0,2.0
William H. Witola,2021MZT,2021.0,S11,first,3265.0,14.0,1,,,,1.0,2.0,,,,
Joyce Jose,2021MZT,2021.0,S11,first,3265.0,65.0,1,2.0,,2.0,,,,,,
Dana N Mitzel,2021MZT,2021.0,S11,last,3265.0,312.0,10,13.0,,7.0,,4.0,2.0,0.0,,
Cheryl Andam,2021MZT,2021.0,S11,last,3265.0,80.0,4,2.0,1.0,2.0,2.0,,0.0,,,
Wilfred van der Donk,2021MZT,2021.0,S11,middle,3265.0,254.0,11,6.0,1.0,7.0,1.0,14.0,,,1.0,1.0
Danae Schulz,2021MZT,2021.0,S11,last,3265.0,112.0,4,2.0,0.0,4.0,,2.0,1.0,,,
Dana N Mitzel,2021MZT,2021.0,S11,middle,3265.0,163.0,2,3.0,2.0,2.0,,2.0,1.0,,,
Wilfred van der Donk,2021MZT,2021.0,S11,first,3265.0,247.0,14,5.0,,,14.0,2.0,2.0,0.0,5.0,
Kristin S. Koutmou,2021MZT,2021.0,S11,last,3265.0,296.0,20,2.0,2.0,8.0,7.0,14.0,5.0,0.0,2.0,2.0
Kezia Manlove,2021MZT,2021.0,S2,first,3249.0,126.0,5,2.0,2.0,2.0,,4.0,0.0,,1.0,
Michael C. Wimberly,2021MZT,2021.0,S2,first,3249.0,35.0,2,2.0,,,,,1.0,,2.0,1.0
Troy C Sutton,2021MZT,2021.0,S2,middle,3249.0,49.0,1,2.0,,,,,,,,
Kim M Pepin,2021MZT,2021.0,S2,last,3249.0,212.0,3,4.0,3.0,6.0,,,,,,
Linda A. Detwiler,2021MZT,2021.0,S2,middle,3249.0,154.0,11,4.0,,,1.0,6.0,7.0,,9.0,
Guillaume Bastille-Rousseau,2021MZT,2021.0,S2,middle,3249.0,77.0,1,2.0,,2.0,,2.0,,,,
Troy C Sutton,2021MZT,2021.0,S2,first,3249.0,22.0,1,2.0,,,,,,,,
Linda A. Detwiler,2021MZT,2021.0,S2,first,3249.0,306.0,45,10.0,,2.0,18.0,11.0,18.0,0.0,17.0,
Amy Hartman,2021MZT,2021.0,S2,middle,3249.0,104.0,6,4.0,,4.0,,4.0,1.0,,,
Daniel Becker,2021MZT,2021.0,S2,first,3249.0,22.0,1,2.0,,,,,,,,
Guillaume Bastille-Rousseau,2021MZT,2021.0,S2,first,3249.0,69.0,2,2.0,,,,,2.0,,,
Adela S Oliva Chavez,2021MZT,2021.0,S2,last,3249.0,149.0,10,8.0,1.0,10.0,2.0,2.0,1.0,,0.0,
Kim M Pepin,2021MZT,2021.0,S2,middle,3249.0,83.0,6,2.0,,,2.0,,4.0,0.0,1.0,
Kezia Manlove,2021MZT,2021.0,S2,last,3249.0,145.0,5,3.0,4.0,2.0,1.0,,1.0,0.0,2.0,
Amy Hartman,2021MZT,2021.0,S2,first,3249.0,57.0,6,6.0,2.0,2.0,,,1.0,0.0,,
Matthew W. Hopken,2021MZT,2021.0,S2,last,3249.0,71.0,3,4.0,1.0,6.0,,,1.0,,,
Daniel Becker,2021MZT,2021.0,S2,last,3249.0,93.0,4,2.0,,4.0,,2.0,0.0,0.0,,
Michael C. Wimberly,2021MZT,2021.0,S2,last,3249.0,172.0,5,4.0,1.0,4.0,1.0,2.0,1.0,0.0,,
Guillaume Bastille-Rousseau,2021MZT,2021.0,S2,last,3249.0,77.0,1,2.0,,2.0,,,,,,1.0
Kim M Pepin,2021MZT,2021.0,S2,first,3249.0,235.0,9,9.0,2.0,4.0,2.0,2.0,3.0,,3.0,
Kezia Manlove,2021MZT,2021.0,S2,middle,3249.0,139.0,2,2.0,2.0,2.0,,,,0.0,,
Daniel Becker,2021MZT,2021.0,S2,middle,3249.0,190.0,4,6.0,6.0,4.0,,,3.0,,1.0,
Matthew W. Hopken,2021MZT,2021.0,S2,middle,3249.0,72.0,1,2.0,,2.0,,2.0,,,,
Katia Koelle,2021MZT,2021.0,S2,last,3249.0,37.0,6,,1.0,,2.0,6.0,1.0,,,
Michael C. Wimberly,2021MZT,2021.0,S2,middle,3249.0,75.0,1,,,,,2.0,1.0,,,
Troy C Sutton,2021MZT,2021.0,S2,last,3249.0,115.0,2,2.0,,2.0,,2.0,,,,1.0
Matthew W. Hopken,2021MZT,2021.0,S2,first,3249.0,61.0,1,2.0,,,,,,,,
Linda A. Detwiler,2021MZT,2021.0,S2,last,3249.0,302.0,37,6.0,,5.0,9.0,10.0,12.0,0.0,10.0,4.0
Bethany McGregor,2021MZT,2021.0,S3,first,5112.0,48.0,4,3.0,,,1.0,,2.0,,,1.0
Laurene Tetard,2021MZT,2021.0,S3,first,5112.0,29.0,2,,,,,4.0,,,,2.0
Beth Lautner,2021MZT,2021.0,S3,first,5112.0,101.0,2,4.0,,,,,3.0,,,
Ali Yanik,2021MZT,2021.0,S3,middle,5112.0,437.0,11,14.0,12.0,6.0,,3.0,,0.0,1.0,
Andrew Feig,2021MZT,2021.0,S3,last,5112.0,150.0,23,4.0,1.0,,18.0,4.0,8.0,,5.0,
Crystal Hepp,2021MZT,2021.0,S3,middle,5112.0,115.0,7,10.0,3.0,12.0,,,2.0,,,
Ali Yanik,2021MZT,2021.0,S3,first,5112.0,185.0,11,9.0,6.0,,,9.0,3.0,0.0,,
Brenda Marilyn Rubenstein,2021MZT,2021.0,S3,middle,5112.0,19.0,2,,2.0,2.0,,4.0,,,,
Crystal Hepp,2021MZT,2021.0,S3,first,5112.0,196.0,7,10.0,3.0,5.0,,,,,,
Rebecca L Smith,2021MZT,2021.0,S3,middle,5112.0,86.0,5,8.0,4.0,6.0,,,,,,
Peter Dorhout,2021MZT,2021.0,S3,last,5112.0,180.0,4,4.0,,2.0,3.0,2.0,2.0,,,1.0
Brenda Marilyn Rubenstein,2021MZT,2021.0,S3,first,5112.0,47.0,11,7.0,,8.0,2.0,5.0,2.0,0.0,,
Adela S Oliva Chavez,2021MZT,2021.0,S3,last,5112.0,263.0,4,6.0,2.0,8.0,2.0,,,,,2.0
Paola M. Boggiatto,2021MZT,2021.0,S3,last,5112.0,228.0,5,6.0,4.0,6.0,,,,,,
Bethany McGregor,2021MZT,2021.0,S3,last,5112.0,237.0,7,10.0,6.0,6.0,2.0,,,0.0,,2.0
Christine Johnson,2021MZT,2021.0,S3,last,5112.0,36.0,3,3.0,2.0,,,,,0.0,,
Charles E. Lewis,2021MZT,2021.0,S3,last,5112.0,132.0,7,4.0,,2.0,2.0,,2.0,0.0,,2.0
Prashant Singh,2021MZT,2021.0,S3,first,5112.0,57.0,12,15.0,3.0,,,,1.0,0.0,,
Pilar Fernandez,2021MZT,2021.0,S3,last,5112.0,103.0,5,5.0,,,,,1.0,0.0,,
Rebecca L Smith,2021MZT,2021.0,S3,first,5112.0,101.0,7,11.0,2.0,4.0,,,,,,
Sen Pei,2021MZT,2021.0,S3,first,5112.0,139.0,20,20.0,,7.0,,2.0,2.0,0.0,,2.0
Gisselle Medina,2021MZT,2021.0,S3,last,5112.0,1.0,1,,,,,,0.0,,,
Peter Dorhout,2021MZT,2021.0,S3,middle,5112.0,443.0,5,5.0,1.0,2.0,2.0,6.0,2.0,0.0,,2.0
Daren Ginete,2021MZT,2021.0,S3,first,5112.0,27.0,2,2.0,,,,,3.0,,,
Bethany McGregor,2021MZT,2021.0,S3,middle,5112.0,52.0,3,4.0,2.0,2.0,,,,0.0,,
Paola M. Boggiatto,2021MZT,2021.0,S3,middle,5112.0,124.0,4,2.0,,4.0,2.0,4.0,2.0,,,
Richard Wiener,2021MZT,2021.0,S3,middle,5112.0,0.0,1,,,,,,,0.0,,
Ali Yanik,2021MZT,2021.0,S3,last,5112.0,44.0,6,,,1.0,,8.0,0.0,,,
Sara Zimmer,2021MZT,2021.0,S3,last,5112.0,281.0,8,8.0,2.0,5.0,2.0,6.0,1.0,0.0,2.0,2.0
Laurene Tetard,2021MZT,2021.0,S3,middle,5112.0,233.0,10,5.0,,7.0,1.0,4.0,3.0,0.0,,
Rebecca Garabed,2021MZT,2021.0,S3,last,5112.0,28.0,5,1.0,,,1.0,2.0,1.0,0.0,2.0,
Peter Dorhout,2021MZT,2021.0,S3,first,5112.0,380.0,25,2.0,,,23.0,6.0,19.0,,13.0,
Mark Q Wilber,2021MZT,2021.0,S3,last,5112.0,23.0,2,,,,,4.0,,,,
Linda A. Detwiler,2021MZT,2021.0,S3,last,5112.0,291.0,5,5.0,,8.0,,2.0,2.0,,,4.0
Crystal Hepp,2021MZT,2021.0,S3,last,5112.0,96.0,5,8.0,2.0,6.0,2.0,,2.0,,2.0,
Paola M. Boggiatto,2021MZT,2021.0,S3,first,5112.0,200.0,8,10.0,1.0,3.0,1.0,2.0,2.0,,3.0,
Silvie Huijben,2021MZT,2021.0,S4,last,4384.0,2.0,1,,,,,,1.0,,,
Joyce Jose,2021MZT,2021.0,S4,last,4384.0,19.0,8,3.0,1.0,-1.0,0.0,1.0,,0.0,0.0,
Justin Bahl,2021MZT,2021.0,S4,last,4384.0,402.0,25,8.0,11.0,9.0,1.0,10.0,2.0,0.0,,2.0
Gisselle Medina,2021MZT,2021.0,S4,first,4384.0,139.0,3,4.0,1.0,2.0,1.0,,1.0,,1.0,
Efrem Lim,2021MZT,2021.0,S4,last,4384.0,29.0,4,3.0,,2.0,,,2.0,0.0,,
Rebecca Garabed,2021MZT,2021.0,S4,middle,4384.0,201.0,9,5.0,2.0,1.0,,7.0,1.0,,,3.0
Ana Bento,2021MZT,2021.0,S4,first,4384.0,145.0,6,4.0,,2.0,2.0,,4.0,,2.0,
Andrew Feig,2021MZT,2021.0,S4,last,4384.0,158.0,24,7.0,1.0,1.0,17.0,4.0,10.0,,3.0,2.0
Joyce Jose,2021MZT,2021.0,S4,middle,4384.0,163.0,10,10.0,,3.0,,5.0,2.0,,,
Justin Bahl,2021MZT,2021.0,S4,middle,4384.0,173.0,11,8.0,6.0,3.0,,5.0,3.0,0.0,,2.0
Rebecca Garabed,2021MZT,2021.0,S4,first,4384.0,217.0,13,8.0,2.0,1.0,8.0,1.0,2.0,0.0,4.0,1.0
Lauren Charles,2021MZT,2021.0,S4,last,4384.0,37.0,1,2.0,2.0,,,,,,,
Adela S Oliva Chavez,2021MZT,2021.0,S4,last,4384.0,119.0,3,2.0,3.0,6.0,2.0,,,,,
Efrem Lim,2021MZT,2021.0,S4,middle,4384.0,317.0,7,8.0,1.0,5.0,,,1.0,0.0,,1.0
Angela Arenas,2021MZT,2021.0,S4,last,4384.0,100.0,4,,3.0,5.0,2.0,2.0,2.0,,,
Joyce Jose,2021MZT,2021.0,S4,first,4384.0,72.0,4,2.0,,,,4.0,,,1.0,
Dana N Mitzel,2021MZT,2021.0,S4,last,4384.0,98.0,5,6.0,,,,2.0,1.0,,,
Justin Bahl,2021MZT,2021.0,S4,first,4384.0,326.0,8,6.0,0.0,2.0,2.0,5.0,3.0,,,
Bethany McGregor,2021MZT,2021.0,S4,last,4384.0,358.0,2,,,2.0,1.0,,2.0,,,3.0
Pilar Fernandez,2021MZT,2021.0,S4,last,4384.0,105.0,4,4.0,,2.0,,,2.0,,,
Efrem Lim,2021MZT,2021.0,S4,first,4384.0,23.0,1,2.0,,,,,1.0,,1.0,
Gisselle Medina,2021MZT,2021.0,S4,last,4384.0,3.0,2,1.0,,1.0,,,0.0,,,
Angela Arenas,2021MZT,2021.0,S4,middle,4384.0,22.0,2,1.0,3.0,2.0,,,,,,
Dana N Mitzel,2021MZT,2021.0,S4,middle,4384.0,252.0,4,4.0,2.0,3.0,,2.0,1.0,0.0,,
Sara Zimmer,2021MZT,2021.0,S4,last,4384.0,320.0,13,7.0,1.0,4.0,3.0,13.0,5.0,,0.0,
Mark Q Wilber,2021MZT,2021.0,S4,last,4384.0,22.0,3,2.0,2.0,,,6.0,,,,
Rebecca Garabed,2021MZT,2021.0,S4,last,4384.0,238.0,35,13.0,4.0,5.0,15.0,5.0,5.0,0.0,10.0,3.0
Linda A. Detwiler,2021MZT,2021.0,S4,last,4384.0,146.0,1,2.0,,2.0,,,,,,1.0
Angela Arenas,2021MZT,2021.0,S4,first,4384.0,38.0,2,2.0,,,1.0,,1.0,,1.0,
Charles E. Lewis,2021MZT,2021.0,S4,last,4384.0,140.0,5,4.0,,2.0,1.0,2.0,2.0,0.0,,
Silvie Huijben,2021MZT,2021.0,S5,last,4590.0,2.0,1,,,,,,0.0,,,
Nicole Eikmeier,2021MZT,2021.0,S5,first,4590.0,84.0,4,4.0,-1.0,2.0,,1.0,,0.0,,
Jason Ladner,2021MZT,2021.0,S5,last,4590.0,341.0,23,11.0,5.0,5.0,8.0,9.0,0.0,0.0,2.0,2.0
Mark Q Wilber,2021MZT,2021.0,S5,middle,4590.0,37.0,2,2.0,0.0,2.0,,2.0,1.0,,,
Andrew Feig,2021MZT,2021.0,S5,last,4590.0,141.0,15,5.0,2.0,,13.0,2.0,10.0,,3.0,
Christoph Thaiss,2021MZT,2021.0,S5,last,4590.0,144.0,6,5.0,,5.0,,9.0,,,,1.0
Hongfu Liu,2021MZT,2021.0,S5,last,4590.0,52.0,2,3.0,,2.0,,1.0,1.0,,,
Mark Q Wilber,2021MZT,2021.0,S5,first,4590.0,110.0,3,5.0,1.0,4.0,,,,,,
Jason Ladner,2021MZT,2021.0,S5,middle,4590.0,407.0,10,18.0,7.0,7.0,,,1.0,,,
Curt Horvath,2021MZT,2021.0,S5,last,4590.0,51.0,4,2.0,,,1.0,2.0,1.0,,,2.0
Matt Erdman,2021MZT,2021.0,S5,last,4590.0,15.0,4,3.0,,,,,0.0,,,
Audrey Ruple,2021MZT,2021.0,S5,last,4590.0,226.0,18,10.0,2.0,7.0,4.0,2.0,9.0,0.0,1.0,2.0
Adela S Oliva Chavez,2021MZT,2021.0,S5,last,4590.0,113.0,6,8.0,2.0,12.0,,,,,,
Christoph Thaiss,2021MZT,2021.0,S5,middle,4590.0,251.0,4,8.0,,4.0,,2.0,1.0,,,
Jason Ladner,2021MZT,2021.0,S5,first,4590.0,33.0,5,2.0,,,1.0,1.0,2.0,,,
Hongfu Liu,2021MZT,2021.0,S5,middle,4590.0,92.0,2,4.0,,2.0,,,,,,
Bethany McGregor,2021MZT,2021.0,S5,last,4590.0,321.0,1,2.0,,2.0,,,,,,2.0
Christine Johnson,2021MZT,2021.0,S5,last,4590.0,31.0,1,2.0,2.0,,,,,,,
Erik Procko,2021MZT,2021.0,S5,last,4590.0,90.0,3,5.0,1.0,,,,,,,
Salvador Almagro-Moreno,2021MZT,2021.0,S5,first,4590.0,88.0,5,4.0,2.0,2.0,,,1.0,,,
Christoph Thaiss,2021MZT,2021.0,S5,first,4590.0,277.0,8,11.0,1.0,2.0,,4.0,5.0,0.0,,
Curt Horvath,2021MZT,2021.0,S5,middle,4590.0,82.0,4,2.0,2.0,,,6.0,,,,2.0
Pilar Fernandez,2021MZT,2021.0,S5,last,4590.0,79.0,12,13.0,1.0,3.0,,,,0.0,,1.0
Nicole Eikmeier,2021MZT,2021.0,S5,last,4590.0,1.0,1,,,,1.0,,,,,
Matt Erdman,2021MZT,2021.0,S5,middle,4590.0,121.0,7,4.0,,,,6.0,1.0,,2.0,
Hongfu Liu,2021MZT,2021.0,S5,first,4590.0,210.0,14,18.0,,6.0,,3.0,2.0,,,
Curt Horvath,2021MZT,2021.0,S5,first,4590.0,87.0,7,6.0,,3.0,6.0,2.0,2.0,,,
Audrey Ruple,2021MZT,2021.0,S5,middle,4590.0,280.0,10,10.0,2.0,4.0,,3.0,3.0,0.0,2.0,
Matt Erdman,2021MZT,2021.0,S5,first,4590.0,188.0,32,4.0,2.0,,15.0,5.0,14.0,,9.0,
Erik Procko,2021MZT,2021.0,S5,middle,4590.0,58.0,1,,,,,2.0,,,0.0,
Sara Zimmer,2021MZT,2021.0,S5,last,4590.0,284.0,8,4.0,,2.0,1.0,6.0,2.0,,2.0,
Mark Q Wilber,2021MZT,2021.0,S5,last,4590.0,41.0,3,3.0,,3.0,,,1.0,0.0,,1.0
Rebecca Garabed,2021MZT,2021.0,S5,last,4590.0,11.0,2,1.0,,,1.0,2.0,1.0,,2.0,
Audrey Ruple,2021MZT,2021.0,S5,first,4590.0,94.0,6,5.0,,,2.0,,0.0,0.0,,
Charles E. Lewis,2021MZT,2021.0,S5,last,4590.0,148.0,9,4.0,,3.0,4.0,5.0,2.0,,0.0,
Michael C. Wimberly,2021MZT,2021.0,S7,first,3339.0,228.0,25,3.0,3.0,3.0,15.0,6.0,12.0,0.0,10.0,
Amy Hartman,2021MZT,2021.0,S7,last,3339.0,40.0,2,2.0,,2.0,,2.0,,0.0,,
Pilar Fernandez,2021MZT,2021.0,S7,first,3339.0,77.0,5,6.0,,4.0,,2.0,0.0,,,
Liliana Salvador,2021MZT,2021.0,S7,last,3339.0,94.0,6,3.0,1.0,4.0,1.0,4.0,2.0,,,
Sara Zimmer,2021MZT,2021.0,S7,middle,3339.0,316.0,14,3.0,6.0,14.0,,4.0,,0.0,,2.0
Colin Basler,2021MZT,2021.0,S7,first,3339.0,56.0,1,2.0,,,,,,,,
Mark Q Wilber,2021MZT,2021.0,S7,middle,3339.0,65.0,4,3.0,1.0,4.0,,,1.0,,,
Crystal Hepp,2021MZT,2021.0,S7,middle,3339.0,95.0,5,6.0,,8.0,,,,0.0,,
Charles E. Lewis,2021MZT,2021.0,S7,middle,3339.0,70.0,8,4.0,3.0,3.0,,2.0,2.0,0.0,,
Mark Q Wilber,2021MZT,2021.0,S7,first,3339.0,54.0,5,9.0,2.0,2.0,,,,,,
Sara Zimmer,2021MZT,2021.0,S7,first,3339.0,110.0,12,10.0,2.0,2.0,1.0,1.0,5.0,,,
Crystal Hepp,2021MZT,2021.0,S7,first,3339.0,64.0,3,2.0,,2.0,,2.0,,,,
Liliana Salvador,2021MZT,2021.0,S7,middle,3339.0,31.0,3,,2.0,2.0,,2.0,0.0,,,
Charles E. Lewis,2021MZT,2021.0,S7,first,3339.0,89.0,6,5.0,0.0,2.0,2.0,,3.0,,,
Paola M. Boggiatto,2021MZT,2021.0,S7,last,3339.0,140.0,5,4.0,3.0,4.0,,2.0,1.0,,,
Amy Vincent,2021MZT,2021.0,S7,last,3339.0,56.0,2,,,,2.0,,,,2.0,1.0
Amy Hartman,2021MZT,2021.0,S7,first,3339.0,15.0,1,2.0,,,,,,,,
Erik Procko,2021MZT,2021.0,S7,last,3339.0,221.0,4,6.0,,2.0,,,0.0,,,
Michael C. Wimberly,2021MZT,2021.0,S7,last,3339.0,46.0,3,,,3.0,1.0,,2.0,,,1.0
Crystal Hepp,2021MZT,2021.0,S7,last,3339.0,41.0,3,2.0,,5.0,,,,,,
Liliana Salvador,2021MZT,2021.0,S7,first,3339.0,48.0,3,2.0,1.0,1.0,,,1.0,,,
Charles E. Lewis,2021MZT,2021.0,S7,last,3339.0,165.0,4,6.0,,8.0,,2.0,,,,
Pilar Fernandez,2021MZT,2021.0,S7,last,3339.0,310.0,10,12.0,2.0,6.0,4.0,2.0,1.0,0.0,,2.0
Michael C. Wimberly,2021MZT,2021.0,S7,middle,3339.0,113.0,1,2.0,,2.0,,,,,,
Paola M. Boggiatto,2021MZT,2021.0,S7,middle,3339.0,62.0,1,,,2.0,,2.0,1.0,,,
Sara Zimmer,2021MZT,2021.0,S7,last,3339.0,244.0,13,5.0,3.0,6.0,1.0,13.0,2.0,,,
Pilar Fernandez,2021MZT,2021.0,S7,middle,3339.0,179.0,17,11.0,,13.0,,2.0,2.0,0.0,0.0,
Mark Q Wilber,2021MZT,2021.0,S7,last,3339.0,215.0,12,10.0,1.0,6.0,5.0,5.0,5.0,,1.0,7.0
Erik Procko,2021MZT,2021.0,S7,first,3339.0,38.0,2,2.0,,,,,1.0,,,
Paola M. Boggiatto,2021MZT,2021.0,S7,first,3339.0,38.0,2,,,,,2.0,1.0,,1.0,1.0
Amy Vincent,2021MZT,2021.0,S7,first,3339.0,19.0,2,4.0,,,1.0,,,,,
Gisselle Medina,2021MZT,2021.0,S8,middle,3279.0,223.0,5,8.0,3.0,4.0,,,1.0,,,
Claudia P Herrera,2021MZT,2021.0,S8,last,3279.0,8.0,2,2.0,,,1.0,,,,,
Yanling Chang,2021MZT,2021.0,S8,middle,3279.0,85.0,4,1.0,,2.0,,3.0,3.0,,,
Gisselle Medina,2021MZT,2021.0,S8,first,3279.0,75.0,2,4.0,,,,,3.0,,,
Andrew Feig,2021MZT,2021.0,S8,last,3279.0,16.0,2,4.0,2.0,,,,,,,
Christoph Thaiss,2021MZT,2021.0,S8,last,3279.0,454.0,26,9.0,3.0,11.0,8.0,13.0,6.0,0.0,,
Linda A. Detwiler,2021MZT,2021.0,S8,middle,3279.0,168.0,2,4.0,2.0,2.0,,,,,,
Hongfu Liu,2021MZT,2021.0,S8,last,3279.0,157.0,2,,,4.0,,2.0,,,,
Yanling Chang,2021MZT,2021.0,S8,first,3279.0,62.0,5,2.0,,,,3.0,0.0,,,
Curt Horvath,2021MZT,2021.0,S8,last,3279.0,262.0,29,10.0,6.0,4.0,9.0,11.0,12.0,0.0,,3.0
Claudia P Herrera,2021MZT,2021.0,S8,middle,3279.0,50.0,1,2.0,2.0,,,,,,,
Linda A. Detwiler,2021MZT,2021.0,S8,first,3279.0,64.0,4,4.0,,,,,1.0,,,
Matt Erdman,2021MZT,2021.0,S8,last,3279.0,72.0,9,7.0,,6.0,2.0,2.0,3.0,0.0,2.0,
Claudia P Herrera,2021MZT,2021.0,S8,first,3279.0,1.0,1,,,,,,0.0,,,
Christoph Thaiss,2021MZT,2021.0,S8,middle,3279.0,360.0,8,4.0,2.0,10.0,,12.0,2.0,,2.0,4.0
Angela Arenas,2021MZT,2021.0,S8,last,3279.0,395.0,12,10.0,3.0,7.0,,6.0,2.0,0.0,1.0,
Christoph Thaiss,2021MZT,2021.0,S8,first,3279.0,93.0,5,2.0,1.0,,1.0,,2.0,,,
Curt Horvath,2021MZT,2021.0,S8,middle,3279.0,98.0,4,4.0,3.0,4.0,,,,,1.0,
Matt Erdman,2021MZT,2021.0,S8,middle,3279.0,57.0,10,1.0,1.0,4.0,1.0,11.0,1.0,,,3.0
Hongfu Liu,2021MZT,2021.0,S8,first,3279.0,154.0,5,4.0,,1.0,,2.0,3.0,0.0,,
Gisselle Medina,2021MZT,2021.0,S8,last,3279.0,78.0,1,2.0,,2.0,,,,,,
Curt Horvath,2021MZT,2021.0,S8,first,3279.0,135.0,10,7.0,1.0,1.0,1.0,,3.0,0.0,,
Yanling Chang,2021MZT,2021.0,S8,last,3279.0,35.0,2,3.0,,2.0,,,,,,
Matt Erdman,2021MZT,2021.0,S8,first,3279.0,136.0,27,9.0,,,14.0,2.0,11.0,,9.0,
Linda A. Detwiler,2021MZT,2021.0,S8,last,3279.0,41.0,2,2.0,3.0,,,2.0,1.0,,,
Bethany McGregor,2021MZT,2021.0,S9,first,2964.0,50.0,2,4.0,,,,,2.0,,,
Christine Johnson,2021MZT,2021.0,S9,first,2964.0,261.0,33,6.0,,1.0,18.0,8.0,26.0,0.0,10.0,
Beth Lautner,2021MZT,2021.0,S9,first,2964.0,52.0,1,2.0,,,,,1.0,,,
Gonzalo Vazquez-Prokopec,2021MZT,2021.0,S9,middle,2964.0,68.0,1,2.0,,2.0,,,,,,2.0
Rebecca L Smith,2021MZT,2021.0,S9,last,2964.0,8.0,2,1.0,,,,,1.0,,,
Efrem Lim,2021MZT,2021.0,S9,last,2964.0,8.0,1,,,,,,,,2.0,
Andrew Feig,2021MZT,2021.0,S9,last,2964.0,17.0,4,2.0,,,1.0,3.0,1.0,,1.0,
Kim M Pepin,2021MZT,2021.0,S9,last,2964.0,160.0,7,6.0,2.0,6.0,2.0,3.0,0.0,,,
Gonzalo Vazquez-Prokopec,2021MZT,2021.0,S9,first,2964.0,11.0,5,,,,5.0,2.0,4.0,,,
Ali Yanik,2021MZT,2021.0,S9,first,2964.0,45.0,6,2.0,,,,,1.0,0.0,,
Sen Pei,2021MZT,2021.0,S9,last,2964.0,81.0,2,2.0,,2.0,,,0.0,0.0,,
Curt Horvath,2021MZT,2021.0,S9,last,2964.0,1.0,1,,,,,,1.0,,,
Wilfred van der Donk,2021MZT,2021.0,S9,last,2964.0,19.0,4,5.0,,,,,,,,
Lauren Charles,2021MZT,2021.0,S9,last,2964.0,217.0,14,10.0,8.0,4.0,,5.0,0.0,0.0,,
Peter Dorhout,2021MZT,2021.0,S9,last,2964.0,171.0,5,,,2.0,3.0,4.0,1.0,0.0,2.0,
Efrem Lim,2021MZT,2021.0,S9,middle,2964.0,83.0,4,6.0,,6.0,,2.0,,,2.0,
Audrey Ruple,2021MZT,2021.0,S9,last,2964.0,117.0,4,4.0,4.0,6.0,,,1.0,,,
Kim M Pepin,2021MZT,2021.0,S9,middle,2964.0,3.0,2,1.0,,,,1.0,,,,
Bethany McGregor,2021MZT,2021.0,S9,last,2964.0,198.0,9,15.0,2.0,6.0,,,3.0,,,
Christine Johnson,2021MZT,2021.0,S9,last,2964.0,116.0,14,6.0,,4.0,8.0,6.0,5.0,0.0,1.0,
Sen Pei,2021MZT,2021.0,S9,middle,2964.0,0.0,1,,,,,,,0.0,,
Silvia Ronco,2021MZT,2021.0,S9,last,2964.0,28.0,2,,,,1.0,1.0,0.0,,,
Kim M Pepin,2021MZT,2021.0,S9,first,2964.0,83.0,6,3.0,,6.0,,3.0,0.0,,1.0,
Lauren Charles,2021MZT,2021.0,S9,middle,2964.0,144.0,7,4.0,1.0,3.0,,4.0,1.0,0.0,1.0,
Audrey Ruple,2021MZT,2021.0,S9,middle,2964.0,179.0,9,8.0,0.0,4.0,,,4.0,0.0,,
Peter Dorhout,2021MZT,2021.0,S9,middle,2964.0,1.0,2,,,,,4.0,,,,
Bethany McGregor,2021MZT,2021.0,S9,middle,2964.0,36.0,1,2.0,2.0,,,,,,,
Christine Johnson,2021MZT,2021.0,S9,middle,2964.0,123.0,7,,0.0,,8.0,1.0,3.0,,4.0,2.0
Lauren Charles,2021MZT,2021.0,S9,first,2964.0,72.0,3,6.0,,,,,,,,
Gonzalo Vazquez-Prokopec,2021MZT,2021.0,S9,last,2964.0,341.0,20,9.0,5.0,12.0,6.0,10.0,3.0,0.0,,2.0
Ali Yanik,2021MZT,2021.0,S9,last,2964.0,160.0,10,3.0,3.0,5.0,,9.0,2.0,0.0,,
Peter Dorhout,2021MZT,2021.0,S9,first,2964.0,83.0,7,2.0,,,4.0,,5.0,,1.0,
Audrey Ruple,2021MZT,2021.0,S9,first,2964.0,28.0,1,2.0,,,,,,,,
Katie Knowles,2021NES,2021.0,S1,first,2496.0,96.0,2,3.0,,2.0,,,,,,2.0
Chong Liu,2021NES,2021.0,S1,last,2496.0,41.0,3,2.0,3.0,4.0,,,,,,2.0
Lena Petrova,2021NES,2021.0,S1,last,2496.0,17.0,2,,1.0,2.0,2.0,,1.0,,,
Andrew Teixeira,2021NES,2021.0,S1,first,2496.0,14.0,1,,,,,2.0,,,,2.0
Caroline Saouma,2021NES,2021.0,S1,middle,2496.0,57.0,2,2.0,,,,2.0,,,1.0,
Rebecca Gieseking,2021NES,2021.0,S1,middle,2496.0,38.0,1,2.0,,2.0,,,,,,
Chloe Davis,2021NES,2021.0,S1,last,2496.0,32.0,2,,2.0,2.0,1.0,1.0,3.0,,,
Sarbajit Banerjee,2021NES,2021.0,S1,last,2496.0,165.0,12,3.0,2.0,3.0,6.0,5.0,4.0,,2.0,5.0
David Chen,2021NES,2021.0,S1,last,2496.0,40.0,2,4.0,2.0,4.0,2.0,,,,,
Aris Thorne,2021NES,2021.0,S1,last,2496.0,59.0,9,,1.0,1.0,13.0,,6.0,,,4.0
Joan Brennecke,2021NES,2021.0,S1,first,2496.0,10.0,1,,,,,2.0,,,2.0,
Chong Liu,2021NES,2021.0,S1,middle,2496.0,43.0,1,2.0,,2.0,,,,,,1.0
Luisa Whittaker-Brooks,2021NES,2021.0,S1,middle,2496.0,60.0,1,2.0,,2.0,,2.0,,,,
Rebecca Gieseking,2021NES,2021.0,S1,first,2496.0,68.0,1,2.0,,,,2.0,,,,
Lauren Wagner,2021NES,2021.0,S1,last,2496.0,52.0,6,,1.0,2.0,7.0,,10.0,,2.0,4.0
Charles McCrory,2021NES,2021.0,S1,last,2496.0,117.0,8,4.0,3.0,2.0,3.0,,2.0,0.0,3.0,2.0
Jesús Velázquez,2021NES,2021.0,S1,last,2496.0,13.0,1,,,2.0,,,,,,
Sarbajit Banerjee,2021NES,2021.0,S1,middle,2496.0,113.0,7,2.0,,2.0,,4.0,5.0,,6.0,4.0
Chong Liu,2021NES,2021.0,S1,first,2496.0,80.0,6,1.0,,4.0,,2.0,0.0,0.0,2.0,2.0
Kenji Tanaka,2021NES,2021.0,S1,last,2496.0,31.0,3,1.0,2.0,4.0,2.0,,2.0,,,
Carlos Morales-Guio,2021NES,2021.0,S1,last,2496.0,26.0,1,2.0,,,,,,,,
Rodriguez,2021NES,2021.0,S1,last,2496.0,2.0,1,,,,,,,0.0,,
Katie Knowles,2021NES,2021.0,S1,last,2496.0,91.0,3,2.0,3.0,5.0,,,,,,2.0
Sarbajit Banerjee,2021NES,2021.0,S1,first,2496.0,53.0,4,,,1.0,1.0,4.0,2.0,,2.0,
Andrew Teixeira,2021NES,2021.0,S1,last,2496.0,99.0,3,2.0,2.0,6.0,,2.0,,,,2.0
Oana Luca,2021NES,2021.0,S1,last,2496.0,46.0,2,2.0,,2.0,,2.0,1.0,,,
Charles McCrory,2021NES,2021.0,S1,middle,2496.0,105.0,1,2.0,2.0,2.0,,,,,,
Jesús Velázquez,2021NES,2021.0,S1,middle,2496.0,64.0,1,2.0,,2.0,,,,,,2.0
Joan Brennecke,2021NES,2021.0,S1,last,2496.0,81.0,3,4.0,1.0,2.0,1.0,,,,,
Katie Knowles,2021NES,2021.0,S1,middle,2496.0,99.0,1,2.0,,2.0,,2.0,,,,
Caroline Saouma,2021NES,2021.0,S1,last,2496.0,85.0,7,,4.0,4.0,5.0,4.0,2.0,,,4.0
Charles McCrory,2021NES,2021.0,S1,first,2496.0,24.0,1,2.0,,,,2.0,,,,2.0
Emily Carter,2021NES,2021.0,S1,last,2496.0,52.0,4,3.0,4.0,4.0,3.0,,,,,
Carlos Morales-Guio,2021NES,2021.0,S1,first,2496.0,256.0,7,6.0,4.0,2.0,,,1.0,0.0,,
Jesús Velázquez,2021NES,2021.0,S1,first,2496.0,186.0,3,2.0,2.0,4.0,,2.0,,,3.0,1.0
Oana Luca,2021NES,2021.0,S1,middle,2496.0,81.0,2,4.0,,2.0,,,0.0,,1.0,
Shu Hu,2021NES,2021.0,S2,middle,2415.0,97.0,2,,2.0,2.0,2.0,2.0,,,,
Nanette  Boyle,2021NES,2021.0,S2,first,2415.0,64.0,6,9.0,1.0,4.0,,,1.0,,,
Roger Aines,2021NES,2021.0,S2,last,2415.0,187.0,25,19.0,11.0,7.0,7.0,4.0,6.0,,5.0,
Katherine Hornbostel,2021NES,2021.0,S2,middle,2415.0,54.0,4,4.0,1.0,2.0,,4.0,0.0,,,
Marta  Hatzell,2021NES,2021.0,S2,last,2415.0,186.0,7,4.0,2.0,9.0,,4.0,3.0,,,
Shu Hu,2021NES,2021.0,S2,first,2415.0,128.0,3,5.0,3.0,2.0,,,,,2.0,
Katherine Hornbostel,2021NES,2021.0,S2,first,2415.0,15.0,1,2.0,,,,,,,,
Rafael Santos,2021NES,2021.0,S2,middle,2415.0,200.0,7,10.0,2.0,4.0,,0.0,,0.0,,
David  Kwabi,2021NES,2021.0,S2,last,2415.0,98.0,8,9.0,,,2.0,,1.0,,,1.0
Venkat Viswanathan,2021NES,2021.0,S2,last,2415.0,85.0,8,6.0,2.0,2.0,4.0,6.0,0.0,,,
Roger Aines,2021NES,2021.0,S2,middle,2415.0,229.0,13,14.0,4.0,6.0,,3.0,1.0,0.0,2.0,
Rafael Santos,2021NES,2021.0,S2,first,2415.0,32.0,1,2.0,2.0,,,,,,,
Marta  Hatzell,2021NES,2021.0,S2,middle,2415.0,8.0,1,2.0,,,,,1.0,,,
Greeshma Gadikota,2021NES,2021.0,S2,last,2415.0,125.0,13,10.0,3.0,4.0,1.0,4.0,2.0,0.0,,
Roger Aines,2021NES,2021.0,S2,first,2415.0,107.0,6,6.0,1.0,,,6.0,,,2.0,
Nanette  Boyle,2021NES,2021.0,S2,last,2415.0,2.0,1,2.0,,,,,,,,
David  Kwabi,2021NES,2021.0,S2,middle,2415.0,60.0,6,5.0,3.0,2.0,,,1.0,0.0,,
Marta  Hatzell,2021NES,2021.0,S2,first,2415.0,114.0,2,4.0,,,,2.0,,,,
Venkat Viswanathan,2021NES,2021.0,S2,middle,2415.0,57.0,3,2.0,,,,6.0,,,,
Shu Hu,2021NES,2021.0,S2,last,2415.0,2.0,1,,,,,,1.0,,,
David  Kwabi,2021NES,2021.0,S2,first,2415.0,139.0,5,6.0,,6.0,,1.0,1.0,,,
Jarad Mason,2021NES,2021.0,S2,last,2415.0,26.0,2,,,3.0,,2.0,,,2.0,
Venkat Viswanathan,2021NES,2021.0,S2,first,2415.0,12.0,2,,,,1.0,2.0,,,,
Katherine Hornbostel,2021NES,2021.0,S2,last,2415.0,228.0,38,4.0,3.0,12.0,8.0,15.0,5.0,0.0,2.0,3.0
Nanette  Boyle,2021NES,2021.0,S2,middle,2415.0,9.0,1,,,,,2.0,,,,
Greeshma Gadikota,2021NES,2021.0,S2,first,2415.0,61.0,1,2.0,2.0,2.0,,,,,,
Feng Jiao,2021NES,2021.0,S2,last,2415.0,90.0,7,7.0,6.0,6.0,,2.0,2.0,,,
Emily  Ryan,2021NES,2021.0,S3,first,4147.0,76.0,2,3.0,,,,,1.0,,,
Ellen Stechel,2021NES,2021.0,S3,last,4147.0,120.0,5,2.0,2.0,2.0,-1.0,2.0,,,,
Praveen Bollini,2021NES,2021.0,S3,middle,4147.0,78.0,3,3.0,,2.0,,4.0,2.0,,,
Valentina Prigiobbe,2021NES,2021.0,S3,first,4147.0,31.0,1,2.0,,,,,,,,
Ellen B Stechel Arizona State University,2021NES,2021.0,S3,first,4147.0,53.0,2,2.0,,,1.0,,1.0,,,
Roger Aines,2021NES,2021.0,S3,last,4147.0,4.0,1,2.0,,,,,,,,
Simona Liguori,2021NES,2021.0,S3,last,4147.0,204.0,4,7.0,4.0,2.0,1.0,2.0,1.0,,,
Andrew Feig,2021NES,2021.0,S3,last,4147.0,40.0,5,1.0,2.0,,5.0,,1.0,,2.0,
Praveen Bollini,2021NES,2021.0,S3,first,4147.0,91.0,3,4.0,,2.0,,2.0,1.0,,1.0,
Caleb Hill,2021NES,2021.0,S3,first,4147.0,19.0,1,2.0,,,,,,,,
Jordi Cabana,2021NES,2021.0,S3,middle,4147.0,127.0,11,4.0,2.0,2.0,,5.0,3.0,0.0,2.0,3.0
Adam Holewinski,2021NES,2021.0,S3,middle,4147.0,180.0,8,5.0,5.0,5.0,,2.0,,0.0,2.0,
Unknown speaker,2021NES,2021.0,S3,last,4147.0,0.0,1,,,,,,0.0,,,
Ellen Stechel,2021NES,2021.0,S3,middle,4147.0,123.0,6,4.0,1.0,3.0,,0.0,6.0,,2.0,
Lina Quan,2021NES,2021.0,S3,first,4147.0,36.0,1,2.0,,,,,2.0,,,
Adam Holewinski,2021NES,2021.0,S3,first,4147.0,197.0,5,8.0,2.0,4.0,,,,,,
Jordi Cabana,2021NES,2021.0,S3,first,4147.0,485.0,55,18.0,,2.0,45.0,6.0,15.0,0.0,21.0,
Eva Nichols,2021NES,2021.0,S3,last,4147.0,242.0,22,11.0,3.0,4.0,8.0,8.0,5.0,0.0,2.0,3.0
Adam Holewinski,2021NES,2021.0,S3,last,4147.0,276.0,15,19.0,0.0,10.0,,,1.0,0.0,1.0,
Venkat Viswanathan,2021NES,2021.0,S3,last,4147.0,1.0,1,,,,,,0.0,,,
Ellen Stechel,2021NES,2021.0,S3,first,4147.0,3.0,1,,,,,,,,1.0,
Simona Liguori,2021NES,2021.0,S3,middle,4147.0,292.0,8,12.0,2.0,6.0,,1.0,3.0,0.0,,
Fikile Brushett,2021NES,2021.0,S3,last,4147.0,180.0,19,6.0,6.0,6.0,2.0,3.0,1.0,0.0,0.0,6.0
Richard Wiener,2021NES,2021.0,S3,last,4147.0,35.0,1,2.0,,,,,,,,
Simona Liguori,2021NES,2021.0,S3,first,4147.0,56.0,1,2.0,,,,,1.0,,,
Eva Nichols,2021NES,2021.0,S3,middle,4147.0,99.0,4,4.0,,2.0,2.0,,,,,
Praveen Bollini,2021NES,2021.0,S3,last,4147.0,57.0,3,2.0,2.0,,,2.0,,,,1.0
Caleb Hill,2021NES,2021.0,S3,last,4147.0,111.0,1,2.0,,2.0,,2.0,,,,
Fikile Brushett,2021NES,2021.0,S3,middle,4147.0,171.0,5,6.0,4.0,4.0,,,1.0,0.0,,2.0
Emily  Ryan,2021NES,2021.0,S3,middle,4147.0,145.0,2,2.0,2.0,4.0,,,,,,2.0
Lina Quan,2021NES,2021.0,S3,last,4147.0,111.0,4,5.0,,2.0,,,3.0,,,
Eva Nichols,2021NES,2021.0,S3,first,4147.0,11.0,4,,,,3.0,2.0,3.0,,,
Valentina Prigiobbe,2021NES,2021.0,S3,middle,4147.0,52.0,1,2.0,2.0,2.0,,,,,,
Fikile Brushett,2021NES,2021.0,S3,first,4147.0,134.0,6,4.0,,2.0,,2.0,4.0,0.0,,
Katherine Hornbostel,2021NES,2021.0,S3,last,4147.0,2.0,1,2.0,,,1.0,,,,,
Jordi Cabana,2021NES,2021.0,S3,last,4147.0,305.0,31,10.0,2.0,7.0,19.0,19.0,3.0,0.0,4.0,6.0
Ellen Matson,2021NES,2021.0,S4,first,3450.0,26.0,2,2.0,,,,2.0,,,,
Zhou Lin UMass quantum chemist,2021NES,2021.0,S4,last,3450.0,60.0,4,4.0,,2.0,,,0.0,0.0,1.0,
Kelsey B.  Hatzell,2021NES,2021.0,S4,middle,3450.0,84.0,2,2.0,,2.0,1.0,2.0,,,1.0,
Michael Nippe,2021NES,2021.0,S4,first,3450.0,65.0,6,8.0,,1.0,,5.0,0.0,,1.0,
Gary F. Moore,2021NES,2021.0,S4,middle,3450.0,30.0,2,1.0,2.0,2.0,,2.0,,,,
Yuanyue Liu,2021NES,2021.0,S4,last,3450.0,69.0,5,6.0,,2.0,,2.0,1.0,,,
Ashleigh Baber,2021NES,2021.0,S4,last,3450.0,78.0,3,2.0,,2.0,,4.0,2.0,,,
Emily Carter,2021NES,2021.0,S4,middle,3450.0,360.0,21,14.0,7.0,11.0,6.0,8.0,10.0,,11.0,
Kandis Leslie Abdul-Aziz,2021NES,2021.0,S4,last,3450.0,151.0,9,8.0,3.0,3.0,,2.0,6.0,,,
Shaama Sharada,2021NES,2021.0,S4,last,3450.0,28.0,2,2.0,,2.0,,,,0.0,,
Gary F. Moore,2021NES,2021.0,S4,first,3450.0,70.0,3,2.0,1.0,1.0,,2.0,,,,2.0
Kelsey B.  Hatzell,2021NES,2021.0,S4,first,3450.0,83.0,2,4.0,,2.0,,,2.0,,,
Rob Coridan,2021NES,2021.0,S4,last,3450.0,151.0,22,12.0,0.0,8.0,6.0,4.0,6.0,0.0,,5.0
Zhou Lin,2021NES,2021.0,S4,first,3450.0,76.0,2,4.0,,1.0,,2.0,,,,
Emily Carter,2021NES,2021.0,S4,first,3450.0,200.0,20,8.0,2.0,5.0,10.0,,9.0,,14.0,
Yuanyue Liu,2021NES,2021.0,S4,middle,3450.0,209.0,4,7.0,1.0,1.0,,,,,1.0,
Ashleigh Baber,2021NES,2021.0,S4,middle,3450.0,32.0,1,2.0,,2.0,,,,,,
Kandis Leslie Abdul-Aziz,2021NES,2021.0,S4,middle,3450.0,70.0,1,,2.0,,,2.0,1.0,,,
Shaama Sharada,2021NES,2021.0,S4,middle,3450.0,53.0,1,2.0,2.0,2.0,,,,,,
Ellen Matson,2021NES,2021.0,S4,last,3450.0,183.0,10,14.0,4.0,6.0,,2.0,2.0,,,
Rob Coridan,2021NES,2021.0,S4,middle,3450.0,29.0,7,7.0,1.0,,6.0,,,,,
Yuanyue Liu,2021NES,2021.0,S4,first,3450.0,17.0,1,2.0,,,,,,,,
Kandis Leslie Abdul-Aziz,2021NES,2021.0,S4,first,3450.0,15.0,1,2.0,,,,,,,,
Ashleigh Baber,2021NES,2021.0,S4,first,3450.0,93.0,2,4.0,,2.0,,,3.0,,,
Shaama Sharada,2021NES,2021.0,S4,first,3450.0,63.0,2,4.0,,2.0,,,0.0,,,
Michael Nippe,2021NES,2021.0,S4,last,3450.0,88.0,6,10.0,2.0,4.0,,4.0,1.0,,,
Rob Coridan,2021NES,2021.0,S4,first,3450.0,69.0,2,2.0,,2.0,2.0,2.0,,,,
Kelsey B.  Hatzell,2021NES,2021.0,S4,last,3450.0,80.0,1,2.0,,2.0,,,1.0,,,
Ellen Matson,2021NES,2021.0,S4,middle,3450.0,77.0,1,2.0,,2.0,,,,,,
Gary F. Moore,2021NES,2021.0,S4,last,3450.0,80.0,9,10.0,4.0,1.0,,,1.0,,,1.0
Zhou Lin,2021NES,2021.0,S4,last,3450.0,158.0,6,3.0,1.0,4.0,,2.0,2.0,0.0,,
Emily Carter,2021NES,2021.0,S4,last,3450.0,443.0,45,18.0,9.0,14.0,13.0,13.0,16.0,0.0,7.0,9.0
Michael Nippe,2021NES,2021.0,S4,middle,3450.0,160.0,14,3.0,6.0,4.0,1.0,8.0,6.0,0.0,,
Katherine Hornbostel,2021NES,2021.0,S5,last,3877.0,3.0,1,2.0,,,,,,,,
Linsey Seitz,2021NES,2021.0,S5,first,3877.0,91.0,3,2.0,,2.0,1.0,,2.0,,1.0,2.0
Alissa  Park,2021NES,2021.0,S5,last,3877.0,230.0,16,11.0,2.0,9.0,7.0,5.0,3.0,,2.0,2.0
Marcel Schreier,2021NES,2021.0,S5,first,3877.0,86.0,3,3.0,,2.0,2.0,,,,1.0,
Evan Michelson,2021NES,2021.0,S5,first,3877.0,13.0,1,1.0,,,,,2.0,,,
Gayle Jackson,2021NES,2021.0,S5,first,3877.0,48.0,1,2.0,,,,,,,,
Xiao Su,2021NES,2021.0,S5,first,3877.0,167.0,6,8.0,2.0,4.0,2.0,4.0,1.0,,1.0,
Ananya Renuka Balakrishna,2021NES,2021.0,S5,first,3877.0,101.0,3,4.0,,,,2.0,,,1.0,
Christopher Jones,2021NES,2021.0,S5,middle,3877.0,296.0,15,22.0,12.0,13.0,,,,0.0,,1.0
Andrew Feig,2021NES,2021.0,S5,last,3877.0,16.0,2,1.0,2.0,,2.0,,,,,
Andrea  Hicks,2021NES,2021.0,S5,first,3877.0,71.0,2,2.0,2.0,2.0,2.0,,,,2.0,
Betar Gallant,2021NES,2021.0,S5,middle,3877.0,183.0,6,4.0,4.0,3.0,2.0,4.0,,0.0,,
Jimmy Jiang,2021NES,2021.0,S5,last,3877.0,66.0,3,2.0,0.0,,,1.0,1.0,,,
Alissa  Park,2021NES,2021.0,S5,middle,3877.0,232.0,8,10.0,4.0,6.0,1.0,4.0,2.0,,1.0,
Christopher Jones,2021NES,2021.0,S5,first,3877.0,89.0,8,3.0,,2.0,9.0,,3.0,,4.0,
Betar Gallant,2021NES,2021.0,S5,first,3877.0,142.0,5,6.0,2.0,2.0,,4.0,,0.0,1.0,
Alissa  Park,2021NES,2021.0,S5,first,3877.0,129.0,6,3.0,,,4.0,4.0,,,1.0,1.0
Jimmy Jiang,2021NES,2021.0,S5,middle,3877.0,71.0,1,1.0,,2.0,,,1.0,,,
Linsey Seitz,2021NES,2021.0,S5,last,3877.0,184.0,18,11.0,5.0,7.0,3.0,6.0,7.0,0.0,3.0,3.0
Marcel Schreier,2021NES,2021.0,S5,last,3877.0,136.0,9,5.0,,,1.0,6.0,2.0,0.0,2.0,
Xiao Su,2021NES,2021.0,S5,last,3877.0,136.0,11,3.0,,2.0,,6.0,6.0,,,
Jimmy Jiang,2021NES,2021.0,S5,first,3877.0,135.0,3,4.0,,2.0,,,1.0,,1.0,
Ananya Renuka Balakrishna,2021NES,2021.0,S5,last,3877.0,184.0,5,4.0,2.0,,,,4.0,,,1.0
Andrea  Hicks,2021NES,2021.0,S5,last,3877.0,104.0,14,16.0,1.0,12.0,,,3.0,,,
Haotian Wang,2021NES,2021.0,S5,first,3877.0,129.0,5,5.0,,4.0,3.0,2.0,1.0,,3.0,
Linsey Seitz,2021NES,2021.0,S5,middle,3877.0,92.0,3,2.0,,3.0,,2.0,,0.0,,1.0
Christopher Jones,2021NES,2021.0,S5,last,3877.0,309.0,8,16.0,4.0,2.0,,,1.0,,,
Marcel Schreier,2021NES,2021.0,S5,middle,3877.0,169.0,7,7.0,3.0,1.0,,3.0,1.0,,2.0,
Betar Gallant,2021NES,2021.0,S5,last,3877.0,163.0,10,1.0,3.0,2.0,1.0,6.0,4.0,0.0,1.0,
Xiao Su,2021NES,2021.0,S5,middle,3877.0,102.0,4,2.0,,,,6.0,,,1.0,
Jose Mendoza,2021NES,2021.0,S6,last,3196.0,162.0,6,5.0,4.0,1.0,,,3.0,,,
Feng Lin,2021NES,2021.0,S6,first,3196.0,54.0,1,2.0,,2.0,,,,,,
Matt Green,2021NES,2021.0,S6,first,3196.0,27.0,1,2.0,,2.0,,,,,,
Wilson A Smith,2021NES,2021.0,S6,middle,3196.0,192.0,4,,,,,,8.0,,,
Pratik Dholabhai,2021NES,2021.0,S6,last,3196.0,2.0,2,,,,,,1.0,0.0,,
Jeffrey Long,2021NES,2021.0,S6,last,3196.0,549.0,28,14.0,9.0,15.0,18.0,2.0,9.0,0.0,6.0,3.0
William J. Bowman,2021NES,2021.0,S6,last,3196.0,166.0,16,2.0,8.0,3.0,6.0,3.0,6.0,,,
Roger Aines,2021NES,2021.0,S6,last,3196.0,1.0,1,,,,,,0.0,,,
T. Leo Liu,2021NES,2021.0,S6,middle,3196.0,74.0,4,4.0,3.0,4.0,,,5.0,,,
Andrew Feig,2021NES,2021.0,S6,last,3196.0,17.0,4,,,,3.0,,,0.0,3.0,
Burcu  Gurkan,2021NES,2021.0,S6,last,3196.0,86.0,8,1.0,1.0,,5.0,,9.0,,,2.0
Wilson A Smith,2021NES,2021.0,S6,first,3196.0,155.0,3,2.0,,2.0,,,5.0,,,
T. Leo Liu,2021NES,2021.0,S6,first,3196.0,33.0,1,2.0,,2.0,,,1.0,,,
Pete Reiners,2021NES,2021.0,S6,last,3196.0,35.0,2,,1.0,4.0,,2.0,1.0,,,
Jeffrey Long,2021NES,2021.0,S6,middle,3196.0,339.0,19,8.0,4.0,1.0,,2.0,15.0,0.0,,
William J. Bowman,2021NES,2021.0,S6,middle,3196.0,166.0,4,2.0,1.0,,,,7.0,,,
Pratik Dholabhai,2021NES,2021.0,S6,middle,3196.0,8.0,2,,,1.0,,,0.0,,,
Jose Mendoza,2021NES,2021.0,S6,first,3196.0,65.0,1,2.0,,2.0,,,,,,
Kristen Schell,2021NES,2021.0,S6,last,3196.0,73.0,6,4.0,,2.0,,,3.0,,,
Burcu  Gurkan,2021NES,2021.0,S6,middle,3196.0,5.0,1,,,1.0,1.0,1.0,,,,
Pratik Dholabhai,2021NES,2021.0,S6,first,3196.0,28.0,1,2.0,,2.0,1.0,,,,,
Feng Lin,2021NES,2021.0,S6,last,3196.0,123.0,11,11.0,5.0,1.0,3.0,1.0,11.0,,,
Jeffrey Long,2021NES,2021.0,S6,first,3196.0,270.0,16,2.0,2.0,2.0,9.0,,23.0,,8.0,
William J. Bowman,2021NES,2021.0,S6,first,3196.0,110.0,2,2.0,,2.0,,,2.0,,,
Richard Wiener,2021NES,2021.0,S6,last,3196.0,30.0,1,,,,1.0,,,,,
Matt Green,2021NES,2021.0,S6,last,3196.0,65.0,5,1.0,2.0,2.0,3.0,,2.0,,,
Burcu  Gurkan,2021NES,2021.0,S6,first,3196.0,46.0,1,2.0,,2.0,,,1.0,,,
Jenny Yang,2021NES,2021.0,S6,middle,3196.0,38.0,1,1.0,,,,,2.0,,,
George Shields,2021NES,2021.0,S6,first,3196.0,22.0,1,2.0,,2.0,,,,,,
Jenny Yang,2021NES,2021.0,S6,first,3196.0,65.0,2,2.0,,2.0,,,2.0,,,
Pete Reiners,2021NES,2021.0,S6,first,3196.0,17.0,1,,,1.0,,,,,,
Kristen Schell,2021NES,2021.0,S6,first,3196.0,39.0,1,2.0,,2.0,,,,,,
Matt Green,2021NES,2021.0,S6,middle,3196.0,126.0,10,4.0,4.0,4.0,,,1.0,0.0,,
T. Leo Liu,2021NES,2021.0,S6,last,3196.0,7.0,4,,,,,,0.0,0.0,,
Katherine Hornbostel,2021NES,2021.0,S6,last,3196.0,1.0,1,,,,1.0,,,,,
Linsey Seitz,2021NES,2021.0,S1,first,5371.0,154.0,4,5.0,2.0,4.0,,2.0,2.0,,,
Richard Wiener,2021NES,2021.0,S1,first,5371.0,89.0,24,,,,18.0,,3.0,0.0,0.0,
T. Leo Liu,2021NES,2021.0,S1,middle,5371.0,93.0,15,5.0,4.0,,1.0,7.0,2.0,,4.0,
Feng Jiao,2021NES,2021.0,S1,middle,5371.0,198.0,13,18.0,5.0,2.0,,3.0,1.0,0.0,,
Yuanyue Liu,2021NES,2021.0,S1,middle,5371.0,453.0,22,31.0,4.0,2.0,,4.0,1.0,0.0,1.0,
Venkat Viswanathan,2021NES,2021.0,S1,last,5371.0,146.0,6,7.0,0.0,5.0,,,2.0,,,
Alissa  Park,2021NES,2021.0,S1,first,5371.0,148.0,6,4.0,,,2.0,2.0,4.0,,3.0,
Ellen Stechel,2021NES,2021.0,S1,first,5371.0,6.0,2,,,,2.0,2.0,1.0,,,
Sarbajit Banerjee,2021NES,2021.0,S1,middle,5371.0,221.0,28,11.0,1.0,7.0,,18.0,5.0,0.0,4.0,2.0
Carlos Morales-Guio,2021NES,2021.0,S1,last,5371.0,148.0,3,5.0,4.0,5.0,,,0.0,,,
Greeshma Gadikota,2021NES,2021.0,S1,last,5371.0,223.0,5,10.0,1.0,6.0,2.0,,2.0,,,
Richard Wiener,2021NES,2021.0,S1,last,5371.0,68.0,9,,,,7.0,3.0,5.0,,1.0,0.0
Yuanyue Liu,2021NES,2021.0,S1,first,5371.0,31.0,1,2.0,,,,,,,,
Sen Zhang,2021NES,2021.0,S1,last,5371.0,3.0,2,,,,,2.0,0.0,,,
Andrew Feig,2021NES,2021.0,S1,first,5371.0,23.0,3,5.0,,,1.0,,,,,
Kelsey B.  Hatzell,2021NES,2021.0,S1,last,5371.0,259.0,3,2.0,,2.0,1.0,,1.0,0.0,,2.0
Linsey Seitz,2021NES,2021.0,S1,middle,5371.0,122.0,12,12.0,3.0,3.0,,,0.0,0.0,,
T. Leo Liu,2021NES,2021.0,S1,last,5371.0,233.0,12,9.0,,8.0,2.0,5.0,1.0,,2.0,4.0
Banerjee Sarbajit,2021NES,2021.0,S1,first,5371.0,116.0,5,5.0,2.0,5.0,,6.0,3.0,,,
Feng Jiao,2021NES,2021.0,S1,last,5371.0,46.0,3,4.0,,,,4.0,1.0,,,
Katie Knowles,2021NES,2021.0,S1,first,5371.0,239.0,1,2.0,,,,,,,,2.0
Kandis Gilliard Abdul-Aziz,2021NES,2021.0,S1,first,5371.0,90.0,3,2.0,,2.0,2.0,,,,,2.0
Michael Nippe,2021NES,2021.0,S1,first,5371.0,142.0,12,8.0,4.0,4.0,11.0,6.0,1.0,,,
Silvia Ronco,2021NES,2021.0,S1,first,5371.0,12.0,4,,,,2.0,,2.0,,,
Yuanyue Liu,2021NES,2021.0,S1,last,5371.0,1.0,1,,,,,,1.0,,,
Zhou Lin,2021NES,2021.0,S1,middle,5371.0,115.0,9,7.0,4.0,2.0,,2.0,3.0,0.0,1.0,
Sarbajit Banerjee,2021NES,2021.0,S1,last,5371.0,232.0,22,9.0,0.0,9.0,10.0,4.0,9.0,,3.0,3.0
BotB1,2021NES,2021.0,S1,first,5371.0,10.0,3,1.0,,,1.0,1.0,2.0,,,
T. Leo Liu,2021NES,2021.0,S1,first,5371.0,177.0,13,9.0,4.0,2.0,5.0,2.0,3.0,0.0,,
Zhou Lin,2021NES,2021.0,S1,first,5371.0,54.0,4,4.0,,,1.0,5.0,1.0,,,
Feng Jiao,2021NES,2021.0,S1,first,5371.0,252.0,13,17.0,16.0,6.0,,,1.0,,,
Jordi Cabana,2021NES,2021.0,S1,first,5371.0,10.0,3,,,,1.0,,3.0,,,
Linsey Seitz,2021NES,2021.0,S1,last,5371.0,68.0,10,5.0,2.0,3.0,2.0,2.0,6.0,,,
Sarbajit Banerjee,2021NES,2021.0,S1,first,5371.0,251.0,32,6.0,1.0,1.0,22.0,13.0,15.0,0.0,16.0,3.0
Venkat Viswanathan,2021NES,2021.0,S1,middle,5371.0,111.0,17,14.0,2.0,4.0,3.0,3.0,,0.0,,
Wilson A Smith,2021NES,2021.0,S1,last,5371.0,266.0,7,10.0,4.0,4.0,,4.0,1.0,0.0,,
Zhou Lin,2021NES,2021.0,S1,last,5371.0,118.0,11,7.0,1.0,2.0,4.0,5.0,1.0,,,
Venkat Viswanathan,2021NES,2021.0,S1,first,5371.0,331.0,16,19.0,9.0,13.0,1.0,1.0,0.0,0.0,2.0,
Sen Zhang,2021NES,2021.0,S1,middle,5371.0,53.0,4,2.0,2.0,,,6.0,1.0,,1.0,
Michael Nippe,2021NES,2021.0,S1,middle,5371.0,59.0,19,2.0,,,1.0,10.0,5.0,0.0,1.0,
Feng Lin,2021NES,2021.0,S10,first,3835.0,111.0,9,11.0,,4.0,,,2.0,0.0,,
Ellen Stechel,2021NES,2021.0,S10,last,3835.0,417.0,54,15.0,4.0,4.0,17.0,28.0,5.0,0.0,18.0,4.0
Matt Green,2021NES,2021.0,S10,first,3835.0,237.0,9,8.0,4.0,5.0,,,5.0,,1.0,
Chong Liu,2021NES,2021.0,S10,last,3835.0,371.0,21,11.0,,2.0,4.0,5.0,5.0,0.0,,6.0
Rafael Santos,2021NES,2021.0,S10,last,3835.0,118.0,6,4.0,1.0,4.0,2.0,,0.0,0.0,,
Andrea  Hicks,2021NES,2021.0,S10,middle,3835.0,85.0,3,2.0,,2.0,,,2.0,,1.0,
Andrew Feig,2021NES,2021.0,S10,last,3835.0,19.0,6,9.0,,4.0,,,0.0,,,
Kandis Leslie Abdul-Aziz,2021NES,2021.0,S10,last,3835.0,112.0,4,2.0,0.0,2.0,,2.0,,,,2.0
Andrea  Hicks,2021NES,2021.0,S10,first,3835.0,63.0,3,5.0,2.0,2.0,,,1.0,,1.0,
Ellen Stechel,2021NES,2021.0,S10,middle,3835.0,191.0,22,7.0,,7.0,3.0,9.0,2.0,,7.0,4.0
Chong Liu,2021NES,2021.0,S10,middle,3835.0,153.0,2,4.0,,4.0,,1.0,,,,
Rafael Santos,2021NES,2021.0,S10,middle,3835.0,80.0,2,4.0,4.0,2.0,,,,,,
Kristen Schell,2021NES,2021.0,S10,last,3835.0,20.0,3,,0.0,,,2.0,0.0,,,
Ellen Stechel,2021NES,2021.0,S10,first,3835.0,380.0,35,8.0,1.0,6.0,19.0,14.0,4.0,0.0,9.0,3.0
Rafael Santos,2021NES,2021.0,S10,first,3835.0,89.0,4,6.0,,4.0,1.0,,,,1.0,
Chong Liu,2021NES,2021.0,S10,first,3835.0,70.0,10,9.0,4.0,3.0,,3.0,1.0,,1.0,
Kandis Leslie Abdul-Aziz,2021NES,2021.0,S10,middle,3835.0,178.0,4,6.0,,2.0,,2.0,3.0,0.0,,2.0
Feng Lin,2021NES,2021.0,S10,last,3835.0,153.0,14,10.0,3.0,7.0,2.0,2.0,0.0,,2.0,
Greeshma Gadikota,2021NES,2021.0,S10,last,3835.0,175.0,5,4.0,2.0,2.0,1.0,2.0,1.0,0.0,,
Richard Wiener,2021NES,2021.0,S10,last,3835.0,10.0,2,1.0,,,2.0,,,,,
Kandis Leslie Abdul-Aziz,2021NES,2021.0,S10,first,3835.0,73.0,4,3.0,,3.0,2.0,2.0,1.0,,1.0,
Matt Green,2021NES,2021.0,S10,last,3835.0,100.0,12,6.0,2.0,3.0,,4.0,3.0,0.0,3.0,
Silvia Ronco,2021NES,2021.0,S10,last,3835.0,6.0,2,,,,1.0,1.0,0.0,,,
Kristen Schell,2021NES,2021.0,S10,middle,3835.0,151.0,8,11.0,3.0,7.0,,2.0,1.0,,,1.0
Andrea  Hicks,2021NES,2021.0,S10,last,3835.0,115.0,7,4.0,2.0,2.0,1.0,2.0,3.0,,,
Feng Lin,2021NES,2021.0,S10,middle,3835.0,69.0,5,3.0,2.0,,,3.0,0.0,,,
Greeshma Gadikota,2021NES,2021.0,S10,middle,3835.0,169.0,10,8.0,2.0,8.0,1.0,4.0,1.0,0.0,,1.0
Kristen Schell,2021NES,2021.0,S10,first,3835.0,32.0,2,2.0,,,1.0,,,,1.0,
Matt Green,2021NES,2021.0,S10,middle,3835.0,46.0,3,4.0,,4.0,,,0.0,,,
Greeshma Gadikota,2021NES,2021.0,S10,first,3835.0,42.0,5,4.0,,,1.0,2.0,1.0,,1.0,
Emily  Ryan,2021NES,2021.0,S11,first,3810.0,23.0,1,2.0,,,,,,,,
Ananya Renuka Balakrishna,2021NES,2021.0,S11,middle,3810.0,121.0,3,2.0,2.0,2.0,,2.0,2.0,0.0,,
Valentina Prigiobbe,2021NES,2021.0,S11,first,3810.0,29.0,3,3.0,,,1.0,,,,,
Gary F. Moore,2021NES,2021.0,S11,middle,3810.0,38.0,2,4.0,,2.0,,,1.0,,,
Ananya Renuka Balakrishna,2021NES,2021.0,S11,first,3810.0,70.0,4,2.0,,,2.0,,2.0,0.0,,
Aleksandra Vojvodic,2021NES,2021.0,S11,last,3810.0,608.0,29,14.0,8.0,6.0,18.0,18.0,14.0,,8.0,5.0
Shaama Sharada,2021NES,2021.0,S11,last,3810.0,58.0,2,2.0,,3.0,,,,,,
Gary F. Moore,2021NES,2021.0,S11,first,3810.0,14.0,1,2.0,,,,,,,,
George Shields,2021NES,2021.0,S11,last,3810.0,33.0,4,,,,3.0,2.0,2.0,,,
Rebecca Gieseking,2021NES,2021.0,S11,first,3810.0,116.0,3,5.0,,,,,,,,
Venkat Viswanathan,2021NES,2021.0,S11,last,3810.0,148.0,3,4.0,4.0,2.0,,,1.0,,,
Aleksandra Vojvodic,2021NES,2021.0,S11,middle,3810.0,334.0,11,7.0,2.0,6.0,,6.0,5.0,0.0,4.0,4.0
Shaama Sharada,2021NES,2021.0,S11,middle,3810.0,33.0,1,2.0,,2.0,,,,,,2.0
Carlos Morales-Guio,2021NES,2021.0,S11,last,3810.0,89.0,2,4.0,2.0,2.0,,,,,,
Aleksandra Vojvodic,2021NES,2021.0,S11,first,3810.0,538.0,21,7.0,,1.0,23.0,10.0,15.0,0.0,15.0,2.0
George Shields,2021NES,2021.0,S11,middle,3810.0,5.0,1,,,,,,1.0,,,
Emily  Ryan,2021NES,2021.0,S11,last,3810.0,55.0,1,2.0,2.0,,,,1.0,,,
Valentina Prigiobbe,2021NES,2021.0,S11,last,3810.0,230.0,18,6.0,2.0,9.0,7.0,8.0,2.0,,2.0,5.0
Shaama Sharada,2021NES,2021.0,S11,first,3810.0,17.0,1,2.0,,,,,1.0,,,
Venkat Viswanathan,2021NES,2021.0,S11,middle,3810.0,6.0,1,1.0,,,,,,,,
Ananya Renuka Balakrishna,2021NES,2021.0,S11,last,3810.0,166.0,7,6.0,2.0,4.0,1.0,,3.0,0.0,1.0,
Carlos Morales-Guio,2021NES,2021.0,S11,middle,3810.0,466.0,11,14.0,7.0,5.0,,3.0,,0.0,,1.0
Gary F. Moore,2021NES,2021.0,S11,last,3810.0,73.0,2,2.0,2.0,,,,2.0,,,2.0
Emily  Ryan,2021NES,2021.0,S11,middle,3810.0,56.0,1,2.0,,2.0,,,,,,2.0
Venkat Viswanathan,2021NES,2021.0,S11,first,3810.0,11.0,1,2.0,,,,,1.0,,,
Rebecca Gieseking,2021NES,2021.0,S11,last,3810.0,56.0,1,2.0,2.0,,,,,,,
Valentina Prigiobbe,2021NES,2021.0,S11,middle,3810.0,189.0,8,8.0,,12.0,1.0,,2.0,,,
Carlos Morales-Guio,2021NES,2021.0,S11,first,3810.0,228.0,5,7.0,4.0,3.0,,3.0,,,,
Katie Knowles,2021NES,2021.0,S12,first,3437.0,23.0,1,2.0,,,,,1.0,,,
Marcel Schreier,2021NES,2021.0,S12,first,3437.0,105.0,8,4.0,2.0,1.0,1.0,4.0,3.0,,1.0,
Oana Luca,2021NES,2021.0,S12,first,3437.0,113.0,3,6.0,,4.0,,2.0,0.0,,,2.0
Caleb Hill,2021NES,2021.0,S12,middle,3437.0,47.0,1,1.0,,,,2.0,,,,
Yuanyue Liu,2021NES,2021.0,S12,last,3437.0,271.0,25,17.0,,6.0,,2.0,3.0,0.0,3.0,
Xiao Su,2021NES,2021.0,S12,first,3437.0,28.0,4,3.0,,,,,3.0,0.0,,
Roger Aines,2021NES,2021.0,S12,last,3437.0,191.0,30,15.0,2.0,3.0,11.0,4.0,8.0,0.0,9.0,1.0
Sarbajit Banerjee,2021NES,2021.0,S12,last,3437.0,160.0,8,11.0,4.0,7.0,1.0,2.0,,,,
Burcu  Gurkan,2021NES,2021.0,S12,last,3437.0,72.0,4,2.0,3.0,4.0,,2.0,,0.0,2.0,
Caleb Hill,2021NES,2021.0,S12,first,3437.0,11.0,1,2.0,,,,,1.0,,,
Jenny Yang,2021NES,2021.0,S12,last,3437.0,271.0,21,21.0,10.0,5.0,1.0,6.0,7.0,0.0,,1.0
David  Kwabi,2021NES,2021.0,S12,last,3437.0,80.0,13,8.0,1.0,10.0,,,,,,1.0
Roger Aines,2021NES,2021.0,S12,middle,3437.0,63.0,6,,1.0,,4.0,3.0,2.0,,5.0,3.0
Burcu  Gurkan,2021NES,2021.0,S12,middle,3437.0,82.0,3,,3.0,,1.0,1.0,,,,3.0
Sarbajit Banerjee,2021NES,2021.0,S12,middle,3437.0,58.0,1,2.0,,2.0,,,,,,2.0
Roger Aines,2021NES,2021.0,S12,first,3437.0,174.0,44,7.0,,2.0,26.0,10.0,7.0,0.0,11.0,4.0
Katie Knowles,2021NES,2021.0,S12,last,3437.0,146.0,14,5.0,4.0,11.0,1.0,6.0,,,,3.0
Richard Wiener,2021NES,2021.0,S12,last,3437.0,10.0,1,,,,2.0,,,,,
Yuanyue Liu,2021NES,2021.0,S12,first,3437.0,105.0,7,9.0,,,,2.0,2.0,,,
Marcel Schreier,2021NES,2021.0,S12,last,3437.0,186.0,6,6.0,1.0,,,4.0,1.0,,,1.0
Oana Luca,2021NES,2021.0,S12,last,3437.0,41.0,1,2.0,,1.0,,,,,1.0,
Burcu  Gurkan,2021NES,2021.0,S12,first,3437.0,147.0,4,4.0,,2.0,,2.0,2.0,,,
Silvia Ronco,2021NES,2021.0,S12,last,3437.0,13.0,3,,,,3.0,1.0,,,,
Jenny Yang,2021NES,2021.0,S12,middle,3437.0,179.0,8,13.0,8.0,12.0,,,,,,
David  Kwabi,2021NES,2021.0,S12,middle,3437.0,253.0,11,15.0,1.0,16.0,1.0,,,,,
Xiao Su,2021NES,2021.0,S12,last,3437.0,119.0,6,8.0,2.0,,,4.0,1.0,0.0,,
MARCEL SCHREIER,2021NES,2021.0,S12,last,3437.0,74.0,1,,,,1.0,2.0,,,0.0,
Caleb Hill,2021NES,2021.0,S12,last,3437.0,20.0,1,1.0,,,,,1.0,,,
Jenny Yang,2021NES,2021.0,S12,first,3437.0,67.0,6,6.0,,2.0,3.0,,2.0,,,
Katie Knowles,2021NES,2021.0,S12,middle,3437.0,90.0,3,,5.0,2.0,,4.0,,,,
David  Kwabi,2021NES,2021.0,S12,first,3437.0,29.0,1,2.0,,,,,,,,
Marcel Schreier,2021NES,2021.0,S12,middle,3437.0,72.0,4,2.0,,2.0,2.0,5.0,2.0,,4.0,
Xiao Su,2021NES,2021.0,S12,middle,3437.0,137.0,5,6.0,2.0,6.0,,3.0,,,2.0,
Ellen Stechel,2021NES,2021.0,S2,last,3993.0,262.0,22,11.0,,1.0,10.0,6.0,5.0,0.0,3.0,
Andrew Teixeira,2021NES,2021.0,S2,first,3993.0,77.0,1,2.0,2.0,,,2.0,,,,
Caroline Saouma,2021NES,2021.0,S2,middle,3993.0,164.0,6,2.0,4.0,7.0,,3.0,2.0,,1.0,2.0
Christopher Jones,2021NES,2021.0,S2,middle,3993.0,464.0,11,12.0,,11.0,5.0,,7.0,,,
Ellen Stechel,2021NES,2021.0,S2,middle,3993.0,45.0,6,2.0,1.0,2.0,1.0,2.0,2.0,,1.0,
Caroline Saouma,2021NES,2021.0,S2,first,3993.0,39.0,2,3.0,,,,2.0,,,1.0,
Yayuan Liu,2021NES,2021.0,S2,first,3993.0,57.0,3,6.0,,2.0,1.0,2.0,,,1.0,
Pete Reiners,2021NES,2021.0,S2,last,3993.0,7.0,3,2.0,1.0,,1.0,,,,,
Christopher Jones,2021NES,2021.0,S2,first,3993.0,207.0,10,8.0,2.0,4.0,7.0,3.0,7.0,,5.0,
William J. Bowman,2021NES,2021.0,S2,middle,3993.0,53.0,2,2.0,,,,,,0.0,,
David  Kwabi,2021NES,2021.0,S2,last,3993.0,263.0,22,8.0,1.0,9.0,10.0,4.0,2.0,0.0,2.0,2.0
Kristen Schell,2021NES,2021.0,S2,last,3993.0,110.0,1,2.0,2.0,,,2.0,,,,
Ellen Stechel,2021NES,2021.0,S2,first,3993.0,120.0,7,4.0,,,2.0,3.0,2.0,,4.0,
Burcu  Gurkan,2021NES,2021.0,S2,middle,3993.0,295.0,5,4.0,,4.0,,4.0,1.0,,1.0,
Marta  Hatzell,2021NES,2021.0,S2,middle,3993.0,212.0,7,10.0,3.0,9.0,,2.0,,0.0,,1.0
Greeshma Gadikota,2021NES,2021.0,S2,last,3993.0,599.0,21,11.0,5.0,8.0,10.0,9.0,3.0,0.0,3.0,6.0
William J. Bowman,2021NES,2021.0,S2,first,3993.0,127.0,5,3.0,,0.0,,4.0,1.0,,3.0,
Andrew Teixeira,2021NES,2021.0,S2,last,3993.0,176.0,5,7.0,4.0,3.0,,,,0.0,,1.0
Burcu  Gurkan,2021NES,2021.0,S2,first,3993.0,44.0,1,2.0,,,,,,,1.0,
David  Kwabi,2021NES,2021.0,S2,middle,3993.0,15.0,2,,,,1.0,2.0,1.0,,,
Marta  Hatzell,2021NES,2021.0,S2,first,3993.0,116.0,4,7.0,2.0,3.0,,2.0,1.0,,1.0,
Pete Reiners,2021NES,2021.0,S2,first,3993.0,78.0,2,4.0,,2.0,,,4.0,,,
Greeshma Gadikota,2021NES,2021.0,S2,middle,3993.0,21.0,3,,1.0,1.0,4.0,,3.0,,,
David  Kwabi,2021NES,2021.0,S2,first,3993.0,163.0,2,4.0,2.0,2.0,1.0,,,,,
Kristen Schell,2021NES,2021.0,S2,first,3993.0,92.0,3,4.0,,2.0,1.0,4.0,,,3.0,
Fikile Brushett,2021NES,2021.0,S2,first,3993.0,42.0,1,2.0,,,1.0,,,,1.0,
Christopher Jones,2021NES,2021.0,S2,last,3993.0,126.0,5,5.0,2.0,2.0,1.0,,1.0,,1.0,
Andrew Teixeira,2021NES,2021.0,S2,middle,3993.0,19.0,1,,1.0,2.0,,,,,,
Ananya Renuka Balakrishna,2021NES,2021.0,S3,middle,5822.0,161.0,8,2.0,,4.0,,9.0,2.0,0.0,,
Ellen Matson,2021NES,2021.0,S3,first,5822.0,184.0,11,10.0,2.0,2.0,4.0,8.0,,,4.0,
Richard Wiener,2021NES,2021.0,S3,first,5822.0,112.0,19,1.0,,,13.0,,5.0,0.0,0.0,
Jarad Mason,2021NES,2021.0,S3,middle,5822.0,198.0,7,11.0,2.0,4.0,,,0.0,,,
Ananya Renuka Balakrishna,2021NES,2021.0,S3,first,5822.0,205.0,6,6.0,2.0,4.0,2.0,2.0,3.0,,1.0,
Jarad Mason,2021NES,2021.0,S3,first,5822.0,74.0,6,6.0,1.0,,,,3.0,,,
Luisa Whittaker-Brooks,2021NES,2021.0,S3,middle,5822.0,81.0,4,2.0,,,1.0,,1.0,,,
Simona Liguori,2021NES,2021.0,S3,middle,5822.0,73.0,1,2.0,,1.0,,1.0,,,,
Ellen Stechel,2021NES,2021.0,S3,first,5822.0,6.0,1,,,,,2.0,,,,
Carlos Morales-Guio,2021NES,2021.0,S3,last,5822.0,180.0,8,8.0,2.0,4.0,,,0.0,0.0,,
Ellen Matson,2021NES,2021.0,S3,last,5822.0,219.0,17,7.0,0.0,4.0,6.0,,0.0,0.0,,4.0
Greeshma Gadikota,2021NES,2021.0,S3,last,5822.0,225.0,2,2.0,,2.0,,,1.0,,,2.0
Richard Wiener,2021NES,2021.0,S3,last,5822.0,60.0,8,,,,7.0,1.0,3.0,,3.0,
Kandis Leslie Abdul-Aziz,2021NES,2021.0,S3,first,5822.0,308.0,10,12.0,4.0,8.0,2.0,2.0,1.0,,,5.0
Andrew Feig,2021NES,2021.0,S3,first,5822.0,22.0,5,4.0,,,3.0,,1.0,,,
Kelsey B.  Hatzell,2021NES,2021.0,S3,last,5822.0,255.0,8,5.0,2.0,1.0,2.0,,1.0,0.0,,4.0
Feng Lin,2021NES,2021.0,S3,middle,5822.0,23.0,1,,,2.0,,,1.0,,,
Katie Knowles,2021NES,2021.0,S3,middle,5822.0,338.0,9,10.0,2.0,7.0,2.0,4.0,1.0,,,10.0
Jarad Mason,2021NES,2021.0,S3,last,5822.0,7.0,1,2.0,1.0,2.0,,,,,,
Valentina Prigiobbe,2021NES,2021.0,S3,middle,5822.0,61.0,4,6.0,1.0,7.0,,,,,,
T. Leo Liu,2021NES,2021.0,S3,last,5822.0,148.0,8,7.0,1.0,6.0,,1.0,,0.0,1.0,2.0
Xiao Su,2021NES,2021.0,S3,middle,5822.0,256.0,13,18.0,2.0,11.0,,2.0,1.0,0.0,,
Feng Lin,2021NES,2021.0,S3,first,5822.0,221.0,6,8.0,2.0,4.0,,2.0,1.0,,-1.0,
Katie Knowles,2021NES,2021.0,S3,first,5822.0,382.0,11,14.0,,6.0,2.0,,2.0,0.0,,8.0
Valentina Prigiobbe,2021NES,2021.0,S3,first,5822.0,301.0,8,7.0,,2.0,,2.0,1.0,,,
Joan Brennecke,2021NES,2021.0,S3,middle,5822.0,294.0,21,7.0,4.0,8.0,8.0,7.0,6.0,0.0,7.0,5.0
Silvia Ronco,2021NES,2021.0,S3,first,5822.0,17.0,5,,,,2.0,,3.0,,1.0,
Xiao Su,2021NES,2021.0,S3,first,5822.0,381.0,7,12.0,2.0,6.0,,,2.0,,,
Isabella Gee,2021NES,2021.0,S3,first,5822.0,0.0,1,,,,,,0.0,,,
Joan Brennecke,2021NES,2021.0,S3,first,5822.0,284.0,48,5.0,3.0,10.0,20.0,10.0,9.0,0.0,16.0,
Child,2021NES,2021.0,S3,last,5822.0,3.0,1,,,,,,,0.0,,
Jordi Cabana,2021NES,2021.0,S3,first,5822.0,10.0,2,2.0,,,,2.0,2.0,,,
Feng Lin,2021NES,2021.0,S3,last,5822.0,27.0,2,4.0,,2.0,,,,,,
Katie Knowles,2021NES,2021.0,S3,last,5822.0,114.0,8,2.0,,4.0,2.0,8.0,2.0,,0.0,4.0
Simona Liguori,2021NES,2021.0,S3,first,5822.0,35.0,2,2.0,,,,,1.0,,,
Valentina Prigiobbe,2021NES,2021.0,S3,last,5822.0,29.0,3,3.0,,1.0,1.0,,,,,
Silvia Ronco,2021NES,2021.0,S3,last,5822.0,15.0,4,,,,,5.0,1.0,,,
Xiao Su,2021NES,2021.0,S3,last,5822.0,7.0,1,,,,,,,,,1.0
Wilson A Smith,2021NES,2021.0,S3,last,5822.0,267.0,9,11.0,2.0,6.0,2.0,4.0,2.0,0.0,,3.0
Joan Brennecke,2021NES,2021.0,S3,last,5822.0,158.0,13,12.0,,3.0,3.0,2.0,2.0,0.0,,
Ellen Matson,2021NES,2021.0,S3,middle,5822.0,81.0,6,8.0,,6.0,3.0,2.0,0.0,0.0,,
Richard Wiener,2021NES,2021.0,S4,first,5670.0,115.0,10,,,,8.0,,3.0,,2.0,
Caleb Hill,2021NES,2021.0,S4,middle,5670.0,113.0,2,4.0,,,,4.0,,,,
Emily Carter,2021NES,2021.0,S4,middle,5670.0,336.0,15,16.0,8.0,8.0,,2.0,9.0,,2.0,3.0
Aleksandra Vojvodic,2021NES,2021.0,S4,last,5670.0,174.0,10,,,,9.0,2.0,16.0,,4.0,1.0
Kandis Leslie Abdul-Aziz,2021NES,2021.0,S4,last,5670.0,2.0,1,2.0,,,,,,,,
Andrea  Hicks,2021NES,2021.0,S4,first,5670.0,11.0,1,2.0,,,,,1.0,,,
Gary F. Moore,2021NES,2021.0,S4,first,5670.0,83.0,3,4.0,,,1.0,2.0,,,,
Emily Carter,2021NES,2021.0,S4,first,5670.0,245.0,9,8.0,3.0,4.0,5.0,2.0,2.0,,2.0,
Pratik Dholabhai,2021NES,2021.0,S4,middle,5670.0,62.0,1,2.0,,2.0,,2.0,1.0,,,
Ellen Stechel,2021NES,2021.0,S4,first,5670.0,7.0,2,,,,3.0,2.0,1.0,,,
Carlos Morales-Guio,2021NES,2021.0,S4,last,5670.0,226.0,4,4.0,1.0,2.0,,2.0,0.0,,,
Greeshma Gadikota,2021NES,2021.0,S4,last,5670.0,225.0,1,2.0,2.0,,,,,,,2.0
Richard Wiener,2021NES,2021.0,S4,last,5670.0,147.0,12,,,,13.0,,5.0,0.0,3.0,
Aleksandra Vojvodic,2021NES,2021.0,S4,first,5670.0,719.0,35,8.0,6.0,8.0,21.0,10.0,22.0,,24.0,1.0
Ashleigh Baber,2021NES,2021.0,S4,first,5670.0,20.0,2,2.0,,,1.0,,1.0,,,
Kandis Leslie Abdul-Aziz,2021NES,2021.0,S4,first,5670.0,10.0,1,,,,,,,,,2.0
Andrew Feig,2021NES,2021.0,S4,first,5670.0,23.0,4,6.0,,,1.0,,,,,
Eva Nichols,2021NES,2021.0,S4,middle,5670.0,147.0,4,5.0,4.0,2.0,1.0,,,,,
Kelsey B.  Hatzell,2021NES,2021.0,S4,last,5670.0,46.0,4,3.0,,,1.0,,3.0,,1.0,1.0
Charles McCrory,2021NES,2021.0,S4,first,5670.0,262.0,9,8.0,4.0,4.0,2.0,4.0,0.0,0.0,,
Eva Nichols,2021NES,2021.0,S4,first,5670.0,40.0,1,2.0,,,,1.0,1.0,,,
Emily Carter,2021NES,2021.0,S4,last,5670.0,18.0,3,2.0,2.0,,1.0,,3.0,,,
T. Leo Liu,2021NES,2021.0,S4,last,5670.0,260.0,10,14.0,2.0,7.0,5.0,,1.0,,4.0,
Oana Luca,2021NES,2021.0,S4,middle,5670.0,115.0,2,4.0,,2.0,,,,,,
Katie Knowles,2021NES,2021.0,S4,first,5670.0,258.0,1,2.0,2.0,,,,,,,2.0
Wilson A Smith,2021NES,2021.0,S4,middle,5670.0,71.0,4,3.0,2.0,,2.0,,1.0,,2.0,2.0
Andrea  Hicks,2021NES,2021.0,S4,middle,5670.0,235.0,12,14.0,2.0,5.0,,,8.0,,3.0,
Kandis Gilliard Abdul-Aziz,2021NES,2021.0,S4,first,5670.0,249.0,1,2.0,,2.0,,,,,,2.0
Oana Luca,2021NES,2021.0,S4,first,5670.0,76.0,4,4.0,,,,2.0,,0.0,1.0,
Gary F. Moore,2021NES,2021.0,S4,middle,5670.0,75.0,2,4.0,2.0,,,4.0,1.0,,,
Silvia Ronco,2021NES,2021.0,S4,first,5670.0,16.0,4,,,,2.0,,2.0,,,
Ashleigh Baber,2021NES,2021.0,S4,last,5670.0,83.0,9,1.0,,,7.0,,1.0,0.0,1.0,1.0
Wilson A Smith,2021NES,2021.0,S4,first,5670.0,186.0,6,8.0,2.0,6.0,2.0,2.0,2.0,,1.0,
Caleb Hill,2021NES,2021.0,S4,first,5670.0,15.0,1,2.0,,,,,,,,
Jordi Cabana,2021NES,2021.0,S4,first,5670.0,11.0,2,2.0,,,1.0,2.0,2.0,,,
Aleksandra Vojvodic,2021NES,2021.0,S4,middle,5670.0,537.0,15,12.0,3.0,7.0,4.0,4.0,7.0,0.0,9.0,2.0
Ashleigh Baber,2021NES,2021.0,S4,middle,5670.0,72.0,3,4.0,,2.0,1.0,3.0,1.0,,,
Pratik Dholabhai,2021NES,2021.0,S4,first,5670.0,30.0,1,2.0,,,,,1.0,,,
Silvia Ronco,2021NES,2021.0,S4,last,5670.0,3.0,1,,,,1.0,,,,,
Jimmy Jiang,2021NES,2021.0,S4,first,5670.0,115.0,4,4.0,,4.0,,,2.0,,,
Wilson A Smith,2021NES,2021.0,S4,last,5670.0,232.0,9,4.0,,4.0,9.0,,5.0,,2.0,2.0
Emily  Ryan,2021NES,2021.0,S5,first,5378.0,51.0,2,3.0,,,,,1.0,,,
Richard Wiener,2021NES,2021.0,S5,first,5378.0,118.0,15,2.0,,,12.0,,4.0,,2.0,
Kelsey B.  Hatzell,2021NES,2021.0,S5,middle,5378.0,235.0,17,8.0,2.0,4.0,4.0,9.0,2.0,0.0,,2.0
Kandis Leslie Abdul-Aziz,2021NES,2021.0,S5,last,5378.0,1.0,1,,,,1.0,,,,,
Kelsey B.  Hatzell,2021NES,2021.0,S5,first,5378.0,118.0,6,5.0,,2.0,3.0,,1.0,0.0,,
Katherine Hornbostel,2021NES,2021.0,S5,first,5378.0,246.0,10,12.0,,5.0,2.0,1.0,1.0,,,
Rafael Santos,2021NES,2021.0,S5,middle,5378.0,185.0,8,11.0,,8.0,2.0,2.0,,0.0,,2.0
Jeffrey Long,2021NES,2021.0,S5,middle,5378.0,70.0,6,8.0,,,,,,0.0,,
Jenny Yang,2021NES,2021.0,S5,last,5378.0,81.0,2,2.0,2.0,2.0,,2.0,,,,
Haotian Wang,2021NES,2021.0,S5,last,5378.0,143.0,3,6.0,4.0,4.0,,,2.0,,,
Roger Aines,2021NES,2021.0,S5,middle,5378.0,182.0,28,19.0,9.0,4.0,10.0,10.0,,0.0,8.0,4.0
Ellen Stechel,2021NES,2021.0,S5,first,5378.0,7.0,2,,,,1.0,2.0,1.0,,,
Carlos Morales-Guio,2021NES,2021.0,S5,last,5378.0,139.0,2,4.0,4.0,2.0,,,,,,
Jeffrey Long,2021NES,2021.0,S5,first,5378.0,114.0,12,10.0,3.0,6.0,1.0,3.0,4.0,,,
Greeshma Gadikota,2021NES,2021.0,S5,last,5378.0,225.0,1,2.0,2.0,,,,,,,2.0
Richard Wiener,2021NES,2021.0,S5,last,5378.0,184.0,12,,,,10.0,,3.0,,3.0,
Matt Green,2021NES,2021.0,S5,last,5378.0,1.0,1,,,,,,1.0,,,
Andrew Feig,2021NES,2021.0,S5,first,5378.0,23.0,3,3.0,,,2.0,,,,,
Jenny Yang,2021NES,2021.0,S5,first,5378.0,52.0,4,4.0,,3.0,,,,,1.0,
Kelsey B.  Hatzell,2021NES,2021.0,S5,last,5378.0,291.0,14,7.0,,2.0,3.0,6.0,4.0,,,2.0
Emily  Ryan,2021NES,2021.0,S5,middle,5378.0,124.0,7,2.0,7.0,9.0,,,4.0,,,1.0
T. Leo Liu,2021NES,2021.0,S5,last,5378.0,162.0,5,6.0,2.0,4.0,1.0,,,0.0,2.0,1.0
Matt Green,2021NES,2021.0,S5,first,5378.0,104.0,7,6.0,,5.0,,6.0,2.0,,,
Katie Knowles,2021NES,2021.0,S5,first,5378.0,256.0,1,2.0,,2.0,,,,,,2.0
Jeffrey Long,2021NES,2021.0,S5,last,5378.0,81.0,7,10.0,4.0,2.0,,,1.0,,,
Kandis Gilliard Abdul-Aziz,2021NES,2021.0,S5,first,5378.0,308.0,2,2.0,2.0,,,,1.0,,,2.0
Silvia Ronco,2021NES,2021.0,S5,first,5378.0,14.0,6,,,,3.0,,3.0,,,
Roger Aines,2021NES,2021.0,S5,last,5378.0,195.0,19,6.0,2.0,,8.0,6.0,8.0,,6.0,3.0
Katherine Hornbostel,2021NES,2021.0,S5,middle,5378.0,72.0,5,8.0,6.0,6.0,,,,,,
Betar Gallant,2021NES,2021.0,S5,middle,5378.0,145.0,2,4.0,2.0,2.0,,2.0,2.0,,,
Jordi Cabana,2021NES,2021.0,S5,first,5378.0,10.0,3,2.0,,,2.0,2.0,3.0,,,
Betar Gallant,2021NES,2021.0,S5,first,5378.0,122.0,2,2.0,2.0,2.0,,,1.0,,,
Rafael Santos,2021NES,2021.0,S5,first,5378.0,114.0,5,6.0,,,,,1.0,0.0,,
Roger Aines,2021NES,2021.0,S5,first,5378.0,278.0,36,10.0,1.0,5.0,20.0,10.0,9.0,,9.0,2.0
Emily  Ryan,2021NES,2021.0,S5,last,5378.0,27.0,6,3.0,,2.0,,,2.0,,,4.0
Jenny Yang,2021NES,2021.0,S5,middle,5378.0,60.0,7,3.0,,,,8.0,2.0,,,
Haotian Wang,2021NES,2021.0,S5,middle,5378.0,129.0,5,8.0,,4.0,,5.0,1.0,,,
Wilson A Smith,2021NES,2021.0,S5,last,5378.0,266.0,2,3.0,2.0,2.0,,,2.0,,,
Haotian Wang,2021NES,2021.0,S5,first,5378.0,170.0,3,5.0,2.0,3.0,,2.0,,,,
Matt Green,2021NES,2021.0,S5,middle,5378.0,239.0,11,14.0,5.0,13.0,,2.0,3.0,,,
Katherine Hornbostel,2021NES,2021.0,S5,last,5378.0,1.0,3,,,,,,2.0,,,
Patricia Barron,2021NES,2021.0,S5,first,5378.0,35.0,6,1.0,,,2.0,1.0,1.0,,4.0,
Jose Mendoza,2021NES,2021.0,S6,last,5667.0,30.0,1,2.0,,2.0,,,,,,
Phill Milner,2021NES,2021.0,S6,first,5667.0,21.0,1,2.0,,,,,,,,
Chong Liu,2021NES,2021.0,S6,last,5667.0,0.0,1,,,,,,,0.0,,
Richard Wiener,2021NES,2021.0,S6,first,5667.0,117.0,15,1.0,,,10.0,,2.0,0.0,1.0,
Marcel Schreier,2021NES,2021.0,S6,first,5667.0,92.0,10,5.0,1.0,,,5.0,4.0,0.0,,
Kandis Leslie Abdul-Aziz,2021NES,2021.0,S6,last,5667.0,139.0,10,3.0,1.0,2.0,5.0,3.0,1.0,,3.0,2.0
Adam Holewinski,2021NES,2021.0,S6,middle,5667.0,143.0,8,10.0,2.0,5.0,1.0,,0.0,0.0,,
George Shields,2021NES,2021.0,S6,last,5667.0,1.0,1,2.0,,,,,,,,
BotB6,2021NES,2021.0,S6,first,5667.0,1.0,1,,,,1.0,,1.0,,,
Jose Mendoza,2021NES,2021.0,S6,first,5667.0,81.0,5,4.0,2.0,,,2.0,0.0,0.0,,1.0
Ellen Stechel,2021NES,2021.0,S6,first,5667.0,6.0,1,,,,1.0,2.0,,,,
Shaama Sharada,2021NES,2021.0,S6,middle,5667.0,84.0,4,6.0,2.0,2.0,,,,,1.0,1.0
Carlos Morales-Guio,2021NES,2021.0,S6,last,5667.0,137.0,4,4.0,1.0,2.0,,,0.0,0.0,,
Phill Milner,2021NES,2021.0,S6,last,5667.0,46.0,1,2.0,2.0,,,,,,,
Greeshma Gadikota,2021NES,2021.0,S6,last,5667.0,226.0,1,2.0,2.0,2.0,,,,,,
Richard Wiener,2021NES,2021.0,S6,last,5667.0,146.0,37,,,,14.0,4.0,6.0,0.0,6.0,2.0
Kandis Leslie Abdul-Aziz,2021NES,2021.0,S6,first,5667.0,94.0,4,4.0,2.0,,1.0,,,,1.0,
Marcel Schreier,2021NES,2021.0,S6,last,5667.0,40.0,3,2.0,3.0,3.0,,,,,,
Andrew Feig,2021NES,2021.0,S6,first,5667.0,21.0,4,4.0,,,1.0,,,,,
Kelsey B.  Hatzell,2021NES,2021.0,S6,last,5667.0,56.0,5,2.0,,2.0,1.0,,2.0,,,
T. Leo Liu,2021NES,2021.0,S6,last,5667.0,317.0,9,10.0,5.0,10.0,3.0,,1.0,,,2.0
Carlos Morales-Guio,2021NES,2021.0,S6,first,5667.0,68.0,5,6.0,,,1.0,,3.0,,,
Adam Holewinski,2021NES,2021.0,S6,last,5667.0,62.0,6,4.0,2.0,2.0,,4.0,0.0,,,
Katie Knowles,2021NES,2021.0,S6,first,5667.0,260.0,2,2.0,,,,,0.0,,,2.0
Praveen Bollini,2021NES,2021.0,S6,middle,5667.0,299.0,12,11.0,2.0,6.0,,4.0,4.0,0.0,2.0,
Shu Hu,2021NES,2021.0,S6,middle,5667.0,115.0,3,6.0,2.0,6.0,,,3.0,,,
Kandis Gilliard Abdul-Aziz,2021NES,2021.0,S6,first,5667.0,89.0,1,,,,,,1.0,,,2.0
Silvia Ronco,2021NES,2021.0,S6,first,5667.0,14.0,6,,,,4.0,,3.0,,,
Praveen Bollini,2021NES,2021.0,S6,first,5667.0,17.0,1,2.0,,,,,,,,
Jordi Cabana,2021NES,2021.0,S6,middle,5667.0,154.0,11,2.0,6.0,4.0,4.0,6.0,1.0,,6.0,2.0
Shu Hu,2021NES,2021.0,S6,first,5667.0,235.0,9,10.0,3.0,4.0,,4.0,3.0,,0.0,
Jose Mendoza,2021NES,2021.0,S6,middle,5667.0,126.0,7,5.0,2.0,2.0,2.0,2.0,,0.0,,
Chong Liu,2021NES,2021.0,S6,middle,5667.0,449.0,19,28.0,3.0,6.0,,1.0,1.0,0.0,1.0,1.0
Adam Holewinski,2021NES,2021.0,S6,first,5667.0,225.0,16,8.0,5.0,5.0,,6.0,1.0,0.0,1.0,
Jordi Cabana,2021NES,2021.0,S6,first,5667.0,603.0,65,23.0,1.0,5.0,40.0,10.0,27.0,0.0,21.0,
Kandis Leslie Abdul-Aziz,2021NES,2021.0,S6,middle,5667.0,48.0,2,2.0,2.0,4.0,,,,,,
Chong Liu,2021NES,2021.0,S6,first,5667.0,169.0,12,9.0,1.0,2.0,4.0,5.0,1.0,0.0,1.0,
George Shields,2021NES,2021.0,S6,middle,5667.0,10.0,1,,,,,,2.0,,,
Shaama Sharada,2021NES,2021.0,S6,first,5667.0,98.0,11,11.0,0.0,,,4.0,1.0,0.0,,
Wilson A Smith,2021NES,2021.0,S6,last,5667.0,265.0,2,2.0,,2.0,,,2.0,,,3.0
Praveen Bollini,2021NES,2021.0,S6,last,5667.0,84.0,3,3.0,2.0,2.0,,2.0,,,,
George Shields,2021NES,2021.0,S6,first,5667.0,26.0,2,2.0,,,,,2.0,,,
Carlos Morales-Guio,2021NES,2021.0,S6,middle,5667.0,41.0,1,2.0,,,,,,,,
Phill Milner,2021NES,2021.0,S6,middle,5667.0,287.0,7,8.0,4.0,8.0,,6.0,,,,
Marcel Schreier,2021NES,2021.0,S6,middle,5667.0,11.0,2,,1.0,,,4.0,,,,
Jordi Cabana,2021NES,2021.0,S6,last,5667.0,114.0,7,2.0,1.0,2.0,4.0,4.0,4.0,,4.0,1.0
Ellen Matson,2021NES,2021.0,S7,first,3256.0,150.0,10,8.0,,5.0,5.0,,3.0,0.0,2.0,
Phill Milner,2021NES,2021.0,S7,first,3256.0,46.0,2,4.0,2.0,1.0,,,1.0,,,
Praveen Bollini,2021NES,2021.0,S7,middle,3256.0,50.0,5,3.0,2.0,,,4.0,,,,
BotB1,2021NES,2021.0,S7,middle,3256.0,55.0,8,4.0,,2.0,,4.0,1.0,,1.0,
Joan Brennecke,2021NES,2021.0,S7,middle,3256.0,16.0,7,,2.0,1.0,1.0,1.0,1.0,0.0,2.0,
Jeffrey Long,2021NES,2021.0,S7,last,3256.0,297.0,53,11.0,8.0,10.0,9.0,17.0,12.0,0.0,7.0,1.0
William J. Bowman,2021NES,2021.0,S7,last,3256.0,88.0,1,2.0,,2.0,,,,,,
Ashleigh Baber,2021NES,2021.0,S7,last,3256.0,37.0,3,3.0,,2.0,,2.0,,,,
Jarad Mason,2021NES,2021.0,S7,middle,3256.0,84.0,6,4.0,1.0,2.0,,,4.0,,,
T. Leo Liu,2021NES,2021.0,S7,middle,3256.0,94.0,4,4.0,2.0,2.0,,,1.0,,2.0,2.0
Yayuan Liu,2021NES,2021.0,S7,middle,3256.0,62.0,4,6.0,2.0,2.0,,2.0,,,,
Yayuan Liu,2021NES,2021.0,S7,last,3256.0,41.0,5,,,4.0,2.0,2.0,1.0,,,
Joan Brennecke,2021NES,2021.0,S7,first,3256.0,9.0,3,,,,1.0,1.0,0.0,,,
T. Leo Liu,2021NES,2021.0,S7,first,3256.0,59.0,6,,1.0,1.0,,2.0,0.0,0.0,,
Katherine Hornbostel,2021NES,2021.0,S7,first,3256.0,1.0,2,,,,,,1.0,,,
Jarad Mason,2021NES,2021.0,S7,first,3256.0,2.0,2,1.0,,,,,2.0,,,
Yayuan Liu,2021NES,2021.0,S7,first,3256.0,40.0,7,4.0,0.0,2.0,,3.0,,0.0,1.0,
Jeffrey Long,2021NES,2021.0,S7,middle,3256.0,194.0,21,16.0,3.0,6.0,2.0,4.0,4.0,0.0,1.0,1.0
William J. Bowman,2021NES,2021.0,S7,middle,3256.0,52.0,5,4.0,,4.0,1.0,2.0,,0.0,,
Haotian Wang,2021NES,2021.0,S7,last,3256.0,304.0,21,17.0,2.0,4.0,13.0,1.0,1.0,0.0,4.0,5.0
Jeffrey Long,2021NES,2021.0,S7,first,3256.0,131.0,23,6.0,1.0,3.0,3.0,4.0,3.0,,11.0,
Phill Milner,2021NES,2021.0,S7,last,3256.0,308.0,18,17.0,5.0,8.0,3.0,5.0,3.0,0.0,0.0,1.0
William J. Bowman,2021NES,2021.0,S7,first,3256.0,12.0,2,,1.0,1.0,,1.0,,,,
Ellen Matson,2021NES,2021.0,S7,last,3256.0,60.0,5,4.0,3.0,4.0,,,1.0,,,
Richard Wiener,2021NES,2021.0,S7,last,3256.0,11.0,3,,,,3.0,,0.0,,,
Ashleigh Baber,2021NES,2021.0,S7,first,3256.0,43.0,3,2.0,,,1.0,2.0,,,,2.0
BotB1 [Unidentified female speaker],2021NES,2021.0,S7,last,3256.0,32.0,2,2.0,,,,2.0,,,,
Silvia Ronco,2021NES,2021.0,S7,last,3256.0,21.0,5,,,,3.0,3.0,1.0,,,
Haotian Wang,2021NES,2021.0,S7,middle,3256.0,83.0,3,4.0,,2.0,,3.0,,,,
Praveen Bollini,2021NES,2021.0,S7,last,3256.0,264.0,19,18.0,2.0,14.0,4.0,5.0,1.0,,1.0,
BotB1,2021NES,2021.0,S7,last,3256.0,22.0,6,5.0,,5.0,,,,0.0,0.0,
Joan Brennecke,2021NES,2021.0,S7,last,3256.0,142.0,30,9.0,4.0,2.0,8.0,8.0,9.0,0.0,1.0,
Ellen Matson,2021NES,2021.0,S7,middle,3256.0,105.0,9,8.0,1.0,5.0,,2.0,1.0,0.0,,
Phill Milner,2021NES,2021.0,S7,middle,3256.0,96.0,6,5.0,,2.0,,1.0,1.0,,,
Haotian Wang,2021NES,2021.0,S7,first,3256.0,19.0,1,2.0,,2.0,,,,,,
Jarad Mason,2021NES,2021.0,S7,last,3256.0,61.0,2,2.0,0.0,,,2.0,,,,1.0
T. Leo Liu,2021NES,2021.0,S7,last,3256.0,53.0,7,4.0,2.0,2.0,3.0,1.0,0.0,0.0,,
Katherine Hornbostel,2021NES,2021.0,S7,last,3256.0,112.0,28,5.0,5.0,1.0,10.0,11.0,8.0,0.0,7.0,1.0
Jose Mendoza,2021NES,2021.0,S8,last,3162.0,175.0,1,2.0,,2.0,,2.0,,,,
Linsey Seitz,2021NES,2021.0,S8,first,3162.0,127.0,10,7.0,,2.0,5.0,4.0,8.0,,,
Wilson A Smith,2021NES,2021.0,S8,middle,3162.0,148.0,3,6.0,,3.0,2.0,,2.0,,,4.0
Shu Hu,2021NES,2021.0,S8,middle,3162.0,128.0,2,4.0,,3.0,,2.0,,,,2.0
Kelsey B.  Hatzell,2021NES,2021.0,S8,middle,3162.0,124.0,1,2.0,,,,,,,,2.0
Lena Petrova,2021NES,2021.0,S8,last,3162.0,31.0,3,,,,3.0,2.0,4.0,,4.0,
Caroline Saouma,2021NES,2021.0,S8,middle,3162.0,60.0,1,,,2.0,,2.0,,,,
Emily Carter,2021NES,2021.0,S8,middle,3162.0,174.0,11,3.0,2.0,4.0,2.0,4.0,6.0,,6.0,
Wilson A Smith,2021NES,2021.0,S8,first,3162.0,91.0,2,4.0,2.0,2.0,,,,,,
Aris Thorne,2021NES,2021.0,S8,last,3162.0,47.0,4,4.0,2.0,4.0,3.0,,1.0,,,
Jimmy Jiang,2021NES,2021.0,S8,last,3162.0,10.0,3,,,,1.0,3.0,1.0,,,
Kelsey B.  Hatzell,2021NES,2021.0,S8,first,3162.0,35.0,1,2.0,,,,,,,,
Shu Hu,2021NES,2021.0,S8,first,3162.0,74.0,1,2.0,,,,,2.0,,,
Jose Mendoza,2021NES,2021.0,S8,middle,3162.0,152.0,1,2.0,,2.0,,,,,,2.0
Caroline Saouma,2021NES,2021.0,S8,first,3162.0,42.0,1,2.0,,,,2.0,,,,
Emily Carter,2021NES,2021.0,S8,first,3162.0,368.0,33,8.0,0.0,2.0,28.0,9.0,13.0,0.0,16.0,
Jose Mendoza,2021NES,2021.0,S8,first,3162.0,33.0,1,2.0,,,,,,,,
Kenji Tanaka,2021NES,2021.0,S8,last,3162.0,22.0,3,,2.0,,2.0,2.0,2.0,,,
Jimmy Jiang,2021NES,2021.0,S8,middle,3162.0,88.0,1,2.0,2.0,2.0,,,,,,
Linsey Seitz,2021NES,2021.0,S8,last,3162.0,215.0,15,16.0,2.0,4.0,2.0,2.0,7.0,,,
Eva Nichols,2021NES,2021.0,S8,middle,3162.0,157.0,3,6.0,,5.0,,4.0,1.0,,,
Jimmy Jiang,2021NES,2021.0,S8,first,3162.0,46.0,11,4.0,,,6.0,4.0,2.0,0.0,,
Wilson A Smith,2021NES,2021.0,S8,last,3162.0,81.0,1,2.0,2.0,2.0,,,,,,
Kelsey B.  Hatzell,2021NES,2021.0,S8,last,3162.0,114.0,2,2.0,2.0,,,2.0,,,2.0,
Shu Hu,2021NES,2021.0,S8,last,3162.0,110.0,4,4.0,,6.0,,2.0,4.0,,1.0,
Linsey Seitz,2021NES,2021.0,S8,middle,3162.0,33.0,2,2.0,,,,,,0.0,,2.0
Eva Nichols,2021NES,2021.0,S8,first,3162.0,36.0,2,4.0,,,,,1.0,,1.0,
Emily Carter,2021NES,2021.0,S8,last,3162.0,382.0,17,12.0,3.0,6.0,3.0,3.0,6.0,,8.0,2.0
Jordi Cabana,2021NES,2021.0,S8,last,3162.0,59.0,8,7.0,3.0,,,,8.0,,,
Alissa  Park,2021NES,2021.0,S9,last,3654.0,423.0,41,28.0,5.0,8.0,23.0,10.0,8.0,0.0,4.0,1.0
Pratik Dholabhai,2021NES,2021.0,S9,last,3654.0,91.0,9,4.0,1.0,2.0,6.0,4.0,5.0,,,
Luisa Whittaker-Brooks,2021NES,2021.0,S9,last,3654.0,2.0,1,,,,,,1.0,,,
Michael Nippe,2021NES,2021.0,S9,first,3654.0,41.0,3,4.0,,,,,1.0,0.0,2.0,
Feng Jiao,2021NES,2021.0,S9,last,3654.0,407.0,35,39.0,12.0,9.0,6.0,7.0,7.0,0.0,0.0,2.0
Marta  Hatzell,2021NES,2021.0,S9,last,3654.0,20.0,3,1.0,,,,2.0,0.0,,,
Adam Holewinski,2021NES,2021.0,S9,middle,3654.0,92.0,5,4.0,1.0,3.0,,6.0,,,,
Feng Jiao,2021NES,2021.0,S9,middle,3654.0,94.0,11,9.0,4.0,2.0,,,1.0,,,
Rob Coridan,2021NES,2021.0,S9,last,3654.0,2.0,1,,,,,2.0,,,,
Alissa  Park,2021NES,2021.0,S9,middle,3654.0,345.0,18,16.0,1.0,3.0,1.0,9.0,6.0,0.0,1.0,
Zhou Lin,2021NES,2021.0,S9,first,3654.0,33.0,1,2.0,,1.0,,,,,1.0,
Adam Holewinski,2021NES,2021.0,S9,first,3654.0,222.0,6,8.0,2.0,6.0,2.0,4.0,,,1.0,3.0
Feng Jiao,2021NES,2021.0,S9,first,3654.0,55.0,7,5.0,,2.0,1.0,2.0,0.0,0.0,,
Pratik Dholabhai,2021NES,2021.0,S9,middle,3654.0,61.0,4,1.0,,,,4.0,1.0,0.0,,
Charles McCrory,2021NES,2021.0,S9,last,3654.0,246.0,16,15.0,9.0,2.0,,8.0,2.0,0.0,,
Alissa  Park,2021NES,2021.0,S9,first,3654.0,252.0,23,11.0,,4.0,16.0,8.0,5.0,,8.0,
Marta  Hatzell,2021NES,2021.0,S9,middle,3654.0,175.0,5,4.0,2.0,4.0,,2.0,,0.0,,2.0
Pratik Dholabhai,2021NES,2021.0,S9,first,3654.0,65.0,5,3.0,,,4.0,,5.0,,,
Luisa Whittaker-Brooks,2021NES,2021.0,S9,first,3654.0,49.0,2,4.0,,,,2.0,,,,
Rob Coridan,2021NES,2021.0,S9,middle,3654.0,9.0,2,1.0,,,,2.0,,,,
Richard Wiener,2021NES,2021.0,S9,last,3654.0,6.0,1,,,,1.0,,,,,
Marta  Hatzell,2021NES,2021.0,S9,first,3654.0,79.0,7,7.0,,6.0,,,2.0,0.0,,
Michael Nippe,2021NES,2021.0,S9,last,3654.0,138.0,21,9.0,2.0,4.0,0.0,10.0,2.0,0.0,,
Charles McCrory,2021NES,2021.0,S9,middle,3654.0,134.0,7,9.0,1.0,4.0,,,0.0,,,
Rob Coridan,2021NES,2021.0,S9,first,3654.0,148.0,10,6.0,1.0,5.0,2.0,2.0,2.0,,1.0,
Charles McCrory,2021NES,2021.0,S9,first,3654.0,73.0,2,4.0,2.0,2.0,2.0,,,,,
Adam Holewinski,2021NES,2021.0,S9,last,3654.0,392.0,18,14.0,3.0,8.0,3.0,8.0,3.0,,,
Michael Nippe,2021NES,2021.0,S9,middle,3654.0,0.0,2,,,,,2.0,0.0,,,
Niki Parenteau,2021SLU,2021.0,S1,middle,3728.0,188.0,16,3.0,2.0,0.0,1.0,10.0,6.0,,8.0,4.0
Noah Planavsky,2021SLU,2021.0,S1,first,3728.0,66.0,7,4.0,,0.0,3.0,2.0,3.0,,2.0,
Smadar Naoz,2021SLU,2021.0,S1,last,3728.0,216.0,5,10.0,2.0,6.0,,2.0,2.0,,,1.0
Jeffrey Marlow,2021SLU,2021.0,S1,first,3728.0,11.0,4,,,,3.0,,0.0,,1.0,
Jay Forsythe,2021SLU,2021.0,S1,middle,3728.0,81.0,1,2.0,,2.0,,,1.0,,,
Niki Parenteau,2021SLU,2021.0,S1,first,3728.0,370.0,43,4.0,0.0,6.0,28.0,7.0,20.0,0.0,10.0,3.0
Andrew Feig,2021SLU,2021.0,S1,last,3728.0,35.0,4,1.0,,,3.0,,1.0,,,
Jay Forsythe,2021SLU,2021.0,S1,first,3728.0,28.0,1,2.0,,,,,,,,
Ji Wang,2021SLU,2021.0,S1,last,3728.0,9.0,2,,,,,1.0,0.0,,,
Stilianos Louca,2021SLU,2021.0,S1,last,3728.0,242.0,8,4.0,4.0,6.0,1.0,6.0,1.0,0.0,1.0,
Smadar Naoz,2021SLU,2021.0,S1,middle,3728.0,135.0,5,4.0,1.0,,,6.0,2.0,,,
Simon Darroch,2021SLU,2021.0,S1,last,3728.0,92.0,6,2.0,,2.0,2.0,2.0,4.0,,3.0,
Erik Sperling,2021SLU,2021.0,S1,last,3728.0,79.0,4,3.0,1.0,,,,0.0,0.0,,
Morgan Raven,2021SLU,2021.0,S1,last,3728.0,74.0,3,2.0,2.0,4.0,,,,,,
Solange Duhamel,2021SLU,2021.0,S1,middle,3728.0,89.0,1,2.0,2.0,2.0,,,,,,
Rika Anderson,2021SLU,2021.0,S1,last,3728.0,49.0,6,4.0,2.0,2.0,,2.0,6.0,,,
Joe Levy,2021SLU,2021.0,S1,last,3728.0,2.0,1,,,,1.0,,,,,
Smadar Naoz,2021SLU,2021.0,S1,first,3728.0,29.0,2,2.0,,,,,3.0,,,
Noah Planavsky,2021SLU,2021.0,S1,last,3728.0,154.0,12,6.0,6.0,5.0,2.0,6.0,4.0,0.0,,1.0
Richard Wiener,2021SLU,2021.0,S1,last,3728.0,21.0,2,,,,2.0,,2.0,,,
Solange Duhamel,2021SLU,2021.0,S1,first,3728.0,38.0,4,2.0,,,,2.0,3.0,,,
Stilianos Louca,2021SLU,2021.0,S1,middle,3728.0,115.0,2,2.0,4.0,2.0,,,1.0,,,2.0
Erik Sperling,2021SLU,2021.0,S1,middle,3728.0,151.0,4,6.0,1.0,6.0,,,,,0.0,
Jeffrey Marlow,2021SLU,2021.0,S1,last,3728.0,111.0,12,1.0,2.0,,4.0,4.0,2.0,0.0,,2.0
Niki Parenteau,2021SLU,2021.0,S1,last,3728.0,381.0,24,6.0,2.0,4.0,14.0,3.0,16.0,,6.0,7.0
Morgan Raven,2021SLU,2021.0,S1,middle,3728.0,66.0,2,2.0,2.0,4.0,,2.0,,,1.0,
Rika Anderson,2021SLU,2021.0,S1,middle,3728.0,1.0,1,,,,,,0.0,,,
Christopher Hamilton,2021SLU,2021.0,S1,last,3728.0,0.0,1,,,,,,,0.0,,
Stilianos Louca,2021SLU,2021.0,S1,first,3728.0,148.0,4,2.0,,2.0,2.0,2.0,,0.0,,
Jay Forsythe,2021SLU,2021.0,S1,last,3728.0,317.0,4,4.0,2.0,2.0,,2.0,2.0,,,
Simon Darroch,2021SLU,2021.0,S1,first,3728.0,40.0,3,4.0,,,,,1.0,0.0,,
Rika Anderson,2021SLU,2021.0,S1,first,3728.0,101.0,7,6.0,,4.0,,,3.0,0.0,1.0,
Erik Sperling,2021SLU,2021.0,S1,first,3728.0,25.0,1,2.0,,,,,,,,
Noah Planavsky,2021SLU,2021.0,S1,middle,3728.0,185.0,9,8.0,2.0,4.0,,,3.0,0.0,1.0,2.0
Morgan Raven,2021SLU,2021.0,S1,first,3728.0,22.0,1,2.0,,,,,,,,
Jeffrey Marlow,2021SLU,2021.0,S1,middle,3728.0,57.0,1,2.0,,2.0,,,,,,
Laurie Barge,2021SLU,2021.0,S2,middle,3270.0,290.0,10,16.0,2.0,8.0,,6.0,,0.0,,
Ziming Yang,2021SLU,2021.0,S2,last,3270.0,344.0,13,14.0,4.0,13.0,2.0,8.0,2.0,0.0,,
Dimitar Sasselov,2021SLU,2021.0,S2,first,3270.0,216.0,10,,1.0,6.0,8.0,2.0,4.0,,5.0,
Aaron E. Engelhart,2021SLU,2021.0,S2,middle,3270.0,82.0,3,6.0,,4.0,,,2.0,,,
Liming Li,2021SLU,2021.0,S2,last,3270.0,255.0,3,6.0,4.0,6.0,,1.0,,,,
Aaron E. Engelhart,2021SLU,2021.0,S2,first,3270.0,161.0,6,6.0,2.0,7.0,2.0,,3.0,,,2.0
Peter Driscoll,2021SLU,2021.0,S2,last,3270.0,83.0,13,4.0,2.0,4.0,,5.0,2.0,0.0,,
Ziming Yang,2021SLU,2021.0,S2,middle,3270.0,74.0,1,2.0,,,,2.0,,,,
Kimberly Lau,2021SLU,2021.0,S2,last,3270.0,62.0,10,2.0,,4.0,3.0,4.0,3.0,0.0,,1.0
Meredith MacGregor,2021SLU,2021.0,S2,last,3270.0,110.0,7,6.0,1.0,4.0,,8.0,0.0,,2.0,1.0
Richard Wiener,2021SLU,2021.0,S2,last,3270.0,23.0,4,2.0,,,6.0,,,0.0,,
Kimberly Lau,2021SLU,2021.0,S2,middle,3270.0,62.0,2,2.0,,2.0,,,1.0,,,
Gongjie Li,2021SLU,2021.0,S2,last,3270.0,106.0,5,,0.0,4.0,,4.0,5.0,,,
Dimitar Sasselov,2021SLU,2021.0,S2,last,3270.0,401.0,32,24.0,8.0,13.0,11.0,4.0,13.0,0.0,6.0,7.0
Trinity L. Hamilton,2021SLU,2021.0,S2,last,3270.0,56.0,8,,1.0,2.0,,6.0,1.0,0.0,2.0,
Laurie Barge,2021SLU,2021.0,S2,last,3270.0,254.0,19,16.0,2.0,8.0,4.0,10.0,2.0,0.0,2.0,
Meredith MacGregor,2021SLU,2021.0,S2,middle,3270.0,56.0,3,2.0,2.0,6.0,,,,,,
Aaron E. Engelhart,2021SLU,2021.0,S2,last,3270.0,286.0,24,23.0,5.0,10.0,5.0,6.0,7.0,0.0,,2.0
Gongjie Li,2021SLU,2021.0,S2,middle,3270.0,95.0,3,6.0,,4.0,2.0,,,,,1.0
Dimitar Sasselov,2021SLU,2021.0,S2,middle,3270.0,254.0,14,3.0,6.0,9.0,2.0,15.0,2.0,,3.0,2.0
Natasha E. Batalha,2021SLU,2021.0,S3,middle,3753.0,47.0,1,,,2.0,,2.0,,,,
Eliza Kempton,2021SLU,2021.0,S3,last,3753.0,94.0,5,5.0,4.0,4.0,2.0,2.0,,,,
Andrew Vanderburg,2021SLU,2021.0,S3,last,3753.0,49.0,3,2.0,,4.0,,2.0,0.0,,,2.0
Coco Zhang,2021SLU,2021.0,S3,last,3753.0,56.0,4,1.0,1.0,3.0,,,,,,2.0
Keith Hawkins,2021SLU,2021.0,S3,first,3753.0,111.0,5,5.0,,2.0,1.0,,1.0,,1.0,
Leslie Anne Rogers,2021SLU,2021.0,S3,last,3753.0,122.0,5,5.0,2.0,6.0,,2.0,,,,
Courtney Dressing,2021SLU,2021.0,S3,middle,3753.0,77.0,4,4.0,2.0,,,4.0,,,3.0,
Andy Skemer,2021SLU,2021.0,S3,last,3753.0,36.0,1,2.0,,2.0,,2.0,,,,
Natasha E. Batalha,2021SLU,2021.0,S3,first,3753.0,77.0,5,4.0,2.0,4.0,1.0,,,,2.0,
Courtney Dressing,2021SLU,2021.0,S3,first,3753.0,58.0,2,2.0,2.0,2.0,,,4.0,,1.0,
Nikole Lewis,2021SLU,2021.0,S3,middle,3753.0,55.0,4,2.0,2.0,2.0,1.0,,2.0,0.0,,
Eliza Kempton,2021SLU,2021.0,S3,middle,3753.0,171.0,4,4.0,2.0,5.0,1.0,3.0,1.0,,,1.0
Andrew Vanderburg,2021SLU,2021.0,S3,middle,3753.0,62.0,2,2.0,,2.0,,2.0,,,,
Daniel Apai,2021SLU,2021.0,S3,last,3753.0,181.0,11,6.0,2.0,9.0,9.0,3.0,4.0,,2.0,
Coco Zhang,2021SLU,2021.0,S3,middle,3753.0,47.0,2,1.0,,2.0,,2.0,,,,
Lisa Kaltenegger,2021SLU,2021.0,S3,last,3753.0,504.0,31,13.0,5.0,15.0,11.0,8.0,8.0,0.0,13.0,
Leslie Anne Rogers,2021SLU,2021.0,S3,middle,3753.0,231.0,8,8.0,6.0,9.0,,,1.0,0.0,,2.0
Andy Skemer,2021SLU,2021.0,S3,middle,3753.0,27.0,4,,,4.0,,4.0,2.0,,,
Nikole Lewis,2021SLU,2021.0,S3,first,3753.0,93.0,5,4.0,2.0,3.0,1.0,,1.0,,4.0,
Eliza Kempton,2021SLU,2021.0,S3,first,3753.0,72.0,2,2.0,,2.0,2.0,,,,2.0,1.0
Andrew Vanderburg,2021SLU,2021.0,S3,first,3753.0,66.0,3,2.0,2.0,2.0,,,1.0,,,
Coco Zhang,2021SLU,2021.0,S3,first,3753.0,59.0,3,4.0,,,1.0,,0.0,,1.0,
Leslie Anne Rogers,2021SLU,2021.0,S3,first,3753.0,69.0,4,4.0,,3.0,1.0,,,,,2.0
Andy Skemer,2021SLU,2021.0,S3,first,3753.0,20.0,1,2.0,,,,,,,1.0,
Daniel Apai,2021SLU,2021.0,S3,middle,3753.0,116.0,5,4.0,4.0,4.0,3.0,2.0,1.0,0.0,2.0,
Keith Hawkins,2021SLU,2021.0,S3,last,3753.0,142.0,4,3.0,2.0,4.0,,1.0,1.0,,,
Lisa Kaltenegger,2021SLU,2021.0,S3,middle,3753.0,276.0,10,4.0,,11.0,4.0,6.0,3.0,0.0,2.0,
Natasha E. Batalha,2021SLU,2021.0,S3,last,3753.0,119.0,4,2.0,2.0,4.0,,,0.0,,1.0,2.0
Daniel Apai,2021SLU,2021.0,S3,first,3753.0,234.0,10,4.0,4.0,2.0,6.0,1.0,3.0,,7.0,
Lisa Kaltenegger,2021SLU,2021.0,S3,first,3753.0,201.0,14,3.0,2.0,7.0,13.0,4.0,5.0,,7.0,
Courtney Dressing,2021SLU,2021.0,S3,last,3753.0,96.0,3,4.0,3.0,6.0,2.0,,,,,1.0
Keith Hawkins,2021SLU,2021.0,S3,middle,3753.0,57.0,1,2.0,,2.0,,,,,,
Nikole Lewis,2021SLU,2021.0,S3,last,3753.0,128.0,8,1.0,1.0,4.0,6.0,4.0,0.0,,4.0,4.0
Tyler D. Robinson,2021SLU,2021.0,S4,middle,3476.0,117.0,8,,1.0,7.0,,2.0,2.0,0.0,,4.0
Jennifer B. Glass,2021SLU,2021.0,S4,middle,3476.0,34.0,9,3.0,1.0,4.0,,3.0,5.0,,1.0,
Katherine de Kleer,2021SLU,2021.0,S4,last,3476.0,185.0,8,9.0,2.0,4.0,,2.0,2.0,0.0,2.0,
Andro C. Rios,2021SLU,2021.0,S4,first,3476.0,123.0,16,13.0,1.0,8.0,2.0,1.0,1.0,,3.0,
Eddie Schwieterman,2021SLU,2021.0,S4,last,3476.0,126.0,8,11.0,4.0,4.0,,1.0,,,,2.0
Chris Reinhard,2021SLU,2021.0,S4,first,3476.0,22.0,9,2.0,,,5.0,,2.0,0.0,,
Jennifer B. Glass,2021SLU,2021.0,S4,first,3476.0,125.0,12,7.0,,8.0,,2.0,1.0,0.0,,
Nick Cowan,2021SLU,2021.0,S4,first,3476.0,16.0,4,2.0,,,2.0,2.0,3.0,,,
Tori Hoehler,2021SLU,2021.0,S4,middle,3476.0,115.0,8,6.0,,2.0,,2.0,2.0,0.0,2.0,2.0
Tyler D. Robinson,2021SLU,2021.0,S4,first,3476.0,19.0,1,2.0,,,,,1.0,,,
Caroline D. Sinders,2021SLU,2021.0,S4,first,3476.0,4.0,1,2.0,,,,,0.0,,1.0,
Stephanie Olson,2021SLU,2021.0,S4,last,3476.0,45.0,5,2.0,2.0,,,2.0,1.0,0.0,0.0,
Victoria Meadows,2021SLU,2021.0,S4,last,3476.0,434.0,39,29.0,8.0,17.0,7.0,17.0,8.0,,3.0,12.0
Katherine de Kleer,2021SLU,2021.0,S4,middle,3476.0,33.0,2,3.0,2.0,,,,,,,
Edwin Kite,2021SLU,2021.0,S4,last,3476.0,126.0,10,9.0,4.0,8.0,,2.0,,,,2.0
Tori Hoehler,2021SLU,2021.0,S4,first,3476.0,113.0,11,2.0,1.0,,6.0,2.0,8.0,,2.0,
Eddie Schwieterman,2021SLU,2021.0,S4,middle,3476.0,73.0,4,8.0,,4.0,,4.0,,,,1.0
Stephanie Olson,2021SLU,2021.0,S4,middle,3476.0,124.0,5,,1.0,2.0,,4.0,1.0,0.0,,2.0
Victoria Meadows,2021SLU,2021.0,S4,middle,3476.0,157.0,22,7.0,4.0,11.0,3.0,6.0,4.0,0.0,6.0,
Katherine de Kleer,2021SLU,2021.0,S4,first,3476.0,11.0,1,2.0,,,,,,,,
Eddie Schwieterman,2021SLU,2021.0,S4,first,3476.0,20.0,1,2.0,,,,,1.0,,,
Victoria Meadows,2021SLU,2021.0,S4,first,3476.0,216.0,36,11.0,3.0,12.0,16.0,5.0,11.0,0.0,14.0,
Edwin Kite,2021SLU,2021.0,S4,middle,3476.0,222.0,12,10.0,4.0,7.0,0.0,3.0,1.0,0.0,2.0,1.0
Stephanie Olson,2021SLU,2021.0,S4,first,3476.0,17.0,1,2.0,,,,,,,,
Andro C. Rios,2021SLU,2021.0,S4,last,3476.0,76.0,8,1.0,,,,6.0,6.0,0.0,,
Silvia Ronco,2021SLU,2021.0,S4,last,3476.0,65.0,7,8.0,,,4.0,,0.0,0.0,,
Jennifer B. Glass,2021SLU,2021.0,S4,last,3476.0,124.0,19,5.0,3.0,8.0,,10.0,1.0,0.0,,2.0
Chris Reinhard,2021SLU,2021.0,S4,last,3476.0,117.0,8,4.0,0.0,3.0,3.0,1.0,1.0,0.0,1.0,
Nick Cowan,2021SLU,2021.0,S4,last,3476.0,170.0,8,10.0,2.0,4.0,1.0,4.0,0.0,,,
Tyler D. Robinson,2021SLU,2021.0,S4,last,3476.0,209.0,10,8.0,3.0,8.0,,6.0,1.0,,1.0,1.0
Edwin Kite,2021SLU,2021.0,S4,first,3476.0,38.0,2,4.0,,,,,,,,
Tori Hoehler,2021SLU,2021.0,S4,last,3476.0,130.0,7,3.0,,,4.0,,6.0,,4.0,2.0
Andro C. Rios,2021SLU,2021.0,S4,middle,3476.0,7.0,2,,,,,,0.0,,0.0,
Nick Cowan,2021SLU,2021.0,S4,middle,3476.0,63.0,4,3.0,2.0,2.0,,3.0,1.0,,,
Meredith MacGregor,2021SLU,2021.0,S5,first,3951.0,50.0,3,3.0,,,,,1.0,,,
Laurie Barge,2021SLU,2021.0,S5,middle,3951.0,285.0,9,14.0,2.0,10.0,,6.0,1.0,,1.0,
Trinity L. Hamilton,2021SLU,2021.0,S5,middle,3951.0,2.0,1,,,,,,1.0,,1.0,
Dimitar Sasselov,2021SLU,2021.0,S5,first,3951.0,482.0,41,8.0,2.0,4.0,29.0,9.0,19.0,0.0,9.0,2.0
Ziming Yang,2021SLU,2021.0,S5,last,3951.0,294.0,9,14.0,5.0,15.0,2.0,4.0,0.0,,,
Aaron E. Engelhart,2021SLU,2021.0,S5,middle,3951.0,127.0,10,9.0,,5.0,,,5.0,0.0,,
Liming Li,2021SLU,2021.0,S5,last,3951.0,245.0,4,8.0,2.0,3.0,,,,,,
Trinity L. Hamilton,2021SLU,2021.0,S5,first,3951.0,29.0,2,2.0,,,,,0.0,,,
Laurie Barge,2021SLU,2021.0,S5,first,3951.0,97.0,6,8.0,2.0,2.0,1.0,,1.0,,,
Aaron E. Engelhart,2021SLU,2021.0,S5,first,3951.0,265.0,6,7.0,2.0,4.0,3.0,,,,0.0,
Peter Driscoll,2021SLU,2021.0,S5,last,3951.0,26.0,1,,,,,2.0,,,,
Ziming Yang,2021SLU,2021.0,S5,middle,3951.0,85.0,3,4.0,2.0,2.0,,2.0,1.0,,,
Kimberly Lau,2021SLU,2021.0,S5,last,3951.0,57.0,4,2.0,,4.0,,4.0,1.0,,1.0,
Ziming Yang,2021SLU,2021.0,S5,first,3951.0,36.0,1,2.0,,,,,2.0,,,
Meredith MacGregor,2021SLU,2021.0,S5,last,3951.0,104.0,7,6.0,1.0,3.0,,6.0,0.0,0.0,2.0,2.0
Peter Driscoll,2021SLU,2021.0,S5,middle,3951.0,83.0,2,2.0,,2.0,,2.0,,,,
Richard Wiener,2021SLU,2021.0,S5,last,3951.0,25.0,6,1.0,1.0,1.0,7.0,,,,,
Kimberly Lau,2021SLU,2021.0,S5,middle,3951.0,107.0,2,4.0,,4.0,,,,,,
Gongjie Li,2021SLU,2021.0,S5,last,3951.0,137.0,4,2.0,1.0,4.0,,4.0,4.0,,,
Dimitar Sasselov,2021SLU,2021.0,S5,last,3951.0,277.0,19,9.0,6.0,4.0,4.0,1.0,6.0,0.0,5.0,5.0
Peter Driscoll,2021SLU,2021.0,S5,first,3951.0,30.0,2,2.0,,,,,0.0,,,
Trinity L. Hamilton,2021SLU,2021.0,S5,last,3951.0,50.0,2,,,2.0,,4.0,,,,
Laurie Barge,2021SLU,2021.0,S5,last,3951.0,234.0,11,11.0,6.0,9.0,4.0,8.0,0.0,,,3.0
Meredith MacGregor,2021SLU,2021.0,S5,middle,3951.0,141.0,4,8.0,,6.0,,4.0,2.0,,,
Kimberly Lau,2021SLU,2021.0,S5,first,3951.0,18.0,7,3.0,,1.0,2.0,1.0,1.0,,1.0,
Aaron E. Engelhart,2021SLU,2021.0,S5,last,3951.0,248.0,15,8.0,4.0,5.0,6.0,7.0,6.0,,,
Gongjie Li,2021SLU,2021.0,S5,middle,3951.0,93.0,5,6.0,,4.0,1.0,2.0,0.0,,,
Dimitar Sasselov,2021SLU,2021.0,S5,middle,3951.0,324.0,16,7.0,8.0,14.0,2.0,13.0,7.0,0.0,5.0,
Hilke Schlichting,2021SLU,2021.0,S6,last,3772.0,282.0,22,24.0,5.0,5.0,,6.0,8.0,,2.0,1.0
Laura Schaefer,2021SLU,2021.0,S6,last,3772.0,84.0,22,6.0,1.0,3.0,1.0,14.0,,0.0,,
Jochen Marschall,2021SLU,2021.0,S6,first,3772.0,9.0,1,1.0,,,,,0.0,,,
Jamie Bender,2021SLU,2021.0,S6,first,3772.0,12.0,1,2.0,,,,,2.0,,,
Christopher Hamilton,2021SLU,2021.0,S6,middle,3772.0,256.0,3,6.0,4.0,2.0,,2.0,,,,
Brad Foley,2021SLU,2021.0,S6,middle,3772.0,43.0,3,4.0,3.0,2.0,,,,,,1.0
Greg Fournier,2021SLU,2021.0,S6,middle,3772.0,384.0,15,12.0,4.0,14.0,,6.0,2.0,0.0,1.0,
Anat Shahar,2021SLU,2021.0,S6,last,3772.0,166.0,23,6.0,2.0,5.0,12.0,11.0,15.0,,3.0,6.0
Morgan Cable,2021SLU,2021.0,S6,middle,3772.0,44.0,3,2.0,4.0,6.0,,2.0,1.0,,,
Shannon MacKenzie,2021SLU,2021.0,S6,last,3772.0,72.0,5,8.0,2.0,3.0,,,,,,2.0
Greg Fournier,2021SLU,2021.0,S6,first,3772.0,27.0,1,2.0,,,,,,,,
Christopher Hamilton,2021SLU,2021.0,S6,first,3772.0,43.0,1,2.0,,,,,2.0,,,
Mathieu G. A. Lapotre,2021SLU,2021.0,S6,last,3772.0,31.0,3,2.0,,2.0,,2.0,0.0,,,
Brad Foley,2021SLU,2021.0,S6,first,3772.0,81.0,2,4.0,,2.0,,2.0,,,,
Hilke Schlichting,2021SLU,2021.0,S6,middle,3772.0,141.0,6,2.0,6.0,5.0,2.0,2.0,2.0,,1.0,
Laura Schaefer,2021SLU,2021.0,S6,middle,3772.0,34.0,1,,,2.0,,2.0,1.0,,,
Morgan Cable,2021SLU,2021.0,S6,first,3772.0,73.0,7,8.0,,2.0,1.0,,1.0,,,1.0
Anat Shahar,2021SLU,2021.0,S6,middle,3772.0,35.0,8,1.0,,2.0,1.0,2.0,2.0,,6.0,
Laura Schaefer,2021SLU,2021.0,S6,first,3772.0,121.0,4,6.0,1.0,4.0,,,,0.0,,
Joe Levy,2021SLU,2021.0,S6,last,3772.0,171.0,13,3.0,1.0,2.0,2.0,12.0,9.0,,,2.0
Hilke Schlichting,2021SLU,2021.0,S6,first,3772.0,38.0,1,2.0,,,,,,,,
Shannon MacKenzie,2021SLU,2021.0,S6,middle,3772.0,50.0,4,4.0,4.0,,,,,0.0,,1.0
Victoria Meadows,2021SLU,2021.0,S6,first,3772.0,38.0,1,2.0,,2.0,,,,,,
Mathieu G. A. Lapotre,2021SLU,2021.0,S6,middle,3772.0,88.0,3,2.0,,2.0,,,1.0,,1.0,2.0
Anat Shahar,2021SLU,2021.0,S6,first,3772.0,123.0,30,6.0,,,11.0,7.0,9.0,,10.0,
Mathieu G. A. Lapotre,2021SLU,2021.0,S6,first,3772.0,424.0,6,8.0,2.0,4.0,,,1.0,,,
Joe Levy,2021SLU,2021.0,S6,middle,3772.0,17.0,1,,,,,2.0,,,,
Christopher Hamilton,2021SLU,2021.0,S6,last,3772.0,603.0,18,24.0,2.0,12.0,3.0,4.0,6.0,,,
Brad Foley,2021SLU,2021.0,S6,last,3772.0,65.0,5,2.0,1.0,4.0,,,,,,2.0
Greg Fournier,2021SLU,2021.0,S6,last,3772.0,103.0,27,19.0,,6.0,,12.0,4.0,0.0,,1.0
Morgan Cable,2021SLU,2021.0,S6,last,3772.0,34.0,4,2.0,0.0,3.0,,,1.0,,,
Joe Levy,2021SLU,2021.0,S6,first,3772.0,80.0,5,5.0,,,5.0,2.0,2.0,,,
Amanda Stockton,2021SLU,2021.0,S7,middle,3508.0,85.0,4,2.0,1.0,4.0,,2.0,,,2.0,1.0
Shawn Domagal-Goldman,2021SLU,2021.0,S7,last,3508.0,470.0,24,13.0,6.0,12.0,8.0,3.0,7.0,0.0,17.0,1.0
Nathaniel M. Gabor,2021SLU,2021.0,S7,last,3508.0,249.0,11,8.0,3.0,9.0,,6.0,4.0,,1.0,2.0
Marc Neveu,2021SLU,2021.0,S7,last,3508.0,148.0,4,4.0,,4.0,1.0,,1.0,,2.0,
Tim Lyons,2021SLU,2021.0,S7,middle,3508.0,224.0,11,13.0,3.0,5.0,3.0,5.0,4.0,,1.0,
Magdalena R. Osburn,2021SLU,2021.0,S7,first,3508.0,80.0,4,3.0,,,1.0,,,0.0,1.0,
Amanda Stockton,2021SLU,2021.0,S7,first,3508.0,29.0,2,1.0,,,,,2.0,,,
Paula Driedger,2021SLU,2021.0,S7,first,3508.0,72.0,1,2.0,,,,,1.0,,,
Betül Kaçar,2021SLU,2021.0,S7,last,3508.0,84.0,3,2.0,,2.0,,2.0,1.0,,3.0,2.0
Dan Huber,2021SLU,2021.0,S7,last,3508.0,9.0,2,1.0,,,2.0,2.0,,,,
Ji Wang,2021SLU,2021.0,S7,last,3508.0,258.0,8,2.0,5.0,3.0,5.0,4.0,3.0,,,5.0
Shawn Domagal-Goldman,2021SLU,2021.0,S7,middle,3508.0,81.0,11,5.0,2.0,3.0,1.0,,4.0,0.0,10.0,
Tim Lyons,2021SLU,2021.0,S7,first,3508.0,55.0,10,3.0,,,2.0,5.0,3.0,,2.0,
Nathaniel M. Gabor,2021SLU,2021.0,S7,middle,3508.0,198.0,11,4.0,1.0,10.0,1.0,5.0,1.0,0.0,,
Marc Neveu,2021SLU,2021.0,S7,middle,3508.0,68.0,6,6.0,4.0,1.0,1.0,,,,,
Nathaniel M. Gabor,2021SLU,2021.0,S7,first,3508.0,120.0,7,8.0,2.0,4.0,1.0,,2.0,0.0,2.0,
Betül Kaçar,2021SLU,2021.0,S7,middle,3508.0,4.0,2,,,,,2.0,1.0,,1.0,
Shawn Domagal-Goldman,2021SLU,2021.0,S7,first,3508.0,141.0,25,5.0,,,21.0,4.0,8.0,0.0,7.0,
Dan Huber,2021SLU,2021.0,S7,middle,3508.0,82.0,3,3.0,5.0,1.0,,,,,,2.0
Richard Wiener,2021SLU,2021.0,S7,last,3508.0,6.0,1,2.0,,,2.0,,,,,
Ji Wang,2021SLU,2021.0,S7,middle,3508.0,10.0,1,,,,,2.0,,,,
Marc Neveu,2021SLU,2021.0,S7,first,3508.0,88.0,7,5.0,,,2.0,,2.0,0.0,2.0,
France Cordova,2021SLU,2021.0,S7,first,3508.0,62.0,1,2.0,,1.0,,,1.0,,,
Betül Kaçar,2021SLU,2021.0,S7,first,3508.0,83.0,4,2.0,,,,2.0,2.0,0.0,2.0,
Dan Huber,2021SLU,2021.0,S7,first,3508.0,46.0,4,4.0,1.0,,1.0,,1.0,,,
Ji Wang,2021SLU,2021.0,S7,first,3508.0,27.0,7,2.0,,,5.0,,,0.0,1.0,
Amanda Stockton,2021SLU,2021.0,S7,last,3508.0,68.0,3,,2.0,4.0,,1.0,,,,4.0
Paul Robertson,2021SLU,2021.0,S7,middle,3508.0,29.0,1,,2.0,2.0,,2.0,,,,
Magdalena R. Osburn,2021SLU,2021.0,S7,last,3508.0,334.0,7,10.0,3.0,6.0,1.0,,1.0,,,2.0
Tim Lyons,2021SLU,2021.0,S7,last,3508.0,280.0,18,16.0,14.0,17.0,3.0,2.0,6.0,,1.0,
Paul Robertson,2021SLU,2021.0,S7,first,3508.0,18.0,2,1.0,,,1.0,,,0.0,2.0,
Tyler D. Robinson,2021SLU,2021.0,S1,middle,3895.0,202.0,7,6.0,6.0,9.0,,4.0,3.0,,,
Niki Parenteau,2021SLU,2021.0,S1,middle,3895.0,44.0,2,1.0,,1.0,,2.0,,,,
Noah Planavsky,2021SLU,2021.0,S1,first,3895.0,29.0,1,2.0,,,,,,,,
Jeffrey Marlow,2021SLU,2021.0,S1,first,3895.0,27.0,1,2.0,,,,,,,,
Nathaniel M. Gabor,2021SLU,2021.0,S1,last,3895.0,231.0,7,5.0,7.0,7.0,,4.0,5.0,,,
Andy Skemer,2021SLU,2021.0,S1,last,3895.0,118.0,16,7.0,1.0,2.0,,15.0,1.0,,,3.0
Eddie Schwieterman,2021SLU,2021.0,S1,last,3895.0,247.0,11,12.0,2.0,13.0,1.0,2.0,4.0,,,1.0
Tyler D. Robinson,2021SLU,2021.0,S1,first,3895.0,33.0,2,2.0,,,,2.0,1.0,,,
Niki Parenteau,2021SLU,2021.0,S1,first,3895.0,230.0,31,8.0,,1.0,19.0,5.0,16.0,0.0,15.0,2.0
Victoria Meadows,2021SLU,2021.0,S1,last,3895.0,447.0,50,10.0,7.0,17.0,9.0,12.0,12.0,0.0,16.0,8.0
Laurie Barge,2021SLU,2021.0,S1,first,3895.0,136.0,5,4.0,,2.0,1.0,2.0,0.0,,,
Nikole Lewis,2021SLU,2021.0,S1,middle,3895.0,104.0,3,1.0,,4.0,,5.0,0.0,,,1.0
Kimberly Lau,2021SLU,2021.0,S1,last,3895.0,64.0,1,,,2.0,,2.0,,,,1.0
Nathaniel M. Gabor,2021SLU,2021.0,S1,middle,3895.0,302.0,12,9.0,,11.0,,,2.0,0.0,,3.0
Andy Skemer,2021SLU,2021.0,S1,middle,3895.0,13.0,2,,,2.0,,,,0.0,,
Eddie Schwieterman,2021SLU,2021.0,S1,middle,3895.0,52.0,3,2.0,3.0,2.0,,,,,1.0,
Nikole Lewis,2021SLU,2021.0,S1,first,3895.0,28.0,1,2.0,,,,,,,,
Victoria Meadows,2021SLU,2021.0,S1,middle,3895.0,157.0,15,2.0,6.0,2.0,4.0,8.0,5.0,0.0,4.0,
Nathaniel M. Gabor,2021SLU,2021.0,S1,first,3895.0,87.0,7,3.0,,2.0,,4.0,3.0,,,
Eddie Schwieterman,2021SLU,2021.0,S1,first,3895.0,35.0,2,4.0,,,,,1.0,,,
Noah Planavsky,2021SLU,2021.0,S1,last,3895.0,347.0,23,6.0,4.0,9.0,6.0,9.0,6.0,0.0,5.0,5.0
Andy Skemer,2021SLU,2021.0,S1,first,3895.0,23.0,3,2.0,,,2.0,,,,1.0,
Victoria Meadows,2021SLU,2021.0,S1,first,3895.0,50.0,6,2.0,,2.0,3.0,1.0,,,5.0,
Diane Matar,2021SLU,2021.0,S1,first,3895.0,33.0,3,2.0,,,1.0,,2.0,,1.0,
Jeffrey Marlow,2021SLU,2021.0,S1,last,3895.0,47.0,2,,2.0,4.0,,2.0,,,,
Niki Parenteau,2021SLU,2021.0,S1,last,3895.0,367.0,27,16.0,4.0,7.0,11.0,6.0,8.0,0.0,10.0,2.0
Tyler D. Robinson,2021SLU,2021.0,S1,last,3895.0,23.0,3,2.0,1.0,,,,,,,
Mary Voytek,2021SLU,2021.0,S1,first,3895.0,31.0,1,2.0,,2.0,,,2.0,,,
Kimberly Lau,2021SLU,2021.0,S1,first,3895.0,19.0,1,2.0,,,,,,,,
Noah Planavsky,2021SLU,2021.0,S1,middle,3895.0,328.0,18,15.0,4.0,12.0,,2.0,3.0,0.0,1.0,
Nikole Lewis,2021SLU,2021.0,S1,last,3895.0,22.0,2,,,2.0,1.0,1.0,,,,
Jeffrey Marlow,2021SLU,2021.0,S1,middle,3895.0,19.0,1,,,2.0,,,,,,2.0
Jennifer B. Glass,2021SLU,2021.0,S10,middle,3508.0,95.0,3,2.0,4.0,2.0,,2.0,,,,
Laura Schaefer,2021SLU,2021.0,S10,last,3508.0,208.0,16,14.0,5.0,12.0,,5.0,4.0,0.0,,
Jennifer B. Glass,2021SLU,2021.0,S10,first,3508.0,23.0,18,13.0,2.0,1.0,1.0,6.0,2.0,,1.0,
Nick Cowan,2021SLU,2021.0,S10,first,3508.0,80.0,13,3.0,1.0,,6.0,10.0,3.0,,1.0,2.0
Anat Shahar,2021SLU,2021.0,S10,last,3508.0,121.0,15,10.0,2.0,1.0,7.0,6.0,6.0,,1.0,2.0
Trinity L. Hamilton,2021SLU,2021.0,S10,first,3508.0,39.0,2,3.0,,2.0,,,,,1.0,
Nikole Lewis,2021SLU,2021.0,S10,middle,3508.0,27.0,1,,,2.0,,2.0,,,,
Laura Schaefer,2021SLU,2021.0,S10,middle,3508.0,214.0,14,18.0,,11.0,,2.0,3.0,0.0,,
Daniel Apai,2021SLU,2021.0,S10,last,3508.0,145.0,7,7.0,2.0,8.0,3.0,2.0,,,,
Kimberly Lau,2021SLU,2021.0,S10,last,3508.0,116.0,10,4.0,1.0,11.0,,,3.0,,1.0,
Simon Darroch,2021SLU,2021.0,S10,last,3508.0,222.0,12,11.0,,6.0,4.0,,3.0,,4.0,3.0
Morgan Raven,2021SLU,2021.0,S10,last,3508.0,167.0,9,9.0,1.0,6.0,1.0,4.0,1.0,,,
Nikole Lewis,2021SLU,2021.0,S10,first,3508.0,15.0,1,2.0,,,,,,,1.0,
Laura Schaefer,2021SLU,2021.0,S10,first,3508.0,228.0,8,9.0,,7.0,,5.0,1.0,,1.0,
Anat Shahar,2021SLU,2021.0,S10,middle,3508.0,50.0,3,4.0,,,,1.0,,,1.0,
Daniel Apai,2021SLU,2021.0,S10,middle,3508.0,117.0,5,2.0,,3.0,,10.0,1.0,,,
Anat Shahar,2021SLU,2021.0,S10,first,3508.0,114.0,13,7.0,,2.0,12.0,,3.0,,2.0,
Kimberly Lau,2021SLU,2021.0,S10,middle,3508.0,65.0,3,4.0,,4.0,,6.0,,,,
Simon Darroch,2021SLU,2021.0,S10,middle,3508.0,137.0,8,3.0,3.0,2.0,,9.0,1.0,0.0,2.0,2.0
Jennifer B. Glass,2021SLU,2021.0,S10,last,3508.0,137.0,10,14.0,6.0,4.0,1.0,2.0,,,,1.0
Nick Cowan,2021SLU,2021.0,S10,last,3508.0,466.0,29,14.0,9.0,9.0,9.0,14.0,14.0,0.0,,6.0
Morgan Raven,2021SLU,2021.0,S10,middle,3508.0,16.0,1,,,2.0,,2.0,,,,
Daniel Apai,2021SLU,2021.0,S10,first,3508.0,84.0,10,8.0,,2.0,4.0,6.0,2.0,,1.0,
Trinity L. Hamilton,2021SLU,2021.0,S10,last,3508.0,79.0,6,6.0,,4.0,,2.0,2.0,,,
Kimberly Lau,2021SLU,2021.0,S10,first,3508.0,89.0,2,4.0,,2.0,1.0,,,,1.0,2.0
Simon Darroch,2021SLU,2021.0,S10,first,3508.0,90.0,3,4.0,,2.0,,2.0,,0.0,1.0,
Morgan Raven,2021SLU,2021.0,S10,first,3508.0,84.0,10,7.0,0.0,2.0,,2.0,1.0,,1.0,
Nikole Lewis,2021SLU,2021.0,S10,last,3508.0,93.0,9,5.0,1.0,8.0,,11.0,2.0,,,
Nick Cowan,2021SLU,2021.0,S10,middle,3508.0,187.0,5,6.0,2.0,10.0,,6.0,,,,
Niki Parenteau,2021SLU,2021.0,S11,middle,3281.0,31.0,2,2.0,,,,,2.0,,,1.0
Laurie Barge,2021SLU,2021.0,S11,middle,3281.0,226.0,4,6.0,2.0,2.0,,2.0,,,,
Dimitar Sasselov,2021SLU,2021.0,S11,first,3281.0,16.0,5,2.0,,,2.0,,4.0,,,
Jochen Marschall,2021SLU,2021.0,S11,first,3281.0,11.0,1,1.0,,,,,1.0,,1.0,
Jay Forsythe,2021SLU,2021.0,S11,middle,3281.0,128.0,2,2.0,,,,3.0,1.0,,2.0,
Greg Fournier,2021SLU,2021.0,S11,middle,3281.0,85.0,2,2.0,1.0,2.0,,,2.0,,,
Niki Parenteau,2021SLU,2021.0,S11,first,3281.0,112.0,26,2.0,,,19.0,2.0,10.0,,14.0,
Jay Forsythe,2021SLU,2021.0,S11,first,3281.0,36.0,1,2.0,,,,,,,,
Laurie Barge,2021SLU,2021.0,S11,first,3281.0,21.0,2,2.0,,,,,1.0,,,
Greg Fournier,2021SLU,2021.0,S11,first,3281.0,43.0,1,2.0,,,,,,,,
Shannon MacKenzie,2021SLU,2021.0,S11,last,3281.0,176.0,6,6.0,2.0,2.0,,8.0,1.0,,,
Betül Kaçar,2021SLU,2021.0,S11,last,3281.0,140.0,8,1.0,4.0,2.0,3.0,2.0,4.0,,,
Stilianos Louca,2021SLU,2021.0,S11,last,3281.0,96.0,3,4.0,,6.0,,2.0,,,,
Rika Anderson,2021SLU,2021.0,S11,last,3281.0,85.0,5,5.0,,4.0,,4.0,,0.0,,2.0
Shannon MacKenzie,2021SLU,2021.0,S11,middle,3281.0,44.0,2,2.0,2.0,1.0,,2.0,,,,
Betül Kaçar,2021SLU,2021.0,S11,middle,3281.0,161.0,9,14.0,8.0,8.0,1.0,4.0,1.0,,1.0,1.0
Andro C. Rios,2021SLU,2021.0,S11,last,3281.0,107.0,8,6.0,1.0,7.0,,1.0,2.0,0.0,,1.0
Dimitar Sasselov,2021SLU,2021.0,S11,last,3281.0,200.0,23,7.0,3.0,5.0,4.0,7.0,9.0,0.0,2.0,2.0
Shannon MacKenzie,2021SLU,2021.0,S11,first,3281.0,34.0,1,2.0,,,,,,,,
Betül Kaçar,2021SLU,2021.0,S11,first,3281.0,46.0,4,2.0,,,2.0,,1.0,,,
Niki Parenteau,2021SLU,2021.0,S11,last,3281.0,225.0,22,8.0,2.0,3.0,8.0,8.0,13.0,0.0,3.0,
Rika Anderson,2021SLU,2021.0,S11,middle,3281.0,115.0,2,2.0,,2.0,,4.0,,,,
Laurie Barge,2021SLU,2021.0,S11,last,3281.0,328.0,22,22.0,10.0,9.0,2.0,7.0,2.0,0.0,2.0,
Stilianos Louca,2021SLU,2021.0,S11,first,3281.0,48.0,2,2.0,,,,,1.0,,,
Jay Forsythe,2021SLU,2021.0,S11,last,3281.0,281.0,8,9.0,6.0,10.0,,,3.0,,,1.0
Greg Fournier,2021SLU,2021.0,S11,last,3281.0,274.0,16,10.0,4.0,12.0,1.0,1.0,1.0,0.0,,
Rika Anderson,2021SLU,2021.0,S11,first,3281.0,21.0,1,2.0,,,,,,,,
Andro C. Rios,2021SLU,2021.0,S11,middle,3281.0,114.0,4,6.0,,6.0,,,2.0,0.0,,
Dimitar Sasselov,2021SLU,2021.0,S11,middle,3281.0,77.0,9,,0.0,2.0,7.0,,6.0,0.0,5.0,1.0
Meredith MacGregor,2021SLU,2021.0,S12,first,3624.0,112.0,13,5.0,0.0,6.0,5.0,6.0,5.0,,1.0,
Katherine de Kleer,2021SLU,2021.0,S12,last,3624.0,634.0,29,28.0,11.0,20.0,5.0,13.0,3.0,0.0,8.0,
Richard Wiener,2021SLU,2021.0,S12,first,3624.0,63.0,5,1.0,,,3.0,,3.0,,0.0,
Andrew Vanderburg,2021SLU,2021.0,S12,last,3624.0,504.0,30,21.0,4.0,11.0,10.0,18.0,6.0,0.0,4.0,3.0
Keith Hawkins,2021SLU,2021.0,S12,first,3624.0,83.0,3,2.0,,,,,,0.0,1.0,
Brad Foley,2021SLU,2021.0,S12,middle,3624.0,63.0,1,,,2.0,,2.0,,,,
Brad Foley,2021SLU,2021.0,S12,first,3624.0,75.0,10,4.0,,1.0,1.0,2.0,0.0,0.0,5.0,
Dan Huber,2021SLU,2021.0,S12,last,3624.0,20.0,3,,,,,2.0,1.0,,,
Katherine de Kleer,2021SLU,2021.0,S12,middle,3624.0,54.0,3,2.0,,,,2.0,,,1.0,2.0
Andrew Vanderburg,2021SLU,2021.0,S12,middle,3624.0,67.0,4,8.0,,,,,,,,
Lisa Kaltenegger,2021SLU,2021.0,S12,last,3624.0,131.0,8,3.0,,5.0,1.0,2.0,2.0,0.0,,3.0
Andrew Vanderburg,2021SLU,2021.0,S12,first,3624.0,67.0,7,4.0,,2.0,2.0,5.0,0.0,,1.0,
Katherine de Kleer,2021SLU,2021.0,S12,first,3624.0,122.0,5,5.0,,2.0,1.0,1.0,2.0,,1.0,
Meredith MacGregor,2021SLU,2021.0,S12,last,3624.0,142.0,10,4.0,1.0,4.0,,3.0,2.0,,,
Dan Huber,2021SLU,2021.0,S12,middle,3624.0,123.0,2,4.0,,1.0,,4.0,,,,
Noah Planavsky,2021SLU,2021.0,S12,last,3624.0,40.0,4,6.0,2.0,,,,0.0,,,
Keith Hawkins,2021SLU,2021.0,S12,last,3624.0,258.0,47,15.0,6.0,9.0,,3.0,1.0,0.0,,
Lisa Kaltenegger,2021SLU,2021.0,S12,middle,3624.0,297.0,12,8.0,3.0,6.0,3.0,6.0,3.0,,8.0,3.0
Dan Huber,2021SLU,2021.0,S12,first,3624.0,108.0,12,9.0,1.0,5.0,1.0,3.0,2.0,0.0,1.0,
Meredith MacGregor,2021SLU,2021.0,S12,middle,3624.0,160.0,9,5.0,2.0,3.0,,8.0,4.0,0.0,1.0,
Lisa Kaltenegger,2021SLU,2021.0,S12,first,3624.0,223.0,32,9.0,1.0,1.0,25.0,2.0,17.0,0.0,8.0,
Noah Planavsky,2021SLU,2021.0,S12,middle,3624.0,66.0,2,2.0,,,1.0,,2.0,,,
Keith Hawkins,2021SLU,2021.0,S12,middle,3624.0,212.0,6,9.0,5.0,3.0,,,0.0,,,
Amanda Stockton,2021SLU,2021.0,S13,middle,3379.0,188.0,16,13.0,1.0,7.0,,4.0,2.0,0.0,3.0,2.0
Christopher Hamilton,2021SLU,2021.0,S13,middle,3379.0,229.0,5,4.0,2.0,6.0,,3.0,,,1.0,2.0
Jeffrey Marlow,2021SLU,2021.0,S13,first,3379.0,82.0,3,4.0,,2.0,1.0,,,,,
Magdalena R. Osburn,2021SLU,2021.0,S13,middle,3379.0,41.0,4,2.0,,2.0,,4.0,1.0,0.0,1.0,
Aaron E. Engelhart,2021SLU,2021.0,S13,middle,3379.0,139.0,9,8.0,2.0,7.0,,,1.0,0.0,,
Leslie Anne Rogers,2021SLU,2021.0,S13,last,3379.0,424.0,14,18.0,2.0,8.0,,2.0,1.0,0.0,1.0,
Stephanie Olson,2021SLU,2021.0,S13,last,3379.0,48.0,10,,2.0,2.0,,4.0,2.0,0.0,,
Tori Hoehler,2021SLU,2021.0,S13,middle,3379.0,90.0,5,,1.0,6.0,2.0,4.0,1.0,,1.0,1.0
Tim Lyons,2021SLU,2021.0,S13,middle,3379.0,93.0,13,7.0,2.0,4.0,,9.0,,0.0,3.0,2.0
Magdalena R. Osburn,2021SLU,2021.0,S13,first,3379.0,192.0,11,19.0,,4.0,1.0,,2.0,,,
Amanda Stockton,2021SLU,2021.0,S13,first,3379.0,136.0,6,4.0,,,,9.0,3.0,,,
Aaron E. Engelhart,2021SLU,2021.0,S13,first,3379.0,73.0,2,4.0,1.0,2.0,,,,,,
Christopher Hamilton,2021SLU,2021.0,S13,first,3379.0,3.0,1,2.0,,,1.0,,,,,
Tori Hoehler,2021SLU,2021.0,S13,first,3379.0,35.0,10,,1.0,,5.0,,10.0,,1.0,
Tim Lyons,2021SLU,2021.0,S13,first,3379.0,167.0,19,2.0,3.0,4.0,18.0,3.0,5.0,,8.0,
Leslie Anne Rogers,2021SLU,2021.0,S13,middle,3379.0,45.0,1,2.0,,2.0,,,,,,
Stephanie Olson,2021SLU,2021.0,S13,middle,3379.0,22.0,1,,,1.0,,2.0,,,,
Solange Duhamel,2021SLU,2021.0,S13,middle,3379.0,38.0,2,2.0,2.0,,,,0.0,,,
Stephanie Olson,2021SLU,2021.0,S13,first,3379.0,72.0,2,2.0,,,,,1.0,0.0,,
Solange Duhamel,2021SLU,2021.0,S13,first,3379.0,39.0,1,2.0,2.0,2.0,,,,,,
Jeffrey Marlow,2021SLU,2021.0,S13,last,3379.0,32.0,5,4.0,3.0,2.0,,,3.0,,,
Rachel Parker,2021SLU,2021.0,S13,first,3379.0,16.0,1,,,,,,1.0,,,
Amanda Stockton,2021SLU,2021.0,S13,last,3379.0,178.0,33,16.0,1.0,5.0,,4.0,7.0,0.0,1.0,
Christopher Hamilton,2021SLU,2021.0,S13,last,3379.0,367.0,15,13.0,4.0,17.0,2.0,6.0,,0.0,1.0,7.0
Magdalena R. Osburn,2021SLU,2021.0,S13,last,3379.0,189.0,28,14.0,,,2.0,5.0,9.0,0.0,,9.0
Aaron E. Engelhart,2021SLU,2021.0,S13,last,3379.0,110.0,8,7.0,2.0,,1.0,,1.0,,2.0,
Tori Hoehler,2021SLU,2021.0,S13,last,3379.0,111.0,2,,,,2.0,4.0,,,,
Tim Lyons,2021SLU,2021.0,S13,last,3379.0,136.0,25,2.0,,2.0,12.0,13.0,10.0,0.0,1.0,1.0
Jeffrey Marlow,2021SLU,2021.0,S13,middle,3379.0,84.0,5,,1.0,3.0,,2.0,3.0,0.0,,2.0
Natasha E. Batalha,2021SLU,2021.0,S2,middle,3531.0,82.0,4,2.0,0.0,2.0,,,,0.0,,
Hilke Schlichting,2021SLU,2021.0,S2,last,3531.0,95.0,6,2.0,1.0,6.0,,,2.0,,,
Eliza Kempton,2021SLU,2021.0,S2,last,3531.0,308.0,14,17.0,7.0,6.0,,2.0,1.0,0.0,,
Ziming Yang,2021SLU,2021.0,S2,last,3531.0,13.0,3,4.0,3.0,,,2.0,3.0,,,
Amanda Stockton,2021SLU,2021.0,S2,middle,3531.0,77.0,2,3.0,,3.0,,,,,,
Andro C. Rios,2021SLU,2021.0,S2,first,3531.0,130.0,12,12.0,3.0,6.0,,2.0,10.0,0.0,,
Jay Forsythe,2021SLU,2021.0,S2,middle,3531.0,65.0,1,2.0,,2.0,,2.0,,,,
Magdalena R. Osburn,2021SLU,2021.0,S2,middle,3531.0,45.0,2,4.0,,2.0,,,2.0,,,
Tori Hoehler,2021SLU,2021.0,S2,middle,3531.0,78.0,5,,,2.0,2.0,,0.0,,1.0,2.0
Natasha E. Batalha,2021SLU,2021.0,S2,first,3531.0,22.0,1,2.0,,,,,1.0,,,
Jay Forsythe,2021SLU,2021.0,S2,first,3531.0,20.0,1,2.0,,,,,,,,
Amanda Stockton,2021SLU,2021.0,S2,first,3531.0,260.0,19,12.0,1.0,7.0,2.0,12.0,3.0,0.0,,0.0
Magdalena R. Osburn,2021SLU,2021.0,S2,first,3531.0,157.0,3,4.0,,2.0,,,,,0.0,2.0
Hilke Schlichting,2021SLU,2021.0,S2,middle,3531.0,90.0,3,1.0,,2.0,,6.0,,,,
Eliza Kempton,2021SLU,2021.0,S2,middle,3531.0,225.0,8,12.0,4.0,6.0,,4.0,5.0,,,
Christopher Martin,2021SLU,2021.0,S2,first,3531.0,19.0,1,2.0,,,,,2.0,,,
Tori Hoehler,2021SLU,2021.0,S2,first,3531.0,174.0,17,2.0,,4.0,5.0,,13.0,,13.0,2.0
Elizabeth McCormack,2021SLU,2021.0,S2,first,3531.0,52.0,1,2.0,,1.0,,,0.0,,,
Morgan Raven,2021SLU,2021.0,S2,last,3531.0,84.0,13,7.0,,1.0,3.0,,0.0,0.0,1.0,
Eliza Kempton,2021SLU,2021.0,S2,first,3531.0,20.0,1,2.0,,,,,,,,
Hilke Schlichting,2021SLU,2021.0,S2,first,3531.0,19.0,1,2.0,,,,,,,,
Ziming Yang,2021SLU,2021.0,S2,first,3531.0,28.0,1,2.0,,,,,2.0,,,
Andro C. Rios,2021SLU,2021.0,S2,last,3531.0,107.0,6,2.0,2.0,4.0,,2.0,5.0,,0.0,
Natasha E. Batalha,2021SLU,2021.0,S2,last,3531.0,98.0,3,4.0,,2.0,,2.0,0.0,,,
Morgan Raven,2021SLU,2021.0,S2,middle,3531.0,114.0,29,4.0,2.0,2.0,,4.0,3.0,0.0,2.0,
[Unintelligible Speaker],2021SLU,2021.0,S2,last,3531.0,4.0,3,,,,0.0,,,0.0,,
Amanda Stockton,2021SLU,2021.0,S2,last,3531.0,150.0,16,2.0,2.0,3.0,,17.0,3.0,,,
Jay Forsythe,2021SLU,2021.0,S2,last,3531.0,417.0,24,12.0,8.0,5.0,3.0,9.0,7.0,0.0,1.0,2.0
Magdalena R. Osburn,2021SLU,2021.0,S2,last,3531.0,102.0,6,1.0,,6.0,4.0,4.0,2.0,,,3.0
Tori Hoehler,2021SLU,2021.0,S2,last,3531.0,340.0,31,13.0,1.0,5.0,9.0,2.0,7.0,,12.0,4.0
Morgan Raven,2021SLU,2021.0,S2,first,3531.0,36.0,3,2.0,,,1.0,,1.0,,1.0,
Andro C. Rios,2021SLU,2021.0,S2,middle,3531.0,100.0,7,,2.0,2.0,,2.0,1.0,0.0,1.0,2.0
Meredith MacGregor,2021SLU,2021.0,S3,first,3702.0,41.0,1,2.0,,,,,,,,
Jennifer B. Glass,2021SLU,2021.0,S3,middle,3702.0,69.0,5,1.0,,4.0,,3.0,0.0,0.0,2.0,
Keith Hawkins,2021SLU,2021.0,S3,first,3702.0,61.0,2,2.0,,,,,0.0,,,
Silvia Ronco,2021SLU,2021.0,S3,first,3702.0,2.0,2,1.0,,,,,0.0,,,
Aaron E. Engelhart,2021SLU,2021.0,S3,middle,3702.0,157.0,6,5.0,3.0,4.0,1.0,2.0,,0.0,2.0,2.0
Jennifer B. Glass,2021SLU,2021.0,S3,first,3702.0,49.0,4,2.0,,,2.0,,,0.0,,
Marc Neveu,2021SLU,2021.0,S3,last,3702.0,106.0,4,5.0,4.0,2.0,,,,,,
Tim Lyons,2021SLU,2021.0,S3,middle,3702.0,273.0,20,12.0,4.0,4.0,3.0,10.0,7.0,,7.0,
Shannon MacKenzie,2021SLU,2021.0,S3,last,3702.0,80.0,4,4.0,,2.0,,4.0,,,,2.0
Aaron E. Engelhart,2021SLU,2021.0,S3,first,3702.0,87.0,2,2.0,2.0,2.0,,,0.0,,,
Stilianos Louca,2021SLU,2021.0,S3,last,3702.0,221.0,7,6.0,,8.0,1.0,6.0,0.0,,,
Tim Lyons,2021SLU,2021.0,S3,first,3702.0,456.0,24,6.0,,4.0,14.0,3.0,11.0,0.0,11.0,
Rika Anderson,2021SLU,2021.0,S3,last,3702.0,33.0,2,2.0,2.0,,,2.0,,,1.0,
Marc Neveu,2021SLU,2021.0,S3,middle,3702.0,64.0,5,,2.0,3.0,,5.0,,0.0,,1.0
Shannon MacKenzie,2021SLU,2021.0,S3,middle,3702.0,75.0,3,2.0,1.0,2.0,,,0.0,,1.0,
Meredith MacGregor,2021SLU,2021.0,S3,last,3702.0,296.0,17,12.0,,6.0,2.0,4.0,2.0,0.0,1.0,
Stilianos Louca,2021SLU,2021.0,S3,middle,3702.0,176.0,13,9.0,2.0,5.0,,2.0,0.0,0.0,,
Keith Hawkins,2021SLU,2021.0,S3,last,3702.0,197.0,4,6.0,2.0,4.0,,,0.0,,,
Jennifer B. Glass,2021SLU,2021.0,S3,last,3702.0,205.0,13,1.0,1.0,,5.0,4.0,6.0,0.0,5.0,2.0
Shannon MacKenzie,2021SLU,2021.0,S3,first,3702.0,36.0,34,2.0,,,,,0.0,0.0,,
Rika Anderson,2021SLU,2021.0,S3,middle,3702.0,29.0,3,3.0,,,,2.0,1.0,,,
Meredith MacGregor,2021SLU,2021.0,S3,middle,3702.0,240.0,4,7.0,,,,2.0,1.0,,,
Stilianos Louca,2021SLU,2021.0,S3,first,3702.0,179.0,3,4.0,,2.0,,,3.0,,2.0,
Aaron E. Engelhart,2021SLU,2021.0,S3,last,3702.0,63.0,16,5.0,1.0,2.0,,6.0,6.0,0.0,1.0,1.0
Rika Anderson,2021SLU,2021.0,S3,first,3702.0,94.0,4,4.0,,2.0,-1.0,,,0.0,,
Tim Lyons,2021SLU,2021.0,S3,last,3702.0,413.0,27,10.0,2.0,5.0,9.0,10.0,7.0,0.0,10.0,2.0
Laura Schaefer,2021SLU,2021.0,S4,last,3536.0,75.0,2,4.0,,2.0,,2.0,,,,
Trinity L. Hamilton,2021SLU,2021.0,S4,middle,3536.0,45.0,2,,1.0,3.0,,2.0,,,,
Dimitar Sasselov,2021SLU,2021.0,S4,first,3536.0,46.0,5,2.0,0.0,,5.0,1.0,1.0,,3.0,
Christopher Hamilton,2021SLU,2021.0,S4,middle,3536.0,161.0,6,5.0,2.0,2.0,1.0,2.0,2.0,,0.0,
Brad Foley,2021SLU,2021.0,S4,middle,3536.0,82.0,4,2.0,,3.0,1.0,2.0,0.0,,2.0,
Stephanie Olson,2021SLU,2021.0,S4,last,3536.0,148.0,8,10.0,6.0,6.0,,4.0,1.0,,,
Liming Li,2021SLU,2021.0,S4,last,3536.0,68.0,2,4.0,,1.0,,,,,,
Trinity L. Hamilton,2021SLU,2021.0,S4,first,3536.0,90.0,3,4.0,,,1.0,2.0,2.0,,1.0,
Christopher Hamilton,2021SLU,2021.0,S4,first,3536.0,197.0,13,10.0,,5.0,5.0,2.0,2.0,0.0,,
Brad Foley,2021SLU,2021.0,S4,first,3536.0,94.0,4,3.0,,2.0,1.0,2.0,2.0,,1.0,
Lisa Kaltenegger,2021SLU,2021.0,S4,last,3536.0,362.0,32,8.0,1.0,12.0,6.0,9.0,9.0,0.0,10.0,3.0
Simon Darroch,2021SLU,2021.0,S4,last,3536.0,150.0,6,4.0,2.0,2.0,,7.0,1.0,0.0,,1.0
Stephanie Olson,2021SLU,2021.0,S4,middle,3536.0,90.0,8,6.0,7.0,3.0,,2.0,0.0,0.0,4.0,
Laura Schaefer,2021SLU,2021.0,S4,first,3536.0,82.0,4,2.0,,,2.0,2.0,2.0,,1.0,
Joe Levy,2021SLU,2021.0,S4,last,3536.0,263.0,17,10.0,6.0,2.0,2.0,,0.0,0.0,,4.0
Stephanie Olson,2021SLU,2021.0,S4,first,3536.0,65.0,6,3.0,3.0,5.0,,3.0,2.0,,1.0,
Lisa Kaltenegger,2021SLU,2021.0,S4,middle,3536.0,256.0,8,8.0,,6.0,1.0,2.0,4.0,0.0,,4.0
Liming Li,2021SLU,2021.0,S4,first,3536.0,76.0,3,4.0,,2.0,1.0,,1.0,,1.0,
Dimitar Sasselov,2021SLU,2021.0,S4,last,3536.0,232.0,8,4.0,2.0,6.0,,2.0,10.0,,1.0,
Joe Levy,2021SLU,2021.0,S4,middle,3536.0,10.0,1,,,,,2.0,,,,
Trinity L. Hamilton,2021SLU,2021.0,S4,last,3536.0,78.0,4,4.0,,3.0,,2.0,1.0,,1.0,
Christopher Hamilton,2021SLU,2021.0,S4,last,3536.0,271.0,9,6.0,2.0,4.0,6.0,7.0,1.0,,,
Brad Foley,2021SLU,2021.0,S4,last,3536.0,95.0,3,4.0,3.0,4.0,,2.0,1.0,,,
Lisa Kaltenegger,2021SLU,2021.0,S4,first,3536.0,146.0,34,10.0,,,22.0,5.0,5.0,0.0,3.0,
Simon Darroch,2021SLU,2021.0,S4,first,3536.0,99.0,3,4.0,,2.0,1.0,2.0,0.0,,1.0,
Joe Levy,2021SLU,2021.0,S4,first,3536.0,77.0,5,2.0,,2.0,,2.0,1.0,0.0,1.0,
Dimitar Sasselov,2021SLU,2021.0,S4,middle,3536.0,178.0,9,4.0,2.0,2.0,,5.0,0.0,,4.0,1.0
Natasha E. Batalha,2021SLU,2021.0,S5,middle,3396.0,104.0,7,10.0,,4.0,,,,0.0,,
Hilke Schlichting,2021SLU,2021.0,S5,last,3396.0,94.0,5,3.0,1.0,5.0,,,0.0,,,2.0
Eliza Kempton,2021SLU,2021.0,S5,last,3396.0,224.0,13,9.0,5.0,8.0,,4.0,1.0,0.0,,
Ziming Yang,2021SLU,2021.0,S5,last,3396.0,187.0,4,5.0,4.0,5.0,,4.0,1.0,,,
Amanda Stockton,2021SLU,2021.0,S5,middle,3396.0,105.0,2,2.0,1.0,3.0,,1.0,,,,
Andro C. Rios,2021SLU,2021.0,S5,first,3396.0,96.0,8,5.0,3.0,4.0,,,9.0,,,
Jay Forsythe,2021SLU,2021.0,S5,middle,3396.0,66.0,1,2.0,,2.0,,2.0,,,,
Magdalena R. Osburn,2021SLU,2021.0,S5,middle,3396.0,53.0,3,4.0,,2.0,,4.0,1.0,,,
Tori Hoehler,2021SLU,2021.0,S5,middle,3396.0,128.0,8,2.0,3.0,4.0,4.0,2.0,4.0,,1.0,3.0
Natasha E. Batalha,2021SLU,2021.0,S5,first,3396.0,21.0,1,2.0,,,,,1.0,,,
Jay Forsythe,2021SLU,2021.0,S5,first,3396.0,20.0,1,2.0,,,,,,,,
Amanda Stockton,2021SLU,2021.0,S5,first,3396.0,158.0,6,4.0,1.0,2.0,,4.0,1.0,0.0,,
Magdalena R. Osburn,2021SLU,2021.0,S5,first,3396.0,96.0,4,4.0,,2.0,,,,0.0,,
Hilke Schlichting,2021SLU,2021.0,S5,middle,3396.0,87.0,4,1.0,,2.0,,6.0,,,,
Eliza Kempton,2021SLU,2021.0,S5,middle,3396.0,275.0,9,11.0,6.0,4.0,1.0,7.0,2.0,,,
Christopher Martin,2021SLU,2021.0,S5,first,3396.0,20.0,1,2.0,,,,,2.0,,1.0,
Tori Hoehler,2021SLU,2021.0,S5,first,3396.0,197.0,17,2.0,1.0,4.0,7.0,,14.0,,14.0,2.0
Elizabeth McCormack,2021SLU,2021.0,S5,first,3396.0,52.0,1,2.0,,2.0,,,2.0,,,
Morgan Raven,2021SLU,2021.0,S5,last,3396.0,196.0,12,5.0,5.0,5.0,1.0,1.0,5.0,0.0,1.0,
Eliza Kempton,2021SLU,2021.0,S5,first,3396.0,23.0,1,2.0,,,,,1.0,,,
Hilke Schlichting,2021SLU,2021.0,S5,first,3396.0,19.0,1,2.0,,,,,,,,
Ziming Yang,2021SLU,2021.0,S5,first,3396.0,27.0,1,2.0,,,,,2.0,,,
Andro C. Rios,2021SLU,2021.0,S5,last,3396.0,114.0,8,2.0,,6.0,,4.0,2.0,0.0,,
Natasha E. Batalha,2021SLU,2021.0,S5,last,3396.0,96.0,3,4.0,,2.0,,2.0,,,,
Morgan Raven,2021SLU,2021.0,S5,middle,3396.0,114.0,5,4.0,,4.0,,4.0,2.0,,1.0,
Amanda Stockton,2021SLU,2021.0,S5,last,3396.0,63.0,12,1.0,3.0,,,7.0,3.0,,1.0,
Jay Forsythe,2021SLU,2021.0,S5,last,3396.0,353.0,17,11.0,8.0,6.0,3.0,5.0,8.0,0.0,1.0,
Magdalena R. Osburn,2021SLU,2021.0,S5,last,3396.0,54.0,3,,2.0,4.0,1.0,2.0,2.0,,,
Tori Hoehler,2021SLU,2021.0,S5,last,3396.0,250.0,14,8.0,,2.0,2.0,5.0,4.0,,6.0,2.0
Morgan Raven,2021SLU,2021.0,S5,first,3396.0,65.0,3,2.0,,2.0,1.0,,2.0,,1.0,
Andro C. Rios,2021SLU,2021.0,S5,middle,3396.0,39.0,5,2.0,2.0,,,1.0,2.0,,1.0,
Andrew Vanderburg,2021SLU,2021.0,S6,last,3618.0,25.0,2,2.0,,2.0,,,,0.0,,
Smadar Naoz,2021SLU,2021.0,S6,last,3618.0,196.0,12,9.0,1.0,6.0,2.0,2.0,1.0,0.0,,
Coco Zhang,2021SLU,2021.0,S6,last,3618.0,76.0,2,3.0,,2.0,,,3.0,,,
Leslie Anne Rogers,2021SLU,2021.0,S6,last,3618.0,160.0,19,13.0,6.0,10.0,1.0,2.0,3.0,0.0,,
Nick Cowan,2021SLU,2021.0,S6,first,3618.0,150.0,7,6.0,,4.0,,2.0,4.0,0.0,,
Courtney Dressing,2021SLU,2021.0,S6,first,3618.0,22.0,3,2.0,,,1.0,,0.0,,1.0,
Dan Huber,2021SLU,2021.0,S6,last,3618.0,194.0,12,11.0,4.0,6.0,4.0,0.0,4.0,,1.0,1.0
Andrew Vanderburg,2021SLU,2021.0,S6,middle,3618.0,154.0,10,12.0,0.0,5.0,,2.0,1.0,,1.0,
Daniel Apai,2021SLU,2021.0,S6,last,3618.0,460.0,28,20.0,3.0,21.0,9.0,,8.0,0.0,3.0,3.0
Coco Zhang,2021SLU,2021.0,S6,middle,3618.0,75.0,8,2.0,,4.0,,,2.0,0.0,,2.0
Smadar Naoz,2021SLU,2021.0,S6,middle,3618.0,368.0,13,14.0,9.0,5.0,,6.0,1.0,0.0,,
Leslie Anne Rogers,2021SLU,2021.0,S6,middle,3618.0,100.0,6,4.0,,2.0,,2.0,,0.0,,
Andrew Vanderburg,2021SLU,2021.0,S6,first,3618.0,23.0,3,4.0,,,,,1.0,,1.0,
Paul Robertson,2021SLU,2021.0,S6,last,3618.0,194.0,19,5.0,4.0,14.0,1.0,9.0,3.0,,,
Coco Zhang,2021SLU,2021.0,S6,first,3618.0,65.0,7,4.0,,4.0,1.0,2.0,1.0,,1.0,
Smadar Naoz,2021SLU,2021.0,S6,first,3618.0,112.0,5,4.0,1.0,3.0,,2.0,2.0,,1.0,
Leslie Anne Rogers,2021SLU,2021.0,S6,first,3618.0,28.0,5,2.0,0.0,1.0,1.0,2.0,3.0,,1.0,
Dan Huber,2021SLU,2021.0,S6,middle,3618.0,92.0,8,9.0,2.0,1.0,,,1.0,0.0,,
Daniel Apai,2021SLU,2021.0,S6,middle,3618.0,152.0,13,7.0,4.0,12.0,,2.0,2.0,0.0,1.0,1.0
Nick Cowan,2021SLU,2021.0,S6,last,3618.0,289.0,17,13.0,5.0,10.0,3.0,12.0,7.0,0.0,2.0,
Daniel Apai,2021SLU,2021.0,S6,first,3618.0,254.0,18,4.0,,2.0,19.0,2.0,10.0,,2.0,1.0
Dan Huber,2021SLU,2021.0,S6,first,3618.0,74.0,6,5.0,,2.0,3.0,,2.0,,1.0,
Courtney Dressing,2021SLU,2021.0,S6,last,3618.0,101.0,12,10.0,4.0,3.0,,,2.0,0.0,,1.0
Paul Robertson,2021SLU,2021.0,S6,first,3618.0,119.0,7,9.0,,3.0,2.0,,1.0,,1.0,
Nick Cowan,2021SLU,2021.0,S6,middle,3618.0,135.0,11,,,1.0,,10.0,2.0,0.0,,
Shawn Domagal-Goldman,2021SLU,2021.0,S7,last,3916.0,72.0,14,2.0,,1.0,12.0,10.0,10.0,,5.0,2.0
Greg Fournier,2021SLU,2021.0,S7,middle,3916.0,5.0,1,,,,,,0.0,,,
Chris Reinhard,2021SLU,2021.0,S7,first,3916.0,74.0,2,4.0,,,,,,,,
Anat Shahar,2021SLU,2021.0,S7,last,3916.0,150.0,20,3.0,,4.0,10.0,5.0,5.0,0.0,3.0,3.0
Greg Fournier,2021SLU,2021.0,S7,first,3916.0,70.0,6,3.0,,2.0,3.0,,0.0,0.0,,
Betül Kaçar,2021SLU,2021.0,S7,last,3916.0,233.0,11,3.0,2.0,8.0,3.0,4.0,7.0,,4.0,
Mathieu G. A. Lapotre,2021SLU,2021.0,S7,last,3916.0,124.0,4,6.0,4.0,4.0,,,1.0,,,
Peter Driscoll,2021SLU,2021.0,S7,last,3916.0,49.0,1,,,2.0,,2.0,,,,
Katherine de Kleer,2021SLU,2021.0,S7,middle,3916.0,103.0,4,2.0,1.0,4.0,,4.0,1.0,,2.0,
Ji Wang,2021SLU,2021.0,S7,last,3916.0,148.0,11,11.0,7.0,6.0,3.0,2.0,,0.0,,
Edwin Kite,2021SLU,2021.0,S7,last,3916.0,301.0,9,17.0,,8.0,,,2.0,,,
Anat Shahar,2021SLU,2021.0,S7,middle,3916.0,32.0,2,,1.0,,,,2.0,,2.0,2.0
Katherine de Kleer,2021SLU,2021.0,S7,first,3916.0,47.0,2,2.0,3.0,2.0,,,,,2.0,
Betül Kaçar,2021SLU,2021.0,S7,middle,3916.0,18.0,1,,,,,2.0,2.0,,,
Shawn Domagal-Goldman,2021SLU,2021.0,S7,first,3916.0,16.0,4,,1.0,,1.0,,5.0,,0.0,
Ji Wang,2021SLU,2021.0,S7,middle,3916.0,110.0,2,2.0,2.0,2.0,,2.0,2.0,,,
Mathieu G. A. Lapotre,2021SLU,2021.0,S7,middle,3916.0,217.0,7,11.0,,6.0,1.0,1.0,1.0,,1.0,1.0
Edwin Kite,2021SLU,2021.0,S7,middle,3916.0,196.0,4,6.0,,4.0,,4.0,,,,1.0
Anat Shahar,2021SLU,2021.0,S7,first,3916.0,215.0,26,5.0,,1.0,9.0,8.0,12.0,0.0,7.0,1.0
Solange Duhamel,2021SLU,2021.0,S7,first,3916.0,35.0,2,2.0,,,,,1.0,,,
Chris Reinhard,2021SLU,2021.0,S7,last,3916.0,360.0,10,11.0,2.0,9.0,,6.0,1.0,,1.0,4.0
Betül Kaçar,2021SLU,2021.0,S7,first,3916.0,62.0,1,2.0,,,,,,,,
Peter Driscoll,2021SLU,2021.0,S7,first,3916.0,61.0,5,7.0,,2.0,,,2.0,,2.0,
Mathieu G. A. Lapotre,2021SLU,2021.0,S7,first,3916.0,46.0,2,2.0,,,,,2.0,,,
Ji Wang,2021SLU,2021.0,S7,first,3916.0,250.0,10,9.0,,3.0,1.0,8.0,1.0,0.0,,
Edwin Kite,2021SLU,2021.0,S7,first,3916.0,102.0,5,4.0,,2.0,,2.0,1.0,,2.0,
Greg Fournier,2021SLU,2021.0,S7,last,3916.0,317.0,18,6.0,,4.0,8.0,7.0,4.0,0.0,,2.0
Chris Reinhard,2021SLU,2021.0,S7,middle,3916.0,503.0,15,13.0,7.0,4.0,,6.0,2.0,0.0,,1.0
Ziming Yang,2021SLU,2021.0,S8,last,3629.0,63.0,2,2.0,,2.0,,,1.0,,,
Smadar Naoz,2021SLU,2021.0,S8,last,3629.0,321.0,13,14.0,3.0,8.0,1.0,1.0,6.0,,,
Shawn Domagal-Goldman,2021SLU,2021.0,S8,last,3629.0,214.0,26,6.0,1.0,2.0,9.0,11.0,4.0,0.0,8.0,
Courtney Dressing,2021SLU,2021.0,S8,middle,3629.0,116.0,6,3.0,2.0,4.0,,2.0,4.0,,1.0,2.0
Chris Reinhard,2021SLU,2021.0,S8,first,3629.0,4.0,3,2.0,,,,1.0,,,,
Courtney Dressing,2021SLU,2021.0,S8,first,3629.0,152.0,14,9.0,2.0,4.0,3.0,4.0,8.0,0.0,4.0,
Ziming Yang,2021SLU,2021.0,S8,middle,3629.0,216.0,2,4.0,,2.0,,4.0,1.0,,,
Edwin Kite,2021SLU,2021.0,S8,last,3629.0,161.0,15,14.0,2.0,5.0,,12.0,0.0,0.0,,2.0
Smadar Naoz,2021SLU,2021.0,S8,middle,3629.0,153.0,15,10.0,2.0,7.0,,2.0,4.0,0.0,,
Shawn Domagal-Goldman,2021SLU,2021.0,S8,middle,3629.0,39.0,7,2.0,1.0,4.0,,2.0,3.0,,,
Joe Levy,2021SLU,2021.0,S8,last,3629.0,212.0,16,6.0,6.0,4.0,,10.0,1.0,0.0,1.0,
Ziming Yang,2021SLU,2021.0,S8,first,3629.0,52.0,2,,,3.0,,2.0,1.0,,,
Smadar Naoz,2021SLU,2021.0,S8,first,3629.0,88.0,8,7.0,,2.0,,4.0,,0.0,1.0,
Shawn Domagal-Goldman,2021SLU,2021.0,S8,first,3629.0,195.0,24,6.0,,8.0,20.0,16.0,8.0,0.0,10.0,
Richard Wiener,2021SLU,2021.0,S8,last,3629.0,10.0,3,,,,4.0,,2.0,,2.0,
Edwin Kite,2021SLU,2021.0,S8,middle,3629.0,246.0,13,18.0,6.0,3.0,,8.0,,0.0,,
Silvia Ronco,2021SLU,2021.0,S8,last,3629.0,28.0,4,,,,1.0,,1.0,,,
Chris Reinhard,2021SLU,2021.0,S8,last,3629.0,470.0,31,21.0,6.0,10.0,,11.0,6.0,0.0,1.0,
Peter Driscoll,2021SLU,2021.0,S8,first,3629.0,94.0,5,3.0,,2.0,,6.0,,,1.0,
Joe Levy,2021SLU,2021.0,S8,middle,3629.0,176.0,8,6.0,4.0,4.0,,9.0,1.0,,,
Edwin Kite,2021SLU,2021.0,S8,first,3629.0,127.0,7,8.0,,4.0,,2.0,,,1.0,1.0
Courtney Dressing,2021SLU,2021.0,S8,last,3629.0,247.0,20,7.0,0.0,4.0,4.0,3.0,17.0,,1.0,5.0
Joe Levy,2021SLU,2021.0,S8,first,3629.0,100.0,10,7.0,2.0,4.0,1.0,4.0,5.0,,,2.0
Chris Reinhard,2021SLU,2021.0,S8,middle,3629.0,145.0,8,6.0,0.0,4.0,,8.0,2.0,0.0,,
Meredith MacGregor,2021SLU,2021.0,S9,first,3608.0,94.0,13,8.0,,3.0,5.0,2.0,3.0,0.0,0.0,
Katherine de Kleer,2021SLU,2021.0,S9,last,3608.0,248.0,16,17.0,6.0,4.0,,,1.0,,1.0,
Richard Wiener,2021SLU,2021.0,S9,first,3608.0,66.0,5,1.0,1.0,,4.0,,1.0,0.0,,
Andrew Vanderburg,2021SLU,2021.0,S9,last,3608.0,236.0,25,12.0,-1.0,7.0,3.0,6.0,1.0,0.0,1.0,2.0
Keith Hawkins,2021SLU,2021.0,S9,first,3608.0,112.0,6,7.0,,3.0,,,1.0,0.0,1.0,
Brad Foley,2021SLU,2021.0,S9,middle,3608.0,65.0,1,1.0,,2.0,,2.0,,,,
Brad Foley,2021SLU,2021.0,S9,first,3608.0,65.0,7,3.0,,2.0,3.0,4.0,0.0,,1.0,
Dan Huber,2021SLU,2021.0,S9,last,3608.0,18.0,2,1.0,,1.0,,2.0,,,,
Katherine de Kleer,2021SLU,2021.0,S9,middle,3608.0,60.0,5,5.0,3.0,,,2.0,2.0,,1.0,
Andrew Vanderburg,2021SLU,2021.0,S9,middle,3608.0,93.0,8,8.0,2.0,,,4.0,0.0,0.0,,1.0
Lisa Kaltenegger,2021SLU,2021.0,S9,last,3608.0,691.0,37,11.0,4.0,17.0,6.0,22.0,11.0,0.0,12.0,
Andrew Vanderburg,2021SLU,2021.0,S9,first,3608.0,61.0,5,5.0,1.0,2.0,2.0,2.0,,,,
Katherine de Kleer,2021SLU,2021.0,S9,first,3608.0,157.0,16,14.0,,4.0,1.0,2.0,2.0,0.0,,
Meredith MacGregor,2021SLU,2021.0,S9,last,3608.0,126.0,8,2.0,4.0,8.0,,3.0,2.0,,1.0,
Dan Huber,2021SLU,2021.0,S9,middle,3608.0,85.0,3,4.0,3.0,,,2.0,,,1.0,
Noah Planavsky,2021SLU,2021.0,S9,last,3608.0,82.0,4,6.0,4.0,2.0,,,0.0,,,
Keith Hawkins,2021SLU,2021.0,S9,last,3608.0,222.0,16,9.0,5.0,10.0,,3.0,0.0,0.0,,
Lisa Kaltenegger,2021SLU,2021.0,S9,middle,3608.0,270.0,22,16.0,2.0,4.0,5.0,9.0,8.0,0.0,8.0,1.0
Dan Huber,2021SLU,2021.0,S9,first,3608.0,95.0,9,4.0,1.0,6.0,1.0,5.0,0.0,0.0,1.0,
Meredith MacGregor,2021SLU,2021.0,S9,middle,3608.0,157.0,7,6.0,1.0,4.0,,3.0,1.0,,3.0,
Brad Foley,2021SLU,2021.0,S9,last,3608.0,89.0,2,2.0,,,,,0.0,,,
Lisa Kaltenegger,2021SLU,2021.0,S9,first,3608.0,181.0,33,7.0,0.0,,19.0,2.0,14.0,,13.0,
Noah Planavsky,2021SLU,2021.0,S9,middle,3608.0,27.0,5,2.0,,,1.0,,4.0,,,
Keith Hawkins,2021SLU,2021.0,S9,middle,3608.0,308.0,5,10.0,4.0,4.0,,4.0,,,,
Elizabeth Bess,2022MND,2022.0,S1,first,3452.0,57.0,2,2.0,,1.0,1.0,,,,,
Mike O'Donnell,2022MND,2022.0,S1,last,3452.0,278.0,31,15.0,7.0,5.0,3.0,9.0,12.0,,1.0,1.0
Lisa Ryno,2022MND,2022.0,S1,first,3452.0,81.0,8,8.0,,2.0,2.0,,3.0,,,
Pamela Chang,2022MND,2022.0,S1,first,3452.0,25.0,2,3.0,,,,,,,,
Leah Pyter,2022MND,2022.0,S1,last,3452.0,64.0,3,4.0,3.0,2.0,,,1.0,,,1.0
Mike O'Donnell,2022MND,2022.0,S1,middle,3452.0,2.0,4,,,,,2.0,0.0,,,
Andrew Feig,2022MND,2022.0,S1,middle,3452.0,81.0,6,4.0,1.0,2.0,,2.0,0.0,0.0,,
Judith Eisen,2022MND,2022.0,S1,last,3452.0,800.0,65,37.0,13.0,15.0,15.0,7.0,27.0,0.0,5.0,1.0
Mike O'Donnell,2022MND,2022.0,S1,first,3452.0,54.0,4,2.0,2.0,2.0,,3.0,1.0,,,
Richard Wiener,2022MND,2022.0,S1,last,3452.0,14.0,1,,,,2.0,,,,,
Unidentified Speaker,2022MND,2022.0,S1,first,3452.0,51.0,16,8.0,,,2.0,,4.0,0.0,,
Erin Longbrake,2022MND,2022.0,S1,first,3452.0,32.0,2,3.0,,,,,,,,
Leah Pyter,2022MND,2022.0,S1,middle,3452.0,76.0,6,4.0,1.0,2.0,,2.0,1.0,,,
Kaixiong Ye,2022MND,2022.0,S1,middle,3452.0,300.0,18,18.0,10.0,7.0,,2.0,1.0,0.0,,
Elizabeth Bess,2022MND,2022.0,S1,last,3452.0,189.0,20,10.0,,4.0,2.0,2.0,9.0,0.0,,
Lisa Ryno,2022MND,2022.0,S1,last,3452.0,78.0,18,7.0,1.0,5.0,3.0,8.0,8.0,,,1.0
Kaixiong Ye,2022MND,2022.0,S1,first,3452.0,250.0,17,20.0,,5.0,2.0,,1.0,0.0,,
Judith Eisen,2022MND,2022.0,S1,middle,3452.0,450.0,20,23.0,7.0,8.0,,9.0,2.0,0.0,,
Aida Ebrahimi,2022MND,2022.0,S1,last,3452.0,213.0,14,5.0,,8.0,,6.0,7.0,,,
Elizabeth Bess,2022MND,2022.0,S1,middle,3452.0,2.0,2,0.0,,,,,,0.0,,
Judith Eisen,2022MND,2022.0,S1,first,3452.0,230.0,20,9.0,1.0,7.0,6.0,10.0,1.0,,3.0,
Lisa Ryno,2022MND,2022.0,S1,middle,3452.0,125.0,4,6.0,2.0,6.0,,,0.0,,,
Rima Kaddurah-Daouk,2022MND,2022.0,S2,last,3770.0,576.0,28,31.0,3.0,19.0,7.0,17.0,8.0,0.0,,1.0
Stephanie Cologna,2022MND,2022.0,S2,last,3770.0,157.0,11,4.0,9.0,,4.0,,3.0,,1.0,
Alexandra Basford,2022MND,2022.0,S2,first,3770.0,7.0,1,2.0,,,,,2.0,,,
Kai Zhang,2022MND,2022.0,S2,last,3770.0,280.0,30,13.0,2.0,8.0,9.0,9.0,6.0,0.0,,9.0
Barbara Bendlin,2022MND,2022.0,S2,middle,3770.0,37.0,7,3.0,1.0,2.0,2.0,1.0,2.0,,2.0,
Harris Wang,2022MND,2022.0,S2,last,3770.0,122.0,1,2.0,,2.0,,,,,,
Ukpong Eyo,2022MND,2022.0,S2,last,3770.0,73.0,2,2.0,2.0,4.0,,,2.0,,,
Barbara Bendlin,2022MND,2022.0,S2,first,3770.0,207.0,32,,3.0,3.0,20.0,10.0,20.0,,16.0,3.0
Rima Kaddurah-Daouk,2022MND,2022.0,S2,middle,3770.0,294.0,14,14.0,4.0,5.0,,8.0,7.0,0.0,,
Mei Shen,2022MND,2022.0,S2,last,3770.0,179.0,13,3.0,2.0,3.0,3.0,8.0,5.0,0.0,,
Stephanie Cologna,2022MND,2022.0,S2,middle,3770.0,47.0,5,,,4.0,,4.0,1.0,,2.0,
Kai Zhang,2022MND,2022.0,S2,middle,3770.0,137.0,6,5.0,2.0,2.0,,,2.0,,,1.0
Ashley Ross,2022MND,2022.0,S2,last,3770.0,39.0,8,5.0,2.0,2.0,,2.0,0.0,0.0,,1.0
Stephanie Cologna,2022MND,2022.0,S2,first,3770.0,147.0,17,18.0,,4.0,,4.0,3.0,,1.0,
Heather Bean,2022MND,2022.0,S2,last,3770.0,115.0,5,8.0,6.0,,,,,0.0,,
Rima Kaddurah-Daouk,2022MND,2022.0,S2,first,3770.0,339.0,15,11.0,,4.0,6.0,4.0,6.0,0.0,1.0,2.0
Harris Wang,2022MND,2022.0,S2,middle,3770.0,132.0,3,2.0,3.0,5.0,,,,,,
Kai Zhang,2022MND,2022.0,S2,first,3770.0,13.0,9,,,,6.0,4.0,2.0,,,
Ukpong Eyo,2022MND,2022.0,S2,middle,3770.0,78.0,3,4.0,2.0,,2.0,2.0,,,,1.0
Harris Wang,2022MND,2022.0,S2,first,3770.0,30.0,4,6.0,,2.0,,,,0.0,,
Ukpong Eyo,2022MND,2022.0,S2,first,3770.0,46.0,5,2.0,,,,6.0,1.0,,,1.0
Ashley Ross,2022MND,2022.0,S2,middle,3770.0,245.0,7,10.0,7.0,4.0,,2.0,,0.0,,
Heather Bean,2022MND,2022.0,S2,middle,3770.0,149.0,5,7.0,3.0,2.0,,2.0,,,,
Mei Shen,2022MND,2022.0,S2,first,3770.0,115.0,8,9.0,,,,2.0,1.0,,,
Barbara Bendlin,2022MND,2022.0,S2,last,3770.0,103.0,20,3.0,2.0,4.0,4.0,14.0,7.0,0.0,2.0,0.0
Heather Bean,2022MND,2022.0,S2,first,3770.0,50.0,5,8.0,,,,,1.0,,,
Ashley Ross,2022MND,2022.0,S2,first,3770.0,33.0,5,7.0,,,,,3.0,,,
Sandra Laney,2022MND,2022.0,S2,first,3770.0,20.0,2,4.0,,,,,1.0,,,
Ali Keshavarzian,2022MND,2022.0,S3,middle,4118.0,521.0,11,16.0,6.0,5.0,,10.0,,,7.0,1.0
JP Yu,2022MND,2022.0,S3,last,4118.0,203.0,5,4.0,4.0,4.0,1.0,2.0,2.0,,2.0,
Irene Yang,2022MND,2022.0,S3,last,4118.0,76.0,3,,2.0,3.0,,2.0,3.0,,,
Ran Blekhman,2022MND,2022.0,S3,middle,4118.0,51.0,1,2.0,,,,2.0,,,,
Wenjing Wang,2022MND,2022.0,S3,middle,4118.0,286.0,1,2.0,,2.0,,2.0,,,,
Andrew Feig,2022MND,2022.0,S3,last,4118.0,118.0,2,4.0,4.0,4.0,,,,,,
Ali Keshavarzian,2022MND,2022.0,S3,first,4118.0,421.0,23,17.0,,6.0,6.0,3.0,7.0,,7.0,
Annika Barber,2022MND,2022.0,S3,last,4118.0,201.0,12,15.0,2.0,13.0,2.0,3.0,,0.0,,1.0
Ran Blekhman,2022MND,2022.0,S3,first,4118.0,29.0,2,2.0,,,,,1.0,,,
JP Yu,2022MND,2022.0,S3,middle,4118.0,227.0,3,6.0,4.0,2.0,,4.0,,,,
Wenjing Wang,2022MND,2022.0,S3,first,4118.0,72.0,10,4.0,,,,,2.0,0.0,0.0,
Irene Yang,2022MND,2022.0,S3,middle,4118.0,72.0,2,2.0,3.0,2.0,,,,,,1.0
Jodi Lilley,2022MND,2022.0,S3,last,4118.0,55.0,2,2.0,,,3.0,2.0,,,,
Irene Yang,2022MND,2022.0,S3,first,4118.0,58.0,3,2.0,,,,2.0,3.0,,,
JP Yu,2022MND,2022.0,S3,first,4118.0,56.0,3,4.0,,,,,2.0,,,
Christopher Whidbey,2022MND,2022.0,S3,last,4118.0,64.0,3,,2.0,2.0,1.0,,0.0,,1.0,
Rachel Saylor,2022MND,2022.0,S3,last,4118.0,100.0,1,2.0,2.0,,,,,,,
Annika Barber,2022MND,2022.0,S3,middle,4118.0,23.0,3,6.0,2.0,1.0,,,,,,
Richard Wiener,2022MND,2022.0,S3,last,4118.0,10.0,1,,,,1.0,1.0,1.0,,,
Annika Barber,2022MND,2022.0,S3,first,4118.0,476.0,11,19.0,,7.0,,,3.0,0.0,,
Ali Keshavarzian,2022MND,2022.0,S3,last,4118.0,650.0,19,12.0,1.0,8.0,4.0,8.0,6.0,,5.0,5.0
Christopher Whidbey,2022MND,2022.0,S3,middle,4118.0,35.0,2,3.0,,1.0,,,,,,
Rachel Saylor,2022MND,2022.0,S3,middle,4118.0,92.0,2,2.0,2.0,2.0,,3.0,,,,
Ran Blekhman,2022MND,2022.0,S3,last,4118.0,71.0,4,4.0,1.0,6.0,,2.0,1.0,,,
Jodi Lilley,2022MND,2022.0,S3,first,4118.0,21.0,1,2.0,,,,,2.0,,,
Wenjing Wang,2022MND,2022.0,S3,last,4118.0,37.0,2,2.0,0.0,2.0,,,1.0,,,
Christopher Whidbey,2022MND,2022.0,S3,first,4118.0,72.0,7,2.0,,1.0,2.0,1.0,3.0,0.0,,
Rachel Saylor,2022MND,2022.0,S3,first,4118.0,21.0,2,2.0,,,,,2.0,,,
Iliyan Iliev,2022MND,2022.0,S4,last,3376.0,198.0,16,17.0,3.0,3.0,0.0,,6.0,,,
Melanie Gareau,2022MND,2022.0,S4,middle,3376.0,71.0,2,4.0,,4.0,,,,,,
Erin Longbrake,2022MND,2022.0,S4,last,3376.0,215.0,32,13.0,7.0,5.0,8.0,13.0,9.0,0.0,2.0,2.0
Thomas Mansell,2022MND,2022.0,S4,first,3376.0,49.0,3,2.0,,,,,1.0,,1.0,
David Durgan,2022MND,2022.0,S4,last,3376.0,3.0,2,1.0,,,,,1.0,,,
Pamela Chang,2022MND,2022.0,S4,first,3376.0,51.0,4,4.0,,,1.0,,,,1.0,
Rosa  Krajmalnik-Brown,2022MND,2022.0,S4,middle,3376.0,24.0,6,,,,,4.0,1.0,0.0,2.0,
Melanie Gareau,2022MND,2022.0,S4,first,3376.0,30.0,1,2.0,,,,,,,,
Iliyan Iliev,2022MND,2022.0,S4,middle,3376.0,354.0,15,20.0,2.0,5.0,,6.0,1.0,0.0,2.0,
Erin Longbrake,2022MND,2022.0,S4,middle,3376.0,62.0,4,,,3.0,,,1.0,0.0,,1.0
Faranak Fattahi,2022MND,2022.0,S4,last,3376.0,153.0,11,,1.0,3.0,1.0,6.0,2.0,0.0,,
Rosa  Krajmalnik-Brown,2022MND,2022.0,S4,first,3376.0,216.0,34,16.0,,,15.0,6.0,20.0,0.0,11.0,
David Durgan,2022MND,2022.0,S4,middle,3376.0,167.0,3,6.0,,2.0,,,1.0,,,
Iliyan Iliev,2022MND,2022.0,S4,first,3376.0,373.0,14,16.0,4.0,6.0,0.0,4.0,3.0,,,
Erin Longbrake,2022MND,2022.0,S4,first,3376.0,67.0,7,3.0,2.0,,1.0,4.0,1.0,0.0,,
David Durgan,2022MND,2022.0,S4,first,3376.0,73.0,3,3.0,,2.0,1.0,2.0,,,,
Andrew Feig,2022MND,2022.0,S4,first,3376.0,63.0,3,5.0,,2.0,,1.0,,,,
Thomas Mansell,2022MND,2022.0,S4,last,3376.0,188.0,18,6.0,2.0,4.0,1.0,13.0,7.0,0.0,0.0,
Faranak Fattahi,2022MND,2022.0,S4,middle,3376.0,79.0,3,,,2.0,,4.0,,0.0,1.0,
Okay,2022MND,2022.0,S4,last,3376.0,0.0,1,,,,,,0.0,,,
Pamela Chang,2022MND,2022.0,S4,last,3376.0,37.0,7,5.0,,,,2.0,4.0,0.0,,
Melanie Gareau,2022MND,2022.0,S4,last,3376.0,137.0,8,14.0,,2.0,,,,0.0,,
Faranak Fattahi,2022MND,2022.0,S4,first,3376.0,145.0,6,6.0,,2.0,,6.0,1.0,,,
Rosa  Krajmalnik-Brown,2022MND,2022.0,S4,last,3376.0,402.0,43,26.0,0.0,3.0,11.0,16.0,11.0,0.0,5.0,4.0
Thomas Mansell,2022MND,2022.0,S4,middle,3376.0,219.0,11,8.0,,6.0,,8.0,-1.0,0.0,,
Stephanie Cologna,2022MND,2022.0,S5,last,3288.0,2.0,1,,,,1.0,,,,,
Iliyan Iliev,2022MND,2022.0,S5,last,3288.0,272.0,27,18.0,7.0,4.0,0.0,,1.0,0.0,,
Erin Longbrake,2022MND,2022.0,S5,last,3288.0,359.0,43,11.0,5.0,7.0,13.0,9.0,8.0,0.0,,12.0
Thomas Mansell,2022MND,2022.0,S5,first,3288.0,63.0,1,2.0,,2.0,,,,,,
David Durgan,2022MND,2022.0,S5,last,3288.0,2.0,1,,,1.0,,,,,,
Pamela Chang,2022MND,2022.0,S5,first,3288.0,48.0,3,4.0,,,,,,,1.0,
Unidentified Speaker,2022MND,2022.0,S5,last,3288.0,5.0,5,,,,,,4.0,,,
Rosa  Krajmalnik-Brown,2022MND,2022.0,S5,middle,3288.0,31.0,5,,,,1.0,4.0,1.0,,3.0,
Melanie Gareau,2022MND,2022.0,S5,first,3288.0,64.0,5,4.0,,,,,0.0,0.0,,
Iliyan Iliev,2022MND,2022.0,S5,middle,3288.0,288.0,14,15.0,2.0,2.0,,4.0,4.0,0.0,1.0,
Rosa  Krajmalnik-Brown,2022MND,2022.0,S5,first,3288.0,139.0,22,4.0,,,9.0,4.0,13.0,0.0,10.0,
Erin Longbrake,2022MND,2022.0,S5,middle,3288.0,61.0,3,2.0,,1.0,,2.0,,0.0,,2.0
Faranak Fattahi,2022MND,2022.0,S5,last,3288.0,139.0,11,3.0,1.0,3.0,1.0,6.0,1.0,0.0,,
David Durgan,2022MND,2022.0,S5,middle,3288.0,168.0,9,12.0,0.0,4.0,,,1.0,,,
Iliyan Iliev,2022MND,2022.0,S5,first,3288.0,248.0,8,12.0,4.0,4.0,,4.0,1.0,,,
Richard Wiener,2022MND,2022.0,S5,last,3288.0,16.0,2,,,,3.0,,1.0,,,
Erin Longbrake,2022MND,2022.0,S5,first,3288.0,64.0,6,4.0,,2.0,1.0,3.0,1.0,0.0,,
Andrew Feig,2022MND,2022.0,S5,first,3288.0,58.0,3,4.0,,2.0,2.0,,0.0,,,
Thomas Mansell,2022MND,2022.0,S5,last,3288.0,140.0,20,9.0,3.0,2.0,1.0,9.0,6.0,,,1.0
Faranak Fattahi,2022MND,2022.0,S5,middle,3288.0,79.0,3,,,2.0,,4.0,,,2.0,
Pamela Chang,2022MND,2022.0,S5,last,3288.0,53.0,2,2.0,,,,2.0,1.0,,,
Melanie Gareau,2022MND,2022.0,S5,last,3288.0,141.0,8,13.0,6.0,,,,,,,
Faranak Fattahi,2022MND,2022.0,S5,first,3288.0,137.0,4,4.0,,3.0,,2.0,,0.0,1.0,
Rosa  Krajmalnik-Brown,2022MND,2022.0,S5,last,3288.0,479.0,40,18.0,2.0,8.0,6.0,14.0,16.0,0.0,5.0,3.0
Thomas Mansell,2022MND,2022.0,S5,middle,3288.0,232.0,12,10.0,,13.0,,6.0,,0.0,1.0,1.0
Linnea Freeman,2022MND,2022.0,S6,first,3876.0,245.0,6,8.0,,3.0,1.0,,2.0,0.0,,
Stephanie Cologna,2022MND,2022.0,S6,last,3876.0,2.0,1,,,,1.0,,,,,
Yanjiao Zhou,2022MND,2022.0,S6,middle,3876.0,152.0,12,12.0,,2.0,,6.0,6.0,,,
Yanjiao Zhou,2022MND,2022.0,S6,first,3876.0,146.0,5,6.0,,,,2.0,0.0,,,
George Weinstock,2022MND,2022.0,S6,last,3876.0,219.0,17,3.0,4.0,10.0,8.0,14.0,4.0,,2.0,2.0
Nandita Garud,2022MND,2022.0,S6,last,3876.0,214.0,18,13.0,6.0,,,11.0,5.0,,,
Corinne Maurice,2022MND,2022.0,S6,last,3876.0,185.0,5,8.0,2.0,2.0,,2.0,5.0,,,4.0
Gianna Hammer,2022MND,2022.0,S6,last,3876.0,449.0,15,11.0,3.0,7.0,3.0,9.0,8.0,,,5.0
Linnea Freeman,2022MND,2022.0,S6,last,3876.0,432.0,19,21.0,1.0,2.0,,9.0,4.0,,,
Richard Wiener,2022MND,2022.0,S6,last,3876.0,25.0,2,,,,3.0,2.0,1.0,,,
George Weinstock,2022MND,2022.0,S6,middle,3876.0,148.0,6,2.0,,3.0,3.0,4.0,2.0,,2.0,
Nandita Garud,2022MND,2022.0,S6,middle,3876.0,24.0,1,2.0,,,,2.0,,,,
Corinne Maurice,2022MND,2022.0,S6,middle,3876.0,18.0,3,1.0,,,,4.0,2.0,,,
Gianna Hammer,2022MND,2022.0,S6,middle,3876.0,482.0,14,16.0,2.0,,1.0,9.0,1.0,0.0,,
Linnea Freeman,2022MND,2022.0,S6,middle,3876.0,433.0,15,23.0,,9.0,,2.0,4.0,,1.0,
Yanjiao Zhou,2022MND,2022.0,S6,last,3876.0,88.0,18,13.0,1.0,,,12.0,4.0,0.0,,
George Weinstock,2022MND,2022.0,S6,first,3876.0,176.0,35,12.0,,6.0,10.0,11.0,10.0,0.0,12.0,
Elizabeth Weiss,2022MND,2022.0,S6,first,3876.0,32.0,5,4.0,,,,,3.0,,2.0,
Nandita Garud,2022MND,2022.0,S6,first,3876.0,52.0,9,9.0,,,,2.0,0.0,,,
Corinne Maurice,2022MND,2022.0,S6,first,3876.0,138.0,21,16.0,,,1.0,5.0,1.0,0.0,,
Gianna Hammer,2022MND,2022.0,S6,first,3876.0,216.0,7,13.0,2.0,,,,,,,
Irene Yang,2022MND,2022.0,S1,last,3186.0,247.0,15,10.0,5.0,5.0,1.0,6.0,2.0,0.0,,
Melanie Gareau,2022MND,2022.0,S1,middle,3186.0,32.0,1,2.0,,,,,1.0,,,
Erin Longbrake,2022MND,2022.0,S1,last,3186.0,362.0,19,20.0,4.0,2.0,4.0,6.0,1.0,0.0,1.0,2.0
Emily Balskus,2022MND,2022.0,S1,middle,3186.0,50.0,3,2.0,,,3.0,2.0,,,1.0,1.0
Melanie Gareau,2022MND,2022.0,S1,first,3186.0,4.0,1,2.0,,,,,,,,
Irene Yang,2022MND,2022.0,S1,middle,3186.0,63.0,2,,,2.0,,4.0,,,,
Emily Balskus,2022MND,2022.0,S1,first,3186.0,147.0,17,6.0,,,6.0,3.0,4.0,0.0,2.0,
Erin Longbrake,2022MND,2022.0,S1,middle,3186.0,226.0,12,6.0,8.0,4.0,,6.0,8.0,0.0,3.0,
Ashley Ross,2022MND,2022.0,S1,last,3186.0,440.0,40,13.0,2.0,9.0,11.0,12.0,2.0,0.0,,2.0
Heather Bean,2022MND,2022.0,S1,last,3186.0,307.0,15,15.0,,14.0,1.0,4.0,1.0,,,2.0
Jaeyun Sung,2022MND,2022.0,S1,last,3186.0,172.0,23,10.0,,4.0,2.0,8.0,3.0,0.0,,1.0
Irene Yang,2022MND,2022.0,S1,first,3186.0,18.0,2,2.0,,,1.0,,1.0,,1.0,
Gianna Hammer,2022MND,2022.0,S1,last,3186.0,74.0,1,,1.0,,,2.0,2.0,,,
Richard Wiener,2022MND,2022.0,S1,last,3186.0,10.0,2,,,,2.0,,,,,
Erin Longbrake,2022MND,2022.0,S1,first,3186.0,79.0,9,7.0,,1.0,4.0,2.0,2.0,,0.0,
Silvia Ronco,2022MND,2022.0,S1,last,3186.0,1.0,2,,,,1.0,,0.0,,,
Ashley Ross,2022MND,2022.0,S1,middle,3186.0,101.0,9,10.0,4.0,1.0,,3.0,2.0,,2.0,
Heather Bean,2022MND,2022.0,S1,middle,3186.0,72.0,7,5.0,,5.0,,8.0,,,,
Jaeyun Sung,2022MND,2022.0,S1,middle,3186.0,367.0,11,10.0,,4.0,1.0,6.0,1.0,0.0,3.0,
Gianna Hammer,2022MND,2022.0,S1,middle,3186.0,89.0,11,11.0,5.0,3.0,,2.0,3.0,,,
Heather Bean,2022MND,2022.0,S1,first,3186.0,18.0,5,2.0,,,,1.0,2.0,,,
Ashley Ross,2022MND,2022.0,S1,first,3186.0,3.0,1,,,,2.0,,,,,
Gianna Hammer,2022MND,2022.0,S1,first,3186.0,169.0,14,22.0,,6.0,2.0,2.0,1.0,,,
Jaeyun Sung,2022MND,2022.0,S1,first,3186.0,52.0,2,2.0,,,,2.0,0.0,,,
Emily Balskus,2022MND,2022.0,S1,last,3186.0,83.0,6,,1.0,2.0,2.0,3.0,1.0,0.0,0.0,
Ali Keshavarzian,2022MND,2022.0,S10,middle,3566.0,687.0,16,17.0,3.0,9.0,,15.0,4.0,,4.0,2.0
Jaehyun,2022MND,2022.0,S10,middle,3566.0,43.0,5,2.0,,2.0,,4.0,7.0,,,
David Durgan,2022MND,2022.0,S10,first,3566.0,78.0,13,4.0,,,,4.0,4.0,0.0,2.0,
David Durgan,2022MND,2022.0,S10,last,3566.0,238.0,15,17.0,0.0,6.0,,6.0,1.0,,,2.0
Jaeyun,2022MND,2022.0,S10,middle,3566.0,192.0,4,4.0,2.0,2.0,,4.0,0.0,,,
Ali Keshavarzian,2022MND,2022.0,S10,first,3566.0,638.0,33,37.0,3.0,6.0,2.0,10.0,11.0,0.0,3.0,
Ashley Ross,2022MND,2022.0,S10,middle,3566.0,165.0,5,10.0,2.0,,,,,,,
Ali Keshavarzian,2022MND,2022.0,S10,last,3566.0,765.0,46,30.0,11.0,12.0,5.0,10.0,14.0,0.0,12.0,
Jaeyun,2022MND,2022.0,S10,first,3566.0,186.0,18,9.0,,2.0,5.0,4.0,4.0,0.0,,
Ashley Ross,2022MND,2022.0,S10,first,3566.0,89.0,15,11.0,,1.0,,1.0,2.0,0.0,,
Jaeyun,2022MND,2022.0,S10,last,3566.0,249.0,19,6.0,4.0,4.0,3.0,9.0,6.0,0.0,1.0,2.0
Ashley Ross,2022MND,2022.0,S10,last,3566.0,124.0,4,2.0,,2.0,1.0,,,0.0,,
David Durgan,2022MND,2022.0,S10,middle,3566.0,112.0,4,6.0,,2.0,,,0.0,,,
Linnea Freeman,2022MND,2022.0,S11,first,3221.0,2.0,3,,,,1.0,1.0,1.0,,1.0,
Stephanie Cologna,2022MND,2022.0,S11,last,3221.0,1.0,1,,,,,,1.0,,,
Pamela Chang,2022MND,2022.0,S11,middle,3221.0,14.0,2,3.0,,,,,,,,
Ran Blekhman,2022MND,2022.0,S11,middle,3221.0,74.0,2,1.0,,2.0,,4.0,,,,1.0
Yanjiao Zhou,2022MND,2022.0,S11,middle,3221.0,136.0,9,3.0,,,,11.0,,0.0,1.0,
Stavroula Hatzios,2022MND,2022.0,S11,last,3221.0,17.0,9,1.0,2.0,,2.0,,2.0,0.0,,
Erin Longbrake,2022MND,2022.0,S11,last,3221.0,216.0,12,14.0,2.0,2.0,1.0,7.0,0.0,,2.0,
Thomas Mansell,2022MND,2022.0,S11,first,3221.0,79.0,3,3.0,,2.0,,2.0,2.0,,,
Pamela Chang,2022MND,2022.0,S11,first,3221.0,27.0,1,2.0,,,,,1.0,,1.0,
Yanjiao Zhou,2022MND,2022.0,S11,first,3221.0,121.0,7,6.0,,,1.0,,1.0,,1.0,
Jodi Lilley,2022MND,2022.0,S11,last,3221.0,362.0,34,13.0,6.0,2.0,16.0,7.0,4.0,0.0,,3.0
Erin Longbrake,2022MND,2022.0,S11,middle,3221.0,275.0,9,13.0,3.0,,,6.0,2.0,,,
Stavroula Hatzios,2022MND,2022.0,S11,middle,3221.0,51.0,1,2.0,2.0,,,,,,,
Judith Eisen,2022MND,2022.0,S11,last,3221.0,243.0,22,2.0,2.0,4.0,10.0,9.0,5.0,0.0,7.0,4.0
Linnea Freeman,2022MND,2022.0,S11,last,3221.0,205.0,10,7.0,2.0,6.0,,2.0,1.0,0.0,2.0,
Stavroula Hatzios,2022MND,2022.0,S11,first,3221.0,70.0,6,4.0,,,4.0,2.0,3.0,,1.0,
Erin Longbrake,2022MND,2022.0,S11,first,3221.0,395.0,13,19.0,6.0,2.0,8.0,,,,3.0,
Thomas Mansell,2022MND,2022.0,S11,last,3221.0,24.0,1,2.0,1.0,2.0,,,,,,
Judith Eisen,2022MND,2022.0,S11,middle,3221.0,111.0,9,3.0,1.0,2.0,,4.0,0.0,,1.0,2.0
Pamela Chang,2022MND,2022.0,S11,last,3221.0,161.0,11,16.0,1.0,1.0,,7.0,3.0,,,1.0
Ran Blekhman,2022MND,2022.0,S11,last,3221.0,133.0,3,4.0,4.0,2.0,,,2.0,,,
Linnea Freeman,2022MND,2022.0,S11,middle,3221.0,23.0,1,1.0,,,,,1.0,,,
Yanjiao Zhou,2022MND,2022.0,S11,last,3221.0,84.0,7,8.0,,2.0,,5.0,1.0,,,
Jodi Lilley,2022MND,2022.0,S11,first,3221.0,47.0,6,3.0,,,3.0,2.0,4.0,0.0,1.0,
Judith Eisen,2022MND,2022.0,S11,first,3221.0,139.0,20,4.0,,,11.0,6.0,5.0,0.0,3.0,
Thomas Mansell,2022MND,2022.0,S11,middle,3221.0,211.0,9,12.0,2.0,3.0,,2.0,2.0,,,
Ali Keshavarzian,2022MND,2022.0,S12,last,30.0,6.0,2,,,,1.0,,0.0,,,
David Durgan,2022MND,2022.0,S12,first,30.0,0.0,1,,,,,,0.0,,,
Ashley Ross,2022MND,2022.0,S12,first,30.0,2.0,1,1.0,,,,,,,,
Jaeyun,2022MND,2022.0,S12,last,30.0,5.0,1,2.0,,,1.0,,,,,
David Durgan,2022MND,2022.0,S12,last,30.0,6.0,2,,,,,1.0,1.0,,,
Ashley Ross,2022MND,2022.0,S12,last,30.0,4.0,4,,,,0.0,2.0,0.0,,,
Ashley Ross,2022MND,2022.0,S12,middle,30.0,7.0,1,,,,,1.0,,,,
Rima Kaddurah-Daouk,2022MND,2022.0,S2,last,3056.0,355.0,47,26.0,8.0,16.0,6.0,13.0,20.0,0.0,0.0,
Iliyan Iliev,2022MND,2022.0,S2,last,3056.0,117.0,9,11.0,4.0,6.0,,,0.0,0.0,,
Carolina Tropini,2022MND,2022.0,S2,last,3056.0,19.0,10,,,,,2.0,8.0,,,
David Durgan,2022MND,2022.0,S2,last,3056.0,150.0,17,10.0,,,4.0,6.0,1.0,,,9.0
Pamela Chang,2022MND,2022.0,S2,first,3056.0,42.0,2,2.0,,,1.0,,,,1.0,
Andrew Feig,2022MND,2022.0,S2,last,3056.0,139.0,10,12.0,,2.0,2.0,,3.0,,,
Rosa  Krajmalnik-Brown,2022MND,2022.0,S2,middle,3056.0,92.0,15,4.0,3.0,5.0,5.0,5.0,2.0,,2.0,2.0
Aida Ebrahimi,2022MND,2022.0,S2,middle,3056.0,272.0,19,14.0,4.0,4.0,,4.0,2.0,0.0,,
Rima Kaddurah-Daouk,2022MND,2022.0,S2,middle,3056.0,175.0,22,9.0,0.0,8.0,1.0,8.0,6.0,0.0,2.0,
Yanjiao Zhou,2022MND,2022.0,S2,first,3056.0,114.0,8,7.0,0.0,2.0,,2.0,2.0,,1.0,
Aida Ebrahimi,2022MND,2022.0,S2,first,3056.0,62.0,1,2.0,,,,,,,,
Iliyan Iliev,2022MND,2022.0,S2,middle,3056.0,188.0,19,17.0,12.0,2.0,,1.0,4.0,0.0,4.0,
Carolina Tropini,2022MND,2022.0,S2,middle,3056.0,66.0,12,4.0,,5.0,1.0,,1.0,0.0,,
Rosa  Krajmalnik-Brown,2022MND,2022.0,S2,first,3056.0,133.0,18,7.0,,5.0,11.0,2.0,6.0,0.0,6.0,
Rima Kaddurah-Daouk,2022MND,2022.0,S2,first,3056.0,283.0,29,12.0,2.0,9.0,11.0,6.0,10.0,0.0,3.0,
Carolina Tropini,2022MND,2022.0,S2,first,3056.0,129.0,3,6.0,2.0,4.0,2.0,,1.0,,,
Iliyan Iliev,2022MND,2022.0,S2,first,3056.0,164.0,5,7.0,,1.0,,2.0,,,1.0,
Richard Wiener,2022MND,2022.0,S2,last,3056.0,8.0,2,,,,1.0,,0.0,,,1.0
David Durgan,2022MND,2022.0,S2,first,3056.0,48.0,6,3.0,1.0,1.0,2.0,,1.0,0.0,1.0,
Yanjiao Zhou,2022MND,2022.0,S2,last,3056.0,72.0,6,,2.0,2.0,,10.0,1.0,,,1.0
Aida Ebrahimi,2022MND,2022.0,S2,last,3056.0,31.0,8,4.0,1.0,2.0,,4.0,4.0,,,
Rosa  Krajmalnik-Brown,2022MND,2022.0,S2,last,3056.0,397.0,44,32.0,10.0,6.0,11.0,4.0,19.0,0.0,0.0,
Linnea Freeman,2022MND,2022.0,S3,first,3584.0,84.0,17,4.0,,1.0,1.0,2.0,7.0,0.0,,
Richard Wiener,2022MND,2022.0,S3,first,3584.0,10.0,2,,,,1.0,,1.0,,,
Annika Barber,2022MND,2022.0,S3,last,3584.0,742.0,63,57.0,18.0,18.0,3.0,15.0,7.0,0.0,1.0,2.0
Faranak Fattahi,2022MND,2022.0,S3,last,3584.0,292.0,20,11.0,3.0,9.0,3.0,11.0,1.0,,,1.0
Andrew Feig,2022MND,2022.0,S3,middle,3584.0,13.0,2,,,,1.0,,1.0,,,
Judith Eisen,2022MND,2022.0,S3,last,3584.0,124.0,11,9.0,1.0,5.0,3.0,,0.0,0.0,,
Rachel Saylor,2022MND,2022.0,S3,last,3584.0,73.0,6,,1.0,7.0,,2.0,,0.0,,
Annika Barber,2022MND,2022.0,S3,middle,3584.0,210.0,18,20.0,5.0,4.0,2.0,3.0,4.0,0.0,,
Linnea Freeman,2022MND,2022.0,S3,last,3584.0,283.0,26,5.0,6.0,18.0,,7.0,4.0,0.0,,
Annika Barber,2022MND,2022.0,S3,first,3584.0,536.0,50,46.0,5.0,6.0,4.0,6.0,4.0,0.0,,
Faranak Fattahi,2022MND,2022.0,S3,middle,3584.0,230.0,3,4.0,,4.0,,5.0,,,1.0,
Judith Eisen,2022MND,2022.0,S3,middle,3584.0,265.0,20,11.0,2.0,8.0,7.0,2.0,6.0,0.0,0.0,
Rachel Saylor,2022MND,2022.0,S3,middle,3584.0,72.0,4,3.0,,2.0,,2.0,2.0,,,
Linnea Freeman,2022MND,2022.0,S3,middle,3584.0,269.0,5,5.0,,7.0,,2.0,1.0,,,
Richard Wiener,2022MND,2022.0,S3,middle,3584.0,2.0,1,,,,1.0,,,,,
Faranak Fattahi,2022MND,2022.0,S3,first,3584.0,59.0,4,4.0,2.0,5.0,,,1.0,,,
Silvia Ronco,2022MND,2022.0,S3,middle,3584.0,4.0,3,2.0,,,2.0,,2.0,,,
Judith Eisen,2022MND,2022.0,S3,first,3584.0,239.0,20,11.0,0.0,3.0,1.0,6.0,4.0,0.0,,
Rachel Saylor,2022MND,2022.0,S3,first,3584.0,77.0,6,2.0,1.0,4.0,,2.0,1.0,0.0,,
Ran Blekhman,2022MND,2022.0,S4,middle,3933.0,30.0,1,2.0,2.0,,,,2.0,,,
Stavroula Hatzios,2022MND,2022.0,S4,last,3933.0,8.0,1,1.0,1.0,1.0,,,,,,
Thomas Mansell,2022MND,2022.0,S4,first,3933.0,71.0,4,5.0,,,,,5.0,,,
Lisa Osborne,2022MND,2022.0,S4,middle,3933.0,47.0,2,4.0,,2.0,,,,,,
Andrew Feig,2022MND,2022.0,S4,last,3933.0,5.0,2,1.0,,,,,,0.0,,
Mark Mimee,2022MND,2022.0,S4,last,3933.0,110.0,11,3.0,5.0,4.0,,4.0,5.0,0.0,,2.0
Ran Blekhman,2022MND,2022.0,S4,first,3933.0,154.0,10,6.0,,0.0,,9.0,2.0,,,
Kaixiong Ye,2022MND,2022.0,S4,last,3933.0,246.0,16,12.0,,10.0,3.0,4.0,4.0,0.0,1.0,
Lisa Osborne,2022MND,2022.0,S4,first,3933.0,231.0,7,10.0,,2.0,,2.0,1.0,,,
George Weinstock,2022MND,2022.0,S4,last,3933.0,272.0,14,13.0,3.0,6.0,4.0,5.0,3.0,0.0,,1.0
Nandita Garud,2022MND,2022.0,S4,last,3933.0,51.0,2,4.0,2.0,4.0,,,1.0,,,
Corinne Maurice,2022MND,2022.0,S4,last,3933.0,308.0,16,11.0,6.0,5.0,,7.0,8.0,0.0,,
Stavroula Hatzios,2022MND,2022.0,S4,middle,3933.0,46.0,1,1.0,2.0,2.0,,,,,,
Mark Mimee,2022MND,2022.0,S4,middle,3933.0,227.0,17,11.0,2.0,3.0,,6.0,5.0,0.0,1.0,
Richard Wiener,2022MND,2022.0,S4,last,3933.0,7.0,2,,,,2.0,,1.0,,,
Stavroula Hatzios,2022MND,2022.0,S4,first,3933.0,52.0,5,6.0,,,,,2.0,,,
Kaixiong Ye,2022MND,2022.0,S4,middle,3933.0,100.0,7,3.0,0.0,5.0,,2.0,0.0,0.0,,
Silvia Ronco,2022MND,2022.0,S4,last,3933.0,4.0,2,,,,1.0,,2.0,0.0,,
George Weinstock,2022MND,2022.0,S4,middle,3933.0,269.0,3,,,4.0,2.0,4.0,,,1.0,
Nandita Garud,2022MND,2022.0,S4,middle,3933.0,211.0,11,6.0,3.0,6.0,,2.0,5.0,,,
Mark Mimee,2022MND,2022.0,S4,first,3933.0,75.0,2,4.0,,2.0,,,1.0,,,
Corinne Maurice,2022MND,2022.0,S4,middle,3933.0,151.0,6,7.0,,1.0,,,2.0,,1.0,2.0
Thomas Mansell,2022MND,2022.0,S4,last,3933.0,186.0,13,7.0,2.0,6.0,,4.0,8.0,,1.0,2.0
Kaixiong Ye,2022MND,2022.0,S4,first,3933.0,38.0,4,3.0,,,2.0,,,,,
Ran Blekhman,2022MND,2022.0,S4,last,3933.0,38.0,1,2.0,,1.0,,,2.0,,,
George Weinstock,2022MND,2022.0,S4,first,3933.0,81.0,26,2.0,0.0,1.0,9.0,1.0,17.0,0.0,12.0,
Nandita Garud,2022MND,2022.0,S4,first,3933.0,221.0,11,9.0,4.0,5.0,,6.0,2.0,,,
Corinne Maurice,2022MND,2022.0,S4,first,3933.0,231.0,5,8.0,,6.0,,2.0,1.0,,,2.0
Lisa Osborne,2022MND,2022.0,S4,last,3933.0,267.0,10,14.0,4.0,8.0,1.0,2.0,2.0,,,
Thomas Mansell,2022MND,2022.0,S4,middle,3933.0,196.0,4,4.0,1.0,4.0,,,0.0,,,
Ali Keshavarzian,2022MND,2022.0,S5,middle,3771.0,602.0,10,18.0,4.0,9.0,,2.0,3.0,,1.0,
Stephanie Cologna,2022MND,2022.0,S5,last,3771.0,79.0,7,4.0,,7.0,,2.0,2.0,0.0,,
Alexandra Basford,2022MND,2022.0,S5,first,3771.0,10.0,1,1.0,,,,,2.0,,,
JP Yu,2022MND,2022.0,S5,last,3771.0,12.0,5,3.0,0.0,,,,0.0,,,
Kai Zhang,2022MND,2022.0,S5,last,3771.0,13.0,4,,,,,2.0,2.0,0.0,,
Barbara Bendlin,2022MND,2022.0,S5,middle,3771.0,70.0,4,2.0,,4.0,,4.0,4.0,,4.0,1.0
Elizabeth Bess,2022MND,2022.0,S5,first,3771.0,27.0,1,2.0,,,,,,,,
Lisa Ryno,2022MND,2022.0,S5,first,3771.0,58.0,4,4.0,,,3.0,,1.0,0.0,,
Ali Keshavarzian,2022MND,2022.0,S5,first,3771.0,472.0,43,59.0,3.0,6.0,3.0,,2.0,0.0,1.0,1.0
Ukpong Eyo,2022MND,2022.0,S5,last,3771.0,80.0,5,4.0,,,,,1.0,0.0,,3.0
Barbara Bendlin,2022MND,2022.0,S5,first,3771.0,213.0,32,6.0,,1.0,25.0,6.0,22.0,0.0,14.0,2.0
Mei Shen,2022MND,2022.0,S5,last,3771.0,75.0,14,,,4.0,2.0,6.0,3.0,,1.0,
JP Yu,2022MND,2022.0,S5,middle,3771.0,275.0,9,11.0,5.0,6.0,,4.0,,,,
Stephanie Cologna,2022MND,2022.0,S5,middle,3771.0,31.0,2,1.0,,,,2.0,,0.0,,
Kai Zhang,2022MND,2022.0,S5,middle,3771.0,71.0,4,1.0,,1.0,,4.0,1.0,,,
Stephanie Cologna,2022MND,2022.0,S5,first,3771.0,56.0,5,2.0,,,1.0,6.0,,,1.0,
JP Yu,2022MND,2022.0,S5,first,3771.0,53.0,3,5.0,,3.0,,,,,,
Kai Zhang,2022MND,2022.0,S5,first,3771.0,37.0,1,2.0,,,,,,,,
Ukpong Eyo,2022MND,2022.0,S5,middle,3771.0,43.0,2,,3.0,,,2.0,2.0,,,
Mei Shen,2022MND,2022.0,S5,middle,3771.0,56.0,2,1.0,,,,2.0,1.0,0.0,,
Richard Wiener,2022MND,2022.0,S5,last,3771.0,11.0,2,,,,2.0,,1.0,,,
Elizabeth Bess,2022MND,2022.0,S5,last,3771.0,335.0,15,23.0,,4.0,,3.0,0.0,,,2.0
Ukpong Eyo,2022MND,2022.0,S5,first,3771.0,38.0,3,2.0,,,,2.0,2.0,,,
Lisa Ryno,2022MND,2022.0,S5,last,3771.0,246.0,21,6.0,0.0,4.0,3.0,6.0,8.0,0.0,,
Ali Keshavarzian,2022MND,2022.0,S5,last,3771.0,576.0,25,35.0,4.0,12.0,2.0,5.0,6.0,,2.0,
Mei Shen,2022MND,2022.0,S5,first,3771.0,83.0,4,2.0,,,1.0,,3.0,,,
Barbara Bendlin,2022MND,2022.0,S5,last,3771.0,132.0,25,3.0,,1.0,10.0,7.0,15.0,0.0,9.0,1.0
Elizabeth Weiss,2022MND,2022.0,S5,first,3771.0,17.0,2,2.0,,,,,3.0,,,
Mark Mimee,2022MND,2022.0,S6,middle,48.0,1.0,1,,,,,,0.0,,,
George Weinstock,2022MND,2022.0,S6,first,48.0,2.0,1,,,,,,0.0,,,
Nandita Garud,2022MND,2022.0,S6,first,48.0,1.0,1,,,,,,0.0,,,
George Weinstock,2022MND,2022.0,S6,last,48.0,32.0,1,2.0,,,2.0,,1.0,,,
George Weinstock,2022MND,2022.0,S6,middle,48.0,11.0,1,,,,1.0,,,,,
Mark Mimee,2022MND,2022.0,S6,first,48.0,1.0,1,,,,,,0.0,,,
Rima Kaddurah-Daouk,2022MND,2022.0,S7,last,3568.0,762.0,41,30.0,12.0,24.0,13.0,10.0,8.0,0.0,1.0,2.0
JP Yu,2022MND,2022.0,S7,last,3568.0,38.0,3,1.0,1.0,1.0,,3.0,,,,
Irene Yang,2022MND,2022.0,S7,last,3568.0,29.0,2,,,4.0,2.0,1.0,,,,
Rima kaddourah daouk,2022MND,2022.0,S7,last,3568.0,110.0,6,,0.0,5.0,2.0,4.0,1.0,,1.0,2.0
Elizabeth Bess,2022MND,2022.0,S7,first,3568.0,39.0,6,6.0,2.0,3.0,,3.0,,,,
Elizabeth Bess,2022MND,2022.0,S7,middle,3568.0,140.0,4,4.0,,4.0,,2.0,,0.0,1.0,
Andrew Feig,2022MND,2022.0,S7,last,3568.0,9.0,2,,,,1.0,,2.0,,,
Emily Balskus,2022MND,2022.0,S7,middle,3568.0,205.0,7,2.0,1.0,6.0,,5.0,,0.0,4.0,
Rima Kaddurah-Daouk,2022MND,2022.0,S7,middle,3568.0,601.0,27,27.0,4.0,19.0,2.0,8.0,5.0,0.0,2.0,
Mei Shen,2022MND,2022.0,S7,last,3568.0,215.0,30,2.0,5.0,6.0,9.0,12.0,6.0,0.0,4.0,1.0
JP Yu,2022MND,2022.0,S7,middle,3568.0,125.0,15,7.0,2.0,4.0,1.0,7.0,3.0,0.0,1.0,2.0
Kaixiong Ye,2022MND,2022.0,S7,last,3568.0,89.0,6,6.0,,6.0,1.0,2.0,1.0,,,
Aida Ebrahimi,2022MND,2022.0,S7,first,3568.0,9.0,1,,,,1.0,,1.0,,1.0,
Emily Balskus,2022MND,2022.0,S7,first,3568.0,131.0,14,7.0,,,9.0,2.0,7.0,,4.0,
Rima Kaddurah-Daouk,2022MND,2022.0,S7,first,3568.0,346.0,42,34.0,5.0,11.0,7.0,11.0,18.0,0.0,4.0,
Irene Yang,2022MND,2022.0,S7,first,3568.0,46.0,3,3.0,,,,,4.0,,,
JP Yu,2022MND,2022.0,S7,first,3568.0,120.0,9,6.0,,6.0,,4.0,,0.0,,
Unidentified Speaker,2022MND,2022.0,S7,first,3568.0,4.0,4,,,,,,1.0,,,
Kaixiong Ye,2022MND,2022.0,S7,middle,3568.0,34.0,12,,,5.0,,4.0,0.0,,,
Elizabeth Bess,2022MND,2022.0,S7,last,3568.0,129.0,1,,,2.0,,2.0,,,,2.0
Mei Shen,2022MND,2022.0,S7,first,3568.0,2.0,2,,0.0,-1.0,1.0,,,,,
Kaixiong Ye,2022MND,2022.0,S7,first,3568.0,90.0,7,10.0,3.0,2.0,,,2.0,0.0,,
Emily Balskus,2022MND,2022.0,S7,last,3568.0,295.0,15,10.0,3.0,8.0,2.0,2.0,2.0,0.0,4.0,
Stephanie Cologna,2022MND,2022.0,S8,last,3482.0,187.0,28,22.0,,3.0,,1.0,5.0,0.0,2.0,2.0
Kai Zhang,2022MND,2022.0,S8,last,3482.0,59.0,11,,,,,11.0,1.0,0.0,1.0,
Barbara Bendlin,2022MND,2022.0,S8,middle,3482.0,102.0,19,9.0,2.0,3.0,2.0,7.0,5.0,,5.0,
Melanie Gareau,2022MND,2022.0,S8,middle,3482.0,230.0,61,32.0,1.0,,1.0,,2.0,0.0,,
Mike O'Donnell,2022MND,2022.0,S8,last,3482.0,75.0,4,2.0,2.0,,,5.0,,,,
Lisa Ryno,2022MND,2022.0,S8,first,3482.0,37.0,2,4.0,,,,,,,,
Barbara Bendlin,2022MND,2022.0,S8,first,3482.0,152.0,22,,,,6.0,6.0,17.0,0.0,8.0,2.0
Annika Barber,2022MND,2022.0,S8,last,3482.0,256.0,19,10.0,5.0,12.0,1.0,,9.0,0.0,,
Melanie Gareau,2022MND,2022.0,S8,first,3482.0,21.0,2,3.0,,,,,1.0,,,
Stephanie Cologna,2022MND,2022.0,S8,middle,3482.0,187.0,17,17.0,6.0,2.0,,3.0,6.0,0.0,,
Kai Zhang,2022MND,2022.0,S8,middle,3482.0,149.0,15,6.0,1.0,1.0,,10.0,6.0,,,
George Weinstock,2022MND,2022.0,S8,last,3482.0,433.0,12,19.0,5.0,2.0,,4.0,1.0,,,1.0
Stephanie Cologna,2022MND,2022.0,S8,first,3482.0,111.0,5,5.0,,,,2.0,0.0,0.0,,
Rachel Saylor,2022MND,2022.0,S8,last,3482.0,108.0,14,10.0,2.0,3.0,4.0,3.0,2.0,0.0,,
Annika Barber,2022MND,2022.0,S8,middle,3482.0,103.0,18,10.0,2.0,1.0,,7.0,3.0,0.0,,
Kai Zhang,2022MND,2022.0,S8,first,3482.0,30.0,1,2.0,,,,,,,,
Mike O'Donnell,2022MND,2022.0,S8,first,3482.0,132.0,6,7.0,,2.0,,,2.0,,1.0,
Richard Wiener,2022MND,2022.0,S8,last,3482.0,31.0,7,3.0,,,4.0,5.0,3.0,,2.0,
Annika Barber,2022MND,2022.0,S8,first,3482.0,380.0,10,15.0,4.0,6.0,,2.0,1.0,0.0,1.0,
Lisa Ryno,2022MND,2022.0,S8,last,3482.0,171.0,11,9.0,,3.0,,4.0,6.0,,,
Rachel Saylor,2022MND,2022.0,S8,middle,3482.0,50.0,3,,2.0,,,5.0,,,,
Barbara Bendlin,2022MND,2022.0,S8,last,3482.0,199.0,48,8.0,1.0,13.0,13.0,22.0,17.0,0.0,4.0,1.0
George Weinstock,2022MND,2022.0,S8,first,3482.0,15.0,2,2.0,,,2.0,,2.0,,,
Melanie Gareau,2022MND,2022.0,S8,last,3482.0,231.0,27,25.0,5.0,1.0,5.0,3.0,0.0,0.0,,
Rachel Saylor,2022MND,2022.0,S8,first,3482.0,33.0,1,2.0,,,,,2.0,,,
Wenjing Wang,2022MND,2022.0,S9,middle,3735.0,2.0,1,,,,,,,,-1.0,
Andrew Feig,2022MND,2022.0,S9,last,3735.0,9.0,2,,,,2.0,,3.0,,,
Ukpong Eyo,2022MND,2022.0,S9,last,3735.0,225.0,15,10.0,2.0,4.0,,6.0,3.0,,1.0,1.0
Rosa  Krajmalnik-Brown,2022MND,2022.0,S9,middle,3735.0,95.0,18,8.0,,,2.0,12.0,6.0,,13.0,1.0
Wenjing Wang,2022MND,2022.0,S9,first,3735.0,166.0,4,2.0,,1.0,1.0,2.0,3.0,0.0,1.0,
Iliyan Iliev,2022MND,2022.0,S9,middle,3735.0,340.0,20,28.0,5.0,,,4.0,4.0,0.0,,
Nandita Garud,2022MND,2022.0,S9,last,3735.0,136.0,7,6.0,,7.0,,4.0,1.0,,,
Rosa  Krajmalnik-Brown,2022MND,2022.0,S9,first,3735.0,280.0,29,22.0,1.0,6.0,15.0,8.0,8.0,0.0,6.0,
Corinne Maurice,2022MND,2022.0,S9,last,3735.0,415.0,24,29.0,9.0,9.0,1.0,2.0,4.0,0.0,4.0,2.0
Heather Bean,2022MND,2022.0,S9,last,3735.0,420.0,32,22.0,0.0,9.0,14.0,6.0,10.0,0.0,,1.0
Andrew Feig,2022MND,2022.0,S9,middle,3735.0,36.0,1,2.0,,2.0,,,,,,
Ukpong Eyo,2022MND,2022.0,S9,middle,3735.0,74.0,7,5.0,,,,6.0,3.0,0.0,,
Richard Wiener,2022MND,2022.0,S9,last,3735.0,3.0,1,,,,1.0,1.0,,,,
Ukpong Eyo,2022MND,2022.0,S9,first,3735.0,154.0,8,2.0,,,,10.0,6.0,,2.0,
Nandita Garud,2022MND,2022.0,S9,middle,3735.0,58.0,4,2.0,,1.0,,4.0,0.0,,,
Corinne Maurice,2022MND,2022.0,S9,middle,3735.0,89.0,4,3.0,1.0,2.0,,1.0,1.0,,2.0,
Heather Bean,2022MND,2022.0,S9,middle,3735.0,397.0,28,19.0,2.0,5.0,1.0,6.0,5.0,0.0,,2.0
Heather Bean,2022MND,2022.0,S9,first,3735.0,132.0,10,9.0,,2.0,3.0,2.0,3.0,,1.0,1.0
Nandita Garud,2022MND,2022.0,S9,first,3735.0,14.0,2,3.0,,,,,,,,
Corinne Maurice,2022MND,2022.0,S9,first,3735.0,298.0,16,17.0,2.0,2.0,1.0,,4.0,0.0,,
Wenjing Wang,2022MND,2022.0,S9,last,3735.0,86.0,6,3.0,,2.0,,5.0,,0.0,,
Rosa  Krajmalnik-Brown,2022MND,2022.0,S9,last,3735.0,306.0,34,24.0,4.0,14.0,9.0,11.0,9.0,0.0,2.0,
AP,v1-data,2020.0,S1,first,2476.0,34452.0,2552,,,,,,,107.0,,
RC,v1-data,2020.0,S1,first,2476.0,4066.0,321,,,,,,,,,
CG,v1-data,2020.0,S1,middle,2476.0,1034.0,22,,,,,,,,,
AP,v1-data,2020.0,S1,last,2476.0,35845.0,2675,,,,,,,,,
ER,v1-data,2020.0,S1,first,2476.0,4984.0,472,,,,,,,,,
GM,v1-data,2020.0,S1,first,2476.0,484.0,44,,,,,,,,,
VP,v1-data,2020.0,S1,first,2476.0,6341.0,557,,,,,,,,,
RC,v1-data,2020.0,S1,last,2476.0,20758.0,749,,,,,,,214.0,,
VP,v1-data,2020.0,S1,last,2476.0,17548.0,749,,,,,,,,,
AB,v1-data,2020.0,S1,middle,2476.0,1284.0,107,,,,,,,,,
FR,v1-data,2020.0,S1,middle,2476.0,19581.0,428,,,,,,,,,
PB,v1-data,2020.0,S1,first,2476.0,1012.0,22,,,,,,,,,
GS,v1-data,2020.0,S1,first,2476.0,88.0,22,,,,,,,,,
CG,v1-data,2020.0,S1,first,2476.0,220.0,44,,,,,,,,,
GS,v1-data,2020.0,S1,last,2476.0,9416.0,535,,,,,,,,,
CG,v1-data,2020.0,S1,last,2476.0,4601.0,321,,,,,,,,,
PB,v1-data,2020.0,S1,last,2476.0,4280.0,107,,,,,,,,,
KS,v1-data,2020.0,S1,first,2476.0,8751.0,236,,,,,,,,,
FR,v1-data,2020.0,S1,first,2476.0,132.0,22,,,,,,,,,
AP,v1-data,2020.0,S1,middle,2476.0,21160.0,664,,,,,,,,,
FR,v1-data,2020.0,S1,last,2476.0,8667.0,535,,,,,,,,,
ER,v1-data,2020.0,S1,middle,2476.0,5243.0,214,,,,,,,,,
KS,v1-data,2020.0,S1,last,2476.0,1498.0,428,,,,,,,,,
RC,v1-data,2020.0,S1,middle,2476.0,107.0,107,,,,,,,,,
Matt Green,v1-data,2020.0,S2,first,4102.0,10659.0,627,,,,,,,,,
Jennifer Wilcox,v1-data,2020.0,S2,last,4102.0,129580.0,7733,,,,,,,,,
Pratik Dholabhai,v1-data,2020.0,S2,last,4102.0,17138.0,836,,,,,,,,,
Shu Hu,v1-data,2020.0,S2,middle,4102.0,11495.0,836,,,,,,,,,
Oana Luca,v1-data,2020.0,S2,first,4102.0,21945.0,836,,,,,,,,,
Kelsey Hatzell,v1-data,2020.0,S2,middle,4102.0,12540.0,627,,,,,,,,,
Andrew Feig,v1-data,2020.0,S2,last,4102.0,418.0,209,,,,,,,,,
Katherine Hornbostel,v1-data,2020.0,S2,middle,4102.0,61237.0,5016,,,,,,,209.0,,
Kelsey Hatzell,v1-data,2020.0,S2,first,4102.0,22154.0,1254,,,,,,,,,
Luisa-U of Utah,v1-data,2020.0,S2,first,4102.0,16511.0,836,,,,,,,209.0,,
Shu Hu,v1-data,2020.0,S2,first,4102.0,32186.0,1045,,,,,,,,,
Chris Jones,v1-data,2020.0,S2,middle,4102.0,34485.0,2090,,,,,,,,,
Jennifer Wilcox,v1-data,2020.0,S2,middle,4102.0,17765.0,418,,,,,,,,,
Jarad Mason,v1-data,2020.0,S2,first,4102.0,11495.0,836,,,,,,,,,
Katherine Hornbostel,v1-data,2020.0,S2,first,4102.0,6061.0,627,,,,,,,,,
Jarad Masun,v1-data,2020.0,S2,middle,4102.0,25080.0,418,,,,,,,,,
Pratik Dholabhai,v1-data,2020.0,S2,middle,4102.0,7524.0,209,,,,,,,,,
Haotian Wang,v1-data,2020.0,S2,last,4102.0,27588.0,418,,,,,,,,,
Chris Jones,v1-data,2020.0,S2,first,4102.0,44099.0,3971,,,,,,,,,
Jennifer Wilcox,v1-data,2020.0,S2,first,4102.0,14003.0,836,,,,,,,,,
Richard Wiener RCSA,v1-data,2020.0,S2,last,4102.0,627.0,209,,,,,,,,,
Pratik Dholabhai,v1-data,2020.0,S2,first,4102.0,24662.0,1463,,,,,,,,,
Luisa Whittaker-Brooks,v1-data,2020.0,S2,first,4102.0,6479.0,418,,,,,,,,,
Luisa,v1-data,2020.0,S2,middle,4102.0,1463.0,209,,,,,,,,,
Matt Green,v1-data,2020.0,S2,last,4102.0,71478.0,3553,,,,,,,,,
Oana Luca,v1-data,2020.0,S2,last,4102.0,24453.0,209,,,,,,,,,
Haotian Wang,v1-data,2020.0,S2,middle,4102.0,14421.0,209,,,,,,,,,
Luisa-U of Utah,v1-data,2020.0,S2,last,4102.0,11286.0,209,,,,,,,,,
Shu Hu,v1-data,2020.0,S2,last,4102.0,18601.0,836,,,,,,,,,
Oiana Luca,v1-data,2020.0,S2,middle,4102.0,0.0,209,,,,,,,209.0,,
Kelsey Hatzell,v1-data,2020.0,S2,last,4102.0,23617.0,627,,,,,,,,,
Haotian Wang,v1-data,2020.0,S2,first,4102.0,20900.0,418,,,,,,,,,
Jarad Mason,v1-data,2020.0,S2,last,4102.0,0.0,209,,,,,,,,,
Matt Green,v1-data,2020.0,S2,middle,4102.0,24453.0,1254,,,,,,,,,
Katherine Hornbostel,v1-data,2020.0,S2,last,4102.0,40755.0,2299,,,,,,,,,
Oana Luca,v1-data,2020.0,S2,middle,4102.0,50160.0,1672,,,,,,,,,
XS,v1-data,2020.0,S3,first,2611.0,2310.0,132,,,,,,,,,
PM,v1-data,2020.0,S3,first,2611.0,3894.0,198,,,,,,,,,
JY,v1-data,2020.0,S3,first,2611.0,396.0,66,,,,,,,,,
XS,v1-data,2020.0,S3,last,2611.0,10824.0,330,,,,,,,,,
DK,v1-data,2020.0,S3,middle,2611.0,9108.0,132,,,,,,,,,
JY,v1-data,2020.0,S3,last,2611.0,10032.0,198,,,,,,,,,
AT,v1-data,2020.0,S3,middle,2611.0,1848.0,66,,,,,,,,,
JL,v1-data,2020.0,S3,middle,2611.0,6798.0,198,,,,,,,,,
JV,v1-data,2020.0,S3,last,2611.0,5412.0,264,,,,,,,,,
JJ,v1-data,2020.0,S3,middle,2611.0,3300.0,132,,,,,,,,,
FB,v1-data,2020.0,S3,middle,2611.0,1980.0,66,,,,,,,,,
AT,v1-data,2020.0,S3,first,2611.0,1716.0,66,,,,,,,,,
BG,v1-data,2020.0,S3,first,2611.0,4884.0,66,,,,,,,,,
DK,v1-data,2020.0,S3,first,2611.0,10296.0,132,,,,,,,,,
BG,v1-data,2020.0,S3,last,2611.0,24420.0,264,,,,,,,,,
JL,v1-data,2020.0,S3,first,2611.0,6996.0,330,,,,,,,,,
DK,v1-data,2020.0,S3,last,2611.0,5016.0,132,,,,,,,,,
AT,v1-data,2020.0,S3,last,2611.0,594.0,66,,,,,,,,,
FB,v1-data,2020.0,S3,first,2611.0,6732.0,198,,,,,,,,,
JL,v1-data,2020.0,S3,last,2611.0,8448.0,660,,,,,,,,,
XS,v1-data,2020.0,S3,middle,2611.0,2904.0,66,,,,,,,,,
PM,v1-data,2020.0,S3,middle,2611.0,2046.0,66,,,,,,,,,
JY,v1-data,2020.0,S3,middle,2611.0,9900.0,66,,,,,,,,,
FB,v1-data,2020.0,S3,last,2611.0,20658.0,396,,,,,,,,,
JV,v1-data,2020.0,S3,middle,2611.0,11814.0,66,,,,,,,,,
WS,v1-data,2020.0,S4,first,3144.0,9234.0,57,,,,,,,,,
SZ,v1-data,2020.0,S4,first,3144.0,1713.0,72,,,,,,,,,
CM,v1-data,2020.0,S4,last,3144.0,3306.0,114,,,,,,,,,
KK,v1-data,2020.0,S4,last,3144.0,1482.0,57,,,,,,,,,
MH,v1-data,2020.0,S4,first,3144.0,6009.0,72,,,,,,,,,
WS,v1-data,2020.0,S4,last,3144.0,513.0,114,,,,,,,,,
ChM,v1-data,2020.0,S4,first,3144.0,14934.0,171,,,,,,,,,
JC,v1-data,2020.0,S4,first,3144.0,4365.0,147,,,,,,,15.0,,
MN,v1-data,2020.0,S4,first,3144.0,6408.0,72,,,,,,,,,
DY,v1-data,2020.0,S4,middle,3144.0,6840.0,57,,,,,,,,,
AH,v1-data,2020.0,S4,middle,3144.0,1425.0,114,,,,,,,,,
JC,v1-data,2020.0,S4,last,3144.0,3762.0,285,,,,,,,,,
CL,v1-data,2020.0,S4,middle,3144.0,4674.0,171,,,,,,,,,
DY,v1-data,2020.0,S4,last,3144.0,13794.0,114,,,,,,,,,
AH,v1-data,2020.0,S4,first,3144.0,19722.0,243,,,,,,,,,
CaM,v1-data,2020.0,S4,last,3144.0,741.0,57,,,,,,,,,
WS,v1-data,2020.0,S4,middle,3144.0,9576.0,57,,,,,,,,,
MH,v1-data,2020.0,S4,middle,3144.0,5529.0,285,,,,,,,57.0,,
CMc,v1-data,2020.0,S4,first,3144.0,315.0,15,,,,,,,,,
CL,v1-data,2020.0,S4,first,3144.0,8574.0,87,,,,,,,,,
AH,v1-data,2020.0,S4,last,3144.0,7581.0,171,,,,,,,,,
JC,v1-data,2020.0,S4,middle,3144.0,2166.0,342,,,,,,,,,
MN,v1-data,2020.0,S4,middle,3144.0,2052.0,114,,,,,,,,,
NB,v1-data,2020.0,S4,middle,3144.0,57.0,57,,,,,,,,,
KK,v1-data,2020.0,S4,first,3144.0,9576.0,171,,,,,,,,,
CM,v1-data,2020.0,S4,first,3144.0,8400.0,201,,,,,,,,,
CL,v1-data,2020.0,S4,last,3144.0,228.0,57,,,,,,,,,
JZ,v1-data,2020.0,S5,first,3499.0,9340.0,135,,,,,,,,,
VV,v1-data,2020.0,S5,first,3499.0,2239.0,237,,,,,,,,,
JB,v1-data,2020.0,S5,first,3499.0,23408.0,1145,,,,,,,,,
AA,v1-data,2020.0,S5,first,3499.0,3838.0,101,,,,,,,,,
AH,v1-data,2020.0,S5,middle,3499.0,25048.0,909,,,,,,,,,
SL,v1-data,2020.0,S5,middle,3499.0,6868.0,303,,,,,,,,,
RG,v1-data,2020.0,S5,middle,3499.0,303.0,202,,,,,,,,,
AH,v1-data,2020.0,S5,first,3499.0,476.0,34,,,,,,,,,
SL,v1-data,2020.0,S5,first,3499.0,29013.0,135,,,,,,,,,
PR,v1-data,2020.0,S5,last,3499.0,4747.0,101,,,,,,,,,
RG,v1-data,2020.0,S5,first,3499.0,1156.0,34,,,,,,,,,
GG,v1-data,2020.0,S5,middle,3499.0,12625.0,101,,,,,,,,,
RS,v1-data,2020.0,S5,last,3499.0,2222.0,202,,,,,,,,,
RA,v1-data,2020.0,S5,last,3499.0,13130.0,1010,,,,,,,,,
AF,v1-data,2020.0,S5,last,3499.0,3434.0,404,,,,,,,,,
DK,v1-data,2020.0,S5,middle,3499.0,4040.0,202,,,,,,,,,
GG,v1-data,2020.0,S5,first,3499.0,9108.0,135,,,,,,,,,
MS,v1-data,2020.0,S5,middle,3499.0,19897.0,303,,,,,,,,,
JB,v1-data,2020.0,S5,last,3499.0,25048.0,808,,,,,,,,,
VV,v1-data,2020.0,S5,last,3499.0,24543.0,404,,,,,,,,,
DK,v1-data,2020.0,S5,first,3499.0,6512.0,236,,,,,,,,,
EM,v1-data,2020.0,S5,middle,3499.0,2727.0,202,,,,,,,,,
RS,v1-data,2020.0,S5,middle,3499.0,12019.0,303,,,,,,,,,
MS,v1-data,2020.0,S5,first,3499.0,1326.0,169,,,,,,,,,
RA,v1-data,2020.0,S5,middle,3499.0,12221.0,606,,,,,,,,,
JZ,v1-data,2020.0,S5,middle,3499.0,7272.0,202,,,,,,,,,
VV,v1-data,2020.0,S5,middle,3499.0,6868.0,606,,,,,,,,,
JB,v1-data,2020.0,S5,middle,3499.0,3434.0,202,,,,,,,,,
PR,v1-data,2020.0,S5,first,3499.0,6512.0,135,,,,,,,,,
EM,v1-data,2020.0,S5,first,3499.0,8392.0,438,,,,,,,,,
RS,v1-data,2020.0,S5,first,3499.0,8566.0,236,,,,,,,,,
RA,v1-data,2020.0,S5,first,3499.0,14187.0,1117,,,,,,,34.0,,
SM,v1-data,2020.0,S6,first,3314.0,8372.0,115,,,,,,,,,
LS,v1-data,2020.0,S6,first,3314.0,8093.0,237,,,,,,,,,
FJ,v1-data,2020.0,S6,first,3314.0,4140.0,40,,,,,,,,,
SS,v1-data,2020.0,S6,first,3314.0,3034.0,82,,,,,,,,,
SB,v1-data,2020.0,S6,first,3314.0,19053.0,1128,,,,,,,,,
LL,v1-data,2020.0,S6,middle,3314.0,2432.0,115,,,,,,,,,
EN,v1-data,2020.0,S6,first,3314.0,3813.0,82,,,,,,,,,
CH,v1-data,2020.0,S6,first,3314.0,8553.0,78,,,,,,,,,
FL,v1-data,2020.0,S6,middle,3314.0,1110.0,111,,,,,,,,,
LL,v1-data,2020.0,S6,first,3314.0,1505.0,119,,,,,,,41.0,,
JM,v1-data,2020.0,S6,middle,3314.0,7992.0,37,,,,,,,,,
SB,v1-data,2020.0,S6,middle,3314.0,6130.0,345,,,,,,,,,
SM,v1-data,2020.0,S6,middle,3314.0,4366.0,37,,,,,,,,,
A,v1-data,2020.0,S6,first,3314.0,1260.0,20,,,,,,,,,
YL,v1-data,2020.0,S6,first,3314.0,5739.0,114,,,,,,,,,
FL,v1-data,2020.0,S6,first,3314.0,9837.0,443,,,,,,,,,
JM,v1-data,2020.0,S6,first,3314.0,16659.0,250,,,,,,,,,
RG,v1-data,2020.0,S6,first,3314.0,3482.0,97,,,,,,,,,
GG,v1-data,2020.0,S1,middle,2916.0,1974.0,94,,,,,,,,,
XS,v1-data,2020.0,S1,first,2916.0,5778.0,163,,,,,,,,,
CJ,v1-data,2020.0,S1,middle,2916.0,14933.0,1210,,,,,,,58.0,,
KH,v1-data,2020.0,S1,middle,2916.0,3619.0,141,,,,,,,,,
DK,v1-data,2020.0,S1,middle,2916.0,1363.0,47,,,,,,,,,
AT,v1-data,2020.0,S1,middle,2916.0,8218.0,395,,,,,,,,,
GG,v1-data,2020.0,S1,first,2916.0,18297.0,445,,,,,,,,,
BG,v1-data,2020.0,S1,middle,2916.0,6287.0,163,,,,,,,47.0,,
JW,v1-data,2020.0,S1,first,2916.0,10324.0,116,,,,,,,,,
CJ,v1-data,2020.0,S1,first,2916.0,7003.0,282,,,,,,,,,
AT,v1-data,2020.0,S1,first,2916.0,6032.0,116,,,,,,,,,
PD,v1-data,2020.0,S1,middle,2916.0,423.0,141,,,,,,,,,
BG,v1-data,2020.0,S1,first,2916.0,7192.0,116,,,,,,,,,
DK,v1-data,2020.0,S1,first,2916.0,7448.0,199,,,,,,,,,
XS,v1-data,2020.0,S1,middle,2916.0,21203.0,953,,,,,,,,,
JM,v1-data,2020.0,S1,middle,2916.0,4060.0,348,,,,,,,,,
PD,v1-data,2020.0,S1,first,2916.0,9165.0,376,,,,,,,,,
JM,v1-data,2020.0,S1,first,2916.0,23126.0,268,,,,,,,,,
Jordi Cabana,v1-data,2020.0,S10,first,1558.0,11960.0,276,,,,,,,,,
Shu Hu,v1-data,2020.0,S10,middle,1558.0,1564.0,276,,,,,,,,,
Wilson Smith,v1-data,2020.0,S10,first,1558.0,27968.0,736,,,,,,,,,
Kelsey Hatzell,v1-data,2020.0,S10,middle,1558.0,1472.0,184,,,,,,,,,
remibouteille,v1-data,2020.0,S10,last,1558.0,5336.0,552,,,,,,,,,
Wilson Smith,v1-data,2020.0,S10,last,1558.0,2760.0,184,,,,,,,,,
Jenny Yang,v1-data,2020.0,S10,middle,1558.0,276.0,92,,,,,,,,,
Venkat Viswanathan,v1-data,2020.0,S10,middle,1558.0,11132.0,276,,,,,,,,,
Adam Holewinski,v1-data,2020.0,S10,middle,1558.0,1840.0,92,,,,,,,,,
Kelsey Hatzell,v1-data,2020.0,S10,first,1558.0,2208.0,368,,,,,,,,,
Jordi Cabana,v1-data,2020.0,S10,middle,1558.0,2852.0,276,,,,,,,,,
Jenny Yang,v1-data,2020.0,S10,first,1558.0,1932.0,276,,,,,,,,,
Adam Holewinski,v1-data,2020.0,S10,first,1558.0,2852.0,92,,,,,,,,,
Venkat Viswanathan,v1-data,2020.0,S10,first,1558.0,2852.0,276,,,,,,,,,
Jenny Yang,v1-data,2020.0,S10,last,1558.0,10212.0,920,,,,,,,,,
Venkat Viswanathan,v1-data,2020.0,S10,last,1558.0,10948.0,1104,,,,,,,,,
Adam Holewinski,v1-data,2020.0,S10,last,1558.0,10764.0,460,,,,,,,,,
Wilson Smith,v1-data,2020.0,S10,middle,1558.0,27416.0,920,,,,,,,,,
Jordi Cabana,v1-data,2020.0,S10,last,1558.0,6992.0,1104,,,,,,,,,
RS,v1-data,2020.0,S11,last,3093.0,5687.0,242,,,,,,,,,
SM,v1-data,2020.0,S11,first,3093.0,242.0,121,,,,,,,,,
JW,v1-data,2020.0,S11,middle,3093.0,22264.0,484,,,,,,,,,
RG,v1-data,2020.0,S11,last,3093.0,1452.0,242,,,,,,,,,
FJ,v1-data,2020.0,S11,first,3093.0,24684.0,1210,,,,,,,,,
MH,v1-data,2020.0,S11,first,3093.0,15125.0,363,,,,,,,,,
SMS,v1-data,2020.0,S11,last,3093.0,23353.0,242,,,,,,,,,
AF,v1-data,2020.0,S11,last,3093.0,5082.0,242,,,,,,,,,
FJ,v1-data,2020.0,S11,last,3093.0,8349.0,363,,,,,,,,,
MH,v1-data,2020.0,S11,last,3093.0,3025.0,121,,,,,,,,,
JB,v1-data,2020.0,S11,first,3093.0,8228.0,726,,,,,,,,,
MN,v1-data,2020.0,S11,first,3093.0,8470.0,242,,,,,,,,,
LL,v1-data,2020.0,S11,middle,3093.0,16577.0,363,,,,,,,,,
JW,v1-data,2020.0,S11,first,3093.0,19360.0,484,,,,,,,,,
JB,v1-data,2020.0,S11,last,3093.0,9075.0,1452,,,,,,,,,
MN,v1-data,2020.0,S11,last,3093.0,17787.0,968,,,,,,,,,
AB,v1-data,2020.0,S11,middle,3093.0,1452.0,121,,,,,,,,,
JW,v1-data,2020.0,S11,last,3093.0,53845.0,1089,,,,,,,,,
RS,v1-data,2020.0,S11,middle,3093.0,7623.0,121,,,,,,,,,
LL,v1-data,2020.0,S11,first,3093.0,10406.0,968,,,,,,,,,
FJ,v1-data,2020.0,S11,middle,3093.0,13189.0,484,,,,,,,,,
MH,v1-data,2020.0,S11,middle,3093.0,6171.0,242,,,,,,,,,
AB,v1-data,2020.0,S11,first,3093.0,10164.0,363,,,,,,,,,
LL,v1-data,2020.0,S11,last,3093.0,14278.0,847,,,,,,,,,
SM,v1-data,2020.0,S11,middle,3093.0,9680.0,242,,,,,,,,,
AB,v1-data,2020.0,S11,last,3093.0,363.0,121,,,,,,,,,
AH,v1-data,2020.0,S11,last,3093.0,23837.0,726,,,,,,,,,
JB,v1-data,2020.0,S11,middle,3093.0,3630.0,242,,,,,,,,,
MN,v1-data,2020.0,S11,middle,3093.0,19118.0,847,,,,,,,121.0,,
RS,v1-data,2020.0,S11,first,3093.0,11737.0,363,,,,,,,,,
AP,v1-data,2020.0,S12,first,3351.0,16869.0,1968,,,,,,,,,
DK,v1-data,2020.0,S12,middle,3351.0,9546.0,121,,,,,,,,,
PB,v1-data,2020.0,S12,middle,3351.0,5405.0,94,,,,,,,,,
LW,v1-data,2020.0,S12,first,3351.0,1064.0,56,,,,,,,,,
BG,v1-data,2020.0,S12,middle,3351.0,6956.0,74,,,,,,,,,
RL,v1-data,2020.0,S12,first,3351.0,141.0,47,,,,,,,,,
FR,v1-data,2020.0,S12,middle,3351.0,4512.0,94,,,,,,,,,
PB,v1-data,2020.0,S12,first,3351.0,15603.0,338,,,,,,,,,
BG,v1-data,2020.0,S12,first,3351.0,7883.0,243,,,,,,,,,
FL,v1-data,2020.0,S12,middle,3351.0,3663.0,111,,,,,,,,,
CL,v1-data,2020.0,S12,middle,3351.0,13496.0,682,,,,,,,37.0,,
DK,v1-data,2020.0,S12,first,3351.0,1960.0,56,,,,,,,,,
RA,v1-data,2020.0,S12,middle,3351.0,1715.0,84,,,,,,,,,
FR,v1-data,2020.0,S12,first,3351.0,1624.0,280,,,,,,,,,
AP,v1-data,2020.0,S12,middle,3351.0,14381.0,665,,,,,,,,,
KT,v1-data,2020.0,S12,first,3351.0,1120.0,168,,,,,,,,,
CL,v1-data,2020.0,S12,first,3351.0,30313.0,1016,,,,,,,,,
FL,v1-data,2020.0,S12,first,3351.0,3864.0,112,,,,,,,,,
RA,v1-data,2020.0,S12,first,3351.0,5191.0,252,,,,,,,,,
RG,v1-data,2020.0,S12,first,3351.0,5219.0,253,,,,,,,,,
Katie Knowles,v1-data,2020.0,S2,first,3835.0,21018.0,2034,,,,,,,678.0,,
Matt Green,v1-data,2020.0,S2,first,3835.0,4294.0,226,,,,,,,,,
Richard Wiener,v1-data,2020.0,S2,first,3835.0,48138.0,2938,,,,,,,452.0,,
Sen Zhang,v1-data,2020.0,S2,first,3835.0,6554.0,452,,,,,,,226.0,,
Silvia Ronco,v1-data,2020.0,S2,first,3835.0,1356.0,226,,,,,,,,,
Elizabeth Bess,v1-data,2020.0,S2,first,3835.0,8136.0,904,,,,,,,226.0,,
Daniel Yawitz,v1-data,2020.0,S2,first,3835.0,7458.0,452,,,,,,,226.0,,
andreahicks_UWMadison,v1-data,2020.0,S2,last,3835.0,27798.0,1130,,,,,,,,,
Andrew Feig,v1-data,2020.0,S2,last,3835.0,16272.0,678,,,,,,,,,
Dan Linzer,v1-data,2020.0,S2,first,3835.0,452.0,226,,,,,,,,,
Robert Gilliard,v1-data,2020.0,S2,middle,3835.0,26216.0,678,,,,,,,,,
Adam Holewinski,v1-data,2020.0,S2,middle,3835.0,62828.0,1808,,,,,,,,,
Luisa,v1-data,2020.0,S2,last,3835.0,4972.0,3390,,,,,,,,,
George Shields,v1-data,2020.0,S2,last,3835.0,79100.0,3616,,,,,,,226.0,,
Emily Ryan,v1-data,2020.0,S2,last,3835.0,36838.0,1582,,,,,,,,,
Adam Holewinski,v1-data,2020.0,S2,first,3835.0,5424.0,226,,,,,,,,,
Jose Mendoza,v1-data,2020.0,S2,first,3835.0,2486.0,452,,,,,,,,,
Robert Gilliard,v1-data,2020.0,S2,first,3835.0,4746.0,226,,,,,,,,,
George Shields laptop,v1-data,2020.0,S2,last,3835.0,18080.0,2938,,,,,,,,,
Li-Chiang Lin,v1-data,2020.0,S2,middle,3835.0,9040.0,226,,,,,,,,,
Kristen Schell,v1-data,2020.0,S2,last,3835.0,31640.0,678,,,,,,,,,
Jane Zelikova,v1-data,2020.0,S2,first,3835.0,2260.0,226,,,,,,,,,
Li-Chiang Lin,v1-data,2020.0,S2,first,3835.0,4294.0,452,,,,,,,226.0,,
Luisa,v1-data,2020.0,S2,middle,3835.0,17176.0,678,,,,,,,,,
Katie Knowles,v1-data,2020.0,S2,last,3835.0,108028.0,7232,,,,,,,,,
Andrea Hicks,v1-data,2020.0,S2,first,3835.0,2486.0,226,,,,,,,,,
Richard Wiener,v1-data,2020.0,S2,last,3835.0,904.0,226,,,,,,,,,
George Shields,v1-data,2020.0,S2,middle,3835.0,21244.0,904,,,,,,,,,
Sen Zhang,v1-data,2020.0,S2,last,3835.0,13334.0,226,,,,,,,,,
Matt Green,v1-data,2020.0,S2,last,3835.0,18532.0,452,,,,,,,,,
Emily Ryan,v1-data,2020.0,S2,middle,3835.0,29380.0,1356,,,,,,,,,
Andrew Feig,v1-data,2020.0,S2,first,3835.0,7458.0,904,,,,,,,,,
George Shields laptop,v1-data,2020.0,S2,middle,3835.0,36838.0,904,,,,,,,,,
Luisa,v1-data,2020.0,S2,first,3835.0,6554.0,452,,,,,,,226.0,,
George Shields,v1-data,2020.0,S2,first,3835.0,42940.0,5424,,,,,,,226.0,,
Emily Ryan,v1-data,2020.0,S2,first,3835.0,12204.0,452,,,,,,,,,
Katie Knowles,v1-data,2020.0,S2,middle,3835.0,36612.0,1356,,,,,,,,,
Charles McCrory,v1-data,2020.0,S2,first,3835.0,904.0,226,,,,,,,,,
Kristen Schell,v1-data,2020.0,S2,first,3835.0,3616.0,226,,,,,,,,,
Sen Zhang,v1-data,2020.0,S2,middle,3835.0,13108.0,226,,,,,,,,,
Matt Green,v1-data,2020.0,S2,middle,3835.0,16046.0,904,,,,,,,,,
Adam Holewinski,v1-data,2020.0,S2,last,3835.0,49946.0,2938,,,,,,,,,
Phil Milner,v1-data,2020.0,S3,middle,1506.0,0.0,148,,,,,,,,,
Chong Liu,v1-data,2020.0,S3,last,1506.0,10064.0,444,,,,,,,,,
Shu Hu,v1-data,2020.0,S3,middle,1506.0,9768.0,444,,,,,,,,,
Jeffrey Long,v1-data,2020.0,S3,last,1506.0,22052.0,3256,,,,,,,,,
Fateme Rezazadeh,v1-data,2020.0,S3,first,1506.0,10508.0,148,,,,,,,,,
Julia Brown,v1-data,2020.0,S3,first,1506.0,592.0,148,,,,,,,,,
Simona Liguori,v1-data,2020.0,S3,last,1506.0,17020.0,1036,,,,,,,148.0,,
Andrew Feig,v1-data,2020.0,S3,last,1506.0,2368.0,740,,,,,,,,,
Fateme Rezaei,v1-data,2020.0,S3,last,1506.0,2368.0,296,,,,,,,,,
Shu Hu,v1-data,2020.0,S3,first,1506.0,22496.0,888,,,,,,,296.0,,
Chong Liu,v1-data,2020.0,S3,middle,1506.0,10212.0,1036,,,,,,,148.0,,
Shaama M. Sharada,v1-data,2020.0,S3,last,1506.0,740.0,296,,,,,,,,,
Rafael Santos,v1-data,2020.0,S3,middle,1506.0,7400.0,148,,,,,,,,,
Nanette Boyle,v1-data,2020.0,S3,last,1506.0,2072.0,296,,,,,,,,,
Shaama M Sharada,v1-data,2020.0,S3,middle,1506.0,296.0,148,,,,,,,,,
Jeffrey Long,v1-data,2020.0,S3,middle,1506.0,7844.0,1480,,,,,,,148.0,,
Jesus Velazquez,v1-data,2020.0,S3,last,1506.0,5328.0,592,,,,,,,,,
Shaama Sharada,v1-data,2020.0,S3,middle,1506.0,592.0,148,,,,,,,,,
Jeffrey Long,v1-data,2020.0,S3,first,1506.0,7104.0,2220,,,,,,,296.0,,
Richard Wiener,v1-data,2020.0,S3,last,1506.0,2664.0,296,,,,,,,,,
Simona Liguori,v1-data,2020.0,S3,first,1506.0,12432.0,296,,,,,,,,,
Daniel Hawkin,v1-data,2020.0,S3,last,1506.0,9324.0,1184,,,,,,,,,
Nanette Boyle,v1-data,2020.0,S3,middle,1506.0,740.0,148,,,,,,,,,
Shaama Sharada,v1-data,2020.0,S3,first,1506.0,6956.0,444,,,,,,,,,
Julia Brown,v1-data,2020.0,S3,last,1506.0,5476.0,1184,,,,,,,148.0,,
Phil Milner,v1-data,2020.0,S3,last,1506.0,19092.0,1480,,,,,,,,,
Jesus Velazquez,v1-data,2020.0,S3,middle,1506.0,4588.0,296,,,,,,,,,
Julia Brown UK Climate Change Committee,v1-data,2020.0,S3,middle,1506.0,10508.0,444,,,,,,,,,
Shu Hu,v1-data,2020.0,S3,last,1506.0,6512.0,1184,,,,,,,,,
Nanette Boyle,v1-data,2020.0,S3,first,1506.0,4144.0,444,,,,,,,,,
Chang Liu,v1-data,2020.0,S3,last,1506.0,296.0,444,,,,,,,,,
Julia Brown,v1-data,2020.0,S3,middle,1506.0,1332.0,148,,,,,,,,,
JZ,v1-data,2020.0,S4,first,3275.0,256.0,64,,,,,,,,,
Carlos Morales Guio,v1-data,2020.0,S4,middle,3275.0,3762.0,99,,,,,,,,,
Will Bowman (UC Irvine),v1-data,2020.0,S4,first,3275.0,2970.0,198,,,,,,,,,
GM,v1-data,2020.0,S4,first,3275.0,3679.0,227,,,,,,,,,
Jenny Yang (UC Irvine),v1-data,2020.0,S4,middle,3275.0,15840.0,891,,,,,,,99.0,,
RL,v1-data,2020.0,S4,first,3275.0,18513.0,594,,,,,,,,,
Oana Luca (CU Boulder),v1-data,2020.0,S4,middle,3275.0,99.0,198,,,,,,,,,
GM,v1-data,2020.0,S4,middle,3275.0,3840.0,192,,,,,,,,,
Roger Aines Lawrence Livermore Nat. Lab.,v1-data,2020.0,S4,first,3275.0,495.0,99,,,,,,,,,
Will Bowman,v1-data,2020.0,S4,middle,3275.0,495.0,99,,,,,,,,,
Rebecca Gieseking,v1-data,2020.0,S4,middle,3275.0,6039.0,198,,,,,,,,,
Carlos Morales Guio,v1-data,2020.0,S4,first,3275.0,11484.0,693,,,,,,,,,
OL,v1-data,2020.0,S4,first,3275.0,12490.0,361,,,,,,,,,
Oana Luca (CU Boulder),v1-data,2020.0,S4,first,3275.0,9108.0,297,,,,,,,,,
Gary Moore (ASU),v1-data,2020.0,S4,middle,3275.0,13959.0,495,,,,,,,,,
Marcel Schreier (UW madison),v1-data,2020.0,S4,middle,3275.0,5544.0,396,,,,,,,,,
Leo Liu,v1-data,2020.0,S4,middle,3275.0,594.0,198,,,,,,,99.0,,
RA,v1-data,2020.0,S4,first,3275.0,8128.0,1088,,,,,,,,,
CM,v1-data,2020.0,S4,middle,3275.0,4608.0,192,,,,,,,,,
Jenny Yang (UC Irvine),v1-data,2020.0,S4,first,3275.0,198.0,99,,,,,,,,,
WB,v1-data,2020.0,S4,first,3275.0,1344.0,64,,,,,,,,,
RG,v1-data,2020.0,S4,middle,3275.0,3328.0,128,,,,,,,,,
RL,v1-data,2020.0,S4,middle,3275.0,1856.0,128,,,,,,,,,
YuanYue Liu (UT Austin),v1-data,2020.0,S4,middle,3275.0,495.0,198,,,,,,,,,
FJ,v1-data,2020.0,S4,middle,3275.0,1408.0,64,,,,,,,,,
JY,v1-data,2020.0,S4,middle,3275.0,7104.0,384,,,,,,,,,
Marcel Schreier (UW Madison),v1-data,2020.0,S4,first,3275.0,9306.0,495,,,,,,,,,
Feng Jiao,v1-data,2020.0,S4,first,3275.0,8514.0,297,,,,,,,,,
Yuanyue Liu,v1-data,2020.0,S4,middle,3275.0,4257.0,198,,,,,,,,,
FL,v1-data,2020.0,S4,first,3275.0,3136.0,128,,,,,,,,,
Roger Aines,v1-data,2020.0,S4,middle,3275.0,8316.0,990,,,,,,,,,
CM,v1-data,2020.0,S4,first,3275.0,1920.0,64,,,,,,,,,
RG,v1-data,2020.0,S4,first,3275.0,2176.0,64,,,,,,,,,
Gary Moore,v1-data,2020.0,S4,middle,3275.0,5247.0,594,,,,,,,,,
FJ,v1-data,2020.0,S4,first,3275.0,2432.0,192,,,,,,,,,
JY,v1-data,2020.0,S4,first,3275.0,12728.0,460,,,,,,,,,
MS,v1-data,2020.0,S4,middle,3275.0,4160.0,64,,,,,,,,,
LL,v1-data,2020.0,S4,middle,3275.0,2624.0,128,,,,,,,,,
Jenny Yang,v1-data,2020.0,S4,middle,3275.0,1188.0,198,,,,,,,,,
FY,v1-data,2020.0,S4,middle,3275.0,16384.0,192,,,,,,,,,
Bot 4,v1-data,2020.0,S4,middle,3275.0,0.0,396,,,,,,,,,
MS,v1-data,2020.0,S4,first,3275.0,20310.0,361,,,,,,,,,
Carlos Morales-Guio,v1-data,2020.0,S4,middle,3275.0,1089.0,99,,,,,,,,,
LL,v1-data,2020.0,S4,first,3275.0,4032.0,64,,,,,,,,,
YL,v1-data,2020.0,S4,middle,3275.0,7936.0,320,,,,,,,,,
Feng Lin,v1-data,2020.0,S4,middle,3275.0,3267.0,99,,,,,,,,,
RA,v1-data,2020.0,S4,middle,3275.0,1408.0,64,,,,,,,,,
FY,v1-data,2020.0,S4,first,3275.0,1881.0,99,,,,,,,,,
YL,v1-data,2020.0,S4,first,3275.0,2496.0,64,,,,,,,,,
PR,v1-data,2020.0,S4,first,3275.0,2816.0,128,,,,,,,,,
Roger Aines Lawrence Livermore Nat. Lab,v1-data,2020.0,S4,middle,3275.0,2772.0,99,,,,,,,,,
"Feng Lin, Virginia Tech",v1-data,2020.0,S4,first,3275.0,891.0,99,,,,,,,,,
Will Bowman (UC Irvine),v1-data,2020.0,S4,middle,3275.0,5148.0,297,,,,,,,,,
WS,v1-data,2020.0,S6,first,2230.0,16315.0,283,,,,,,,,,
CM,v1-data,2020.0,S6,last,2230.0,2530.0,230,,,,,,,,,
VV,v1-data,2020.0,S6,first,2230.0,9974.0,184,,,,,,,,,
MH,v1-data,2020.0,S6,first,2230.0,2621.0,69,,,,,,,,,
SB,v1-data,2020.0,S6,first,2230.0,12464.0,1474,,,,,,,,,
WS,v1-data,2020.0,S6,last,2230.0,1932.0,138,,,,,,,46.0,,
SB,v1-data,2020.0,S6,last,2230.0,1886.0,230,,,,,,,,,
PB,v1-data,2020.0,S6,middle,2230.0,5141.0,106,,,,,,,,,
VV,v1-data,2020.0,S6,last,2230.0,1886.0,184,,,,,,,,,
AB,v1-data,2020.0,S6,middle,2230.0,644.0,46,,,,,,,,,
JJ,v1-data,2020.0,S6,middle,2230.0,2120.0,106,,,,,,,,,
PB,v1-data,2020.0,S6,first,2230.0,1166.0,53,,,,,,,,,
EM,v1-data,2020.0,S6,middle,2230.0,3461.0,205,,,,,,,,,
CM,v1-data,2020.0,S6,middle,2230.0,5300.0,106,,,,,,,,,
AH,v1-data,2020.0,S6,first,2230.0,742.0,106,,,,,,,,,
FB,v1-data,2020.0,S6,first,2230.0,1272.0,53,,,,,,,,,
MH,v1-data,2020.0,S6,middle,2230.0,2708.0,191,,,,,,,,,
AB,v1-data,2020.0,S6,first,2230.0,2138.0,138,,,,,,,,,
JJ,v1-data,2020.0,S6,first,2230.0,1689.0,205,,,,,,,46.0,,
SB,v1-data,2020.0,S6,middle,2230.0,7281.0,283,,,,,,,,,
VV,v1-data,2020.0,S6,middle,2230.0,4611.0,53,,,,,,,,,
EM,v1-data,2020.0,S6,first,2230.0,2507.0,147,,,,,,,,,
CM,v1-data,2020.0,S6,first,2230.0,5569.0,499,,,,,,,53.0,,
EM,v1-data,2020.0,S6,last,2230.0,1058.0,92,,,,,,,,,
LS,v1-data,2020.0,S7,first,2813.0,6832.0,336,,,,,,,,,
XS,v1-data,2020.0,S7,first,2813.0,10864.0,224,,,,,,,,,
CJ,v1-data,2020.0,S7,middle,2813.0,6944.0,560,,,,,,,,,
YL,v1-data,2020.0,S7,last,2813.0,1680.0,112,,,,,,,,,
HW,v1-data,2020.0,S7,middle,2813.0,15232.0,448,,,,,,,,,
GS,v1-data,2020.0,S7,middle,2813.0,1232.0,224,,,,,,,,,
XS,v1-data,2020.0,S7,last,2813.0,12880.0,224,,,,,,,,,
PM,v1-data,2020.0,S7,last,2813.0,7728.0,336,,,,,,,,,
JV,v1-data,2020.0,S7,first,2813.0,3360.0,112,,,,,,,,,
DK,v1-data,2020.0,S7,middle,2813.0,3248.0,112,,,,,,,,,
OL,v1-data,2020.0,S7,middle,2813.0,12096.0,112,,,,,,,,,
AT,v1-data,2020.0,S7,middle,2813.0,14560.0,448,,,,,,,,,
JV,v1-data,2020.0,S7,last,2813.0,448.0,336,,,,,,,,,
LS,v1-data,2020.0,S7,last,2813.0,16240.0,1232,,,,,,,,,
MS,v1-data,2020.0,S7,middle,2813.0,35280.0,560,,,,,,,,,
CJ,v1-data,2020.0,S7,first,2813.0,112.0,112,,,,,,,,,
HW,v1-data,2020.0,S7,first,2813.0,16912.0,224,,,,,,,,,
AT,v1-data,2020.0,S7,first,2813.0,2912.0,112,,,,,,,,,
GS,v1-data,2020.0,S7,first,2813.0,7168.0,896,,,,,,,,,
CJ,v1-data,2020.0,S7,last,2813.0,31248.0,1568,,,,,,,,,
HW,v1-data,2020.0,S7,last,2813.0,17472.0,224,,,,,,,,,
DK,v1-data,2020.0,S7,first,2813.0,6496.0,224,,,,,,,,,
GS,v1-data,2020.0,S7,last,2813.0,5488.0,1120,,,,,,,112.0,,
DK,v1-data,2020.0,S7,last,2813.0,17472.0,560,,,,,,,,,
YL,v1-data,2020.0,S7,middle,2813.0,9296.0,112,,,,,,,,,
AT,v1-data,2020.0,S7,last,2813.0,13104.0,672,,,,,,,,,
OL,v1-data,2020.0,S7,last,2813.0,3696.0,224,,,,,,,,,
MS,v1-data,2020.0,S7,last,2813.0,23632.0,560,,,,,,,,,
XS,v1-data,2020.0,S7,middle,2813.0,8848.0,224,,,,,,,,,
LS,v1-data,2020.0,S7,middle,2813.0,448.0,224,,,,,,,,,
JV,v1-data,2020.0,S7,middle,2813.0,2128.0,112,,,,,,,,,
Jose Mendoza,v1-data,2020.0,S8,last,2807.0,70912.0,1024,,,,,,,,,
Ellen Matson,v1-data,2020.0,S8,first,2807.0,5376.0,1024,,,,,,,,,
Katie Knowles,v1-data,2020.0,S8,first,2807.0,1792.0,768,,,,,,,,,
Charles Mccrory,v1-data,2020.0,S8,middle,2807.0,34304.0,1280,,,,,,,,,
Richard Weiner,v1-data,2020.0,S8,first,2807.0,11008.0,1792,,,,,,,512.0,,
Jeffrey Long,v1-data,2020.0,S8,last,2807.0,91904.0,9216,,,,,,,,,
Jimmy Jiang@U Cincinnati,v1-data,2020.0,S8,last,2807.0,1024.0,256,,,,,,,,,
Will Bowman,v1-data,2020.0,S8,middle,2807.0,25856.0,1280,,,,,,,,,
Andrew Feig,v1-data,2020.0,S8,last,2807.0,1792.0,256,,,,,,,,,
Charles Mccrory,v1-data,2020.0,S8,first,2807.0,14336.0,512,,,,,,,,,
Gary Moore,v1-data,2020.0,S8,last,2807.0,18176.0,1792,,,,,,,,,
Jimmy Jiang,v1-data,2020.0,S8,last,2807.0,20992.0,512,,,,,,,,,
Jose Mendoza,v1-data,2020.0,S8,middle,2807.0,26624.0,1280,,,,,,,,,
Will Bowman,v1-data,2020.0,S8,first,2807.0,6912.0,256,,,,,,,,,
Christopher Gorski,v1-data,2020.0,S8,middle,2807.0,11264.0,256,,,,,,,,,
Emily Ryan,v1-data,2020.0,S8,last,2807.0,13312.0,1280,,,,,,,,,
Jeffrey Long,v1-data,2020.0,S8,middle,2807.0,19968.0,3328,,,,,,,,,
Leo Liu,v1-data,2020.0,S8,first,2807.0,15104.0,2304,,,,,,,,,
Charles McCrory,v1-data,2020.0,S8,last,2807.0,52736.0,4864,,,,,,,,,
Gary Moore,v1-data,2020.0,S8,middle,2807.0,33536.0,1536,,,,,,,,,
Christopher Gorski,v1-data,2020.0,S8,first,2807.0,6912.0,256,,,,,,,,,
Marta Hatzell,v1-data,2020.0,S8,first,2807.0,0.0,256,,,,,,,,,
Jimmy Jiang,v1-data,2020.0,S8,middle,2807.0,256.0,256,,,,,,,,,
remibouteille,v1-data,2020.0,S8,first,2807.0,512.0,512,,,,,,,,,
Jeffrey Long,v1-data,2020.0,S8,first,2807.0,57344.0,6912,,,,,,,512.0,,
Ellen Matson,v1-data,2020.0,S8,last,2807.0,38144.0,13056,,,,,,,1024.0,,
Katie Knowles,v1-data,2020.0,S8,last,2807.0,27648.0,5120,,,,,,,,,
Gary Moore,v1-data,2020.0,S8,first,2807.0,9728.0,512,,,,,,,,,
Emily Ryan,v1-data,2020.0,S8,middle,2807.0,36864.0,1280,,,,,,,,,
Daniel,v1-data,2020.0,S8,first,2807.0,3840.0,256,,,,,,,,,
Charles Mccrory,v1-data,2020.0,S8,last,2807.0,27648.0,768,,,,,,,,,
Ellen Matson,v1-data,2020.0,S8,middle,2807.0,7936.0,512,,,,,,,,,
Katie Knowles,v1-data,2020.0,S8,middle,2807.0,19200.0,512,,,,,,,,,
Charles McCrory,v1-data,2020.0,S8,first,2807.0,5120.0,256,,,,,,,,,
Andrew,v1-data,2020.0,S8,first,2807.0,512.0,256,,,,,,,,,
Robert Cordes,v1-data,2020.0,S9,first,3047.0,8256.0,516,,,,,,,,,
Jarad Viston,v1-data,2020.0,S9,last,3047.0,38700.0,1290,,,,,,,,,
Richard Wiener,v1-data,2020.0,S9,first,3047.0,9030.0,2064,,,,,,,774.0,,
Jane Zelikova,v1-data,2020.0,S9,last,3047.0,41538.0,2064,,,,,,,,,
Peter Reiners,v1-data,2020.0,S9,middle,3047.0,9546.0,258,,,,,,,,,
Simona Liguori,v1-data,2020.0,S9,last,3047.0,15222.0,258,,,,,,,,,
Robert Coridan,v1-data,2020.0,S9,last,3047.0,73788.0,6708,,,,,,,,,
Sarbajit Banerjee,v1-data,2020.0,S9,last,3047.0,17028.0,3096,,,,,,,,,
Andrew Feig,v1-data,2020.0,S9,last,3047.0,4386.0,774,,,,,,,,,
Peter Reiners,v1-data,2020.0,S9,first,3047.0,8772.0,774,,,,,,,,,
Katherine Hornbostel,v1-data,2020.0,S9,first,3047.0,1548.0,774,,,,,,,,,
Jarad Mason,v1-data,2020.0,S9,first,3047.0,8514.0,258,,,,,,,,,
Nanette Boyle,v1-data,2020.0,S9,last,3047.0,16770.0,2064,,,,,,,,,
Jared Mason,v1-data,2020.0,S9,first,3047.0,4386.0,258,,,,,,,,,
Eva Nichols,v1-data,2020.0,S9,last,3047.0,17286.0,1290,,,,,,,,,
Simona Liguri,v1-data,2020.0,S9,first,3047.0,29412.0,1032,,,,,,,,,
Simona Ligutti,v1-data,2020.0,S9,last,3047.0,2064.0,258,,,,,,,,,
Sarbajit Banerjee,v1-data,2020.0,S9,middle,3047.0,1548.0,1032,,,,,,,,,
Robert Coridan,v1-data,2020.0,S9,middle,3047.0,11868.0,1290,,,,,,,,,
Greeshma Gaokota,v1-data,2020.0,S9,middle,3047.0,28638.0,774,,,,,,,,,
Sarbarjit Banerjee,v1-data,2020.0,S9,last,3047.0,37410.0,5676,,,,,,,,,
Li-chang Lin,v1-data,2020.0,S9,last,3047.0,5160.0,1290,,,,,,,,,
Marta Hatzell,v1-data,2020.0,S9,first,3047.0,258.0,258,,,,,,,,,
Carlos Morales-Guio,v1-data,2020.0,S9,last,3047.0,18060.0,3354,,,,,,,,,
remibouteille,v1-data,2020.0,S9,first,3047.0,516.0,516,,,,,,,,,
Greeshma Gadikota,v1-data,2020.0,S9,last,3047.0,70692.0,2064,,,,,,,,,
Jane Zeltikova,v1-data,2020.0,S9,last,3047.0,21672.0,774,,,,,,,,,
Simona Liguori,v1-data,2020.0,S9,first,3047.0,5934.0,516,,,,,,,,,
Sarbajit Banerjee,v1-data,2020.0,S9,first,3047.0,36636.0,5676,,,,,,,,,
Carlos Moral,v1-data,2020.0,S9,first,3047.0,1806.0,516,,,,,,,,,
Andrew Feig,v1-data,2020.0,S9,first,3047.0,14190.0,2580,,,,,,,,,
Sarbarit Banerjee,v1-data,2020.0,S9,middle,3047.0,26058.0,2322,,,,,,,,,
Simona Ligutti,v1-data,2020.0,S9,middle,3047.0,31218.0,5418,,,,,,,1290.0,,
Peter Remers,v1-data,2020.0,S9,last,3047.0,19350.0,516,,,,,,,,,
Sarbarjit Banerjee,v1-data,2020.0,S9,middle,3047.0,16770.0,1032,,,,,,,,,
Carlos Morales-Guio,v1-data,2020.0,S9,middle,3047.0,18318.0,1548,,,,,,,,,
Naniette Boyle,v1-data,2020.0,S9,last,3047.0,1548.0,258,,,,,,,,,
Robert Cordes,v1-data,2020.0,S9,middle,3047.0,21930.0,1806,,,,,,,,,
Greeshma Gadikota,v1-data,2020.0,S9,middle,3047.0,29670.0,1032,,,,,,,,,
Eva Nichols,v1-data,2020.0,S9,first,3047.0,21672.0,258,,,,,,,,,
Carlos Morales-Guio,v1-data,2020.0,S9,first,3047.0,9546.0,258,,,,,,,,,
Katherine Hornbostel,v1-data,2020.0,S9,last,3047.0,17028.0,1806,,,,,,,,,
Reishma Grewal,v1-data,2020.0,S9,first,3047.0,12384.0,258,,,,,,,,,
Srigokul Upadhyayula,v1-data,2021.0,S1,last,2042.0,248.0,17,,,,,,,,,
Melike Lakadamyali,v1-data,2021.0,S1,first,2042.0,2.0,1,,,,,,,,,
Srigokul Upadhyayula,v1-data,2021.0,S1,first,2042.0,6.0,2,,,,,,,,,
Morteza Mahmoudi,v1-data,2021.0,S1,last,2042.0,148.0,2,,,,,,,,,
Melike Lakadamyali,v1-data,2021.0,S1,last,2042.0,220.0,11,,,,,,,,,
Yevgenia Kozorovitskiy,v1-data,2021.0,S1,first,2042.0,2.0,1,,,,,,,,,
Seu Sim,v1-data,2021.0,S1,last,2042.0,101.0,4,,,,,,,1.0,,
Ellen Sletten,v1-data,2021.0,S1,first,2042.0,8.0,5,,,,,,,1.0,,
Ellen Sletten,v1-data,2021.0,S1,last,2042.0,132.0,12,,,,,,,,,
Katharine White,v1-data,2021.0,S1,last,2042.0,108.0,7,,,,,,,,,
Domenico (Nick) Galati,v1-data,2021.0,S1,last,2042.0,235.0,7,,,,,,,1.0,,
Samuel Achilefu,v1-data,2021.0,S1,first,2042.0,20.0,5,,,,,,,,,
Jin Zhang,v1-data,2021.0,S1,first,2042.0,101.0,13,,,,,,,,,
Samuel Achilefu,v1-data,2021.0,S1,last,2042.0,27.0,1,,,,,,,,,
None,v1-data,2021.0,S1,last,2042.0,0.0,1,,,,,,,,,
Anna-Karin Gustavsson,v1-data,2021.0,S1,last,2042.0,88.0,5,,,,,,,,,
Yevgenia Kozorovitskiy,v1-data,2021.0,S1,last,2042.0,124.0,5,,,,,,,1.0,,
Jin Zhang,v1-data,2021.0,S1,last,2042.0,472.0,22,,,,,,,,,
Crystal Rogers,v1-data,2021.0,S2,middle,3347.0,21.0,2,,,,,,,,,
Brian Pogue,v1-data,2021.0,S2,last,3347.0,19.0,8,,,,,,,,,
Mark Sellmyer,v1-data,2021.0,S2,first,3347.0,258.0,14,,,,,,,,,
Mark Sellmyer,v1-data,2021.0,S2,last,3347.0,167.0,7,,,,,,,,,
Brad Smith,v1-data,2021.0,S2,middle,3347.0,54.0,5,,,,,,,,,
Shwetadwip Chowdhury,v1-data,2021.0,S2,middle,3347.0,294.0,15,,,,,,,,,
Crystal Rogers,v1-data,2021.0,S2,first,3347.0,51.0,4,,,,,,,,,
Ping Wang,v1-data,2021.0,S2,middle,3347.0,289.0,25,,,,,,,,,
Mimi Sammarco,v1-data,2021.0,S2,middle,3347.0,83.0,8,,,,,,,,,
Crystal Rogers,v1-data,2021.0,S2,last,3347.0,1.0,1,,,,,,,,,
Arnold Hayer,v1-data,2021.0,S2,middle,3347.0,67.0,1,,,,,,,,,
Crystal Rogers- UC Davis,v1-data,2021.0,S2,first,3347.0,2.0,1,,,,,,,,,
Allison Dennis,v1-data,2021.0,S2,first,3347.0,74.0,2,,,,,,,,,
Brad Smith,v1-data,2021.0,S2,first,3347.0,217.0,34,,,,,,,,,
Brian Pogue,v1-data,2021.0,S2,middle,3347.0,101.0,17,,,,,,,1.0,,
Allison Dennis,v1-data,2021.0,S2,last,3347.0,116.0,7,,,,,,,,,
Fanny Chapelin,v1-data,2021.0,S2,middle,3347.0,67.0,7,,,,,,,,,
Shwetadwip Chowdhury,v1-data,2021.0,S2,first,3347.0,131.0,35,,,,,,,2.0,,
Brad Smith,v1-data,2021.0,S2,last,3347.0,39.0,3,,,,,,,,,
Ferdinand Schweser,v1-data,2021.0,S2,middle,3347.0,45.0,4,,,,,,,,,
Ping Wang,v1-data,2021.0,S2,first,3347.0,238.0,14,,,,,,,1.0,,
Shwetadwip Chowdhury,v1-data,2021.0,S2,last,3347.0,27.0,7,,,,,,,,,
Mark Sellmyer,v1-data,2021.0,S2,middle,3347.0,207.0,17,,,,,,,,,
Mimi Sammarco,v1-data,2021.0,S2,first,3347.0,160.0,5,,,,,,,,,
Arnold Hayer,v1-data,2021.0,S2,first,3347.0,137.0,6,,,,,,,,,
Ping Wang,v1-data,2021.0,S2,last,3347.0,165.0,10,,,,,,,,,
Mimi Sammarco,v1-data,2021.0,S2,last,3347.0,98.0,5,,,,,,,,,
Fanny Chapelin,v1-data,2021.0,S2,first,3347.0,25.0,4,,,,,,,,,
Brian Pogue,v1-data,2021.0,S2,first,3347.0,82.0,14,,,,,,,,,
Ferdinand Schweser,v1-data,2021.0,S2,first,3347.0,112.0,5,,,,,,,,,
Vivian Qian Lu,v1-data,2021.0,S3,first,3649.0,252.0,2,,,,,,,,,
Aseema Mohanty,v1-data,2021.0,S3,middle,3649.0,162.0,8,,,,,,,1.0,,
Matt Lew,v1-data,2021.0,S3,middle,3649.0,170.0,11,,,,,,,,,
Uzay Emir,v1-data,2021.0,S3,last,3649.0,68.0,2,,,,,,,,,
Luke Mortensen,v1-data,2021.0,S3,first,3649.0,58.0,1,,,,,,,,,
Stefan Wilhelm,v1-data,2021.0,S3,last,3649.0,77.0,2,,,,,,,,,
Candace Fleischer,v1-data,2021.0,S3,last,3649.0,52.0,2,,,,,,,,,
Aseema Mohanty,v1-data,2021.0,S3,first,3649.0,41.0,1,,,,,,,,,
Kristen Maitland,v1-data,2021.0,S3,middle,3649.0,119.0,8,,,,,,,,,
Andrew Feig,v1-data,2021.0,S3,last,3649.0,1.0,1,,,,,,,,,
Joshua Brake,v1-data,2021.0,S3,last,3649.0,209.0,5,,,,,,,,,
Matt Lew,v1-data,2021.0,S3,first,3649.0,48.0,1,,,,,,,,,
Dylan Burnette,v1-data,2021.0,S3,middle,3649.0,235.0,15,,,,,,,,,
Sixian You,v1-data,2021.0,S3,last,3649.0,347.0,7,,,,,,,,,
Dylan Burnette,v1-data,2021.0,S3,first,3649.0,114.0,4,,,,,,,,,
Kristen Maitland,v1-data,2021.0,S3,first,3649.0,184.0,20,,,,,,,,,
Uzay Emir,v1-data,2021.0,S3,middle,3649.0,53.0,1,,,,,,,,,
Stefan Wilhelm,v1-data,2021.0,S3,middle,3649.0,127.0,10,,,,,,,,,
Andrew Feig,v1-data,2021.0,S3,middle,3649.0,5.0,2,,,,,,,,,
Joshua Brake,v1-data,2021.0,S3,middle,3649.0,27.0,1,,,,,,,,,
Uzay Emir,v1-data,2021.0,S3,first,3649.0,79.0,2,,,,,,,,,
Stefan Wilhelm,v1-data,2021.0,S3,first,3649.0,47.0,1,,,,,,,,,
Richard Weisman,v1-data,2021.0,S3,first,3649.0,26.0,2,,,,,,,,,
Joshua Brake,v1-data,2021.0,S3,first,3649.0,195.0,4,,,,,,,,,
Shiva Abbaszadeh,v1-data,2021.0,S3,last,3649.0,3.0,1,,,,,,,,,
Silvia Ronco,v1-data,2021.0,S3,last,3649.0,11.0,2,,,,,,,,,
Luke Mortensen,v1-data,2021.0,S3,last,3649.0,119.0,2,,,,,,,,,
Sixian You,v1-data,2021.0,S3,first,3649.0,123.0,4,,,,,,,,,
Matt Lew,v1-data,2021.0,S3,last,3649.0,165.0,4,,,,,,,,,
Kristen Macland,v1-data,2021.0,S3,last,3649.0,6.0,1,,,,,,,,,
bot1,v1-data,2021.0,S3,first,3649.0,19.0,4,,,,,,,,,
Unidentified speaker,v1-data,2021.0,S3,last,3649.0,4.0,4,,,,,,,,,
Kristen Maitland,v1-data,2021.0,S3,last,3649.0,288.0,7,,,,,,,,,
Luke Mortensen,v1-data,2021.0,S3,middle,3649.0,9.0,1,,,,,,,,,
Dylan Burnette,v1-data,2021.0,S3,last,3649.0,58.0,2,,,,,,,,,
Kristen Marland,v1-data,2021.0,S3,last,3649.0,148.0,6,,,,,,,1.0,,
Paris Perdikaris,v1-data,2021.0,S4,first,3172.0,15.0,1,,,,,,,,,
Richard Wiener,v1-data,2021.0,S4,first,3172.0,12.0,2,,,,,,,,,
Katy Keenan,v1-data,2021.0,S4,middle,3172.0,55.0,2,,,,,,,,,
Carolyn Bayer,v1-data,2021.0,S4,first,3172.0,55.0,3,,,,,,,,,
Shiva Abbaszadeh,v1-data,2021.0,S4,first,3172.0,56.0,3,,,,,,,,,
Lu Wei,v1-data,2021.0,S4,middle,3172.0,124.0,1,,,,,,,,,
Katy Keenan,v1-data,2021.0,S4,first,3172.0,42.0,2,,,,,,,,,
Maryellen Giger,v1-data,2021.0,S4,middle,3172.0,192.0,8,,,,,,,1.0,,
Alexandra Walsh,v1-data,2021.0,S4,middle,3172.0,91.0,1,,,,,,,,,
Lu Wei,v1-data,2021.0,S4,first,3172.0,26.0,2,,,,,,,,,
Gergis Obaid,v1-data,2021.0,S4,first,3172.0,24.0,2,,,,,,,,,
Ulugbek Kamilov,v1-data,2021.0,S4,last,3172.0,86.0,12,,,,,,,,,
Alexandra Walsh,v1-data,2021.0,S4,first,3172.0,23.0,1,,,,,,,,,
Maryellen Giger,v1-data,2021.0,S4,first,3172.0,391.0,44,,,,,,,1.0,,
Shannon Quinn,v1-data,2021.0,S4,last,3172.0,170.0,16,,,,,,,1.0,,
Girgis Obaid,v1-data,2021.0,S4,last,3172.0,190.0,5,,,,,,,,,
Jim Mitchell,v1-data,2021.0,S4,middle,3172.0,29.0,2,,,,,,,,,
Paris Perdikaris,v1-data,2021.0,S4,last,3172.0,98.0,4,,,,,,,,,
Ulugbek Kamilov,v1-data,2021.0,S4,middle,3172.0,85.0,6,,,,,,,,,
Carolyn Bayer,v1-data,2021.0,S4,last,3172.0,52.0,1,,,,,,,,,
Shiva Abbaszadeh,v1-data,2021.0,S4,last,3172.0,99.0,4,,,,,,,,,
Jim Mitchell,v1-data,2021.0,S4,first,3172.0,16.0,1,,,,,,,,,
Ulugbek Kamilov,v1-data,2021.0,S4,first,3172.0,88.0,6,,,,,,,,,
Girgis Obaid,v1-data,2021.0,S4,middle,3172.0,74.0,1,,,,,,,,,
Katy Keenan,v1-data,2021.0,S4,last,3172.0,32.0,5,,,,,,,,,
Maryellen Giger UChicago,v1-data,2021.0,S4,middle,3172.0,242.0,14,,,,,,,,,
Paris Perdikaris,v1-data,2021.0,S4,middle,3172.0,52.0,2,,,,,,,,,
Shannon Quinn,v1-data,2021.0,S4,first,3172.0,45.0,11,,,,,,,,,
Shiva Abbaszadeh,v1-data,2021.0,S4,middle,3172.0,48.0,2,,,,,,,,,
Sandra Laney,v1-data,2021.0,S4,first,3172.0,20.0,2,,,,,,,,,
Alexandra Walsh,v1-data,2021.0,S4,last,3172.0,8.0,2,,,,,,,,,
Maryellen Giger,v1-data,2021.0,S4,last,3172.0,632.0,60,,,,,,,,,
Wei Min,v1-data,2021.0,S5,first,3297.0,51.0,7,,,,,,,,,
Sapun Parekh,v1-data,2021.0,S5,middle,3297.0,85.0,8,,,,,,,,,
Kevin Cash,v1-data,2021.0,S5,middle,3297.0,69.0,2,,,,,,,,,
Mini Das,v1-data,2021.0,S5,first,3297.0,163.0,5,,,,,,,,,
Lisa Poulikakos,v1-data,2021.0,S5,last,3297.0,38.0,3,,,,,,,,,
Joyoni Dey,v1-data,2021.0,S5,first,3297.0,258.0,6,,,,,,,,,
Wei Min,v1-data,2021.0,S5,last,3297.0,52.0,16,,,,,,,,,
Ed McCleskey,v1-data,2021.0,S5,first,3297.0,77.0,5,,,,,,,,,
Aniruddha Ray,v1-data,2021.0,S5,last,3297.0,23.0,3,,,,,,,,,
Joyoni Dey,v1-data,2021.0,S5,last,3297.0,305.0,29,,,,,,,,,
Ed McCleskey,v1-data,2021.0,S5,last,3297.0,36.0,4,,,,,,,,,
Silvia Ronco,v1-data,2021.0,S5,first,3297.0,34.0,2,,,,,,,,,
Mini Das,v1-data,2021.0,S5,last,3297.0,242.0,31,,,,,,,2.0,,
Kevin Cash,v1-data,2021.0,S5,first,3297.0,136.0,6,,,,,,,,,
Lingyan Shi,v1-data,2021.0,S5,first,3297.0,57.0,7,,,,,,,,,
Ed McCleskey CZI,v1-data,2021.0,S5,middle,3297.0,10.0,3,,,,,,,,,
Silvia Ronco,v1-data,2021.0,S5,last,3297.0,28.0,8,,,,,,,,,
Lingyan Shi,v1-data,2021.0,S5,last,3297.0,542.0,32,,,,,,,,,
Larry Cheng,v1-data,2021.0,S5,first,3297.0,69.0,1,,,,,,,,,
Sapun Parekh,v1-data,2021.0,S5,first,3297.0,59.0,1,,,,,,,,,
Sapun Parekh,v1-data,2021.0,S5,last,3297.0,148.0,23,,,,,,,,,
Ed McCleskey CZI,v1-data,2021.0,S5,last,3297.0,19.0,4,,,,,,,,,
Lisa Poulikakos,v1-data,2021.0,S5,middle,3297.0,37.0,1,,,,,,,,,
Joyoni Dey,v1-data,2021.0,S5,middle,3297.0,209.0,6,,,,,,,,,
Wei Min,v1-data,2021.0,S5,middle,3297.0,311.0,13,,,,,,,,,
Aniruddha Ray _ Utoledo,v1-data,2021.0,S5,first,3297.0,84.0,1,,,,,,,,,
Mini Das,v1-data,2021.0,S5,middle,3297.0,95.0,4,,,,,,,,,
Lisa Poulikakos,v1-data,2021.0,S5,first,3297.0,60.0,4,,,,,,,,,
Molly Bright,v1-data,2021.0,S6,last,3441.0,76.0,3,,,,,,,,,
Bryan Spring,v1-data,2021.0,S6,last,3441.0,18.0,2,,,,,,,,,
David Van Valen,v1-data,2021.0,S6,last,3441.0,164.0,22,,,,,,,,,
Douglas Shepherd,v1-data,2021.0,S6,first,3441.0,0.0,2,,,,,,,,,
Benjamin Bartelle,v1-data,2021.0,S6,middle,3441.0,238.0,5,,,,,,,1.0,,
Matt Bozio,v1-data,2021.0,S6,last,3441.0,29.0,8,,,,,,,1.0,,
Benjamin Bartelle,v1-data,2021.0,S6,first,3441.0,173.0,15,,,,,,,,,
Barbara Smith,v1-data,2021.0,S6,first,3441.0,1.0,1,,,,,,,,,
Molly Bright,v1-data,2021.0,S6,middle,3441.0,71.0,1,,,,,,,,,
Anna Moore,v1-data,2021.0,S6,last,3441.0,127.0,5,,,,,,,1.0,,
Dylan McCreedy,v1-data,2021.0,S6,middle,3441.0,60.0,1,,,,,,,,,
Alexandra Dickinson,v1-data,2021.0,S6,last,3441.0,198.0,9,,,,,,,,,
David Van Valen,v1-data,2021.0,S6,middle,3441.0,354.0,11,,,,,,,,,
Matt Lovett-Barron,v1-data,2021.0,S6,last,3441.0,49.0,26,,,,,,,,,
Matt Bozyo,v1-data,2021.0,S6,last,3441.0,78.0,2,,,,,,,,,
Matt Bozyko,v1-data,2021.0,S6,last,3441.0,61.0,16,,,,,,,3.0,,
Molly Bright,v1-data,2021.0,S6,first,3441.0,21.0,4,,,,,,,,,
David Van Valen,v1-data,2021.0,S6,first,3441.0,197.0,5,,,,,,,,,
Bryan Spring,v1-data,2021.0,S6,first,3441.0,27.0,2,,,,,,,,,
Cori Bargmann,v1-data,2021.0,S6,middle,3441.0,48.0,3,,,,,,,1.0,,
Alexandra Dickinson,v1-data,2021.0,S6,middle,3441.0,104.0,4,,,,,,,,,
Douglas Shepherd,v1-data,2021.0,S6,last,3441.0,318.0,16,,,,,,,,,
Matt Lovett-Barron,v1-data,2021.0,S6,middle,3441.0,79.0,8,,,,,,,,,
Matt Boziyo,v1-data,2021.0,S6,middle,3441.0,69.0,3,,,,,,,,,
Anna Moore,v1-data,2021.0,S6,first,3441.0,27.0,5,,,,,,,1.0,,
Matt Lovett-Barron,v1-data,2021.0,S6,first,3441.0,62.0,2,,,,,,,,,
Benjamin Bartelle,v1-data,2021.0,S6,last,3441.0,303.0,18,,,,,,,,,
Barbara Smith,v1-data,2021.0,S6,last,3441.0,52.0,3,,,,,,,,,
Alexandra Dickinson,v1-data,2021.0,S6,first,3441.0,38.0,3,,,,,,,,,
Matt Bozyo,v1-data,2021.0,S6,first,3441.0,164.0,4,,,,,,,,,
Douglas Shepherd,v1-data,2021.0,S6,middle,3441.0,146.0,2,,,,,,,,,
Matt Bogyo,v1-data,2021.0,S6,first,3441.0,89.0,19,,,,,,,1.0,,
Joshua Brake,v1-data,2021.0,S7,middle,3755.0,108.0,1,,,,,,,,,
Aseema Mohanty,v1-data,2021.0,S7,middle,3755.0,163.0,4,,,,,,,,,
Matt Lew,v1-data,2021.0,S7,middle,3755.0,227.0,10,,,,,,,,,
Richard Weiner,v1-data,2021.0,S7,first,3755.0,26.0,2,,,,,,,,,
Uzay Emir,v1-data,2021.0,S7,first,3755.0,86.0,3,,,,,,,,,
Stefan Wilhelm,v1-data,2021.0,S7,first,3755.0,49.0,1,,,,,,,,,
Uzay Emir,v1-data,2021.0,S7,last,3755.0,61.0,3,,,,,,,,,
Joshua Brake,v1-data,2021.0,S7,first,3755.0,98.0,2,,,,,,,,,
Luke Mortensen,v1-data,2021.0,S7,first,3755.0,65.0,8,,,,,,,2.0,,
Stefan Wilhelm,v1-data,2021.0,S7,last,3755.0,111.0,2,,,,,,,,,
Shiva Abbaszadeh,v1-data,2021.0,S7,last,3755.0,3.0,1,,,,,,,,,
Silvia Ronco,v1-data,2021.0,S7,last,3755.0,11.0,1,,,,,,,,,
Luke Mortensen,v1-data,2021.0,S7,last,3755.0,139.0,7,,,,,,,,,
Candace Fleischer,v1-data,2021.0,S7,last,3755.0,38.0,2,,,,,,,,,
Aseema Mohanty,v1-data,2021.0,S7,first,3755.0,38.0,6,,,,,,,2.0,,
Kristen Maitland,v1-data,2021.0,S7,middle,3755.0,314.0,15,,,,,,,,,
Andrew Feig,v1-data,2021.0,S7,last,3755.0,13.0,2,,,,,,,,,
Joshua Brake,v1-data,2021.0,S7,last,3755.0,169.0,10,,,,,,,,,
Matt Lew,v1-data,2021.0,S7,first,3755.0,36.0,1,,,,,,,,,
Dylan Burnette,v1-data,2021.0,S7,middle,3755.0,316.0,19,,,,,,,,,
Sixian You,v1-data,2021.0,S7,first,3755.0,122.0,6,,,,,,,,,
Matt Lew,v1-data,2021.0,S7,last,3755.0,175.0,7,,,,,,,,,
Sixian You,v1-data,2021.0,S7,last,3755.0,340.0,14,,,,,,,,,
Vivian Qian Liu,v1-data,2021.0,S7,first,3755.0,223.0,2,,,,,,,,,
Dylan Burnette,v1-data,2021.0,S7,first,3755.0,116.0,10,,,,,,,,,
Kristen Maitland,v1-data,2021.0,S7,first,3755.0,179.0,25,,,,,,,,,
Uzay Emir,v1-data,2021.0,S7,middle,3755.0,51.0,3,,,,,,,,,
Kristen Maitland,v1-data,2021.0,S7,last,3755.0,406.0,13,,,,,,,,,
Luke Mortensen,v1-data,2021.0,S7,middle,3755.0,9.0,2,,,,,,,,,
Dylan Burnette,v1-data,2021.0,S7,last,3755.0,57.0,5,,,,,,,,,
Andrew Feig,v1-data,2021.0,S7,middle,3755.0,6.0,1,,,,,,,,,
Jeff Winkler,v1-data,2021.0,S8,last,2749.0,178.0,17,,,,,,,,,
Jeff Albert Finefield,v1-data,2021.0,S8,first,2749.0,25.0,6,,,,,,,,,
Jeff Andrew Donahue,v1-data,2021.0,S8,middle,2749.0,0.0,1,,,,,,,,,
Sapun Parekh,v1-data,2021.0,S8,middle,2749.0,36.0,1,,,,,,,,,
Lisa Poulikakos,v1-data,2021.0,S8,last,2749.0,66.0,1,,,,,,,,,
Sayan Patra,v1-data,2021.0,S8,last,2749.0,20.0,2,,,,,,,,,
Jeff Tannebaum,v1-data,2021.0,S8,middle,2749.0,25.0,1,,,,,,,,,
Joyoni Dey,v1-data,2021.0,S8,last,2749.0,219.0,16,,,,,,,3.0,,
Kevin Taufour,v1-data,2021.0,S8,first,2749.0,106.0,3,,,,,,,,,
Andrew Fegyveresi,v1-data,2021.0,S8,last,2749.0,7.0,2,,,,,,,,,
Layla Oesper,v1-data,2021.0,S8,last,2749.0,22.0,1,,,,,,,,,
Jeff Andrew Donahue,v1-data,2021.0,S8,first,2749.0,9.0,2,,,,,,,,,
Mini Das,v1-data,2021.0,S8,last,2749.0,195.0,27,,,,,,,1.0,,
Lingyan Shi,v1-data,2021.0,S8,last,2749.0,227.0,52,,,,,,,1.0,,
Andrew Hsu,v1-data,2021.0,S8,last,2749.0,3.0,3,,,,,,,1.0,,
Lisa Satterthwaite,v1-data,2021.0,S8,last,2749.0,19.0,4,,,,,,,,,
Gail Mckee,v1-data,2021.0,S8,last,2749.0,13.0,1,,,,,,,,,
Pallavi Dhagat,v1-data,2021.0,S8,first,2749.0,39.0,8,,,,,,,,,
Sanjukta Gayen,v1-data,2021.0,S8,last,2749.0,64.0,2,,,,,,,,,
Jyoti Dube,v1-data,2021.0,S8,last,2749.0,36.0,4,,,,,,,,,
Linda Alvarez,v1-data,2021.0,S8,first,2749.0,2.0,1,,,,,,,,,
Jeff Baird Parente,v1-data,2021.0,S8,last,2749.0,40.0,9,,,,,,,,,
Joyati Deb Roy,v1-data,2021.0,S8,middle,2749.0,54.0,1,,,,,,,,,
Gail Robertson-Steele,v1-data,2021.0,S8,last,2749.0,28.0,5,,,,,,,,,
Anila Das,v1-data,2021.0,S8,last,2749.0,15.0,3,,,,,,,,,
Mini Das,v1-data,2021.0,S8,middle,2749.0,138.0,1,,,,,,,,,
Wei-Min Chen,v1-data,2021.0,S8,last,2749.0,4.0,1,,,,,,,,,
Jeff Douglas Winkler,v1-data,2021.0,S8,first,2749.0,93.0,18,,,,,,,1.0,,
Lisa Poulikakos,v1-data,2021.0,S8,first,2749.0,67.0,2,,,,,,,,,
Carl Ed Mccauley,v1-data,2021.0,S8,first,2749.0,48.0,3,,,,,,,,,
Mini Das,v1-data,2021.0,S8,first,2749.0,42.0,10,,,,,,,,,
Jeff Wheeler,v1-data,2021.0,S8,middle,2749.0,88.0,43,,,,,,,,,
Richard Wiener,v1-data,2021.0,S8,last,2749.0,4.0,2,,,,,,,,,
Pallavi Raghunathan,v1-data,2021.0,S8,last,2749.0,14.0,7,,,,,,,,,
Lingyan Shi,v1-data,2021.0,S8,first,2749.0,97.0,3,,,,,,,,,
Jeff Elam,v1-data,2021.0,S8,last,2749.0,3.0,2,,,,,,,,,
Carolyn Bertozzi,v1-data,2021.0,S8,first,2749.0,41.0,7,,,,,,,,,
Lingyang Luo,v1-data,2021.0,S8,last,2749.0,29.0,3,,,,,,,,,
Anil Ousmane,v1-data,2021.0,S8,last,2749.0,151.0,10,,,,,,,,,
Jeff Bodwin,v1-data,2021.0,S8,last,2749.0,27.0,3,,,,,,,,,
Liying Lu,v1-data,2021.0,S8,last,2749.0,52.0,10,,,,,,,,,
Larry Zhang,v1-data,2021.0,S8,middle,2749.0,87.0,2,,,,,,,,,
Bill Mccleskey,v1-data,2021.0,S8,last,2749.0,20.0,5,,,,,,,1.0,,
Wan-Wei Tseng,v1-data,2021.0,S8,last,2749.0,31.0,8,,,,,,,,,
Jeff Boyd Farinha,v1-data,2021.0,S8,middle,2749.0,39.0,4,,,,,,,,,
Aniruddha Ray,v1-data,2021.0,S8,middle,2749.0,122.0,1,,,,,,,,,
Jeff Squier,v1-data,2021.0,S8,last,2749.0,74.0,6,,,,,,,,,
Kevin Taufour,v1-data,2021.0,S8,middle,2749.0,30.0,3,,,,,,,,,
Brian Pogue-DARTMOUTH,v1-data,2021.0,S1,last,3371.0,130.0,15,,,,,,,,,
Joshua Brake,v1-data,2021.0,S1,middle,3371.0,169.0,4,,,,,,,,,
Larry Cheng,v1-data,2021.0,S1,middle,3371.0,74.0,1,,,,,,,,,
Bryan Spring,v1-data,2021.0,S1,last,3371.0,23.0,7,,,,,,,1.0,,
Brian Pogue,v1-data,2021.0,S1,last,3371.0,284.5,48,,,,,,,2.0,,
Katy Keenan,v1-data,2021.0,S1,middle,3371.0,87.0,3,,,,,,,,,
Carolyn Bayer,v1-data,2021.0,S1,first,3371.0,70.0,6,,,,,,,,,
Bryan Spring | Northeastern U,v1-data,2021.0,S1,last,3371.0,4.0,2,,,,,,,,,
Katharine White,v1-data,2021.0,S1,middle,3371.0,202.0,8,,,,,,,,,
Seu Sim,v1-data,2021.0,S1,first,3371.0,25.0,1,,,,,,,,,
Katharine White-Notre Dame,v1-data,2021.0,S1,last,3371.0,115.0,4,,,,,,,,,
Carolyn Bayer,v1-data,2021.0,S1,last,3371.0,146.0,8,,,,,,,,,
Joshua Brake,v1-data,2021.0,S1,first,3371.0,33.0,2,,,,,,,,,
Nina Cardoza,v1-data,2021.0,S1,first,3371.0,1.0,1,,,,,,,,,
Silvia Ronco RCS4,v1-data,2021.0,S1,last,3371.0,5.0,4,,,,,,,1.0,,
Katy Keenan,v1-data,2021.0,S1,first,3371.0,123.0,7,,,,,,,,,
Larry Cheng,v1-data,2021.0,S1,first,3371.0,37.0,1,,,,,,,,,
Andrew Ferg,v1-data,2021.0,S1,first,3371.0,80.0,6,,,,,,,2.0,,
Joshua Brake,v1-data,2021.0,S1,last,3371.0,313.0,20,,,,,,,,,
Larry Cheng,v1-data,2021.0,S1,last,3371.0,0.0,1,,,,,,,,,
Katharine White,v1-data,2021.0,S1,first,3371.0,246.0,10,,,,,,,,,
Katy Keenan,v1-data,2021.0,S1,last,3371.0,4.0,1,,,,,,,,,
Brian Pogue,v1-data,2021.0,S1,middle,3371.0,221.0,20,,,,,,,,,
Katharine White,v1-data,2021.0,S1,last,3371.0,337.0,21,,,,,,,,,
Bryan Spring,v1-data,2021.0,S1,middle,3371.0,18.0,2,,,,,,,,,
Brian Pogue,v1-data,2021.0,S1,first,3371.0,200.0,38,,,,,,,2.0,,
Shannon Quinn,v1-data,2021.0,S1,first,3371.0,49.0,6,,,,,,,,,
Carolyn Bayer,v1-data,2021.0,S1,middle,3371.0,71.0,1,,,,,,,,,
Seu Sim,v1-data,2021.0,S1,middle,3371.0,134.0,4,,,,,,,,,
Shannon Quinn,v1-data,2021.0,S1,last,3371.0,147.0,21,,,,,,,3.0,,
Bryan Spring,v1-data,2021.0,S1,first,3371.0,25.0,2,,,,,,,,,
Maryellen Giger UChicago,v1-data,2021.0,S10,first,3033.0,327.0,42,,,,,,,3.0,,
Srigokul Upadhyayula,v1-data,2021.0,S10,last,3033.0,136.0,2,,,,,,,,,
Sapun Parekh,v1-data,2021.0,S10,middle,3033.0,69.0,2,,,,,,,,,
David Van Valen,v1-data,2021.0,S10,last,3033.0,83.0,4,,,,,,,,,
Maryellen Giger UChicago,v1-data,2021.0,S10,last,3033.0,424.0,28,,,,,,,,,
Fanny Chapelin,v1-data,2021.0,S10,last,3033.0,84.0,8,,,,,,,,,
Matt Lovett-Barron,v1-data,2021.0,S10,middle,3033.0,18.0,4,,,,,,,,,
Qian Liu,v1-data,2021.0,S10,last,3033.0,69.0,3,,,,,,,,,
Matt Lew,v1-data,2021.0,S10,first,3033.0,92.0,6,,,,,,,,,
Matt Lovett-Barron,v1-data,2021.0,S10,first,3033.0,76.0,3,,,,,,,,,
Sapun Parekh,v1-data,2021.0,S10,last,3033.0,133.0,8,,,,,,,,,
Matt Lew,v1-data,2021.0,S10,last,3033.0,142.0,7,,,,,,,,,
Srigokul Upadhyayula,v1-data,2021.0,S10,middle,3033.0,67.0,2,,,,,,,1.0,,
David Van Valen,v1-data,2021.0,S10,middle,3033.0,247.0,20,,,,,,,1.0,,
Matt Lovett-Barron,v1-data,2021.0,S10,last,3033.0,164.0,6,,,,,,,,,
Fanny Chapelin,v1-data,2021.0,S10,middle,3033.0,53.0,1,,,,,,,,,
Maryellen Giger UChicago,v1-data,2021.0,S10,middle,3033.0,226.0,32,,,,,,,2.0,,
Arnold Hayer,v1-data,2021.0,S10,first,3033.0,97.0,2,,,,,,,,,
Qian Liu,v1-data,2021.0,S10,middle,3033.0,129.0,6,,,,,,,,,
Arnold Hayer,v1-data,2021.0,S10,last,3033.0,98.0,7,,,,,,,,,
David Van Valen,v1-data,2021.0,S10,first,3033.0,52.0,4,,,,,,,,,
Fanny Chapelin,v1-data,2021.0,S10,first,3033.0,93.0,3,,,,,,,1.0,,
Maryellen Giger,v1-data,2021.0,S10,last,3033.0,116.0,13,,,,,,,,,
Srigokul Upadhyayula,v1-data,2021.0,S10,first,3033.0,38.0,2,,,,,,,1.0,,
Aniruddha Ray,v1-data,2021.0,S11,first,3230.0,63.0,3,,,,,,,1.0,,
Barbara Smith,v1-data,2021.0,S11,middle,3230.0,139.0,6,,,,,,,,,
Carolyn Bayer,v1-data,2021.0,S11,first,3230.0,45.0,2,,,,,,,,,
Sixian You,v1-data,2021.0,S11,middle,3230.0,77.0,2,,,,,,,,,
Aniruddha Ray,v1-data,2021.0,S11,last,3230.0,133.0,16,,,,,,,1.0,,
Alexandra Dickinson,v1-data,2021.0,S11,middle,3230.0,52.0,4,,,,,,,,,
Carolyn Bayer,v1-data,2021.0,S11,last,3230.0,91.0,10,,,,,,,1.0,,
Brad Smith,v1-data,2021.0,S11,middle,3230.0,86.0,12,,,,,,,1.0,,
Luke Mortensen,v1-data,2021.0,S11,first,3230.0,177.0,8,,,,,,,3.0,,
Luke Mortensen,v1-data,2021.0,S11,last,3230.0,47.0,3,,,,,,,,,
Andrew Feig,v1-data,2021.0,S11,last,3230.0,3.0,1,,,,,,,,,
Barbara Smith,v1-data,2021.0,S11,first,3230.0,56.0,8,,,,,,,1.0,,
Steve Jett,v1-data,2021.0,S11,first,3230.0,63.0,2,,,,,,,,,
Sixian You,v1-data,2021.0,S11,first,3230.0,105.0,2,,,,,,,,,
Yevgenia Kozorovitskiy,v1-data,2021.0,S11,middle,3230.0,216.0,4,,,,,,,,,
Jim Mitchell,v1-data,2021.0,S11,last,3230.0,5.0,2,,,,,,,,,
Alexandra Dickinson,v1-data,2021.0,S11,first,3230.0,48.0,1,,,,,,,,,
Barbara Smith,v1-data,2021.0,S11,last,3230.0,394.0,11,,,,,,,,,
Sixian You,v1-data,2021.0,S11,last,3230.0,229.0,10,,,,,,,,,
Brad Smith,v1-data,2021.0,S11,first,3230.0,189.0,18,,,,,,,,,
Alexandra Dickinson,v1-data,2021.0,S11,last,3230.0,82.0,2,,,,,,,,,
Brad Smith,v1-data,2021.0,S11,last,3230.0,311.0,35,,,,,,,,,
Sixian You | MIT,v1-data,2021.0,S11,first,3230.0,106.0,5,,,,,,,,,
Aniruddha Ray,v1-data,2021.0,S11,middle,3230.0,61.0,3,,,,,,,,,
Carolyn Bayer,v1-data,2021.0,S11,middle,3230.0,294.0,13,,,,,,,1.0,,
Yevgenia Kozorovitskiy,v1-data,2021.0,S11,first,3230.0,132.0,4,,,,,,,,,
Yevgenia Kozorovitskiy,v1-data,2021.0,S11,last,3230.0,26.0,3,,,,,,,,,
Brian Pogue,v1-data,2021.0,S12,last,3480.0,174.0,46,,,,,,,3.0,,
Mark Sellmyer,v1-data,2021.0,S12,first,3480.0,147.0,5,,,,,,,,,
Mini Das,v1-data,2021.0,S12,first,3480.0,223.0,12,,,,,,,,,
Joyoni Dey,v1-data,2021.0,S12,first,3480.0,112.0,2,,,,,,,,,
Uzay Emir,v1-data,2021.0,S12,first,3480.0,107.0,5,,,,,,,,,
Morteza Mahmoudi,v1-data,2021.0,S12,first,3480.0,74.0,1,,,,,,,,,
Shiva Abbaszadeh,v1-data,2021.0,S12,first,3480.0,28.0,3,,,,,,,,,
Benjamin Bartelle,v1-data,2021.0,S12,middle,3480.0,143.0,16,,,,,,,2.0,,
Joyoni Dey,v1-data,2021.0,S12,last,3480.0,64.0,7,,,,,,,,,
Uzay Emir,v1-data,2021.0,S12,last,3480.0,87.0,4,,,,,,,,,
Mark Sellmyer,v1-data,2021.0,S12,last,3480.0,81.0,7,,,,,,,,,
Ulugbek Kamilov,v1-data,2021.0,S12,middle,3480.0,173.0,14,,,,,,,1.0,,
Shiva Abbaszadeh,v1-data,2021.0,S12,last,3480.0,184.0,9,,,,,,,,,
Mini Das,v1-data,2021.0,S12,last,3480.0,205.0,22,,,,,,,,,
Andrew Feig,v1-data,2021.0,S12,first,3480.0,3.0,1,,,,,,,,,
Larry Cheng,v1-data,2021.0,S12,first,3480.0,143.0,2,,,,,,,,,
Benjamin Bartelle,v1-data,2021.0,S12,first,3480.0,63.0,5,,,,,,,,,
Larry Cheng,v1-data,2021.0,S12,last,3480.0,60.0,2,,,,,,,,,
Ulugbek Kamilov,v1-data,2021.0,S12,first,3480.0,88.0,6,,,,,,,,,
Benjamin Bartelle,v1-data,2021.0,S12,last,3480.0,313.0,14,,,,,,,,,
Brian Pogue,v1-data,2021.0,S12,middle,3480.0,105.0,10,,,,,,,,,
Ulugbek Kamilov,v1-data,2021.0,S12,last,3480.0,53.0,6,,,,,,,,,
Morteza Mahmoudi,v1-data,2021.0,S12,middle,3480.0,83.0,1,,,,,,,,,
Mark Sellmyer,v1-data,2021.0,S12,middle,3480.0,62.0,1,,,,,,,,,
Kristen Maitland,v1-data,2021.0,S12,first,3480.0,170.0,20,,,,,,,,,
Uzay Emir,v1-data,2021.0,S12,middle,3480.0,24.0,2,,,,,,,,,
Joyoni Dey,v1-data,2021.0,S12,middle,3480.0,266.0,16,,,,,,,,,
Kristen Maitland,v1-data,2021.0,S12,last,3480.0,27.0,4,,,,,,,,,
Mini Das,v1-data,2021.0,S12,middle,3480.0,157.0,19,,,,,,,4.0,,
Brian Pogue,v1-data,2021.0,S12,first,3480.0,61.0,5,,,,,,,,,
Crystal Rogers,v1-data,2021.0,S13,middle,3579.0,102.0,10,,,,,,,,,
Dylan McCreedy,v1-data,2021.0,S13,last,3579.0,36.0,1,,,,,,,,,
Melike Lakadamyali,v1-data,2021.0,S13,first,3579.0,18.0,3,,,,,,,,,
Katy Keenan,v1-data,2021.0,S13,middle,3579.0,24.0,4,,,,,,,,,
Dylan Burnette,v1-data,2021.0,S13,last,3579.0,100.0,2,,,,,,,,,
Ferdinand Schweser,v1-data,2021.0,S13,last,3579.0,247.0,15,,,,,,,,,
Domenico (Nick) Galati,v1-data,2021.0,S13,middle,3579.0,108.0,3,,,,,,,,,
Melike Lakadamyali,v1-data,2021.0,S13,last,3579.0,131.0,8,,,,,,,,,
Crystal Rogers,v1-data,2021.0,S13,first,3579.0,197.0,12,,,,,,,,,
Katy Keenan,v1-data,2021.0,S13,first,3579.0,29.0,2,,,,,,,,,
Shannon Quinn,v1-data,2021.0,S13,last,3579.0,124.0,9,,,,,,,,,
Dylan McCreedy | Texas A&M,v1-data,2021.0,S13,last,3579.0,153.0,38,,,,,,,,,
Crystal Rogers,v1-data,2021.0,S13,last,3579.0,152.0,6,,,,,,,,,
Samuel Achilefu,v1-data,2021.0,S13,middle,3579.0,68.0,6,,,,,,,,,
Mimi Sammarco,v1-data,2021.0,S13,middle,3579.0,52.0,3,,,,,,,,,
Dylan Burnette,v1-data,2021.0,S13,middle,3579.0,31.0,3,,,,,,,,,
Dylan McCreedy,v1-data,2021.0,S13,first,3579.0,40.0,5,,,,,,,,,
Shannon Quinn,v1-data,2021.0,S13,middle,3579.0,240.0,4,,,,,,,,,
Domenico (Nick) Galati,v1-data,2021.0,S13,first,3579.0,139.0,4,,,,,,,,,
Katy Keenan,v1-data,2021.0,S13,last,3579.0,87.0,6,,,,,,,,,
Dylan McCreedy,v1-data,2021.0,S13,middle,3579.0,87.0,2,,,,,,,,,
Domenico (Nick) Galati,v1-data,2021.0,S13,last,3579.0,58.0,2,,,,,,,,,
Samuel Achilefu,v1-data,2021.0,S13,first,3579.0,128.0,11,,,,,,,,,
Ferdinand Schweser,v1-data,2021.0,S13,middle,3579.0,282.0,2,,,,,,,,,
Dylan Burnette,v1-data,2021.0,S13,first,3579.0,174.0,7,,,,,,,,,
Shannon Quinn,v1-data,2021.0,S13,first,3579.0,78.0,10,,,,,,,,,
Melike Lakadamyali,v1-data,2021.0,S13,middle,3579.0,282.0,7,,,,,,,,,
Mimi Sammarco,v1-data,2021.0,S13,first,3579.0,153.0,14,,,,,,,,,
Samuel Achilefu,v1-data,2021.0,S13,last,3579.0,169.0,11,,,,,,,2.0,,
Unknown speaker,v1-data,2021.0,S13,last,3579.0,4.0,3,,,,,,,,,
Ferdinand Schweser,v1-data,2021.0,S13,first,3579.0,86.0,6,,,,,,,,,
Molly Bright,v1-data,2021.0,S14,last,2959.0,100.0,3,,,,,,,,,
Kevin Cash,v1-data,2021.0,S14,middle,2959.0,29.0,4,,,,,,,,,
Katharine White,v1-data,2021.0,S14,middle,2959.0,134.0,3,,,,,,,,,
Walsh,v1-data,2021.0,S14,first,2959.0,20.0,1,,,,,,,,,
Kevin Cash,v1-data,2021.0,S14,first,2959.0,42.0,5,,,,,,,,,
Candace Fleischer,v1-data,2021.0,S14,last,2959.0,302.0,16,,,,,,,,,
Seu Sim,v1-data,2021.0,S14,last,2959.0,52.0,30,,,,,,,,,
Lingyan Shi,v1-data,2021.0,S14,last,2959.0,67.0,6,,,,,,,,,
Andrew Feig,v1-data,2021.0,S14,last,2959.0,22.0,2,,,,,,,,,
Allison Dennis,v1-data,2021.0,S14,first,2959.0,36.0,2,,,,,,,1.0,,
Katharine White,v1-data,2021.0,S14,first,2959.0,42.0,3,,,,,,,,,
Lu Wei,v1-data,2021.0,S14,first,2959.0,80.0,3,,,,,,,,,
Molly Bright,v1-data,2021.0,S14,first,2959.0,12.0,2,,,,,,,1.0,,
Ping Wang,v1-data,2021.0,S14,last,2959.0,51.0,1,,,,,,,,,
Seu Sim,v1-data,2021.0,S14,middle,2959.0,42.0,1,,,,,,,,,
Lingyan Shi,v1-data,2021.0,S14,middle,2959.0,156.0,3,,,,,,,,,
Jin Zhang,v1-data,2021.0,S14,last,2959.0,244.0,24,,,,,,,,,
Matt Bogyo,v1-data,2021.0,S14,last,2959.0,121.0,12,,,,,,,,,
Seu Sim,v1-data,2021.0,S14,first,2959.0,23.0,2,,,,,,,,,
Aniruddha Ray,v1-data,2021.0,S14,last,2959.0,0.0,1,,,,,,,1.0,,
Candace Fleischer,v1-data,2021.0,S14,first,2959.0,12.0,1,,,,,,,1.0,,
Lingyan Shi,v1-data,2021.0,S14,first,2959.0,112.0,2,,,,,,,,,
Silvia Ronco,v1-data,2021.0,S14,last,2959.0,0.0,1,,,,,,,1.0,,
Ping Wang,v1-data,2021.0,S14,middle,2959.0,248.0,10,,,,,,,,,
Kevin Cash,v1-data,2021.0,S14,last,2959.0,118.0,6,,,,,,,,,
Allison Dennis,v1-data,2021.0,S14,last,2959.0,88.0,3,,,,,,,,,
Katharine White,v1-data,2021.0,S14,last,2959.0,40.0,2,,,,,,,,,
Matt Bogyo,v1-data,2021.0,S14,middle,2959.0,93.0,4,,,,,,,,,
Lu Wei,v1-data,2021.0,S14,last,2959.0,112.0,7,,,,,,,,,
Ping Wang,v1-data,2021.0,S14,first,2959.0,62.0,1,,,,,,,,,
Katharine White--Notre Dame,v1-data,2021.0,S14,last,2959.0,29.0,1,,,,,,,,,
Jin Zhang,v1-data,2021.0,S14,first,2959.0,253.0,9,,,,,,,,,
Alexandra Walsh,v1-data,2021.0,S14,last,2959.0,126.0,3,,,,,,,1.0,,
Matt Bogyo,v1-data,2021.0,S14,first,2959.0,91.0,15,,,,,,,,,
Aniruddha Ray,v1-data,2021.0,S15,first,3237.0,64.0,6,,,,,,,,,
Barbara Smith,v1-data,2021.0,S15,middle,3237.0,108.0,3,,,,,,,,,
Carolyn Bayer,v1-data,2021.0,S15,first,3237.0,18.0,8,,,,,,,2.0,,
Sixian You,v1-data,2021.0,S15,middle,3237.0,86.0,9,,,,,,,,,
Aniruddha Ray,v1-data,2021.0,S15,last,3237.0,115.0,20,,,,,,,1.0,,
Alexandra Dickinson,v1-data,2021.0,S15,middle,3237.0,49.0,4,,,,,,,,,
Carolyn Bayer,v1-data,2021.0,S15,last,3237.0,92.0,15,,,,,,,,,
Brad Smith,v1-data,2021.0,S15,middle,3237.0,97.0,12,,,,,,,,,
Luke Mortensen,v1-data,2021.0,S15,first,3237.0,86.0,6,,,,,,,,,
Silvia Ronco,v1-data,2021.0,S15,last,3237.0,3.0,2,,,,,,,,,
Luke Mortensen,v1-data,2021.0,S15,last,3237.0,70.0,6,,,,,,,,,
Andrew Feig,v1-data,2021.0,S15,last,3237.0,3.0,1,,,,,,,,,
Barbara Smith,v1-data,2021.0,S15,first,3237.0,59.0,4,,,,,,,1.0,,
Steve Jett,v1-data,2021.0,S15,first,3237.0,93.0,6,,,,,,,,,
Sixian You,v1-data,2021.0,S15,first,3237.0,148.0,10,,,,,,,,,
Yevgenia Kozorovitskiy,v1-data,2021.0,S15,middle,3237.0,241.0,13,,,,,,,,,
Jim Mitchell,v1-data,2021.0,S15,last,3237.0,0.0,1,,,,,,,,,
Alexandra Dickinson,v1-data,2021.0,S15,first,3237.0,49.0,2,,,,,,,1.0,,
Barbara Smith,v1-data,2021.0,S15,last,3237.0,396.0,11,,,,,,,,,
Sixian You,v1-data,2021.0,S15,last,3237.0,129.0,9,,,,,,,,,
Brad Smith,v1-data,2021.0,S15,first,3237.0,249.0,30,,,,,,,1.0,,
Alexandra Dickinson,v1-data,2021.0,S15,last,3237.0,70.0,3,,,,,,,,,
Brad Smith,v1-data,2021.0,S15,last,3237.0,420.0,40,,,,,,,,,
Aniruddha Ray,v1-data,2021.0,S15,middle,3237.0,43.0,1,,,,,,,,,
Carolyn Bayer,v1-data,2021.0,S15,middle,3237.0,380.0,20,,,,,,,,,
Yevgenia Kozorovitskiy,v1-data,2021.0,S15,first,3237.0,137.0,9,,,,,,,1.0,,
Yevgenia Kozorovitskiy,v1-data,2021.0,S15,last,3237.0,32.0,4,,,,,,,,,
Chris Whitbey-Scott,v1-data,2021.0,S16,first,2949.0,9.0,1,,,,,,,,,
Wenshing Wang,v1-data,2021.0,S16,last,2949.0,156.0,3,,,,,,,,,
Carolina Tropini-UBC,v1-data,2021.0,S16,middle,2949.0,17.0,2,,,,,,,,,
Chris Whtibey,v1-data,2021.0,S16,last,2949.0,1.0,1,,,,,,,,,
Chris Whitbey,v1-data,2021.0,S16,last,2949.0,75.0,4,,,,,,,,,
Ying-Hui Chou,v1-data,2021.0,S16,first,2949.0,0.0,3,,,,,,,2.0,,
Carolina Tropini,v1-data,2021.0,S16,last,2949.0,12.0,3,,,,,,,,,
Silvia Ronco,v1-data,2021.0,S16,first,2949.0,49.0,14,,,,,,,,,
Aida Ebrahimi- Penn State U,v1-data,2021.0,S16,last,2949.0,318.0,18,,,,,,,1.0,,
Stavroula Hatzios,v1-data,2021.0,S16,last,2949.0,80.0,1,,,,,,,,,
Carolina Tropini-UBC,v1-data,2021.0,S16,first,2949.0,54.0,1,,,,,,,,,
Xin Qi,v1-data,2021.0,S16,last,2949.0,160.0,4,,,,,,,,,
Aisla Ibrahimi,v1-data,2021.0,S16,first,2949.0,11.0,2,,,,,,,,,
Wenjing Wang,v1-data,2021.0,S16,middle,2949.0,3.0,1,,,,,,,,,
Dr. Ali Keshavarzian,v1-data,2021.0,S16,last,2949.0,288.0,52,,,,,,,,,
Andrew Ferg,v1-data,2021.0,S16,first,2949.0,13.0,3,,,,,,,,,
Lisa Ryne,v1-data,2021.0,S16,first,2949.0,29.0,1,,,,,,,,,
Chris Whtibey,v1-data,2021.0,S16,middle,2949.0,86.0,1,,,,,,,,,
Abhishek Shrivastava,v1-data,2021.0,S16,first,2949.0,1.0,3,,,,,,,,,
Wenjing Wang,v1-data,2021.0,S16,first,2949.0,49.0,12,,,,,,,1.0,,
Abhishek Shrivastava ASU,v1-data,2021.0,S16,middle,2949.0,149.0,15,,,,,,,1.0,,
Carolina Tropini,v1-data,2021.0,S16,middle,2949.0,93.0,5,,,,,,,,,
Aida Ebrahimi- Penn State U,v1-data,2021.0,S16,middle,2949.0,98.0,2,,,,,,,,,
Dr. Ali Keshavarzian,v1-data,2021.0,S16,middle,2949.0,161.0,3,,,,,,,,,
Stavroula Hatzios,v1-data,2021.0,S16,middle,2949.0,103.0,5,,,,,,,,,
Abhishek Shrivastava ASU,v1-data,2021.0,S16,first,2949.0,121.0,2,,,,,,,,,
Carolina Tropini,v1-data,2021.0,S16,first,2949.0,4.0,5,,,,,,,1.0,,
Chris Whitbey,v1-data,2021.0,S16,first,2949.0,34.0,1,,,,,,,,,
Stavroula Hatzios,v1-data,2021.0,S16,first,2949.0,40.0,11,,,,,,,,,
Aida Ebrahimi-Penn State U,v1-data,2021.0,S16,middle,2949.0,44.0,1,,,,,,,,,
Ying-Hui Chou,v1-data,2021.0,S16,last,2949.0,38.0,3,,,,,,,,,
Silvia Ronco,v1-data,2021.0,S16,last,2949.0,11.0,3,,,,,,,,,
Lisa Ryno,v1-data,2021.0,S16,last,2949.0,57.0,3,,,,,,,,,
Aida Ebrahimi-Penn State U,v1-data,2021.0,S16,first,2949.0,93.0,4,,,,,,,,,
Xin Qi-CWRU,v1-data,2021.0,S16,middle,2949.0,55.0,1,,,,,,,,,
Dr. Ali Keshavarzi,v1-data,2021.0,S16,first,2949.0,5.0,1,,,,,,,,,
Lisa Ryne,v1-data,2021.0,S16,last,2949.0,61.0,1,,,,,,,,,
Dr. Ali Keshavarziyan,v1-data,2021.0,S16,middle,2949.0,15.0,1,,,,,,,,,
Abhishek Shrivastava,v1-data,2021.0,S16,last,2949.0,111.0,5,,,,,,,,,
Wenjing Wang,v1-data,2021.0,S16,last,2949.0,87.0,8,,,,,,,,,
Aida Ebrahimi,v1-data,2021.0,S16,last,2949.0,105.0,10,,,,,,,,,
Dr. Ali Keshavarziyan,v1-data,2021.0,S16,first,2949.0,33.0,12,,,,,,,,,
Ying-Hui Chou,v1-data,2021.0,S16,middle,2949.0,18.0,2,,,,,,,,,
Lisa Ryno,v1-data,2021.0,S16,middle,2949.0,2.0,1,,,,,,,,,
Aseema Mohanty,v1-data,2021.0,S2,middle,4227.0,89.0,5,,,,,,,,,
Kirsten Marlo,v1-data,2021.0,S2,last,4227.0,62.0,4,,,,,,,,,
Nick Galan,v1-data,2021.0,S2,middle,4227.0,85.0,1,,,,,,,,,
Kristen Madland,v1-data,2021.0,S2,last,4227.0,12.0,3,,,,,,,,,
Douglas Shepherd,v1-data,2021.0,S2,first,4227.0,134.0,6,,,,,,,1.0,,
Melike Lakadamyali,v1-data,2021.0,S2,first,4227.0,115.0,3,,,,,,,,,
Joyoni Dey,v1-data,2021.0,S2,last,4227.0,214.0,8,,,,,,,,,
Aseema Mohanty,v1-data,2021.0,S2,first,4227.0,74.0,5,,,,,,,2.0,,
Lingyan Shi,v1-data,2021.0,S2,last,4227.0,395.0,11,,,,,,,,,
Kirsten Maclane,v1-data,2021.0,S2,middle,4227.0,102.0,4,,,,,,,,,
Matt Lovett-Barron,v1-data,2021.0,S2,last,4227.0,203.0,10,,,,,,,,,
Vivian Qian Liu,v1-data,2021.0,S2,last,4227.0,87.0,3,,,,,,,,,
Kristen Maitland,v1-data,2021.0,S2,first,4227.0,175.0,17,,,,,,,,,
Mimi Sammarco,v1-data,2021.0,S2,last,4227.0,48.0,3,,,,,,,,,
Arnold Hayer,v1-data,2021.0,S2,last,4227.0,104.0,4,,,,,,,,,
Kirsten Maclane,v1-data,2021.0,S2,first,4227.0,4.0,1,,,,,,,,,
Lingyan Shi,v1-data,2021.0,S2,middle,4227.0,125.0,2,,,,,,,,,
Jin Zhang,v1-data,2021.0,S2,last,4227.0,245.0,11,,,,,,,,,
Arnold Mayer-Mcgill,v1-data,2021.0,S2,middle,4227.0,25.0,1,,,,,,,,,
Joyoni Dey,v1-data,2021.0,S2,first,4227.0,103.0,6,,,,,,,1.0,,
Douglas Shepherd,v1-data,2021.0,S2,last,4227.0,131.0,3,,,,,,,,,
Domenico (Nick) Galati,v1-data,2021.0,S2,middle,4227.0,242.0,13,,,,,,,1.0,,
Richard Wiener,v1-data,2021.0,S2,last,4227.0,52.0,3,,,,,,,,,
Matt Lovett-Barron,v1-data,2021.0,S2,middle,4227.0,96.0,7,,,,,,,,,
Lingyan Shi,v1-data,2021.0,S2,first,4227.0,131.0,1,,,,,,,,,
Matt Lovett-Barron,v1-data,2021.0,S2,first,4227.0,118.0,5,,,,,,,,,
Nick Galan,v1-data,2021.0,S2,last,4227.0,93.0,2,,,,,,,,,
Jin Zhang,v1-data,2021.0,S2,middle,4227.0,79.0,1,,,,,,,,,
Domenico (Nick) Galati,v1-data,2021.0,S2,first,4227.0,78.0,1,,,,,,,,,
Vivian Qian Liu,v1-data,2021.0,S2,first,4227.0,166.0,5,,,,,,,1.0,,
Melike Lakadamyali,v1-data,2021.0,S2,middle,4227.0,219.0,7,,,,,,,2.0,,
Kirsten Martinko,v1-data,2021.0,S2,first,4227.0,7.0,5,,,,,,,,,
Jin Zhang,v1-data,2021.0,S2,first,4227.0,1.0,1,,,,,,,,,
Arnold Hayer,v1-data,2021.0,S2,first,4227.0,129.0,1,,,,,,,,,
Mimi Sammarco,v1-data,2021.0,S2,first,4227.0,93.0,5,,,,,,,,,
Douglas Shepherd,v1-data,2021.0,S2,middle,4227.0,191.0,6,,,,,,,,,
Srigokul Upadhyayula,v1-data,2021.0,S3,last,3694.0,270.0,8,,,,,,,,,
Wei Min,v1-data,2021.0,S3,first,3694.0,92.0,22,,,,,,,,,
Barbara Smith,v1-data,2021.0,S3,middle,3694.0,3.0,1,,,,,,,,,
Wei Min,v1-data,2021.0,S3,last,3694.0,424.0,24,,,,,,,,,
Alexandra Dickinson,v1-data,2021.0,S3,middle,3694.0,28.0,2,,,,,,,,,
Stefan Wilhelm,v1-data,2021.0,S3,first,3694.0,271.0,5,,,,,,,,,
Stefan Wilhelm,v1-data,2021.0,S3,last,3694.0,25.0,2,,,,,,,,,
Shwetadwip Chowdhury,v1-data,2021.0,S3,middle,3694.0,155.0,16,,,,,,,,,
Luke Mortensen,v1-data,2021.0,S3,last,3694.0,111.0,4,,,,,,,,,
Barbara Smith,v1-data,2021.0,S3,first,3694.0,65.0,3,,,,,,,,,
Walsh,v1-data,2021.0,S3,last,3694.0,44.0,2,,,,,,,,,
Barbara Smith,v1-data,2021.0,S3,last,3694.0,255.0,19,,,,,,,1.0,,
Alexandra Walsh,v1-data,2021.0,S3,middle,3694.0,99.0,2,,,,,,,,,
Alexandra Dickinson,v1-data,2021.0,S3,first,3694.0,162.0,8,,,,,,,1.0,,
Lu Wei,v1-data,2021.0,S3,first,3694.0,85.0,4,,,,,,,,,
David Van Valen,v1-data,2021.0,S3,middle,3694.0,207.0,30,,,,,,,,,
Shwetadwip Chowdhury,v1-data,2021.0,S3,first,3694.0,166.0,15,,,,,,,4.0,,
Lu Wei,v1-data,2021.0,S3,last,3694.0,231.0,7,,,,,,,,,
Shwetadwip Chowdhury,v1-data,2021.0,S3,last,3694.0,374.0,35,,,,,,,1.0,,
Wei Min,v1-data,2021.0,S3,middle,3694.0,274.0,13,,,,,,,,,
Stefan Wilhelm,v1-data,2021.0,S3,middle,3694.0,5.0,1,,,,,,,,,
Luke Mortensen,v1-data,2021.0,S3,middle,3694.0,148.0,1,,,,,,,,,
David Van Valen,v1-data,2021.0,S3,first,3694.0,108.0,5,,,,,,,1.0,,
Srigokul Upadhyayula,v1-data,2021.0,S3,first,3694.0,92.0,3,,,,,,,,,
Molly Bright,v1-data,2021.0,S4,last,3932.0,169.0,22,,,,,,,1.0,,
Crystal Rogers,v1-data,2021.0,S4,middle,3932.0,57.0,1,,,,,,,,,
Paris Perdikaris,v1-data,2021.0,S4,first,3932.0,64.0,1,,,,,,,,,
Arne Bakker,v1-data,2021.0,S4,first,3932.0,38.0,1,,,,,,,,,
Mark Sellmyer,v1-data,2021.0,S4,first,3932.0,55.0,1,,,,,,,,,
Lisa Poulikakos,v1-data,2021.0,S4,last,3932.0,26.0,6,,,,,,,,,
Dylan Burnette,v1-data,2021.0,S4,last,3932.0,146.0,19,,,,,,,,,
Sixian You,v1-data,2021.0,S4,middle,3932.0,24.0,1,,,,,,,,,
Dr. Anna Moore,v1-data,2021.0,S4,first,3932.0,360.0,35,,,,,,,4.0,,
Benjamin Bartelle,v1-data,2021.0,S4,middle,3932.0,180.0,12,,,,,,,,,
Morteza Mahmoudi,v1-data,2021.0,S4,last,3932.0,42.0,1,,,,,,,,,
Mark Sellmyer,v1-data,2021.0,S4,last,3932.0,98.0,11,,,,,,,,,
Dr. Anna Moore,v1-data,2021.0,S4,last,3932.0,381.0,20,,,,,,,2.0,,
Crystal Rogers,v1-data,2021.0,S4,first,3932.0,67.0,1,,,,,,,,,
Benjamin Bartelle,v1-data,2021.0,S4,first,3932.0,55.0,5,,,,,,,,,
Crystal Rogers,v1-data,2021.0,S4,last,3932.0,100.0,9,,,,,,,,,
Sixian You | MIT,v1-data,2021.0,S4,middle,3932.0,46.0,1,,,,,,,,,
Dylan Burnette,v1-data,2021.0,S4,middle,3932.0,98.0,6,,,,,,,,,
Sixian You,v1-data,2021.0,S4,first,3932.0,83.0,5,,,,,,,,,
Benjamin Bartelle,v1-data,2021.0,S4,last,3932.0,462.0,45,,,,,,,1.0,,
Sixian You,v1-data,2021.0,S4,last,3932.0,167.0,15,,,,,,,1.0,,
Lisa Poulikakos,v1-data,2021.0,S4,middle,3932.0,92.0,2,,,,,,,,,
Morteza Mahmoudi,v1-data,2021.0,S4,middle,3932.0,219.0,2,,,,,,,,,
Dylan Burnette,v1-data,2021.0,S4,first,3932.0,79.0,1,,,,,,,,,
Mark Sellmyer,v1-data,2021.0,S4,middle,3932.0,334.0,9,,,,,,,,,
Molly Bright,v1-data,2021.0,S4,first,3932.0,49.0,3,,,,,,,,,
Dr. Anna Moore,v1-data,2021.0,S4,middle,3932.0,130.0,14,,,,,,,,,
Sixian You | MIT,v1-data,2021.0,S4,last,3932.0,49.0,4,,,,,,,,,
Sandra Laney,v1-data,2021.0,S4,first,3932.0,21.0,1,,,,,,,,,
Lisa Poulikakos,v1-data,2021.0,S4,first,3932.0,171.0,4,,,,,,,,,
Morteza Mahmoudi,v1-data,2021.0,S4,first,3932.0,70.0,1,,,,,,,,,
Maryellen Giger UChicago,v1-data,2021.0,S5,first,3687.0,23.0,1,,,,,,,,,
Sapun Parekh,v1-data,2021.0,S5,middle,3687.0,165.0,5,,,,,,,,,
Alexandra Basford,v1-data,2021.0,S5,first,3687.0,9.0,1,,,,,,,,,
Ellen Sletten,v1-data,2021.0,S5,middle,3687.0,117.0,5,,,,,,,1.0,,
Shiva Abbaszadeh,v1-data,2021.0,S5,first,3687.0,29.0,1,,,,,,,,,
Ferdinand Schweser,v1-data,2021.0,S5,last,3687.0,100.0,10,,,,,,,,,
Uzay Emir,v1-data,2021.0,S5,last,3687.0,280.0,21,,,,,,,1.0,,
Candace Fleischer,v1-data,2021.0,S5,last,3687.0,1.0,1,,,,,,,,,
Sapun Parekh,v1-data,2021.0,S5,first,3687.0,69.0,3,,,,,,,,,
Maryellen Giger,v1-data,2021.0,S5,middle,3687.0,102.0,11,,,,,,,,,
Ellen Sletten,v1-data,2021.0,S5,first,3687.0,25.0,1,,,,,,,,,
Ulugbek Kamilov,v1-data,2021.0,S5,last,3687.0,127.0,31,,,,,,,,,
Ferdinand Schweser,v1-data,2021.0,S5,middle,3687.0,66.0,4,,,,,,,,,
Uzay Emir,v1-data,2021.0,S5,middle,3687.0,25.0,1,,,,,,,,,
Ping Wang,v1-data,2021.0,S5,last,3687.0,101.0,5,,,,,,,,,
Maryellen Giger,v1-data,2021.0,S5,first,3687.0,199.0,33,,,,,,,2.0,,
Candace Fleischer,v1-data,2021.0,S5,middle,3687.0,177.0,2,,,,,,,,,
Anna-Karin Gustavsson,v1-data,2021.0,S5,last,3687.0,18.0,1,,,,,,,,,
Ferdinand Schweser,v1-data,2021.0,S5,first,3687.0,167.0,6,,,,,,,,,
Maryellen Giger UChicago,v1-data,2021.0,S5,last,3687.0,468.0,61,,,,,,,,,
Uzay Emir,v1-data,2021.0,S5,first,3687.0,141.0,8,,,,,,,,,
Ulugbek Kamilov,v1-data,2021.0,S5,middle,3687.0,78.0,10,,,,,,,,,
Shiva Abbaszadeh,v1-data,2021.0,S5,last,3687.0,118.0,5,,,,,,,,,
Candace Fleischer,v1-data,2021.0,S5,first,3687.0,20.0,1,,,,,,,,,
Ping Wang,v1-data,2021.0,S5,middle,3687.0,41.0,6,,,,,,,,,
Ulugbek Kamilov,v1-data,2021.0,S5,first,3687.0,85.0,8,,,,,,,,,
Anna-Karin Gustavsson,v1-data,2021.0,S5,middle,3687.0,115.0,3,,,,,,,,,
Sapun Parekh,v1-data,2021.0,S5,last,3687.0,32.0,7,,,,,,,,,
Bot 5,v1-data,2021.0,S5,last,3687.0,1.0,1,,,,,,,,,
Ellen Sletten,v1-data,2021.0,S5,last,3687.0,73.0,5,,,,,,,,,
Maryellen Giger UChicago,v1-data,2021.0,S5,middle,3687.0,150.0,7,,,,,,,,,
Ping Wang,v1-data,2021.0,S5,first,3687.0,206.0,6,,,,,,,1.0,,
Shiva Abbaszadeh,v1-data,2021.0,S5,middle,3687.0,87.0,1,,,,,,,,,
Anna-Karin Gustavsson,v1-data,2021.0,S5,first,3687.0,50.0,4,,,,,,,,,
Samuel Achilefu,v1-data,2021.0,S5,last,3687.0,15.0,1,,,,,,,,,
Maryellen Giger,v1-data,2021.0,S5,last,3687.0,207.0,21,,,,,,,,,
Kevin Cash,v1-data,2021.0,S6,middle,3513.0,29.0,1,,,,,,,,,
Dylan McCreedy,v1-data,2021.0,S6,last,3513.0,187.0,4,,,,,,,,,
Matt Lew,v1-data,2021.0,S6,middle,3513.0,40.0,1,,,,,,,,,
Fanny Chapelin,v1-data,2021.0,S6,last,3513.0,155.0,20,,,,,,,1.0,,
Allison Dennis,v1-data,2021.0,S6,middle,3513.0,124.0,10,,,,,,,2.0,,
Brad Smith,v1-data,2021.0,S6,middle,3513.0,74.0,3,,,,,,,1.0,,
Mini Das,v1-data,2021.0,S6,last,3513.0,304.0,28,,,,,,,1.0,,
Kevin Cash,v1-data,2021.0,S6,first,3513.0,32.0,1,,,,,,,,,
Girgis Obaid | UT Dallas,v1-data,2021.0,S6,last,3513.0,46.0,8,,,,,,,,,
Dylan McCreedy | Texas A&M,v1-data,2021.0,S6,last,3513.0,10.0,2,,,,,,,,,
Matt Lew,v1-data,2021.0,S6,first,3513.0,37.0,1,,,,,,,,,
Allison Dennis,v1-data,2021.0,S6,first,3513.0,114.0,2,,,,,,,,,
Brad Smith,v1-data,2021.0,S6,first,3513.0,76.0,9,,,,,,,,,
Fanny Chapelin,v1-data,2021.0,S6,middle,3513.0,14.0,1,,,,,,,,,
Mini Das,v1-data,2021.0,S6,middle,3513.0,269.0,8,,,,,,,,,
Girgis Obaid | UT Dallas,v1-data,2021.0,S6,middle,3513.0,33.0,1,,,,,,,,,
Fanny Chapelin,v1-data,2021.0,S6,first,3513.0,28.0,2,,,,,,,,,
Girgis Obaid,v1-data,2021.0,S6,last,3513.0,133.0,6,,,,,,,,,
Yevgenia Kozorovitskiy,v1-data,2021.0,S6,last,3513.0,98.0,7,,,,,,,,,
Aniruddha Ray _U.toledo,v1-data,2021.0,S6,last,3513.0,12.0,1,,,,,,,,,
Mini Das,v1-data,2021.0,S6,first,3513.0,149.0,20,,,,,,,1.0,,
Matt Bogyo,v1-data,2021.0,S6,last,3513.0,145.0,18,,,,,,,1.0,,
Aniruddha Ray,v1-data,2021.0,S6,last,3513.0,115.0,11,,,,,,,1.0,,
Dylan McCreedy | Texas A&M,v1-data,2021.0,S6,first,3513.0,25.0,1,,,,,,,,,
Girgis Obaid | UT Dallas,v1-data,2021.0,S6,first,3513.0,115.0,4,,,,,,,,,
Kevin Cash,v1-data,2021.0,S6,last,3513.0,212.0,17,,,,,,,2.0,,
Yevgenia Kozorovitskiy,v1-data,2021.0,S6,middle,3513.0,124.0,3,,,,,,,,,
Matt Lew,v1-data,2021.0,S6,last,3513.0,75.0,5,,,,,,,,,
Aniruddha Ray _U.toledo,v1-data,2021.0,S6,middle,3513.0,71.0,7,,,,,,,2.0,,
Brad Smith,v1-data,2021.0,S6,last,3513.0,276.0,19,,,,,,,,,
Matt Bogyo,v1-data,2021.0,S6,middle,3513.0,67.0,26,,,,,,,1.0,,
Yevgenia Kozorovitskiy,v1-data,2021.0,S6,first,3513.0,2.0,1,,,,,,,,,
Matt Bogyo,v1-data,2021.0,S6,first,3513.0,322.0,40,,,,,,,,,
Aseema Mohanty,v1-data,2021.0,S7,middle,4067.0,19.0,2,,,,,,,,,
Douglas Shepherd,v1-data,2021.0,S7,first,4067.0,14.0,1,,,,,,,,,
Melike Lakadamyali,v1-data,2021.0,S7,first,4067.0,148.0,2,,,,,,,,,
Joyoni Dey,v1-data,2021.0,S7,first,4067.0,98.0,1,,,,,,,,,
Douglas Shepherd,v1-data,2021.0,S7,last,4067.0,141.0,2,,,,,,,,,
Joyoni Dey,v1-data,2021.0,S7,last,4067.0,230.0,13,,,,,,,,,
Domenico (Nick) Galati,v1-data,2021.0,S7,middle,4067.0,451.0,11,,,,,,,,,
Richard Wiener,v1-data,2021.0,S7,last,4067.0,54.0,1,,,,,,,,,
Matt Lovett-Barron,v1-data,2021.0,S7,middle,4067.0,98.0,6,,,,,,,,,
Douglas Shepherd,v1-data,2021.0,S7,middle,4067.0,181.0,4,,,,,,,,,
Lingyan Shi,v1-data,2021.0,S7,first,4067.0,132.0,1,,,,,,,,,
Aseema Mohanty,v1-data,2021.0,S7,first,4067.0,75.0,2,,,,,,,,,
Lingyan Shi,v1-data,2021.0,S7,last,4067.0,420.0,9,,,,,,,1.0,,
Kristen Maitland,v1-data,2021.0,S7,middle,4067.0,17.0,1,,,,,,,,,
Arnold Hayer,v1-data,2021.0,S7,middle,4067.0,36.0,2,,,,,,,,,
Matt Lovett-Barron,v1-data,2021.0,S7,first,4067.0,117.0,1,,,,,,,,,
Jin Zhang,v1-data,2021.0,S7,middle,4067.0,130.0,2,,,,,,,,,
Domenico (Nick) Galati,v1-data,2021.0,S7,first,4067.0,79.0,1,,,,,,,,,
Vivian Qian Liu,v1-data,2021.0,S7,first,4067.0,167.0,1,,,,,,,,,
Domenico (Nick) Galati,v1-data,2021.0,S7,last,4067.0,47.0,2,,,,,,,,,
Matt Lovett-Barron,v1-data,2021.0,S7,last,4067.0,204.0,11,,,,,,,,,
Vivian Qian Liu,v1-data,2021.0,S7,last,4067.0,94.0,1,,,,,,,,,
Kristen Maitland,v1-data,2021.0,S7,first,4067.0,117.0,20,,,,,,,,,
Melike Lakadamyali,v1-data,2021.0,S7,middle,4067.0,217.0,7,,,,,,,,,
Mimi Sammarco,v1-data,2021.0,S7,first,4067.0,92.0,1,,,,,,,,,
Arnold Hayer,v1-data,2021.0,S7,first,4067.0,128.0,1,,,,,,,,,
Kristen Maitland,v1-data,2021.0,S7,last,4067.0,96.0,8,,,,,,,,,
Mimi Sammarco,v1-data,2021.0,S7,last,4067.0,108.0,5,,,,,,,,,
Arnold Hayer,v1-data,2021.0,S7,last,4067.0,127.0,3,,,,,,,,,
Jin Zhang,v1-data,2021.0,S7,last,4067.0,230.0,17,,,,,,,,,
Molly Bright,v1-data,2021.0,S8,last,4107.0,170.0,12,,,,,,,,,
Crystal Rogers,v1-data,2021.0,S8,middle,4107.0,37.0,2,,,,,,,,,
Paris Perdikaris,v1-data,2021.0,S8,first,4107.0,63.0,1,,,,,,,,,
Arne Bakker,v1-data,2021.0,S8,first,4107.0,38.0,1,,,,,,,,,
Mark Sellmyer,v1-data,2021.0,S8,first,4107.0,19.0,1,,,,,,,,,
Lisa Poulikakos,v1-data,2021.0,S8,last,4107.0,36.0,7,,,,,,,,,
Dylan Burnette,v1-data,2021.0,S8,last,4107.0,242.0,8,,,,,,,,,
Morteza Mahmoudi,v1-data,2021.0,S8,last,4107.0,43.0,2,,,,,,,,,
Dr. Anna Moore,v1-data,2021.0,S8,first,4107.0,335.0,29,,,,,,,,,
Benjamin Bartelle,v1-data,2021.0,S8,middle,4107.0,199.0,14,,,,,,,,,
Mark Sellmyer,v1-data,2021.0,S8,last,4107.0,68.0,10,,,,,,,,,
Dr. Anna Moore,v1-data,2021.0,S8,last,4107.0,296.0,17,,,,,,,,,
Crystal Rogers,v1-data,2021.0,S8,first,4107.0,148.0,3,,,,,,,,,
Benjamin Bartelle,v1-data,2021.0,S8,first,4107.0,160.0,8,,,,,,,,,
Crystal Rogers,v1-data,2021.0,S8,last,4107.0,98.0,5,,,,,,,,,
Sixian You | MIT,v1-data,2021.0,S8,middle,4107.0,63.0,2,,,,,,,,,
Dylan Burnette,v1-data,2021.0,S8,middle,4107.0,113.0,3,,,,,,,,,
Sixian You,v1-data,2021.0,S8,first,4107.0,96.0,6,,,,,,,,,
Benjamin Bartelle,v1-data,2021.0,S8,last,4107.0,397.0,32,,,,,,,,,
Sixian You,v1-data,2021.0,S8,last,4107.0,236.0,22,,,,,,,1.0,,
Lisa Poulikakos,v1-data,2021.0,S8,middle,4107.0,83.0,3,,,,,,,,,
Morteza Mahmoudi,v1-data,2021.0,S8,middle,4107.0,196.0,5,,,,,,,,,
Dylan Burnette,v1-data,2021.0,S8,first,4107.0,78.0,1,,,,,,,,,
Mark Sellmyer,v1-data,2021.0,S8,middle,4107.0,381.0,16,,,,,,,,,
Molly Bright,v1-data,2021.0,S8,first,4107.0,52.0,3,,,,,,,,,
Dr. Anna Moore,v1-data,2021.0,S8,middle,4107.0,265.0,17,,,,,,,,,
Sandra Laney,v1-data,2021.0,S8,first,4107.0,20.0,1,,,,,,,,,
Lisa Poulikakos,v1-data,2021.0,S8,first,4107.0,105.0,4,,,,,,,,,
Morteza Mahmoudi,v1-data,2021.0,S8,first,4107.0,70.0,2,,,,,,,1.0,,
Molly Bright,v1-data,2021.0,S9,last,3427.0,97.0,1,,,,,,,,,
Kevin Cash,v1-data,2021.0,S9,middle,3427.0,29.0,2,,,,,,,,,
Kevin Carlo,v1-data,2021.0,S9,last,3427.0,49.0,5,,,,,,,,,
Katharine White,v1-data,2021.0,S9,middle,3427.0,135.0,1,,,,,,,,,
Lu Wei,v1-data,2021.0,S9,middle,3427.0,43.0,2,,,,,,,,,
Kevin Cash,v1-data,2021.0,S9,first,3427.0,28.0,4,,,,,,,1.0,,
Candace Fleischer,v1-data,2021.0,S9,last,3427.0,261.0,11,,,,,,,,,
Seu Sim,v1-data,2021.0,S9,last,3427.0,82.0,3,,,,,,,,,
Lingyan Shi,v1-data,2021.0,S9,last,3427.0,125.0,8,,,,,,,,,
Andrew Feig,v1-data,2021.0,S9,last,3427.0,25.0,2,,,,,,,,,
Allison Dennis,v1-data,2021.0,S9,first,3427.0,36.0,3,,,,,,,1.0,,
Katharine White,v1-data,2021.0,S9,first,3427.0,30.0,1,,,,,,,,,
Kevin Carlo O'Mines,v1-data,2021.0,S9,last,3427.0,64.0,4,,,,,,,,,
Katharine Miller,v1-data,2021.0,S9,last,3427.0,40.0,1,,,,,,,,,
Lu Wei,v1-data,2021.0,S9,first,3427.0,65.0,1,,,,,,,,,
Kevin Cavallo,v1-data,2021.0,S9,first,3427.0,31.0,1,,,,,,,,,
Alexandra Walsh,v1-data,2021.0,S9,first,3427.0,19.0,1,,,,,,,,,
Molly Bright,v1-data,2021.0,S9,first,3427.0,46.0,3,,,,,,,1.0,,
Ping Wang,v1-data,2021.0,S9,last,3427.0,50.0,1,,,,,,,,,
Seu Sim,v1-data,2021.0,S9,middle,3427.0,40.0,1,,,,,,,,,
Candace Fleischer,v1-data,2021.0,S9,middle,3427.0,215.0,9,,,,,,,,,
Lingyan Shi,v1-data,2021.0,S9,middle,3427.0,224.0,3,,,,,,,,,
Jin Zhang,v1-data,2021.0,S9,last,3427.0,328.0,26,,,,,,,,,
Seu Sim,v1-data,2021.0,S9,first,3427.0,24.0,3,,,,,,,,,
Candace Fleischer,v1-data,2021.0,S9,first,3427.0,12.0,2,,,,,,,1.0,,
Lingyan Shi,v1-data,2021.0,S9,first,3427.0,107.0,2,,,,,,,,,
Ping Wang,v1-data,2021.0,S9,middle,3427.0,241.0,9,,,,,,,,,
Matt Baggott,v1-data,2021.0,S9,last,3427.0,40.0,6,,,,,,,,,
Allison Dennis,v1-data,2021.0,S9,last,3427.0,87.0,3,,,,,,,,,
Katharine White,v1-data,2021.0,S9,last,3427.0,41.0,2,,,,,,,,,
Matt Bogyo,v1-data,2021.0,S9,middle,3427.0,111.0,6,,,,,,,,,
Lu Wei,v1-data,2021.0,S9,last,3427.0,63.0,4,,,,,,,,,
Matt Scruggs,v1-data,2021.0,S9,last,3427.0,78.0,6,,,,,,,,,
Ping Wang,v1-data,2021.0,S9,first,3427.0,62.0,1,,,,,,,,,
Katharine White-Andre Danino,v1-data,2021.0,S9,first,3427.0,25.0,2,,,,,,,,,
Jin Zhang,v1-data,2021.0,S9,first,3427.0,261.0,12,,,,,,,1.0,,
Alexandra Walsh,v1-data,2021.0,S9,last,3427.0,102.0,3,,,,,,,,,
Matt Bogyo,v1-data,2021.0,S9,first,3427.0,111.0,19,,,,,,,1.0,,
Shikha Nangia,v1-data,2021.0,S1,first,3770.0,220.0,3,,,,,,,,,
Chris Whitlatch,v1-data,2021.0,S1,first,3770.0,0.0,1,,,,,,,,,
Richard Wiener,v1-data,2021.0,S1,first,3770.0,12.0,2,,,,,,,,,
Chris Whidbey,v1-data,2021.0,S1,last,3770.0,60.0,8,,,,,,,1.0,,
Barbara Bendlin,v1-data,2021.0,S1,middle,3770.0,38.0,2,,,,,,,,,
Yanjiao Zhou,v1-data,2021.0,S1,middle,3770.0,40.0,2,,,,,,,,,
Erin Longbrake,v1-data,2021.0,S1,last,3770.0,159.0,15,,,,,,,,,
Amina Schartup,v1-data,2021.0,S1,first,3770.0,13.0,1,,,,,,,,,
Andrew Feig,v1-data,2021.0,S1,last,3770.0,25.0,2,,,,,,,,,
Barbara Bendlin,v1-data,2021.0,S1,first,3770.0,173.0,24,,,,,,,,,
Aida Ebrahimi,v1-data,2021.0,S1,middle,3770.0,165.0,1,,,,,,,,,
Yanjiao Zhou,v1-data,2021.0,S1,first,3770.0,47.0,2,,,,,,,,,
Mei Shen,v1-data,2021.0,S1,last,3770.0,19.0,2,,,,,,,,,
Chris Whidbey,v1-data,2021.0,S1,middle,3770.0,119.0,1,,,,,,,,,
Aida Ebrahimi,v1-data,2021.0,S1,first,3770.0,351.0,7,,,,,,,,,
Erin Longbrake,v1-data,2021.0,S1,middle,3770.0,186.0,5,,,,,,,,,
Flavio Frohlich,v1-data,2021.0,S1,last,3770.0,274.0,10,,,,,,,,,
Ashley Ross,v1-data,2021.0,S1,last,3770.0,123.0,5,,,,,,,,,
Chris Windey,v1-data,2021.0,S1,last,3770.0,194.0,16,,,,,,,1.0,,
Shikha Nangia,v1-data,2021.0,S1,last,3770.0,120.0,5,,,,,,,,,
Mei Shen,v1-data,2021.0,S1,middle,3770.0,71.0,3,,,,,,,,,
Erin Longbrake,v1-data,2021.0,S1,first,3770.0,26.0,1,,,,,,,,,
Flavio Frohlich,v1-data,2021.0,S1,middle,3770.0,83.0,1,,,,,,,,,
Mei Shen,v1-data,2021.0,S1,first,3770.0,86.0,3,,,,,,,,,
Arida Ebrahimi,v1-data,2021.0,S1,last,3770.0,116.0,9,,,,,,,,,
Shikha Nangia,v1-data,2021.0,S1,middle,3770.0,313.0,6,,,,,,,,,
Barbara Bendlin,v1-data,2021.0,S1,last,3770.0,227.0,30,,,,,,,2.0,,
Yanjiao Zhou,v1-data,2021.0,S1,last,3770.0,113.0,5,,,,,,,,,
Flavio Frohlich,v1-data,2021.0,S1,first,3770.0,22.0,1,,,,,,,,,
Ashley Ross,v1-data,2021.0,S1,first,3770.0,75.0,4,,,,,,,,,
Aida Ebrahimi,v1-data,2021.0,S1,last,3770.0,268.0,18,,,,,,,,,
Chris Windey,v1-data,2021.0,S1,first,3770.0,32.0,4,,,,,,,,,
Joel Zylberberg,v1-data,2021.0,S2,middle,5.0,5.0,1,,,,,,,,,
Judith Eisen,v1-data,2021.0,S3,last,3247.0,237.0,14,,,,,,,,,
Will Ludington,v1-data,2021.0,S3,middle,3247.0,88.0,6,,,,,,,1.0,,
Kai Zhang,v1-data,2021.0,S3,first,3247.0,19.0,2,,,,,,,,,
Sarkis Mazmanian,v1-data,2021.0,S3,first,3247.0,211.0,8,,,,,,,,,
Elaine Hsiao,v1-data,2021.0,S3,last,3247.0,227.0,7,,,,,,,,,
Kai Zhang,v1-data,2021.0,S3,last,3247.0,82.0,10,,,,,,,,,
Sarkis Mazmanian,v1-data,2021.0,S3,last,3247.0,265.0,9,,,,,,,,,
Camille Nebeker,v1-data,2021.0,S3,last,3247.0,109.0,4,,,,,,,,,
Xin Qi,v1-data,2021.0,S3,first,3247.0,181.0,5,,,,,,,,,
Xin Qi,v1-data,2021.0,S3,last,3247.0,125.0,2,,,,,,,,,
Will Ludington,v1-data,2021.0,S3,first,3247.0,46.0,6,,,,,,,,,
Faranak Fattahi,v1-data,2021.0,S3,middle,3247.0,202.0,7,,,,,,,,,
Will Ludington,v1-data,2021.0,S3,last,3247.0,131.0,10,,,,,,,,,
Judith Eisen,v1-data,2021.0,S3,middle,3247.0,74.0,7,,,,,,,1.0,,
Elaine Hsiao,v1-data,2021.0,S3,middle,3247.0,84.0,5,,,,,,,,,
Elaine Hsiao,v1-data,2021.0,S3,first,3247.0,139.0,6,,,,,,,,,
Lisa Osborne,v1-data,2021.0,S3,first,3247.0,97.0,4,,,,,,,,,
Kai Zhang,v1-data,2021.0,S3,middle,3247.0,119.0,6,,,,,,,,,
Sarkis Mazmanian,v1-data,2021.0,S3,middle,3247.0,199.0,11,,,,,,,2.0,,
Faranak Fattahi,v1-data,2021.0,S3,first,3247.0,268.0,10,,,,,,,,,
Lisa Osborne,v1-data,2021.0,S3,last,3247.0,75.0,6,,,,,,,1.0,,
Faranak Fattahi,v1-data,2021.0,S3,last,3247.0,147.0,9,,,,,,,,,
Judith Eisen,v1-data,2021.0,S3,first,3247.0,81.0,7,,,,,,,,,
Ying,v1-data,2021.0,S3,last,3247.0,41.0,2,,,,,,,,,
Shikha Nangia,v1-data,2021.0,S4,first,3396.0,151.0,5,,,,,,,,,
Amina Schartup,v1-data,2021.0,S4,middle,3396.0,126.0,4,,,,,,,,,
Richard Wiener,v1-data,2021.0,S4,first,3396.0,14.0,5,,,,,,,,,
Chris Whidbey,v1-data,2021.0,S4,last,3396.0,172.0,18,,,,,,,2.0,,
Barbara Bendlin,v1-data,2021.0,S4,middle,3396.0,40.0,5,,,,,,,,,
Yanjiao Zhou,v1-data,2021.0,S4,middle,3396.0,14.0,4,,,,,,,,,
Erin Longbrake,v1-data,2021.0,S4,last,3396.0,126.0,10,,,,,,,1.0,,
Andrew Feig,v1-data,2021.0,S4,last,3396.0,80.0,6,,,,,,,,,
Barbara Bendlin,v1-data,2021.0,S4,first,3396.0,116.0,16,,,,,,,,,
Aida Ebrahimi,v1-data,2021.0,S4,middle,3396.0,131.0,5,,,,,,,,,
Yanjiao Zhou,v1-data,2021.0,S4,first,3396.0,50.0,4,,,,,,,,,
Mei Shen,v1-data,2021.0,S4,last,3396.0,38.0,2,,,,,,,,,
Chris Whidbey,v1-data,2021.0,S4,middle,3396.0,152.0,9,,,,,,,1.0,,
Aida Ebrahimi,v1-data,2021.0,S4,first,3396.0,173.0,7,,,,,,,,,
Erin Longbrake,v1-data,2021.0,S4,middle,3396.0,118.0,4,,,,,,,1.0,,
Flavio Frohlich,v1-data,2021.0,S4,last,3396.0,302.0,12,,,,,,,,,
Ashley Ross,v1-data,2021.0,S4,last,3396.0,80.0,2,,,,,,,,,
Chris Whidbey,v1-data,2021.0,S4,first,3396.0,26.0,4,,,,,,,,,
Shikha Nangia,v1-data,2021.0,S4,last,3396.0,114.0,5,,,,,,,,,
Alda Ebrahimi,v1-data,2021.0,S4,first,3396.0,20.0,24,,,,,,,15.0,,
Mei Shen,v1-data,2021.0,S4,middle,3396.0,75.0,3,,,,,,,,,
Erin Longbrake,v1-data,2021.0,S4,first,3396.0,25.0,1,,,,,,,,,
Flavio Frohlich,v1-data,2021.0,S4,middle,3396.0,36.0,5,,,,,,,,,
Amina Schartup,v1-data,2021.0,S4,last,3396.0,21.0,3,,,,,,,,,
Mei Shen,v1-data,2021.0,S4,first,3396.0,38.0,1,,,,,,,,,
botB1,v1-data,2021.0,S4,first,3396.0,9.0,4,,,,,,,,,
Shikha Nangia,v1-data,2021.0,S4,middle,3396.0,244.0,8,,,,,,,,,
Barbara Bendlin,v1-data,2021.0,S4,last,3396.0,229.0,19,,,,,,,,,
Yanjiao Zhou,v1-data,2021.0,S4,last,3396.0,113.0,5,,,,,,,,,
Michael Burton,v1-data,2021.0,S4,first,3396.0,10.0,2,,,,,,,1.0,,
Ashley Ross,v1-data,2021.0,S4,first,3396.0,155.0,5,,,,,,,1.0,,
Aida Ebrahimi,v1-data,2021.0,S4,last,3396.0,367.0,24,,,,,,,1.0,,
Unknown speaker,v1-data,2021.0,S4,last,3396.0,31.0,9,,,,,,,,,
Jeff Levenson,v1-data,2021.0,S5,last,3815.0,62.0,2,,,,,,,,,
David Bryman,v1-data,2021.0,S5,last,3815.0,125.0,7,,,,,,,,,
Leanne Joan Dube,v1-data,2021.0,S5,last,3815.0,28.0,5,,,,,,,,,
William Zuckerberg,v1-data,2021.0,S5,last,3815.0,102.0,9,,,,,,,,,
Jeff Dongga,v1-data,2021.0,S5,first,3815.0,75.0,4,,,,,,,,,
Jial Rongge Xue,v1-data,2021.0,S5,middle,3815.0,290.0,5,,,,,,,,,
Jill Panzer Codding,v1-data,2021.0,S5,last,3815.0,17.0,1,,,,,,,,,
William Zuercher,v1-data,2021.0,S5,middle,3815.0,90.0,3,,,,,,,,,
Jeff Bryan Kottkamp,v1-data,2021.0,S5,last,3815.0,69.0,7,,,,,,,,,
Joel Weizman,v1-data,2021.0,S5,last,3815.0,40.0,4,,,,,,,1.0,,
Wenjing Wang,v1-data,2021.0,S5,middle,3815.0,51.0,4,,,,,,,,,
Harris Wang,v1-data,2021.0,S5,last,3815.0,3.0,2,,,,,,,,,
Stephanie M Goggin,v1-data,2021.0,S5,middle,3815.0,42.0,4,,,,,,,,,
Wenjing Wang,v1-data,2021.0,S5,first,3815.0,42.0,1,,,,,,,,,
Stephanie Culina,v1-data,2021.0,S5,first,3815.0,50.0,1,,,,,,,,,
Lee Berg,v1-data,2021.0,S5,first,3815.0,17.0,3,,,,,,,,,
Kallol Mondal,v1-data,2021.0,S5,last,3815.0,45.0,1,,,,,,,,,
Gillian Zybertberg,v1-data,2021.0,S5,first,3815.0,37.0,3,,,,,,,,,
Stephanie M Goggin,v1-data,2021.0,S5,first,3815.0,30.0,2,,,,,,,,,
Carl Bryan Bates,v1-data,2021.0,S5,last,3815.0,120.0,5,,,,,,,,,
JP Yu,v1-data,2021.0,S5,first,3815.0,178.0,3,,,,,,,,,
Sarah McEachran,v1-data,2021.0,S5,last,3815.0,136.0,5,,,,,,,,,
Michael D Cullinan,v1-data,2021.0,S5,last,3815.0,13.0,1,,,,,,,,,
Sarah MacEachern,v1-data,2021.0,S5,first,3815.0,94.0,1,,,,,,,,,
Leanne Debra Opheim Stoltze,v1-data,2021.0,S5,middle,3815.0,7.0,1,,,,,,,,,
Jae Sung Kim,v1-data,2021.0,S5,first,3815.0,98.0,4,,,,,,,,,
Stephanie Grainger McOgga,v1-data,2021.0,S5,first,3815.0,97.0,9,,,,,,,,,
William Zuberbierg,v1-data,2021.0,S5,first,3815.0,65.0,5,,,,,,,,,
Leanne Debra Opheim Stoltze,v1-data,2021.0,S5,first,3815.0,19.0,1,,,,,,,,,
Jae Hwan Song,v1-data,2021.0,S5,last,3815.0,44.0,2,,,,,,,,,
Joel Pfu,v1-data,2021.0,S5,last,3815.0,23.0,1,,,,,,,,,
Carl Bryan Agee,v1-data,2021.0,S5,last,3815.0,104.0,10,,,,,,,,,
Joel Bornstein,v1-data,2021.0,S5,first,3815.0,53.0,21,,,,,,,1.0,,
Jiali Ping,v1-data,2021.0,S5,last,3815.0,79.0,4,,,,,,,1.0,,
Wenjing Wang,v1-data,2021.0,S5,last,3815.0,41.0,2,,,,,,,,,
Jill Panzer Godager,v1-data,2021.0,S5,last,3815.0,9.0,1,,,,,,,,,
All,v1-data,2021.0,S5,first,3815.0,3.0,2,,,,,,,,,
Paul Hsu,v1-data,2021.0,S5,middle,3815.0,69.0,1,,,,,,,,,
LaureAnne O'Bryan,v1-data,2021.0,S5,middle,3815.0,28.0,1,,,,,,,,,
Jill Sarah MacEachern,v1-data,2021.0,S5,last,3815.0,14.0,1,,,,,,,,,
All Bryan Bayles,v1-data,2021.0,S5,first,3815.0,5.0,2,,,,,,,,,
Jali Zilberberg,v1-data,2021.0,S5,last,3815.0,49.0,6,,,,,,,,,
John,v1-data,2021.0,S5,last,3815.0,89.0,5,,,,,,,,,
Zongqi Xia,v1-data,2021.0,S5,last,3815.0,3.0,2,,,,,,,,,
Jeff Levenson,v1-data,2021.0,S5,middle,3815.0,65.0,3,,,,,,,,,
David Bryman,v1-data,2021.0,S5,middle,3815.0,12.0,1,,,,,,,,,
Jeff Balser,v1-data,2021.0,S5,first,3815.0,5.0,5,,,,,,,,,
Liang Song,v1-data,2021.0,S5,middle,3815.0,313.0,12,,,,,,,,,
Joel P Fhu,v1-data,2021.0,S5,middle,3815.0,135.0,3,,,,,,,,,
Sarah MacEachern,v1-data,2021.0,S5,middle,3815.0,33.0,3,,,,,,,,,
Jia Li Zhu,v1-data,2021.0,S5,last,3815.0,10.0,1,,,,,,,,,
Kai Iwi,v1-data,2021.0,S5,middle,3815.0,56.0,3,,,,,,,,,
Wang Ying,v1-data,2021.0,S5,middle,3815.0,11.0,1,,,,,,,,,
Laurel Beckett,v1-data,2021.0,S5,first,3815.0,3.0,1,,,,,,,,,
Lauren O'Connell,v1-data,2021.0,S5,last,3815.0,11.0,1,,,,,,,,,
Wingjin Zhang,v1-data,2021.0,S5,last,3815.0,11.0,2,,,,,,,,,
Joel Bango Kote,v1-data,2021.0,S5,last,3815.0,70.0,1,,,,,,,,,
Joel Bryan Bornstein,v1-data,2021.0,S5,middle,3815.0,9.0,2,,,,,,,,,
Stephanie Rosener,v1-data,2021.0,S5,last,3815.0,33.0,1,,,,,,,,,
Michael Burton,v1-data,2021.0,S5,first,3815.0,81.0,1,,,,,,,,,
Jill Marburger,v1-data,2021.0,S5,first,3815.0,42.0,3,,,,,,,,,
Gillian Zuberberg,v1-data,2021.0,S5,last,3815.0,194.0,6,,,,,,,,,
Unknown speaker,v1-data,2021.0,S5,last,3815.0,8.0,5,,,,,,,,,
Joel Bryan Bornstein,v1-data,2021.0,S5,first,3815.0,32.0,2,,,,,,,,,
Jill Sean McEachern,v1-data,2021.0,S5,last,3815.0,26.0,1,,,,,,,,,
Linnea Freeman,v1-data,2021.0,S6,first,3862.0,244.0,9,,,,,,,,,
Ali Keshavarzian,v1-data,2021.0,S6,middle,3862.0,331.0,12,,,,,,,2.0,,
David Durgan,v1-data,2021.0,S6,last,3862.0,45.0,5,,,,,,,,,
Pamela Chang,v1-data,2021.0,S6,first,3862.0,48.0,2,,,,,,,,,
Andrew Feig,v1-data,2021.0,S6,last,3862.0,4.0,1,,,,,,,,,
Ali Keshavarzian,v1-data,2021.0,S6,first,3862.0,164.0,15,,,,,,,,,
Mark Mimee,v1-data,2021.0,S6,last,3862.0,285.0,13,,,,,,,,,
Alexandra Bedford,v1-data,2021.0,S6,last,3862.0,5.0,1,,,,,,,,,
Marie,v1-data,2021.0,S6,middle,3862.0,172.0,2,,,,,,,,,
Ali Keshavarzan,v1-data,2021.0,S6,last,3862.0,164.0,22,,,,,,,,,
Unidentified speaker,v1-data,2021.0,S6,first,3862.0,3.0,2,,,,,,,,,
Robin Voigt,v1-data,2021.0,S6,last,3862.0,47.0,4,,,,,,,1.0,,
Nandita Garud,v1-data,2021.0,S6,last,3862.0,230.0,23,,,,,,,1.0,,
Marie,v1-data,2021.0,S6,first,3862.0,67.0,1,,,,,,,,,
David Durgan,v1-data,2021.0,S6,middle,3862.0,214.0,10,,,,,,,,,
Rosa Krajmalnik,v1-data,2021.0,S6,last,3862.0,194.5,33,,,,,,,1.0,,
Cesar de la Fuente,v1-data,2021.0,S6,last,3862.0,27.0,4,,,,,,,,,
Linnea Freeman,v1-data,2021.0,S6,last,3862.0,146.0,2,,,,,,,,,
David Durgan,v1-data,2021.0,S6,first,3862.0,54.0,2,,,,,,,,,
Nandita Garud,v1-data,2021.0,S6,middle,3862.0,61.0,1,,,,,,,,,
Mark Mimee,v1-data,2021.0,S6,first,3862.0,121.0,7,,,,,,,,,
Lisa Ryno,v1-data,2021.0,S6,last,3862.0,47.0,4,,,,,,,,,
Robin Voigt,v1-data,2021.0,S6,middle,3862.0,81.0,5,,,,,,,,,
Ali Keshavarzian,v1-data,2021.0,S6,last,3862.0,165.0,11,,,,,,,,,
Pamela Chang,v1-data,2021.0,S6,last,3862.0,51.0,4,,,,,,,,,
Cesar de la Fuente,v1-data,2021.0,S6,middle,3862.0,200.0,4,,,,,,,,,
Rosa Krajmalnik,v1-data,2021.0,S6,middle,3862.0,71.0,7,,,,,,,,,
Robin Voigt,v1-data,2021.0,S6,first,3862.0,94.0,2,,,,,,,,,
Nandita Garud,v1-data,2021.0,S6,first,3862.0,49.0,3,,,,,,,,,
Rosa Krajmalnik,v1-data,2021.0,S6,first,3862.0,299.0,10,,,,,,,,,
Unknown speaker,v1-data,2021.0,S6,last,3862.0,8.0,2,,,,,,,,,
Marie,v1-data,2021.0,S6,last,3862.0,53.5,2,,,,,,,,,
Lisa Ryno,v1-data,2021.0,S6,middle,3862.0,118.0,3,,,,,,,,,
Maayan Levy,v1-data,2021.0,S7,middle,3089.0,107.0,4,,,,,,,,,
Timothy Sampson,v1-data,2021.0,S7,last,3089.0,131.0,8,,,,,,,,,
Tanya Nguyen,v1-data,2021.0,S7,last,3089.0,31.0,5,,,,,,,,,
Yang,v1-data,2021.0,S7,middle,3089.0,32.0,1,,,,,,,,,
Harris Wang,v1-data,2021.0,S7,first,3089.0,183.0,2,,,,,,,,,
Stavroula Hatzios,v1-data,2021.0,S7,first,3089.0,15.0,1,,,,,,,,,
Elizabeth Bess,v1-data,2021.0,S7,first,3089.0,96.0,2,,,,,,,,,
Stavroula Hatzios,v1-data,2021.0,S7,last,3089.0,58.0,2,,,,,,,,,
Elizabeth Bess,v1-data,2021.0,S7,last,3089.0,0.0,1,,,,,,,,,
Maayan Levy,v1-data,2021.0,S7,first,3089.0,53.0,4,,,,,,,,,
Abhishek Shrivastava,v1-data,2021.0,S7,middle,3089.0,185.0,7,,,,,,,,,
Harris Wang,v1-data,2021.0,S7,last,3089.0,176.0,5,,,,,,,,,
Andrew Feig,v1-data,2021.0,S7,last,3089.0,8.0,1,,,,,,,,,
Sandra Laney,v1-data,2021.0,S7,last,3089.0,11.0,1,,,,,,,,,
Maayan Levy,v1-data,2021.0,S7,last,3089.0,233.0,18,,,,,,,,,
Lawrence David,v1-data,2021.0,S7,middle,3089.0,84.0,8,,,,,,,,,
Emily Balskus,v1-data,2021.0,S7,middle,3089.0,206.0,4,,,,,,,,,
Yang,v1-data,2021.0,S7,first,3089.0,217.0,4,,,,,,,,,
Yang,v1-data,2021.0,S7,last,3089.0,145.0,4,,,,,,,,,
Tanya Nguyen,v1-data,2021.0,S7,middle,3089.0,39.0,2,,,,,,,,,
Lawrence David,v1-data,2021.0,S7,first,3089.0,44.0,1,,,,,,,,,
Abhishek Shrivastava,v1-data,2021.0,S7,first,3089.0,31.0,1,,,,,,,,,
Abhishek Shrivastava,v1-data,2021.0,S7,last,3089.0,95.0,8,,,,,,,,,
Sandra Laney,v1-data,2021.0,S7,first,3089.0,10.0,1,,,,,,,,,
Lawrence David,v1-data,2021.0,S7,last,3089.0,266.0,26,,,,,,,,,
Emily Balskus,v1-data,2021.0,S7,last,3089.0,122.0,15,,,,,,,,,
Tanya Nguyen,v1-data,2021.0,S7,first,3089.0,83.0,5,,,,,,,,,
Harris Wang,v1-data,2021.0,S7,middle,3089.0,214.0,4,,,,,,,,,
Stavroula Hatzios,v1-data,2021.0,S7,middle,3089.0,50.0,2,,,,,,,,,
Timothy Sampson,v1-data,2021.0,S7,first,3089.0,164.0,2,,,,,,,,,
Kaixiong Ye,v1-data,2021.0,S8,last,740.0,237.0,9,,,,,,,,,
Irene Yang,v1-data,2021.0,S8,last,740.0,44.0,2,,,,,,,,,
Noah Palm,v1-data,2021.0,S8,last,740.0,104.0,6,,,,,,,,,
Carolina Tropini,v1-data,2021.0,S8,last,740.0,90.0,3,,,,,,,,,
Heather Bean,v1-data,2021.0,S8,first,740.0,28.0,1,,,,,,,,,
George Weinstock,v1-data,2021.0,S8,last,740.0,41.0,4,,,,,,,,,
Thomas Mansell,v1-data,2021.0,S8,first,740.0,82.0,1,,,,,,,,,
Heather Bean,v1-data,2021.0,S8,last,740.0,114.0,5,,,,,,,,,
Robin Michelle Voigt,v1-data,2021.0,S1,middle,2747.0,116.0,5,,,,,,,,,
Tanya Nguyen,v1-data,2021.0,S1,last,2747.0,50.0,2,,,,,,,,,
Chris Whidbey,v1-data,2021.0,S1,last,2747.0,15.0,1,,,,,,,,,
Robin Michelle,v1-data,2021.0,S1,last,2747.0,54.0,3,,,,,,,,,
Camille Nebeker,v1-data,2021.0,S1,last,2747.0,143.0,4,,,,,,,,,
Kaixiong Ye,v1-data,2021.0,S1,middle,2747.0,17.0,1,,,,,,,,,
Thomas Mansell,v1-data,2021.0,S1,first,2747.0,152.0,11,,,,,,,,,
George Weinstock,v1-data,2021.0,S1,middle,2747.0,136.0,3,,,,,,,,,
Thomas Mansell,v1-data,2021.0,S1,last,2747.0,193.0,12,,,,,,,,,
Faranak Fattahi,v1-data,2021.0,S1,middle,2747.0,91.0,4,,,,,,,,,
Emily Balskus,v1-data,2021.0,S1,middle,2747.0,80.0,2,,,,,,,,,
Robin Michelle Voigt,v1-data,2021.0,S1,last,2747.0,166.0,15,,,,,,,1.0,,
Jaeyun Sung,v1-data,2021.0,S1,middle,2747.0,44.0,1,,,,,,,,,
Kaixiong Ye,v1-data,2021.0,S1,last,2747.0,169.0,8,,,,,,,1.0,,
Chris Whidbey,v1-data,2021.0,S1,middle,2747.0,63.0,1,,,,,,,,,
George Weinstock,v1-data,2021.0,S1,first,2747.0,97.0,1,,,,,,,,,
Faranak Fattahi,v1-data,2021.0,S1,first,2747.0,157.0,5,,,,,,,,,
George Weinstock,v1-data,2021.0,S1,last,2747.0,1.0,1,,,,,,,1.0,,
Emily Balskus,v1-data,2021.0,S1,first,2747.0,50.0,6,,,,,,,,,
Faranak Fattahi,v1-data,2021.0,S1,last,2747.0,471.0,15,,,,,,,,,
Jaeyun Sung,v1-data,2021.0,S1,first,2747.0,49.0,6,,,,,,,,,
Emily Balskus,v1-data,2021.0,S1,last,2747.0,15.0,3,,,,,,,,,
Tanya Nguyen,v1-data,2021.0,S1,first,2747.0,49.0,1,,,,,,,,,
Jaeyun Sung,v1-data,2021.0,S1,last,2747.0,327.0,15,,,,,,,1.0,,
Lisa Ryno,v1-data,2021.0,S1,middle,2747.0,42.0,1,,,,,,,,,
Linnea Freeman,v1-data,2021.0,S10,first,3256.0,42.0,2,,,,,,,,,
Emily Baleikus,v1-data,2021.0,S10,last,3256.0,39.0,5,,,,,,,,,
Emily Balakus,v1-data,2021.0,S10,middle,3256.0,32.0,2,,,,,,,1.0,,
Elizabeth Bess,v1-data,2021.0,S10,first,3256.0,48.0,3,,,,,,,,,
Thomas Mansell,v1-data,2021.0,S10,first,3256.0,49.0,7,,,,,,,,,
Pamela Chang,v1-data,2021.0,S10,first,3256.0,85.0,7,,,,,,,,,
Emily Balskus,v1-data,2021.0,S10,middle,3256.0,13.0,1,,,,,,,,,
Will Ludington,v1-data,2021.0,S10,last,3256.0,21.0,2,,,,,,,,,
Mark Mimee,v1-data,2021.0,S10,last,3256.0,262.0,11,,,,,,,2.0,,
Rosa Krajmalnik,v1-data,2021.0,S10,first,3256.0,64.0,16,,,,,,,,,
Lisa Osborne,v1-data,2021.0,S10,first,3256.0,61.0,5,,,,,,,1.0,,
Emily Balskus,v1-data,2021.0,S10,first,3256.0,36.0,8,,,,,,,1.0,,
Jae,v1-data,2021.0,S10,last,3256.0,14.0,1,,,,,,,,,
Sarah MacEachern,v1-data,2021.0,S10,middle,3256.0,68.0,2,,,,,,,,,
Jaeyun Sung,v1-data,2021.0,S10,last,3256.0,53.0,9,,,,,,,,,
Jae Seungh,v1-data,2021.0,S10,last,3256.0,2.0,1,,,,,,,,,
Mark Mimee,v1-data,2021.0,S10,middle,3256.0,112.0,5,,,,,,,,,
Will Ludington,v1-data,2021.0,S10,middle,3256.0,88.0,2,,,,,,,,,
Rosa Krajmalnik,v1-data,2021.0,S10,last,3256.0,148.0,15,,,,,,,,,
Unidentified Speaker,v1-data,2021.0,S10,first,3256.0,1.0,2,,,,,,,,,
Elizabeth Bess,v1-data,2021.0,S10,last,3256.0,365.0,21,,,,,,,,,
Mark Mimee,v1-data,2021.0,S10,first,3256.0,117.0,11,,,,,,,1.0,,
Will Ludington,v1-data,2021.0,S10,first,3256.0,182.0,15,,,,,,,,,
Thomas Mansell,v1-data,2021.0,S10,last,3256.0,238.0,17,,,,,,,,,
Jae Seungh,v1-data,2021.0,S10,first,3256.0,53.0,5,,,,,,,,,
Jaeyun Sung,v1-data,2021.0,S10,middle,3256.0,11.0,3,,,,,,,,,
Pamela Chang,v1-data,2021.0,S10,last,3256.0,19.0,1,,,,,,,,,
Rosa Krajmalnik,v1-data,2021.0,S10,middle,3256.0,94.0,8,,,,,,,,,
Linnea Freeman,v1-data,2021.0,S10,middle,3256.0,79.0,2,,,,,,,,,
Lisa Osborne,v1-data,2021.0,S10,last,3256.0,403.0,11,,,,,,,,,
Jaeyun Sung,v1-data,2021.0,S10,first,3256.0,48.0,4,,,,,,,1.0,,
Elizabeth Bess,v1-data,2021.0,S10,middle,3256.0,135.0,3,,,,,,,,,
Thomas Mansell,v1-data,2021.0,S10,middle,3256.0,274.0,16,,,,,,,,,
Tanya Nguyen,v1-data,2021.0,S11,last,3107.0,78.0,9,,,,,,,,,
Sarkis Mazmanian,v1-data,2021.0,S11,first,3107.0,467.0,15,,,,,,,,,
Kai Zhang,v1-data,2021.0,S11,first,3107.0,107.0,8,,,,,,,,,
Elaine Hsiao,v1-data,2021.0,S11,last,3107.0,51.0,5,,,,,,,,,
Kai Zhang,v1-data,2021.0,S11,last,3107.0,195.0,28,,,,,,,1.0,,
Sarkis Mazmanian,v1-data,2021.0,S11,last,3107.0,686.0,53,,,,,,,,,
Melanie Gareau UC Davis,v1-data,2021.0,S11,first,3107.0,25.0,1,,,,,,,,,
Camille Nebeker,v1-data,2021.0,S11,last,3107.0,112.0,4,,,,,,,,,
Melanie Gareau UC Davis,v1-data,2021.0,S11,last,3107.0,190.0,23,,,,,,,,,
Ashley Ross,v1-data,2021.0,S11,middle,3107.0,30.0,3,,,,,,,,,
Marie,v1-data,2021.0,S11,middle,3107.0,27.0,1,,,,,,,,,
Melanie Gareau,v1-data,2021.0,S11,first,3107.0,1.0,1,,,,,,,,,
Tanya Nguyen,v1-data,2021.0,S11,middle,3107.0,120.0,9,,,,,,,1.0,,
Elaine Hsiao,v1-data,2021.0,S11,middle,3107.0,224.0,7,,,,,,,,,
Marie,v1-data,2021.0,S11,last,3107.0,14.0,7,,,,,,,,,
Melanie Gareau,v1-data,2021.0,S11,last,3107.0,79.0,3,,,,,,,,,
Kai Zhang,v1-data,2021.0,S11,middle,3107.0,57.0,6,,,,,,,,,
Sarkis Mazmanian,v1-data,2021.0,S11,middle,3107.0,319.0,19,,,,,,,,,
Ashley Ross,v1-data,2021.0,S11,first,3107.0,51.0,2,,,,,,,,,
Camille Nebeker,v1-data,2021.0,S11,middle,3107.0,12.0,1,,,,,,,,,
Marie,v1-data,2021.0,S11,first,3107.0,87.0,6,,,,,,,,,
Elaine Hsiao,v1-data,2021.0,S11,first,3107.0,152.0,2,,,,,,,,,
Melanie Gareau UC Davis,v1-data,2021.0,S11,middle,3107.0,23.0,1,,,,,,,,,
JP Yu,v1-data,2021.0,S12,first,3727.0,134.0,17,,,,,,,3.0,,
Maayan Levy,v1-data,2021.0,S12,middle,3727.0,137.0,6,,,,,,,,,
Judith Eisen,v1-data,2021.0,S12,last,3727.0,246.0,19,,,,,,,,,
JP Yu,v1-data,2021.0,S12,last,3727.0,99.0,7,,,,,,,,,
Mei Shen,v1-data,2021.0,S12,middle,3727.0,120.0,3,,,,,,,,,
Erin Longbrake,v1-data,2021.0,S12,first,3727.0,26.0,9,,,,,,,1.0,,
Noah Palm,v1-data,2021.0,S12,middle,3727.0,402.0,5,,,,,,,,,
David Durgan,v1-data,2021.0,S12,first,3727.0,32.0,1,,,,,,,,,
Erin Longbrake,v1-data,2021.0,S12,last,3727.0,73.0,5,,,,,,,,,
Andrew Feig,v1-data,2021.0,S12,first,3727.0,5.0,3,,,,,,,1.0,,
David Durgan,v1-data,2021.0,S12,last,3727.0,36.0,4,,,,,,,,,
Maayan Levy,v1-data,2021.0,S12,first,3727.0,115.0,8,,,,,,,,,
Judith Eisen,v1-data,2021.0,S12,first,3727.0,240.0,18,,,,,,,,,
Maayan Levy,v1-data,2021.0,S12,last,3727.0,15.0,5,,,,,,,,,
Robin Voigt,v1-data,2021.0,S12,middle,3727.0,30.0,1,,,,,,,,,
Mei Shen,v1-data,2021.0,S12,first,3727.0,147.0,10,,,,,,,,,
Judith Eisen,v1-data,2021.0,S12,middle,3727.0,219.0,4,,,,,,,,,
Noah Palm,v1-data,2021.0,S12,first,3727.0,318.0,6,,,,,,,,,
Mei Shen,v1-data,2021.0,S12,last,3727.0,200.0,12,,,,,,,2.0,,
JP Yu,v1-data,2021.0,S12,middle,3727.0,110.0,4,,,,,,,,,
Courtney Robinson,v1-data,2021.0,S12,middle,3727.0,68.0,2,,,,,,,,,
Noah Palm,v1-data,2021.0,S12,last,3727.0,589.0,25,,,,,,,,,
Robin Voigt,v1-data,2021.0,S12,first,3727.0,57.0,3,,,,,,,,,
Robin Voigt,v1-data,2021.0,S12,last,3727.0,97.0,7,,,,,,,1.0,,
Sandra Laney,v1-data,2021.0,S12,first,3727.0,4.0,3,,,,,,,1.0,,
David Durgan,v1-data,2021.0,S12,middle,3727.0,143.0,5,,,,,,,,,
Courtney Robinson,v1-data,2021.0,S12,first,3727.0,65.0,1,,,,,,,,,
Linnea Freeman,v1-data,2021.0,S13,first,3163.0,42.0,2,,,,,,,,,
Alexandra Basford,v1-data,2021.0,S13,first,3163.0,5.0,1,,,,,,,,,
Richard Wiener,v1-data,2021.0,S13,first,3163.0,8.0,1,,,,,,,,,
Silvia Ronco,v1-data,2021.0,S13,first,3163.0,9.0,1,,,,,,,1.0,,
Elizabeth Bess,v1-data,2021.0,S13,first,3163.0,144.0,4,,,,,,,,,
Thomas Mansell,v1-data,2021.0,S13,first,3163.0,54.0,2,,,,,,,,,
Pamela Chang,v1-data,2021.0,S13,first,3163.0,82.0,4,,,,,,,,,
Emily Balskus,v1-data,2021.0,S13,middle,3163.0,27.0,2,,,,,,,,,
Mark Mimee,v1-data,2021.0,S13,last,3163.0,276.0,10,,,,,,,1.0,,
Will Ludington,v1-data,2021.0,S13,last,3163.0,31.0,2,,,,,,,,,
Rosa Krajmalnik,v1-data,2021.0,S13,first,3163.0,90.0,18,,,,,,,,,
Lisa Osborne,v1-data,2021.0,S13,first,3163.0,62.0,4,,,,,,,,,
Emily Balskus,v1-data,2021.0,S13,first,3163.0,2.0,4,,,,,,,1.0,,
Sarah MacEachern,v1-data,2021.0,S13,middle,3163.0,107.0,6,,,,,,,,,
Jaeyun Sung,v1-data,2021.0,S13,last,3163.0,55.0,11,,,,,,,,,
Mark Mimee,v1-data,2021.0,S13,middle,3163.0,93.0,3,,,,,,,,,
Will Ludington,v1-data,2021.0,S13,middle,3163.0,37.0,2,,,,,,,,,
Rosa Krajmalnik,v1-data,2021.0,S13,last,3163.0,133.0,17,,,,,,,,,
Emily Balskus,v1-data,2021.0,S13,last,3163.0,16.0,2,,,,,,,1.0,,
Silvia Ronco,v1-data,2021.0,S13,last,3163.0,35.0,3,,,,,,,,,
Elizabeth Bess,v1-data,2021.0,S13,last,3163.0,306.0,21,,,,,,,,,
Mark Mimee,v1-data,2021.0,S13,first,3163.0,121.0,5,,,,,,,1.0,,
Will Ludington,v1-data,2021.0,S13,first,3163.0,162.0,9,,,,,,,,,
Thomas Mansell,v1-data,2021.0,S13,last,3163.0,224.0,16,,,,,,,,,
Jaeyun Sung,v1-data,2021.0,S13,middle,3163.0,6.0,4,,,,,,,,,
Pamela Chang,v1-data,2021.0,S13,last,3163.0,18.0,1,,,,,,,,,
Rosa Krajmalnik,v1-data,2021.0,S13,middle,3163.0,48.0,9,,,,,,,1.0,,
Linnea Freeman,v1-data,2021.0,S13,middle,3163.0,78.0,1,,,,,,,,,
Lisa Osborne,v1-data,2021.0,S13,last,3163.0,441.0,19,,,,,,,2.0,,
Jaeyun Sung,v1-data,2021.0,S13,first,3163.0,153.0,6,,,,,,,,,
Elizabeth Bess,v1-data,2021.0,S13,middle,3163.0,77.0,5,,,,,,,1.0,,
Thomas Mansell,v1-data,2021.0,S13,middle,3163.0,221.0,14,,,,,,,2.0,,
Marie-Claire Arrieta,v1-data,2021.0,S14,first,3331.0,52.0,1,,,,,,,,,
Xun Zhang,v1-data,2021.0,S14,middle,3331.0,180.0,12,,,,,,,2.0,,
Xu Zhang,v1-data,2021.0,S14,middle,3331.0,89.0,7,,,,,,,,,
Tanya Nguyen,v1-data,2021.0,S14,last,3331.0,65.0,4,,,,,,,,,
Kai Zhang,v1-data,2021.0,S14,last,3331.0,93.0,14,,,,,,,,,
Juli Barre,v1-data,2021.0,S14,middle,3331.0,131.0,6,,,,,,,,,
Jeff Brian Marcum,v1-data,2021.0,S14,last,3331.0,290.0,16,,,,,,,1.0,,
Helene Gerasimo,v1-data,2021.0,S14,last,3331.0,42.0,6,,,,,,,,,
Jarrad Horowitz,v1-data,2021.0,S14,last,3331.0,223.0,13,,,,,,,,,
Ashley Harris,v1-data,2021.0,S14,first,3331.0,127.0,4,,,,,,,,,
Jeff Brian Harman,v1-data,2021.0,S14,first,3331.0,326.0,15,,,,,,,,,
Tanya Nguyen,v1-data,2021.0,S14,middle,3331.0,155.0,7,,,,,,,,,
Carol F Huseboe,v1-data,2021.0,S14,middle,3331.0,11.0,1,,,,,,,,,
Jell Barone,v1-data,2021.0,S14,middle,3331.0,48.0,1,,,,,,,,,
Melanie Garami,v1-data,2021.0,S14,last,3331.0,78.0,11,,,,,,,1.0,,
Xun Wang,v1-data,2021.0,S14,last,3331.0,18.0,5,,,,,,,,,
Jeff Miller,v1-data,2021.0,S14,last,3331.0,213.0,14,,,,,,,,,
Kai Zhang,v1-data,2021.0,S14,first,3331.0,92.0,5,,,,,,,,,
Jeff Errington,v1-data,2021.0,S14,first,3331.0,241.0,5,,,,,,,,,
Richard Morimoto,v1-data,2021.0,S14,last,3331.0,3.0,1,,,,,,,,,
Jell Barone,v1-data,2021.0,S14,first,3331.0,14.0,1,,,,,,,,,
Camille Carole Habousha,v1-data,2021.0,S14,last,3331.0,83.0,4,,,,,,,,,
Jeff Bleich,v1-data,2021.0,S14,last,3331.0,50.0,5,,,,,,,,,
Melanie Garces,v1-data,2021.0,S14,first,3331.0,27.0,2,,,,,,,,,
Elizabeth Bess,v1-data,2021.0,S14,last,3331.0,6.0,1,,,,,,,,,
Jeff Brian Norman,v1-data,2021.0,S14,middle,3331.0,181.0,17,,,,,,,2.0,,
Jeff Brian Thurman,v1-data,2021.0,S14,last,3331.0,99.0,5,,,,,,,1.0,,
Jeff Miller,v1-data,2021.0,S14,middle,3331.0,23.0,1,,,,,,,,,
Xin Zhang,v1-data,2021.0,S14,first,3331.0,40.0,4,,,,,,,1.0,,
Ashley Marie Gorey,v1-data,2021.0,S14,middle,3331.0,29.0,3,,,,,,,,,
Marie Claire,v1-data,2021.0,S14,first,3331.0,73.0,1,,,,,,,,,
Maria Garami,v1-data,2021.0,S14,last,3331.0,4.0,1,,,,,,,,,
Jeff Brian Thurman,v1-data,2021.0,S14,middle,3331.0,225.0,11,,,,,,,1.0,,
Ali Keshavarzian,v1-data,2021.0,S15,middle,3059.0,163.0,6,,,,,,,,,
Silvia Ronco RC4SA,v1-data,2021.0,S15,last,3059.0,21.0,4,,,,,,,,,
Chris Whidbey,v1-data,2021.0,S15,last,3059.0,52.0,3,,,,,,,,,
Chris Whitbey,v1-data,2021.0,S15,last,3059.0,24.0,2,,,,,,,,,
Carolina Tropini,v1-data,2021.0,S15,last,3059.0,63.0,5,,,,,,,,,
Silvia Ronco,v1-data,2021.0,S15,first,3059.0,46.0,12,,,,,,,,,
Stavroula Hatzios,v1-data,2021.0,S15,last,3059.0,80.0,1,,,,,,,,,
Xin Qi,v1-data,2021.0,S15,last,3059.0,145.0,5,,,,,,,,,
Aisla Ibrahimi,v1-data,2021.0,S15,first,3059.0,8.0,1,,,,,,,,,
Wenjing Wang,v1-data,2021.0,S15,middle,3059.0,3.0,1,,,,,,,,,
Andrew Ferg,v1-data,2021.0,S15,first,3059.0,8.0,1,,,,,,,,,
Ali Keshavarziian,v1-data,2021.0,S15,middle,3059.0,45.0,3,,,,,,,,,
Lisa Ryne,v1-data,2021.0,S15,first,3059.0,33.0,1,,,,,,,,,
Aida Ebrahimi,v1-data,2021.0,S15,middle,3059.0,98.0,2,,,,,,,,,
Chris Whtibey,v1-data,2021.0,S15,middle,3059.0,86.0,2,,,,,,,,,
Abhishek Shrivastava,v1-data,2021.0,S15,first,3059.0,5.0,3,,,,,,,,,
Wenjing Wang,v1-data,2021.0,S15,first,3059.0,133.0,16,,,,,,,1.0,,
Aida Ebrahimi,v1-data,2021.0,S15,first,3059.0,163.0,4,,,,,,,,,
Abhishek Shrivastava ASU,v1-data,2021.0,S15,middle,3059.0,101.0,11,,,,,,,1.0,,
Carolina Tropini,v1-data,2021.0,S15,middle,3059.0,123.0,7,,,,,,,,,
Ali Keshavarziian,v1-data,2021.0,S15,first,3059.0,26.0,10,,,,,,,,,
Xin Qi,v1-data,2021.0,S15,middle,3059.0,82.0,2,,,,,,,,,
Ying,v1-data,2021.0,S15,last,3059.0,47.0,3,,,,,,,,,
Stavroula Hatzios,v1-data,2021.0,S15,middle,3059.0,140.0,7,,,,,,,,,
Abhishek Shrivastava ASU,v1-data,2021.0,S15,first,3059.0,61.0,2,,,,,,,,,
Carolina Tropini,v1-data,2021.0,S15,first,3059.0,58.0,6,,,,,,,3.0,,
Chris Whitbey,v1-data,2021.0,S15,first,3059.0,45.0,6,,,,,,,,,
Stavroula Hatzios,v1-data,2021.0,S15,first,3059.0,45.0,10,,,,,,,,,
Ying,v1-data,2021.0,S15,middle,3059.0,19.0,2,,,,,,,,,
Ali Keshavarzian,v1-data,2021.0,S15,last,3059.0,376.0,34,,,,,,,1.0,,
Lisa Ryne,v1-data,2021.0,S15,last,3059.0,135.0,4,,,,,,,,,
Wenjing Wang,v1-data,2021.0,S15,last,3059.0,157.0,8,,,,,,,1.0,,
Abhishek Shrivastava,v1-data,2021.0,S15,last,3059.0,122.0,5,,,,,,,,,
Aida Ebrahimi,v1-data,2021.0,S15,last,3059.0,343.0,21,,,,,,,,,
Ying,v1-data,2021.0,S15,first,3059.0,1.0,2,,,,,,,1.0,,
Lisa Ryno,v1-data,2021.0,S15,middle,3059.0,2.0,1,,,,,,,,,
Stephanie Cologna,v1-data,2021.0,S16,last,1082.0,12.0,1,,,,,,,,,
Barbara Bendlin,v1-data,2021.0,S16,middle,1082.0,93.0,1,,,,,,,,,
Anne Hultgren,v1-data,2021.0,S16,first,1082.0,5.0,1,,,,,,,1.0,,
Zongqi Xia,v1-data,2021.0,S16,first,1082.0,28.0,1,,,,,,,,,
Barbara Bendlin,v1-data,2021.0,S16,first,1082.0,64.0,19,,,,,,,1.0,,
Zongqi Xia,v1-data,2021.0,S16,last,1082.0,312.0,3,,,,,,,,,
Yang,v1-data,2021.0,S16,first,1082.0,17.0,2,,,,,,,,,
Kaixiong Ye,v1-data,2021.0,S16,first,1082.0,37.0,2,,,,,,,,,
Yanjiao Zhou,v1-data,2021.0,S16,first,1082.0,21.0,1,,,,,,,,,
Yang,v1-data,2021.0,S16,last,1082.0,3.0,1,,,,,,,,,
Kaixiong Ye,v1-data,2021.0,S16,last,1082.0,49.0,2,,,,,,,,,
Barbara Bendlin,v1-data,2021.0,S16,last,1082.0,10.0,1,,,,,,,,,
Yanjiao Zhou,v1-data,2021.0,S16,last,1082.0,32.0,2,,,,,,,,,
Heather Bean,v1-data,2021.0,S16,first,1082.0,31.0,1,,,,,,,,,
George Weinstock,v1-data,2021.0,S16,first,1082.0,10.0,1,,,,,,,,,
Nandita Garud,v1-data,2021.0,S16,first,1082.0,16.0,2,,,,,,,,,
Nandita Garud,v1-data,2021.0,S16,last,1082.0,51.0,1,,,,,,,,,
Unknown speaker,v1-data,2021.0,S16,first,1082.0,0.0,2,,,,,,,,,
Bishakha Mona,v1-data,2021.0,S16,first,1082.0,12.0,2,,,,,,,1.0,,
Stephanie Cologna,v1-data,2021.0,S16,first,1082.0,19.0,1,,,,,,,,,
Heather Bean,v1-data,2021.0,S16,last,1082.0,228.0,2,,,,,,,,,
Irene Yang,v1-data,2021.0,S16,first,1082.0,32.0,3,,,,,,,,,
Cesar de la Fuente,v1-data,2021.0,S2,first,2953.0,150.0,7,,,,,,,,,
Cesar de la Fuente,v1-data,2021.0,S2,last,2953.0,39.0,4,,,,,,,,,
Stephanie Cologna,v1-data,2021.0,S2,last,2953.0,162.0,9,,,,,,,,,
Richard Wiener,v1-data,2021.0,S2,first,2953.0,8.0,4,,,,,,,2.0,,
Kai Zhang,v1-data,2021.0,S2,first,2953.0,101.0,4,,,,,,,,,
Cesar de la Fuente Ureña,v1-data,2021.0,S2,last,2953.0,20.0,7,,,,,,,,,
Kai Zhang,v1-data,2021.0,S2,last,2953.0,290.0,15,,,,,,,,,
Mei Shen,v1-data,2021.0,S2,middle,2953.0,0.0,2,,,,,,,,,
Barbara Bendlin,v1-data,2021.0,S2,middle,2953.0,25.0,1,,,,,,,,,
Stavroula Hatzios,v1-data,2021.0,S2,first,2953.0,40.0,1,,,,,,,,,
Erin Longbrake,v1-data,2021.0,S2,first,2953.0,94.0,2,,,,,,,,,
Elizabeth Bess,v1-data,2021.0,S2,first,2953.0,68.0,1,,,,,,,,,
Elizabeth Bess,v1-data,2021.0,S2,middle,2953.0,79.0,47,,,,,,,,,
Elizabeth Bess,v1-data,2021.0,S2,last,2953.0,234.0,6,,,,,,,,,
Sarah Mckachern,v1-data,2021.0,S2,middle,2953.0,80.0,1,,,,,,,,,
Sarah Mackachern,v1-data,2021.0,S2,first,2953.0,53.0,1,,,,,,,,,
Amina Schartup,v1-data,2021.0,S2,first,2953.0,54.0,1,,,,,,,,,
Sarah MacEachern,v1-data,2021.0,S2,last,2953.0,7.0,2,,,,,,,,,
Shawroulla Hatoum,v1-data,2021.0,S2,last,2953.0,8.0,2,,,,,,,,,
Barbara Bendlin,v1-data,2021.0,S2,first,2953.0,223.0,25,,,,,,,2.0,,
Amina Schartup,v1-data,2021.0,S2,last,2953.0,164.0,5,,,,,,,,,
Mei Shen,v1-data,2021.0,S2,first,2953.0,118.0,2,,,,,,,,,
Mei Shen,v1-data,2021.0,S2,last,2953.0,399.0,39,,,,,,,2.0,,
Stephanie Cologna,v1-data,2021.0,S2,middle,2953.0,95.0,4,,,,,,,,,
Barbara Bendlin,v1-data,2021.0,S2,last,2953.0,136.0,17,,,,,,,1.0,,
Sheryl Hozier,v1-data,2021.0,S2,last,2953.0,3.0,1,,,,,,,,,
Kai Zhang,v1-data,2021.0,S2,middle,2953.0,125.0,3,,,,,,,,,
Erin Longbrake,v1-data,2021.0,S2,middle,2953.0,80.0,2,,,,,,,,,
Stephanie Cologna,v1-data,2021.0,S2,first,2953.0,20.0,1,,,,,,,,,
Stavroula Hatzios,v1-data,2021.0,S2,middle,2953.0,78.0,2,,,,,,,,,
JP Yu,v1-data,2021.0,S3,first,2663.0,84.0,2,,,,,,,,,
Judith Eisen,v1-data,2021.0,S3,last,2663.0,61.0,2,,,,,,,,,
Timothy Sampson,v1-data,2021.0,S3,last,2663.0,182.0,10,,,,,,,,,
JP Yu,v1-data,2021.0,S3,last,2663.0,60.0,9,,,,,,,,,
Robert Bryan Jr,v1-data,2021.0,S3,middle,2663.0,86.0,6,,,,,,,,,
Elaine Hsiao,v1-data,2021.0,S3,last,2663.0,89.0,4,,,,,,,,,
Irene Yang,v1-data,2021.0,S3,last,2663.0,74.0,4,,,,,,,,,
Richard Wiener,v1-data,2021.0,S3,last,2663.0,18.0,4,,,,,,,,,
Xin Qi,v1-data,2021.0,S3,first,2663.0,90.0,1,,,,,,,,,
Silvia Ronco,v1-data,2021.0,S3,last,2663.0,10.0,3,,,,,,,,,
Robert Bryan Jr,v1-data,2021.0,S3,first,2663.0,145.0,13,,,,,,,,,
Pamela Chang,v1-data,2021.0,S3,first,2663.0,42.0,1,,,,,,,,,
Maayan Levy,v1-data,2021.0,S3,first,2663.0,58.0,1,,,,,,,,,
Judith Eisen,v1-data,2021.0,S3,first,2663.0,88.0,3,,,,,,,,,
Maayan Levy,v1-data,2021.0,S3,last,2663.0,80.0,10,,,,,,,,,
Michael Burton,v1-data,2021.0,S3,middle,2663.0,3.0,1,,,,,,,,,
Robert Bryan Jr,v1-data,2021.0,S3,last,2663.0,125.0,12,,,,,,,1.0,,
Judith Eisen,v1-data,2021.0,S3,middle,2663.0,79.0,4,,,,,,,,,
Yanjiao Zhou,v1-data,2021.0,S3,first,2663.0,42.0,1,,,,,,,,,
Timothy Sampson,v1-data,2021.0,S3,middle,2663.0,118.0,5,,,,,,,,,
JP Yu,v1-data,2021.0,S3,middle,2663.0,115.0,4,,,,,,,,,
Yanjiao Zhou,v1-data,2021.0,S3,last,2663.0,55.0,4,,,,,,,,,
Michael Burton,v1-data,2021.0,S3,first,2663.0,42.0,2,,,,,,,,,
Irene Yang,v1-data,2021.0,S3,middle,2663.0,77.0,1,,,,,,,,,
Michael Burton,v1-data,2021.0,S3,last,2663.0,458.0,18,,,,,,,,,
Xin Qi,v1-data,2021.0,S3,middle,2663.0,173.0,4,,,,,,,,,
Elaine Hsiao,v1-data,2021.0,S3,first,2663.0,51.0,2,,,,,,,,,
Timothy Sampson,v1-data,2021.0,S3,first,2663.0,54.0,1,,,,,,,,,
Irene Yang,v1-data,2021.0,S3,first,2663.0,104.0,2,,,,,,,,,
Linnea Freeman,v1-data,2021.0,S4,first,736.0,4.0,1,,,,,,,,,
Linnea Freeman,v1-data,2021.0,S4,last,736.0,54.0,11,,,,,,,1.0,,
Noah Palm,v1-data,2021.0,S4,last,736.0,205.0,8,,,,,,,,,
Sarkis Mazmanian,v1-data,2021.0,S4,last,736.0,293.0,22,,,,,,,,,
Leah Pyter,v1-data,2021.0,S4,last,736.0,26.0,1,,,,,,,,,
Melanie Gareau,v1-data,2021.0,S4,last,736.0,35.0,1,,,,,,,,,
Ashley Ross,v1-data,2021.0,S4,last,736.0,53.0,3,,,,,,,,,
Leah Pyter OSU,v1-data,2021.0,S4,last,736.0,66.0,10,,,,,,,,,
Cesar de la Fuente,v1-data,2021.0,S5,first,3168.0,158.0,6,,,,,,,,,
Cesar de la Fuente,v1-data,2021.0,S5,last,3168.0,75.0,4,,,,,,,,,
Stephanie Cologna,v1-data,2021.0,S5,last,3168.0,131.0,12,,,,,,,1.0,,
Richard Wiener,v1-data,2021.0,S5,first,3168.0,4.0,1,,,,,,,1.0,,
Kai Zhang,v1-data,2021.0,S5,first,3168.0,55.0,5,,,,,,,,,
Mei Shen,v1-data,2021.0,S5,middle,3168.0,101.0,2,,,,,,,,,
Kai Zhang,v1-data,2021.0,S5,last,3168.0,138.0,13,,,,,,,,,
Barbara Bendlin,v1-data,2021.0,S5,middle,3168.0,25.0,1,,,,,,,,,
Sarah MacEachern,v1-data,2021.0,S5,first,3168.0,53.0,1,,,,,,,,,
Erin Longbrake,v1-data,2021.0,S5,first,3168.0,99.0,2,,,,,,,,,
Elizabeth Bess,v1-data,2021.0,S5,first,3168.0,148.0,2,,,,,,,,,
Stavroula Hatzios,v1-data,2021.0,S5,last,3168.0,8.0,2,,,,,,,,,
Elizabeth Bess,v1-data,2021.0,S5,middle,3168.0,124.0,3,,,,,,,,,
Silvia Ronco,v1-data,2021.0,S5,last,3168.0,35.0,7,,,,,,,,,
Elizabeth Bess,v1-data,2021.0,S5,last,3168.0,305.0,7,,,,,,,,,
Amina Schartup,v1-data,2021.0,S5,first,3168.0,54.0,1,,,,,,,,,
Andrew Feig,v1-data,2021.0,S5,last,3168.0,23.0,7,,,,,,,,,
Sarah MacEachern,v1-data,2021.0,S5,last,3168.0,19.0,4,,,,,,,,,
Cesar de la Fuente U Penn,v1-data,2021.0,S5,last,3168.0,21.0,4,,,,,,,,,
Barbara Bendlin,v1-data,2021.0,S5,first,3168.0,211.0,19,,,,,,,3.0,,
Amina Schartup,v1-data,2021.0,S5,last,3168.0,172.0,4,,,,,,,,,
Mei Shen,v1-data,2021.0,S5,first,3168.0,118.0,3,,,,,,,,,
Mei Shen,v1-data,2021.0,S5,last,3168.0,177.0,24,,,,,,,,,
Stephanie Cologna,v1-data,2021.0,S5,middle,3168.0,49.0,7,,,,,,,,,
Barbara Bendlin,v1-data,2021.0,S5,last,3168.0,103.0,10,,,,,,,,,
Kai Zhang,v1-data,2021.0,S5,middle,3168.0,205.0,5,,,,,,,,,
Erin Longbrake,v1-data,2021.0,S5,middle,3168.0,76.0,4,,,,,,,1.0,,
Stephanie Cologna,v1-data,2021.0,S5,first,3168.0,91.0,2,,,,,,,,,
Stavroula Hatzios,v1-data,2021.0,S5,middle,3168.0,223.0,6,,,,,,,,,
Sarah MacEachern,v1-data,2021.0,S5,middle,3168.0,167.0,8,,,,,,,,,
Michael O'Bananu Coleman,v1-data,2021.0,S6,last,3152.0,5.0,2,,,,,,,,,
Haike Qi,v1-data,2021.0,S6,middle,3152.0,28.0,1,,,,,,,,,
Will Thompson,v1-data,2021.0,S6,last,3152.0,41.0,2,,,,,,,,,
JP Yu,v1-data,2021.0,S6,last,3152.0,63.0,2,,,,,,,,,
Robert Bryan Jr,v1-data,2021.0,S6,middle,3152.0,53.0,3,,,,,,,,,
Jeff Thompson,v1-data,2021.0,S6,last,3152.0,174.0,10,,,,,,,,,
Robert Bryant Jr,v1-data,2021.0,S6,last,3152.0,48.0,5,,,,,,,,,
Silvia Rossbach,v1-data,2021.0,S6,last,3152.0,47.0,17,,,,,,,2.0,,
Irene Yang,v1-data,2021.0,S6,last,3152.0,29.0,4,,,,,,,,,
Robert Isaacson Jr,v1-data,2021.0,S6,last,3152.0,14.0,2,,,,,,,,,
Jeff Stine,v1-data,2021.0,S6,last,3152.0,115.0,3,,,,,,,,,
Laura Ellen Eisen,v1-data,2021.0,S6,first,3152.0,93.0,2,,,,,,,,,
Jinha Choi,v1-data,2021.0,S6,first,3152.0,132.0,2,,,,,,,,,
Jeff Thomas,v1-data,2021.0,S6,last,3152.0,98.0,13,,,,,,,4.0,,
Robert Bryan Jr,v1-data,2021.0,S6,first,3152.0,40.0,4,,,,,,,,,
Pamela Chang,v1-data,2021.0,S6,first,3152.0,45.0,1,,,,,,,,,
Laura Eisen,v1-data,2021.0,S6,last,3152.0,110.0,6,,,,,,,,,
Robert Frymier Jr,v1-data,2021.0,S6,last,3152.0,38.0,2,,,,,,,,,
Laura Elias,v1-data,2021.0,S6,middle,3152.0,86.0,9,,,,,,,1.0,,
Andrew Walker R,v1-data,2021.0,S6,last,3152.0,40.0,9,,,,,,,1.0,,
Robert Bryan,v1-data,2021.0,S6,middle,3152.0,3.0,1,,,,,,,,,
Michael O'Bananu Coleman,v1-data,2021.0,S6,middle,3152.0,224.0,12,,,,,,,1.0,,
Unknown speaker,v1-data,2021.0,S6,last,3152.0,0.0,3,,,,,,,,,
Mayana Keynan,v1-data,2021.0,S6,last,3152.0,4.0,1,,,,,,,,,
JP Yu,v1-data,2021.0,S6,middle,3152.0,117.0,1,,,,,,,,,
Michael Coleman,v1-data,2021.0,S6,last,3152.0,134.0,13,,,,,,,1.0,,
Robert Bryant Jr,v1-data,2021.0,S6,middle,3152.0,9.0,3,,,,,,,,,
Michael D Coleman,v1-data,2021.0,S6,middle,3152.0,117.0,4,,,,,,,1.0,,
Irene Yang,v1-data,2021.0,S6,middle,3152.0,80.0,6,,,,,,,,,
Raffi Maya Levi,v1-data,2021.0,S6,last,3152.0,39.0,9,,,,,,,1.0,,
Robert Bryan,v1-data,2021.0,S6,first,3152.0,70.0,10,,,,,,,,,
Michael Burton,v1-data,2021.0,S6,last,3152.0,56.0,18,,,,,,,,,
Xiao,v1-data,2021.0,S6,middle,3152.0,148.0,4,,,,,,,,,
Abigail Levy,v1-data,2021.0,S6,first,3152.0,23.0,1,,,,,,,,,
Irene Yang,v1-data,2021.0,S6,first,3152.0,146.0,3,,,,,,,,,
JP Yu,v1-data,2021.0,S6,first,3152.0,66.0,2,,,,,,,,,
Andrew,v1-data,2021.0,S6,last,3152.0,3.0,1,,,,,,,,,
Jia Li,v1-data,2021.0,S6,last,3152.0,1.0,4,,,,,,,,,
JP Bryson,v1-data,2021.0,S6,middle,3152.0,18.0,4,,,,,,,,,
Leslie Eisen,v1-data,2021.0,S6,last,3152.0,67.0,12,,,,,,,,,
Raffi Maya Levi,v1-data,2021.0,S6,middle,3152.0,17.0,3,,,,,,,,,
Michael Burton,v1-data,2021.0,S6,middle,3152.0,1.0,1,,,,,,,,,
Wendy Bahr,v1-data,2021.0,S6,last,3152.0,71.0,8,,,,,,,,,
Robert Bryan Jr,v1-data,2021.0,S6,last,3152.0,4.0,5,,,,,,,,,
Pamela Chang,v1-data,2021.0,S6,last,3152.0,72.0,5,,,,,,,,,
Timothy Sampson,v1-data,2021.0,S6,middle,3152.0,27.0,2,,,,,,,,,
Michael Burton,v1-data,2021.0,S6,first,3152.0,45.0,2,,,,,,,,,
Jia Li,v1-data,2021.0,S6,middle,3152.0,45.0,3,,,,,,,,,
Tanisia Chung,v1-data,2021.0,S6,last,3152.0,4.0,3,,,,,,,,,
Yael Kiselman,v1-data,2021.0,S6,last,3152.0,24.0,4,,,,,,,,,
Elaine Hsiao,v1-data,2021.0,S6,first,3152.0,52.0,4,,,,,,,,,
Timothy Sampson,v1-data,2021.0,S6,first,3152.0,166.0,8,,,,,,,,,
Shikha Nangia,v1-data,2021.0,S7,first,3511.0,253.0,2,,,,,,,,,
Will Ludington,v1-data,2021.0,S7,middle,3511.0,134.0,10,,,,,,,,,
Ali Keshavarzian,v1-data,2021.0,S7,middle,3511.0,163.0,7,,,,,,,,,
Shikha Nangia,v1-data,2021.0,S7,last,3511.0,295.0,12,,,,,,,,,
Harris Wang,v1-data,2021.0,S7,first,3511.0,47.0,2,,,,,,,,,
Ali Keshavarazian,v1-data,2021.0,S7,last,3511.0,21.0,15,,,,,,,,,
Wenjing Wang,v1-data,2021.0,S7,middle,3511.0,165.0,4,,,,,,,,,
Abhishek Shrivastava,v1-data,2021.0,S7,middle,3511.0,132.0,10,,,,,,,,,
Harris Wang,v1-data,2021.0,S7,last,3511.0,0.0,1,,,,,,,,,
Mark Mimee,v1-data,2021.0,S7,first,3511.0,50.0,3,,,,,,,,,
Ali Keshavarzian,v1-data,2021.0,S7,first,3511.0,194.0,22,,,,,,,,,
Will Ludington,v1-data,2021.0,S7,first,3511.0,90.0,3,,,,,,,,,
Will Ludington,v1-data,2021.0,S7,last,3511.0,117.0,9,,,,,,,,,
Mark Mimee,v1-data,2021.0,S7,last,3511.0,197.0,8,,,,,,,,,
Heather Bean,v1-data,2021.0,S7,middle,3511.0,95.0,3,,,,,,,,,
Marie,v1-data,2021.0,S7,middle,3511.0,129.0,4,,,,,,,,,
Ali Keshavarzian,v1-data,2021.0,S7,last,3511.0,154.0,10,,,,,,,,,
Wesling Meng,v1-data,2021.0,S7,last,3511.0,2.0,1,,,,,,,,,
Shikha Nangia,v1-data,2021.0,S7,middle,3511.0,81.0,4,,,,,,,,,
Abhishek Shrivastava,v1-data,2021.0,S7,first,3511.0,99.0,5,,,,,,,,,
Wenjing Wang,v1-data,2021.0,S7,first,3511.0,76.0,2,,,,,,,,,
Heather Bean,v1-data,2021.0,S7,first,3511.0,53.0,3,,,,,,,,,
Abhishek Shrivastava,v1-data,2021.0,S7,last,3511.0,147.0,18,,,,,,,,,
Marie,v1-data,2021.0,S7,first,3511.0,286.0,3,,,,,,,,,
Heather Bean,v1-data,2021.0,S7,last,3511.0,2.0,5,,,,,,,1.0,,
Harris Wang,v1-data,2021.0,S7,middle,3511.0,157.0,2,,,,,,,,,
Marie,v1-data,2021.0,S7,last,3511.0,372.0,34,,,,,,,,,
Carolina Tropini,v1-data,2021.0,S8,first,3068.0,126.0,7,,,,,,,,,
Courtney Robinson,v1-data,2021.0,S8,last,3068.0,42.0,1,,,,,,,,,
Rosa Krajmalnik,v1-data,2021.0,S8,last,3068.0,317.0,20,,,,,,,,,
Carolina Tropini,v1-data,2021.0,S8,last,3068.0,106.0,6,,,,,,,,,
Lisa Osborne,v1-data,2021.0,S8,middle,3068.0,86.0,3,,,,,,,,,
Nandita Garud,v1-data,2021.0,S8,middle,3068.0,101.0,2,,,,,,,,,
Lawrence David,v1-data,2021.0,S8,middle,3068.0,204.0,9,,,,,,,2.0,,
Aida Ebrahimi,v1-data,2021.0,S8,middle,3068.0,106.0,1,,,,,,,,,
Yang,v1-data,2021.0,S8,first,3068.0,305.0,6,,,,,,,,,
Yang,v1-data,2021.0,S8,last,3068.0,190.0,3,,,,,,,,,
Courtney Robinson,v1-data,2021.0,S8,middle,3068.0,34.0,3,,,,,,,,,
Rosa Krajmalnik,v1-data,2021.0,S8,middle,3068.0,294.0,21,,,,,,,1.0,,
Lawrence David,v1-data,2021.0,S8,first,3068.0,3.0,1,,,,,,,,,
Lisa Osborne,v1-data,2021.0,S8,first,3068.0,240.0,9,,,,,,,,,
Daren Ginete,v1-data,2021.0,S8,last,3068.0,69.0,2,,,,,,,,,
Aida Ebrahimi,v1-data,2021.0,S8,first,3068.0,92.0,3,,,,,,,,,
Nandita Garud,v1-data,2021.0,S8,first,3068.0,49.0,3,,,,,,,,,
Carolina Tropini,v1-data,2021.0,S8,middle,3068.0,229.0,8,,,,,,,,,
Lisa Osborne,v1-data,2021.0,S8,last,3068.0,141.0,3,,,,,,,1.0,,
Nandita Garud,v1-data,2021.0,S8,last,3068.0,101.0,3,,,,,,,,,
Aida Ebrahimi,v1-data,2021.0,S8,last,3068.0,107.0,6,,,,,,,,,
Rosa Krajmalnik,v1-data,2021.0,S8,first,3068.0,84.0,15,,,,,,,,,
Courtney Robinson,v1-data,2021.0,S8,first,3068.0,42.0,1,,,,,,,,,
Shikha Nangia,v1-data,2021.0,S9,first,792.0,57.0,1,,,,,,,,,
Timothy Sampson,v1-data,2021.0,S9,last,792.0,56.0,2,,,,,,,,,
Cesar de la Fuente UPenn,v1-data,2021.0,S9,middle,792.0,1.0,1,,,,,,,,,
Shikha Nangia,v1-data,2021.0,S9,last,792.0,144.0,3,,,,,,,,,
Robert Bryan Jr,v1-data,2021.0,S9,middle,792.0,114.0,8,,,,,,,,,
Robert Bryan Jr,v1-data,2021.0,S9,first,792.0,65.0,3,,,,,,,1.0,,
Harris Wang,v1-data,2021.0,S9,last,792.0,62.0,1,,,,,,,,,
Leah Pyter OSU,v1-data,2021.0,S9,first,792.0,34.0,1,,,,,,,,,
Daren Ginete,v1-data,2021.0,S9,middle,792.0,14.0,1,,,,,,,,,
Flavio Frohlich,v1-data,2021.0,S9,middle,792.0,19.0,1,,,,,,,,,
Lawrence David,v1-data,2021.0,S9,middle,792.0,21.0,1,,,,,,,,,
Robert Bryan Jr,v1-data,2021.0,S9,last,792.0,6.0,1,,,,,,,,,
Timothy Sampson,v1-data,2021.0,S9,middle,792.0,33.0,4,,,,,,,,,
Michael Burton,v1-data,2021.0,S9,first,792.0,30.0,2,,,,,,,,,
Faranak Fattahi,v1-data,2021.0,S9,first,792.0,32.0,1,,,,,,,,,
Faranak Fattahi,v1-data,2021.0,S9,last,792.0,39.0,1,,,,,,,,,
Lawrence David,v1-data,2021.0,S9,last,792.0,9.0,3,,,,,,,1.0,,
Harris Wang,v1-data,2021.0,S9,middle,792.0,55.0,1,,,,,,,,,
Timothy Sampson,v1-data,2021.0,S9,first,792.0,1.0,1,,,,,,,,,
Bethany McGregor,v1-data,2021.0,S2,first,2434.0,98.0,3,,,,,,,,,
Kezia Manlove,v1-data,2021.0,S2,first,2434.0,173.0,6,,,,,,,,,
Avery Strait,v1-data,2021.0,S2,first,2434.0,28.0,1,,,,,,,,,
Kezia Manlove,v1-data,2021.0,S2,last,2434.0,133.79999999999998,11,,,,,,,,,
Bethany McGregor,v1-data,2021.0,S2,last,2434.0,72.8,5,,,,,,,,,
Daniel Becker,v1-data,2021.0,S2,last,2434.0,80.0,3,,,,,,,,,
Liliana Salvador,v1-data,2021.0,S2,first,2434.0,48.0,2,,,,,,,,,
Avery Strait,v1-data,2021.0,S2,last,2434.0,93.30000000000001,9,,,,,,,,,
Mark Wilber,v1-data,2021.0,S2,middle,2434.0,45.0,5,,,,,,,,,
Liliana Salvador,v1-data,2021.0,S2,last,2434.0,56.3,7,,,,,,,,,
Andrew Feig,v1-data,2021.0,S2,first,2434.0,54.0,4,,,,,,,,,
Lauren Charles,v1-data,2021.0,S2,middle,2434.0,163.0,10,,,,,,,,,
Andrew Feig,v1-data,2021.0,S2,last,2434.0,55.8,2,,,,,,,,,
Mike Wimberly,v1-data,2021.0,S2,middle,2434.0,178.0,1,,,,,,,,,
Gonzalo Vazquez Prokopec,v1-data,2021.0,S2,first,2434.0,101.0,1,,,,,,,,,
Guillaume Bastille-Rousseau,v1-data,2021.0,S2,middle,2434.0,73.0,28,,,,,,,3.0,,
Mark Wilber,v1-data,2021.0,S2,first,2434.0,71.0,2,,,,,,,,,
Kezia Manlove,v1-data,2021.0,S2,middle,2434.0,39.0,3,,,,,,,,,
Mark Wilber,v1-data,2021.0,S2,last,2434.0,49.0,1,,,,,,,,,
Lauren Charles,v1-data,2021.0,S2,first,2434.0,30.0,3,,,,,,,,,
Avery Strait,v1-data,2021.0,S2,middle,2434.0,54.0,1,,,,,,,,,
Guillaume Bastille-Rousseau,v1-data,2021.0,S2,first,2434.0,71.0,1,,,,,,,,,
Liliana Salvador,v1-data,2021.0,S2,middle,2434.0,62.0,3,,,,,,,,,
Lauren Charles,v1-data,2021.0,S2,last,2434.0,313.3,18,,,,,,,,,
Mike Wimberly,v1-data,2021.0,S2,first,2434.0,32.0,1,,,,,,,,,
Mike Wimberly,v1-data,2021.0,S2,last,2434.0,120.0,2,,,,,,,,,
Guillaume Bastille-Rousseau,v1-data,2021.0,S2,last,2434.0,76.2,9,,,,,,,,,
Daniel Becker,v1-data,2021.0,S2,first,2434.0,78.0,3,,,,,,,,,
Danae Schulz,v1-data,2021.0,S3,middle,2752.0,43.0,2,,,,,,,1.0,,
Erik Procko,v1-data,2021.0,S3,first,2752.0,65.0,1,,,,,,,,,
Erik Procko,v1-data,2021.0,S3,last,2752.0,70.0,2,,,,,,,,,
Diego Huet,v1-data,2021.0,S3,first,2752.0,109.0,1,,,,,,,,,
Richard Wiener,v1-data,2021.0,S3,last,2752.0,25.0,3,,,,,,,,,
Angad Mehta,v1-data,2021.0,S3,middle,2752.0,100.0,6,,,,,,,,,
Danae Schulz,v1-data,2021.0,S3,first,2752.0,11.0,2,,,,,,,,,
Diego Huet,v1-data,2021.0,S3,last,2752.0,2.0,1,,,,,,,,,
Wilfred van der Donk,v1-data,2021.0,S3,middle,2752.0,9.0,1,,,,,,,,,
Arenas,v1-data,2021.0,S3,middle,2752.0,190.0,1,,,,,,,,,
William Witola,v1-data,2021.0,S3,middle,2752.0,232.0,4,,,,,,,,,
Gisselle Medina,v1-data,2021.0,S3,first,2752.0,111.0,3,,,,,,,1.0,,
Wilfred van der Donk UIUC/HHMI,v1-data,2021.0,S3,middle,2752.0,20.0,1,,,,,,,,,
Danae Schulz,v1-data,2021.0,S3,last,2752.0,92.0,6,,,,,,,,,
Gisselle Medina,v1-data,2021.0,S3,last,2752.0,251.0,6,,,,,,,,,
Brenda Rubenstein,v1-data,2021.0,S3,middle,2752.0,14.0,1,,,,,,,,,
William Witola,v1-data,2021.0,S3,first,2752.0,188.0,4,,,,,,,,,
Wilfred van der Donk,v1-data,2021.0,S3,first,2752.0,46.0,1,,,,,,,,,
Angad Mehta,v1-data,2021.0,S3,last,2752.0,324.0,28,,,,,,,,,
Erik Procko,v1-data,2021.0,S3,middle,2752.0,44.0,4,,,,,,,,,
Wilfred van der Donk,v1-data,2021.0,S3,last,2752.0,129.0,5,,,,,,,,,
Brenda Rubenstein,v1-data,2021.0,S3,last,2752.0,55.0,4,,,,,,,,,
Brenda Rubenstein,v1-data,2021.0,S3,first,2752.0,92.0,1,,,,,,,,,
William Witola,v1-data,2021.0,S3,last,2752.0,129.0,4,,,,,,,,,
Diego Huet,v1-data,2021.0,S3,middle,2752.0,66.0,1,,,,,,,,,
Wilfred van der Donk UIUC/HHMI,v1-data,2021.0,S3,last,2752.0,91.0,12,,,,,,,,,
Peter Dorhout,v1-data,2021.0,S3,first,2752.0,48.0,5,,,,,,,,,
Peter Dorhout,v1-data,2021.0,S3,last,2752.0,196.0,13,,,,,,,1.0,,
Christoph Thaiss,v1-data,2021.0,S4,middle,2108.0,35.0,1,,,,,,,,,
Paola Boggiatto,v1-data,2021.0,S4,middle,2108.0,110.0,5,,,,,,,,,
Claudia Herrera,v1-data,2021.0,S4,last,2108.0,11.0,2,,,,,,,,,
Prashant Singh,v1-data,2021.0,S4,first,2108.0,107.0,3,,,,,,,,,
Curt Horvath,v1-data,2021.0,S4,middle,2108.0,74.0,5,,,,,,,,,
Laurene Tetard,v1-data,2021.0,S4,last,2108.0,143.0,17,,,,,,,,,
Jenny Maloney,v1-data,2021.0,S4,first,2108.0,78.0,2,,,,,,,,,
Paola Boggiatto,v1-data,2021.0,S4,first,2108.0,33.0,2,,,,,,,,,
Jenny Maloney,v1-data,2021.0,S4,last,2108.0,451.0,61,,,,,,,3.0,,
Christoph Thaiss,v1-data,2021.0,S4,last,2108.0,81.0,2,,,,,,,,,
Chang,v1-data,2021.0,S4,middle,2108.0,111.0,1,,,,,,,,,
Prashant Singh,v1-data,2021.0,S4,last,2108.0,0.0,1,,,,,,,,,
Paola Boggiatto,v1-data,2021.0,S4,last,2108.0,92.0,10,,,,,,,,,
Curt Horvath,v1-data,2021.0,S4,first,2108.0,26.0,1,,,,,,,,,
Yanling Chang,v1-data,2021.0,S4,last,2108.0,14.0,2,,,,,,,,,
Curt Horvath,v1-data,2021.0,S4,last,2108.0,129.0,19,,,,,,,1.0,,
Laurene Tetard,v1-data,2021.0,S4,middle,2108.0,80.0,2,,,,,,,,,
Claudia Herrera,v1-data,2021.0,S4,first,2108.0,217.0,2,,,,,,,,,
Chang,v1-data,2021.0,S4,last,2108.0,69.0,3,,,,,,,,,
Sandra Laney,v1-data,2021.0,S4,last,2108.0,15.0,1,,,,,,,,,
Efrem Lim,v1-data,2021.0,S4,middle,2108.0,173.0,4,,,,,,,,,
Jenny Maloney,v1-data,2021.0,S4,middle,2108.0,59.0,1,,,,,,,,,
Joyce Jose,v1-data,2021.0,S5,first,2945.0,38.0,4,,,,,,,,,
Troy Clavell Sutton,v1-data,2021.0,S5,last,2945.0,123.0,7,,,,,,,,,
Ana Bento,v1-data,2021.0,S5,middle,2945.0,148.0,3,,,,,,,,,
Hongfu Liu,v1-data,2021.0,S5,middle,2945.0,79.0,5,,,,,,,,,
Joyce Jose,v1-data,2021.0,S5,last,2945.0,38.0,16,,,,,,,2.0,,
Matthew Hopken,v1-data,2021.0,S5,first,2945.0,44.0,3,,,,,,,,,
Nicole Eikmeier,v1-data,2021.0,S5,first,2945.0,131.0,2,,,,,,,,,
Maria Fernandez,v1-data,2021.0,S5,middle,2945.0,210.0,4,,,,,,,,,
Matthew Hopken,v1-data,2021.0,S5,last,2945.0,126.0,7,,,,,,,,,
Nicole Eikmeier,v1-data,2021.0,S5,last,2945.0,30.0,1,,,,,,,,,
Matt Erdman,v1-data,2021.0,S5,middle,2945.0,25.0,3,,,,,,,,,
Ana Bento,v1-data,2021.0,S5,first,2945.0,253.0,7,,,,,,,,,
Ana Bento,v1-data,2021.0,S5,last,2945.0,225.0,7,,,,,,,,,
Troy Clavell Sutton,v1-data,2021.0,S5,middle,2945.0,146.0,5,,,,,,,,,
Matt Erdman,v1-data,2021.0,S5,first,2945.0,55.0,4,,,,,,,,,
Chuck Lewis,v1-data,2021.0,S5,first,2945.0,72.0,2,,,,,,,,,
Joyce Jose,v1-data,2021.0,S5,middle,2945.0,110.0,3,,,,,,,,,
Maria Fernandez,v1-data,2021.0,S5,first,2945.0,269.0,5,,,,,,,,,
Matt Erdman,v1-data,2021.0,S5,last,2945.0,120.0,17,,,,,,,,,
Chuck Lewis,v1-data,2021.0,S5,last,2945.0,118.0,3,,,,,,,,,
Maria Fernandez,v1-data,2021.0,S5,last,2945.0,360.0,11,,,,,,,,,
Matthew Hopken,v1-data,2021.0,S5,middle,2945.0,169.0,7,,,,,,,,,
Troy Clavell Sutton,v1-data,2021.0,S5,first,2945.0,56.0,4,,,,,,,,,
Sandra Laney,v1-data,2021.0,S6,middle,337.0,38.0,1,,,,,,,,,
Ana Bento,v1-data,2021.0,S6,last,337.0,0.0,3,,,,,,,,,
Troy Clavell Sutton,v1-data,2021.0,S6,last,337.0,19.0,2,,,,,,,,,
Joyce Jose,v1-data,2021.0,S6,last,337.0,8.0,2,,,,,,,,,
Matthew Hopken,v1-data,2021.0,S6,first,337.0,63.0,2,,,,,,,,,
Matt Erdman,v1-data,2021.0,S6,first,337.0,6.0,3,,,,,,,,,
Joyce Jose,v1-data,2021.0,S6,middle,337.0,2.0,3,,,,,,,,,
Matt Erdman,v1-data,2021.0,S6,last,337.0,106.0,7,,,,,,,1.0,,
Maria Fernandez,v1-data,2021.0,S6,last,337.0,10.0,10,,,,,,,,,
Matt Erdman,v1-data,2021.0,S6,middle,337.0,49.0,4,,,,,,,,,
Troy Clavell Sutton,v1-data,2021.0,S6,first,337.0,36.0,2,,,,,,,,,
Cheryl Andam,v1-data,2021.0,S7,first,7541.0,119.0,3,,,,,,,1.0,,
Kezia Manlove,v1-data,2021.0,S7,first,7541.0,430.0,16,,,,,,,,,
Bethany McGregor,v1-data,2021.0,S7,first,7541.0,134.0,7,,,,,,,,,
Kim Pepin,v1-data,2021.0,S7,first,7541.0,364.0,10,,,,,,,1.0,,
Richard Wiener,v1-data,2021.0,S7,first,7541.0,12.0,2,,,,,,,1.0,,
Salvador Almagro,v1-data,2021.0,S7,first,7541.0,99.0,1,,,,,,,,,
Gonzalo Vazquez Prokopec,v1-data,2021.0,S7,middle,7541.0,11.0,1,,,,,,,,,
Mark Wilber,v1-data,2021.0,S7,middle,7541.0,20.0,1,,,,,,,,,
Liliana Salvador,v1-data,2021.0,S7,last,7541.0,181.0,6,,,,,,,,,
Avery Strait,v1-data,2021.0,S7,last,7541.0,40.0,2,,,,,,,,,
Tavis Anderson,v1-data,2021.0,S7,first,7541.0,277.0,9,,,,,,,,,
Sara Zimmer,v1-data,2021.0,S7,middle,7541.0,210.0,8,,,,,,,,,
adela,v1-data,2021.0,S7,middle,7541.0,43.0,6,,,,,,,,,
Hannah Frank,v1-data,2021.0,S7,middle,7541.0,122.0,13,,,,,,,,,
Andrew Feig,v1-data,2021.0,S7,last,7541.0,25.0,3,,,,,,,,,
Rebecca Garabed,v1-data,2021.0,S7,middle,7541.0,82.0,14,,,,,,,,,
Gonzalo Vazquez Prokopec,v1-data,2021.0,S7,first,7541.0,53.0,1,,,,,,,,,
Crystal Hepp,v1-data,2021.0,S7,middle,7541.0,26.0,4,,,,,,,,,
Guillaume Bastille-Rousseau,v1-data,2021.0,S7,middle,7541.0,31.0,1,,,,,,,,,
Linda Detwiler,v1-data,2021.0,S7,middle,7541.0,249.0,46,,,,,,,,,
Mark Wilber,v1-data,2021.0,S7,first,7541.0,138.0,5,,,,,,,,,
adela,v1-data,2021.0,S7,first,7541.0,149.0,2,,,,,,,,,
Sara Zimmer,v1-data,2021.0,S7,first,7541.0,222.0,4,,,,,,,,,
Justin Bahl,v1-data,2021.0,S7,middle,7541.0,210.0,7,,,,,,,,,
Hannah Frank,v1-data,2021.0,S7,first,7541.0,168.0,13,,,,,,,,,
Crystal Hepp,v1-data,2021.0,S7,first,7541.0,23.0,4,,,,,,,1.0,,
Avery Strait,v1-data,2021.0,S7,middle,7541.0,35.0,2,,,,,,,,,
Guillaume Bastille-Rousseau,v1-data,2021.0,S7,first,7541.0,177.0,8,,,,,,,,,
Lauren Charles,v1-data,2021.0,S7,last,7541.0,29.0,3,,,,,,,,,
Linda Detwiler,v1-data,2021.0,S7,first,7541.0,459.0,44,,,,,,,,,
Andrew Feig,v1-data,2021.0,S7,middle,7541.0,14.0,3,,,,,,,,,
Jason Ladner,v1-data,2021.0,S7,first,7541.0,55.0,1,,,,,,,,,
Avery Strait,v1-data,2021.0,S7,first,7541.0,209.0,12,,,,,,,,,
Justin Bahl,v1-data,2021.0,S7,first,7541.0,378.0,6,,,,,,,1.0,,
Daniel Becker,v1-data,2021.0,S7,last,7541.0,12.0,1,,,,,,,,,
Kezia Manlove,v1-data,2021.0,S7,last,7541.0,92.0,2,,,,,,,,,
Bethany McGregor,v1-data,2021.0,S7,last,7541.0,47.0,1,,,,,,,,,
Adela Oliva Chavez,v1-data,2021.0,S7,first,7541.0,41.0,2,,,,,,,,,
Liliana Salvador,v1-data,2021.0,S7,first,7541.0,111.0,9,,,,,,,,,
Andrew Feig,v1-data,2021.0,S7,first,7541.0,61.0,4,,,,,,,,,
Lauren Charles,v1-data,2021.0,S7,middle,7541.0,5.0,2,,,,,,,,,
Cheryl Andam,v1-data,2021.0,S7,middle,7541.0,105.0,5,,,,,,,,,
Daren Ginete,v1-data,2021.0,S7,first,7541.0,33.0,1,,,,,,,,,
Kezia Manlove,v1-data,2021.0,S7,middle,7541.0,53.0,3,,,,,,,,,
Daniel Becker,v1-data,2021.0,S7,middle,7541.0,35.0,3,,,,,,,,,
Bethany McGregor,v1-data,2021.0,S7,middle,7541.0,105.0,7,,,,,,,,,
Gonzalo Vazquez Prokopec,v1-data,2021.0,S7,last,7541.0,62.0,5,,,,,,,,,
Mark Wilber,v1-data,2021.0,S7,last,7541.0,99.0,3,,,,,,,,,
Richard Wiener,v1-data,2021.0,S7,middle,7541.0,11.0,1,,,,,,,,,
Lauren Charles,v1-data,2021.0,S7,first,7541.0,621.0,52,,,,,,,1.0,,
Mike Wimberly,v1-data,2021.0,S7,first,7541.0,287.0,10,,,,,,,,,
Salvador Almagro,v1-data,2021.0,S7,middle,7541.0,183.0,6,,,,,,,,,
Kim Pepin,v1-data,2021.0,S7,middle,7541.0,190.0,9,,,,,,,,,
Hannah Frank Tulane,v1-data,2021.0,S7,middle,7541.0,95.0,2,,,,,,,,,
Rebecca Garabed,v1-data,2021.0,S7,last,7541.0,92.0,7,,,,,,,,,
Guillaume Bastille-Rousseau,v1-data,2021.0,S7,last,7541.0,40.0,2,,,,,,,,,
Daniel Becker,v1-data,2021.0,S7,first,7541.0,90.0,2,,,,,,,,,
Tavis Anderson,v1-data,2021.0,S7,middle,7541.0,277.0,18,,,,,,,,,
Danae Schulz,v1-data,2021.0,S1,middle,3280.0,55.0,3,,,,,,,,,
Claudia Herrera,v1-data,2021.0,S1,last,3280.0,73.0,26,,,,,,,,,
Silvie Huijben,v1-data,2021.0,S1,last,3280.0,293.0,13,,,,,,,1.0,,
Kristin Koutmou,v1-data,2021.0,S1,first,3280.0,38.0,2,,,,,,,,,
Amy Vincent,v1-data,2021.0,S1,last,3280.0,96.0,18,,,,,,,,,
Jenny Maloney,v1-data,2021.0,S1,middle,3280.0,39.0,3,,,,,,,,,
Diego Huet,v1-data,2021.0,S1,first,3280.0,64.0,1,,,,,,,,,
Danae Schulz,v1-data,2021.0,S1,first,3280.0,86.0,4,,,,,,,,,
Kristin Koutmou,v1-data,2021.0,S1,last,3280.0,2.0,1,,,,,,,,,
Amy Vincent,v1-data,2021.0,S1,first,3280.0,47.0,4,,,,,,,,,
Maria Fernandez,v1-data,2021.0,S1,middle,3280.0,7.0,5,,,,,,,,,
Sara Zimmer,v1-data,2021.0,S1,middle,3280.0,36.0,5,,,,,,,,,
Jenny Maloney,v1-data,2021.0,S1,first,3280.0,1.0,1,,,,,,,,,
William Witola,v1-data,2021.0,S1,middle,3280.0,106.0,1,,,,,,,,,
Jenny Maloney,v1-data,2021.0,S1,last,3280.0,53.0,3,,,,,,,,,
Danae Schulz,v1-data,2021.0,S1,last,3280.0,0.0,1,,,,,,,,,
William Witola,v1-data,2021.0,S1,first,3280.0,148.0,2,,,,,,,,,
Silvie Huijben,v1-data,2021.0,S1,middle,3280.0,270.0,12,,,,,,,,,
Claudia Herrera,v1-data,2021.0,S1,middle,3280.0,124.0,7,,,,,,,,,
Maria Fernandez,v1-data,2021.0,S1,first,3280.0,80.0,3,,,,,,,,,
Sara Zimmer,v1-data,2021.0,S1,first,3280.0,188.0,6,,,,,,,,,
Maria Fernandez,v1-data,2021.0,S1,last,3280.0,579.0,25,,,,,,,,,
Sara Zimmer,v1-data,2021.0,S1,last,3280.0,246.0,29,,,,,,,2.0,,
William Witola,v1-data,2021.0,S1,last,3280.0,202.0,9,,,,,,,,,
Kristin Koutmou,v1-data,2021.0,S1,middle,3280.0,13.0,3,,,,,,,,,
Heather Walden,v1-data,2021.0,S1,first,3280.0,52.0,3,,,,,,,1.0,,
Claudia Herrera,v1-data,2021.0,S1,first,3280.0,290.0,8,,,,,,,,,
Silvie Huijben,v1-data,2021.0,S1,first,3280.0,92.0,3,,,,,,,,,
Cheryl Andam,v1-data,2021.0,S11,first,3265.0,109.0,3,,,,,,,,,
Danae Schulz,v1-data,2021.0,S11,middle,3265.0,40.0,1,,,,,,,,,
Joyce Jose,v1-data,2021.0,S11,first,3265.0,65.0,1,,,,,,,,,
Kristin Koutmou,v1-data,2021.0,S11,first,3265.0,162.0,6,,,,,,,,,
Cheryl Andam,v1-data,2021.0,S11,last,3265.0,80.0,4,,,,,,,,,
Joyce Jose,v1-data,2021.0,S11,last,3265.0,381.0,13,,,,,,,,,
Dana Mitzel,v1-data,2021.0,S11,middle,3265.0,163.0,2,,,,,,,,,
Danae Schulz,v1-data,2021.0,S11,first,3265.0,17.0,7,,,,,,,,,
Kristin Koutmou,v1-data,2021.0,S11,last,3265.0,296.0,20,,,,,,,,,
Wilfred van der Donk,v1-data,2021.0,S11,middle,3265.0,254.0,11,,,,,,,,,
William Witola,v1-data,2021.0,S11,middle,3265.0,597.0,5,,,,,,,,,
Danae Schulz,v1-data,2021.0,S11,last,3265.0,112.0,4,,,,,,,,,
Brenda Rubenstein,v1-data,2021.0,S11,middle,3265.0,54.0,3,,,,,,,,,
Dana Mitzel,v1-data,2021.0,S11,last,3265.0,312.0,10,,,,,,,,,
William Witola,v1-data,2021.0,S11,first,3265.0,14.0,1,,,,,,,,,
Wilfred van der Donk,v1-data,2021.0,S11,first,3265.0,247.0,14,,,,,,,2.0,,
Wilfred van der Donk,v1-data,2021.0,S11,last,3265.0,264.0,17,,,,,,,,,
William Witola,v1-data,2021.0,S11,last,3265.0,67.0,9,,,,,,,,,
Brenda Rubenstein,v1-data,2021.0,S11,last,3265.0,31.0,1,,,,,,,,,
Kezia Manlove,v1-data,2021.0,S2,first,3249.0,126.0,5,,,,,,,,,
Linda Detwiler,v1-data,2021.0,S2,last,3249.0,175.0,33,,,,,,,,,
Kim Pepin,v1-data,2021.0,S2,first,3249.0,235.0,9,,,,,,,,,
Kezia Manlove,v1-data,2021.0,S2,last,3249.0,145.0,5,,,,,,,1.0,,
Amy Hartman,v1-data,2021.0,S2,first,3249.0,57.0,6,,,,,,,,,
Matthew Hopken,v1-data,2021.0,S2,first,3249.0,61.0,1,,,,,,,,,
Daniel Becker,v1-data,2021.0,S2,last,3249.0,93.0,4,,,,,,,,,
Adela Oliva Chavez,v1-data,2021.0,S2,first,3249.0,63.0,11,,,,,,,,,
Kim Pepin,v1-data,2021.0,S2,last,3249.0,212.0,3,,,,,,,,,
Matthew Hopken,v1-data,2021.0,S2,last,3249.0,71.0,3,,,,,,,,,
Troy Sutton,v1-data,2021.0,S2,middle,3249.0,49.0,1,,,,,,,,,
Adela Oliva Chavez,v1-data,2021.0,S2,last,3249.0,127.0,4,,,,,,,,,
Matthew Hopken,v1-data,2021.0,S2,middle,3249.0,72.0,1,,,,,,,,,
Mike Wimberly,v1-data,2021.0,S2,middle,3249.0,75.0,1,,,,,,,,,
Guillaume Bastille-Rousseau,v1-data,2021.0,S2,middle,3249.0,77.0,1,,,,,,,,,
Linda Detwiler,v1-data,2021.0,S2,middle,3249.0,44.0,9,,,,,,,,,
Kezia Manlove,v1-data,2021.0,S2,middle,3249.0,139.0,2,,,,,,,,,
Daniel Becker,v1-data,2021.0,S2,middle,3249.0,190.0,4,,,,,,,,,
Katia Koelle,v1-data,2021.0,S2,last,3249.0,37.0,6,,,,,,,,,
Troy Sutton,v1-data,2021.0,S2,first,3249.0,22.0,1,,,,,,,,,
Adela Oliva Chavez Oliva Chavez,v1-data,2021.0,S2,last,3249.0,149.0,10,,,,,,,,,
Amy Hartman,v1-data,2021.0,S2,middle,3249.0,104.0,6,,,,,,,,,
Troy Sutton,v1-data,2021.0,S2,last,3249.0,115.0,2,,,,,,,,,
Daniel Becker,v1-data,2021.0,S2,first,3249.0,22.0,1,,,,,,,,,
Mike Wimberly,v1-data,2021.0,S2,first,3249.0,35.0,2,,,,,,,,,
Guillaume Bastille-Rousseau,v1-data,2021.0,S2,first,3249.0,69.0,2,,,,,,,,,
Kim Pepin,v1-data,2021.0,S2,middle,3249.0,83.0,6,,,,,,,,,
Mike Wimberly,v1-data,2021.0,S2,last,3249.0,172.0,5,,,,,,,,,
Guillaume Bastille-Rousseau,v1-data,2021.0,S2,last,3249.0,77.0,1,,,,,,,,,
Adela Oliva Chavez,v1-data,2021.0,S2,middle,3249.0,110.0,2,,,,,,,,,
Linda Detwiler,v1-data,2021.0,S2,first,3249.0,243.0,34,,,,,,,,,
Bethany McGregor,v1-data,2021.0,S3,first,5112.0,48.0,4,,,,,,,,,
Paola Boggiatto,v1-data,2021.0,S3,middle,5112.0,124.0,4,,,,,,,,,
Linda Detwiler,v1-data,2021.0,S3,last,5112.0,291.0,5,,,,,,,,,
Laurene Tetard,v1-data,2021.0,S3,first,5112.0,29.0,2,,,,,,,,,
Beth Lautner,v1-data,2021.0,S3,first,5112.0,101.0,2,,,,,,,,,
A Ali Yanik,v1-data,2021.0,S3,last,5112.0,44.0,6,,,,,,,,,
Adela Oliva Chavez,v1-data,2021.0,S3,last,5112.0,263.0,4,,,,,,,,,
Paola Boggiatto,v1-data,2021.0,S3,first,5112.0,200.0,8,,,,,,,,,
Andrew Feig,v1-data,2021.0,S3,last,5112.0,150.0,23,,,,,,,1.0,,
Crystal Hepp,v1-data,2021.0,S3,middle,5112.0,115.0,7,,,,,,,,,
Chuck Lewis,v1-data,2021.0,S3,last,5112.0,132.0,7,,,,,,,,,
Maria Fernandez,v1-data,2021.0,S3,last,5112.0,103.0,5,,,,,,,1.0,,
Crystal Hepp,v1-data,2021.0,S3,first,5112.0,196.0,7,,,,,,,,,
A Ali Yanik,v1-data,2021.0,S3,middle,5112.0,437.0,11,,,,,,,1.0,,
Peter Dorhout,v1-data,2021.0,S3,last,5112.0,24.0,1,,,,,,,,,
Rebecca Smith,v1-data,2021.0,S3,middle,5112.0,86.0,5,,,,,,,,,
Bethany McGregor,v1-data,2021.0,S3,last,5112.0,237.0,7,,,,,,,,,
A Ali Yanik,v1-data,2021.0,S3,first,5112.0,185.0,11,,,,,,,1.0,,
Prashant Singh,v1-data,2021.0,S3,first,5112.0,57.0,12,,,,,,,3.0,,
Rebecca Smith,v1-data,2021.0,S3,first,5112.0,101.0,7,,,,,,,,,
Christine K Johnson,v1-data,2021.0,S3,last,5112.0,36.0,3,,,,,,,1.0,,
Sen Pei,v1-data,2021.0,S3,first,5112.0,139.0,20,,,,,,,2.0,,
Paola Boggiatto,v1-data,2021.0,S3,last,5112.0,228.0,5,,,,,,,,,
Gisselle Medina,v1-data,2021.0,S3,last,5112.0,1.0,1,,,,,,,,,
Brenda Rubenstein,v1-data,2021.0,S3,middle,5112.0,19.0,2,,,,,,,,,
Peter Dornhout,v1-data,2021.0,S3,last,5112.0,156.0,3,,,,,,,1.0,,
Peter Dorhout,v1-data,2021.0,S3,middle,5112.0,443.0,5,,,,,,,1.0,,
Daren Ginete,v1-data,2021.0,S3,first,5112.0,27.0,2,,,,,,,1.0,,
Bethany McGregor,v1-data,2021.0,S3,middle,5112.0,52.0,3,,,,,,,,,
Mark Wilber,v1-data,2021.0,S3,last,5112.0,23.0,2,,,,,,,,,
Richard Wiener,v1-data,2021.0,S3,middle,5112.0,0.0,1,,,,,,,,,
Brenda Rubenstein,v1-data,2021.0,S3,first,5112.0,47.0,11,,,,,,,,,
Sara Zimmer,v1-data,2021.0,S3,last,5112.0,281.0,8,,,,,,,,,
Laurene Tetard,v1-data,2021.0,S3,middle,5112.0,233.0,10,,,,,,,,,
Rebecca Garabed,v1-data,2021.0,S3,last,5112.0,28.0,5,,,,,,,1.0,,
Peter Dorhout,v1-data,2021.0,S3,first,5112.0,380.0,25,,,,,,,,,
Crystal Hepp,v1-data,2021.0,S3,last,5112.0,96.0,5,,,,,,,,,
Silvie Huijben,v1-data,2021.0,S4,last,4384.0,2.0,1,,,,,,,,,
Joyce Jose,v1-data,2021.0,S4,last,4384.0,17.0,7,,,,,,,,,
Dana Mitzel,v1-data,2021.0,S4,middle,4384.0,252.0,4,,,,,,,1.0,,
Justin Bahl,v1-data,2021.0,S4,last,4384.0,402.0,25,,,,,,,,,
Adela Oliva Chavez,v1-data,2021.0,S4,last,4384.0,119.0,3,,,,,,,,,
Gisselle Medina,v1-data,2021.0,S4,first,4384.0,139.0,3,,,,,,,,,
Efrem Lim,v1-data,2021.0,S4,last,4384.0,29.0,4,,,,,,,1.0,,
Rebecca Garabed,v1-data,2021.0,S4,middle,4384.0,201.0,9,,,,,,,,,
Ana Bento,v1-data,2021.0,S4,first,4384.0,145.0,6,,,,,,,1.0,,
Andrew Feig,v1-data,2021.0,S4,last,4384.0,158.0,24,,,,,,,3.0,,
Justin Bahl,v1-data,2021.0,S4,middle,4384.0,173.0,11,,,,,,,,,
Chuck Lewis,v1-data,2021.0,S4,last,4384.0,140.0,5,,,,,,,,,
Maria Fernandez,v1-data,2021.0,S4,last,4384.0,105.0,4,,,,,,,,,
Rebecca Garabed,v1-data,2021.0,S4,first,4384.0,217.0,13,,,,,,,,,
Lauren Charles,v1-data,2021.0,S4,last,4384.0,37.0,1,,,,,,,,,
Joyce Jose Penn State,v1-data,2021.0,S4,last,4384.0,2.0,1,,,,,,,,,
Efrem Lim,v1-data,2021.0,S4,middle,4384.0,317.0,7,,,,,,,,,
Adela Detwiler,v1-data,2021.0,S4,last,4384.0,146.0,1,,,,,,,,,
Angela Arenas,v1-data,2021.0,S4,last,4384.0,100.0,4,,,,,,,,,
Joyce Jose,v1-data,2021.0,S4,first,4384.0,35.0,2,,,,,,,,,
Justin Bahl,v1-data,2021.0,S4,first,4384.0,326.0,8,,,,,,,,,
Bethany McGregor,v1-data,2021.0,S4,last,4384.0,358.0,2,,,,,,,,,
Joyce Jose Penn State,v1-data,2021.0,S4,first,4384.0,37.0,2,,,,,,,,,
Efrem Lim,v1-data,2021.0,S4,first,4384.0,23.0,1,,,,,,,,,
Gisselle Medina,v1-data,2021.0,S4,last,4384.0,3.0,2,,,,,,,,,
Joyce Jose Penn State,v1-data,2021.0,S4,middle,4384.0,163.0,10,,,,,,,1.0,,
Angela Arenas,v1-data,2021.0,S4,middle,4384.0,22.0,2,,,,,,,,,
Dana Mitzel,v1-data,2021.0,S4,last,4384.0,98.0,5,,,,,,,,,
Mark Wilber,v1-data,2021.0,S4,last,4384.0,22.0,3,,,,,,,,,
Sara Zimmer,v1-data,2021.0,S4,last,4384.0,320.0,13,,,,,,,,,
Rebecca Garabed,v1-data,2021.0,S4,last,4384.0,238.0,35,,,,,,,2.0,,
Angela Arenas,v1-data,2021.0,S4,first,4384.0,38.0,2,,,,,,,,,
Paola Boggiatto,v1-data,2021.0,S7,middle,3339.0,62.0,1,,,,,,,,,
Amy Vincent,v1-data,2021.0,S7,last,3339.0,56.0,2,,,,,,,,,
Erik Procko,v1-data,2021.0,S7,first,3339.0,38.0,2,,,,,,,,,
Amy Hartman,v1-data,2021.0,S7,first,3339.0,15.0,1,,,,,,,,,
Erik Procko,v1-data,2021.0,S7,last,3339.0,221.0,4,,,,,,,,,
Amy Hartman,v1-data,2021.0,S7,last,3339.0,40.0,2,,,,,,,,,
Liliana Salvador,v1-data,2021.0,S7,first,3339.0,48.0,3,,,,,,,,,
Mark Wilber,v1-data,2021.0,S7,middle,3339.0,65.0,4,,,,,,,,,
Liliana Salvador,v1-data,2021.0,S7,last,3339.0,94.0,6,,,,,,,,,
Chuck Lewis,v1-data,2021.0,S7,middle,3339.0,70.0,8,,,,,,,1.0,,
Maria Fernandez,v1-data,2021.0,S7,middle,3339.0,179.0,17,,,,,,,2.0,,
Sara Zimmer,v1-data,2021.0,S7,middle,3339.0,316.0,14,,,,,,,3.0,,
Paola Boggiatto,v1-data,2021.0,S7,first,3339.0,38.0,2,,,,,,,,,
Colin Basler,v1-data,2021.0,S7,first,3339.0,56.0,1,,,,,,,,,
Mike Wimberly,v1-data,2021.0,S7,middle,3339.0,113.0,1,,,,,,,,,
Paola Boggiatto,v1-data,2021.0,S7,last,3339.0,140.0,5,,,,,,,,,
Crystal Hepp,v1-data,2021.0,S7,middle,3339.0,95.0,5,,,,,,,,,
Mark Wilber,v1-data,2021.0,S7,first,3339.0,54.0,5,,,,,,,,,
Chuck Lewis,v1-data,2021.0,S7,first,3339.0,89.0,6,,,,,,,,,
Maria Fernandez,v1-data,2021.0,S7,first,3339.0,77.0,5,,,,,,,,,
Sara Zimmer,v1-data,2021.0,S7,first,3339.0,110.0,12,,,,,,,,,
Mark Wilber,v1-data,2021.0,S7,last,3339.0,215.0,12,,,,,,,,,
Chuck Lewis,v1-data,2021.0,S7,last,3339.0,165.0,4,,,,,,,,,
Maria Fernandez,v1-data,2021.0,S7,last,3339.0,310.0,10,,,,,,,,,
Crystal Hepp,v1-data,2021.0,S7,first,3339.0,64.0,3,,,,,,,1.0,,
Sara Zimmer,v1-data,2021.0,S7,last,3339.0,244.0,13,,,,,,,,,
Mike Wimberly,v1-data,2021.0,S7,first,3339.0,228.0,25,,,,,,,2.0,,
Liliana Salvador,v1-data,2021.0,S7,middle,3339.0,31.0,3,,,,,,,,,
Mike Wimberly,v1-data,2021.0,S7,last,3339.0,46.0,3,,,,,,,,,
Crystal Hepp,v1-data,2021.0,S7,last,3339.0,41.0,3,,,,,,,,,
Amy Vincent,v1-data,2021.0,S7,first,3339.0,19.0,2,,,,,,,,,
Christoph Thaiss,v1-data,2021.0,S8,middle,3279.0,360.0,8,,,,,,,,,
Angela Arenas,v1-data,2021.0,S8,last,3279.0,395.0,12,,,,,,,,,
Gisselle Medina,v1-data,2021.0,S8,middle,3279.0,223.0,5,,,,,,,,,
Claudia Herrera,v1-data,2021.0,S8,last,3279.0,8.0,2,,,,,,,,,
Adela Oliva Chavez,v1-data,2021.0,S8,first,3279.0,64.0,4,,,,,,,,,
Yanling Chang,v1-data,2021.0,S8,middle,3279.0,85.0,4,,,,,,,,,
Christoph Thaiss,v1-data,2021.0,S8,first,3279.0,93.0,5,,,,,,,,,
Curt Horvath,v1-data,2021.0,S8,middle,3279.0,98.0,4,,,,,,,,,
Adela Oliva Chavez,v1-data,2021.0,S8,last,3279.0,41.0,2,,,,,,,,,
Gisselle Medina,v1-data,2021.0,S8,first,3279.0,75.0,2,,,,,,,,,
Andrew Feig,v1-data,2021.0,S8,last,3279.0,16.0,2,,,,,,,,,
Matt Erdman,v1-data,2021.0,S8,middle,3279.0,57.0,10,,,,,,,,,
Christoph Thaiss,v1-data,2021.0,S8,last,3279.0,454.0,26,,,,,,,2.0,,
Hongfu Liu,v1-data,2021.0,S8,first,3279.0,154.0,5,,,,,,,,,
Gisselle Medina,v1-data,2021.0,S8,last,3279.0,78.0,1,,,,,,,,,
Curt Horvath,v1-data,2021.0,S8,first,3279.0,135.0,10,,,,,,,,,
Hongfu Liu,v1-data,2021.0,S8,last,3279.0,157.0,2,,,,,,,,,
Yanling Chang,v1-data,2021.0,S8,first,3279.0,62.0,5,,,,,,,1.0,,
Claudia Herrera,v1-data,2021.0,S8,middle,3279.0,50.0,1,,,,,,,,,
Yanling Chang,v1-data,2021.0,S8,last,3279.0,35.0,2,,,,,,,,,
Matt Erdman,v1-data,2021.0,S8,first,3279.0,136.0,27,,,,,,,,,
Curt Horvath,v1-data,2021.0,S8,last,3279.0,262.0,29,,,,,,,1.0,,
Matt Erdman,v1-data,2021.0,S8,last,3279.0,72.0,9,,,,,,,1.0,,
Claudia Herrera,v1-data,2021.0,S8,first,3279.0,1.0,1,,,,,,,,,
Adela Oliva Chavez,v1-data,2021.0,S8,middle,3279.0,168.0,2,,,,,,,,,
Bethany McGregor,v1-data,2021.0,S9,first,2964.0,50.0,2,,,,,,,,,
Kim Pepin,v1-data,2021.0,S9,first,2964.0,83.0,6,,,,,,,,,
Christine K Johnson,v1-data,2021.0,S9,first,2964.0,261.0,33,,,,,,,1.0,,
Gonzalo Vazquez Prokopec,v1-data,2021.0,S9,middle,2964.0,68.0,1,,,,,,,,,
Beth Lautner,v1-data,2021.0,S9,first,2964.0,52.0,1,,,,,,,,,
A Ali Yanik,v1-data,2021.0,S9,last,2964.0,160.0,10,,,,,,,1.0,,
Efrem Lim,v1-data,2021.0,S9,last,2964.0,8.0,1,,,,,,,,,
Andrew Feig,v1-data,2021.0,S9,last,2964.0,17.0,4,,,,,,,1.0,,
Rebecca Smith,v1-data,2021.0,S9,last,2964.0,8.0,2,,,,,,,,,
Gonzalo Vazquez Prokopec,v1-data,2021.0,S9,first,2964.0,11.0,5,,,,,,,,,
Sen Pei,v1-data,2021.0,S9,last,2964.0,81.0,2,,,,,,,1.0,,
Curt Horvath,v1-data,2021.0,S9,last,2964.0,1.0,1,,,,,,,,,
Wilfred van der Donk,v1-data,2021.0,S9,last,2964.0,19.0,4,,,,,,,,,
Lauren Charles,v1-data,2021.0,S9,last,2964.0,217.0,14,,,,,,,,,
Peter Dorhout,v1-data,2021.0,S9,last,2964.0,171.0,5,,,,,,,1.0,,
Efrem Lim,v1-data,2021.0,S9,middle,2964.0,83.0,4,,,,,,,,,
Audrey Ruple,v1-data,2021.0,S9,last,2964.0,117.0,4,,,,,,,,,
Bethany McGregor,v1-data,2021.0,S9,last,2964.0,198.0,9,,,,,,,1.0,,
Kim Pepin,v1-data,2021.0,S9,last,2964.0,160.0,7,,,,,,,,,
Sen Pei,v1-data,2021.0,S9,middle,2964.0,0.0,1,,,,,,,,,
A Ali Yanik,v1-data,2021.0,S9,first,2964.0,45.0,6,,,,,,,3.0,,
Silvia Ronco,v1-data,2021.0,S9,last,2964.0,28.0,2,,,,,,,,,
Lauren Charles,v1-data,2021.0,S9,middle,2964.0,144.0,7,,,,,,,,,
Christine K Johnson,v1-data,2021.0,S9,last,2964.0,116.0,14,,,,,,,1.0,,
Audrey Ruple,v1-data,2021.0,S9,middle,2964.0,179.0,9,,,,,,,,,
Peter Dorhout,v1-data,2021.0,S9,middle,2964.0,1.0,2,,,,,,,,,
Bethany McGregor,v1-data,2021.0,S9,middle,2964.0,36.0,1,,,,,,,,,
Gonzalo Vazquez Prokopec,v1-data,2021.0,S9,last,2964.0,341.0,20,,,,,,,1.0,,
Lauren Charles,v1-data,2021.0,S9,first,2964.0,72.0,3,,,,,,,,,
Kim Pepin,v1-data,2021.0,S9,middle,2964.0,3.0,2,,,,,,,,,
Peter Dorhout,v1-data,2021.0,S9,first,2964.0,83.0,7,,,,,,,,,
Audrey Ruple,v1-data,2021.0,S9,first,2964.0,28.0,1,,,,,,,,,
Christine K Johnson,v1-data,2021.0,S9,middle,2964.0,123.0,7,,,,,,,,,
Niki Parenteau,v1-data,2021.0,S1,middle,3728.0,188.0,16,,,,,,,,,
Noah Planavsky,v1-data,2021.0,S1,first,3728.0,66.0,7,,,,,,,,,
Smadar Naoz,v1-data,2021.0,S1,last,3728.0,216.0,5,,,,,,,,,
Jeffrey Marlow,v1-data,2021.0,S1,first,3728.0,11.0,4,,,,,,,1.0,,
Jay Forsythe,v1-data,2021.0,S1,middle,3728.0,81.0,1,,,,,,,,,
Niki Parenteau,v1-data,2021.0,S1,first,3728.0,370.0,43,,,,,,,1.0,,
Andrew Feig,v1-data,2021.0,S1,last,3728.0,35.0,4,,,,,,,,,
Jay Forsythe,v1-data,2021.0,S1,first,3728.0,28.0,1,,,,,,,,,
Ji Wang,v1-data,2021.0,S1,last,3728.0,9.0,2,,,,,,,,,
Stilianos Louca,v1-data,2021.0,S1,last,3728.0,242.0,8,,,,,,,1.0,,
Smadar Naoz,v1-data,2021.0,S1,middle,3728.0,135.0,5,,,,,,,,,
Simon Darroch,v1-data,2021.0,S1,last,3728.0,92.0,6,,,,,,,1.0,,
Erik Sperling,v1-data,2021.0,S1,last,3728.0,79.0,4,,,,,,,,,
Morgan Raven,v1-data,2021.0,S1,last,3728.0,74.0,3,,,,,,,,,
Solange Duhamel,v1-data,2021.0,S1,middle,3728.0,89.0,1,,,,,,,,,
Rika Anderson,v1-data,2021.0,S1,last,3728.0,49.0,6,,,,,,,,,
Joseph Levy,v1-data,2021.0,S1,last,3728.0,2.0,1,,,,,,,,,
Smadar Naoz,v1-data,2021.0,S1,first,3728.0,29.0,2,,,,,,,,,
Noah Planavsky,v1-data,2021.0,S1,last,3728.0,154.0,12,,,,,,,1.0,,
Richard Wiener,v1-data,2021.0,S1,last,3728.0,21.0,2,,,,,,,,,
Solange Duhamel,v1-data,2021.0,S1,first,3728.0,38.0,4,,,,,,,,,
Stilianos Louca,v1-data,2021.0,S1,middle,3728.0,115.0,2,,,,,,,,,
Jay Forsythe(he/him),v1-data,2021.0,S1,last,3728.0,244.0,1,,,,,,,,,
Erik Sperling,v1-data,2021.0,S1,middle,3728.0,151.0,4,,,,,,,,,
Jeffrey Marlow,v1-data,2021.0,S1,last,3728.0,111.0,12,,,,,,,,,
Niki Parenteau,v1-data,2021.0,S1,last,3728.0,381.0,24,,,,,,,1.0,,
Morgan Raven,v1-data,2021.0,S1,middle,3728.0,66.0,2,,,,,,,,,
Rika Anderson,v1-data,2021.0,S1,middle,3728.0,1.0,1,,,,,,,,,
Christopher Hamilton,v1-data,2021.0,S1,last,3728.0,0.0,1,,,,,,,,,
Stilianos Louca,v1-data,2021.0,S1,first,3728.0,148.0,4,,,,,,,,,
Jav Forsythe,v1-data,2021.0,S1,last,3728.0,73.0,3,,,,,,,,,
Simon Darroch,v1-data,2021.0,S1,first,3728.0,40.0,3,,,,,,,2.0,,
Rika Anderson,v1-data,2021.0,S1,first,3728.0,101.0,7,,,,,,,1.0,,
Erik Sperling,v1-data,2021.0,S1,first,3728.0,25.0,1,,,,,,,,,
Noah Planavsky,v1-data,2021.0,S1,middle,3728.0,185.0,9,,,,,,,1.0,,
Morgan Raven,v1-data,2021.0,S1,first,3728.0,22.0,1,,,,,,,,,
Jeffrey Marlow,v1-data,2021.0,S1,middle,3728.0,57.0,1,,,,,,,,,
Aaron Engelhart,v1-data,2021.0,S2,middle,3270.0,82.0,3,,,,,,,,,
Meredith MacGregor,v1-data,2021.0,S2,last,3270.0,110.0,7,,,,,,,1.0,,
Ziming Yang,v1-data,2021.0,S2,last,3270.0,344.0,13,,,,,,,,,
Dimitar Sasselov,v1-data,2021.0,S2,first,3270.0,216.0,10,,,,,,,,,
Richard Wiener,v1-data,2021.0,S2,last,3270.0,23.0,4,,,,,,,,,
Laura Barge,v1-data,2021.0,S2,middle,3270.0,290.0,10,,,,,,,,,
Kimberly Lau,v1-data,2021.0,S2,middle,3270.0,62.0,2,,,,,,,,,
Gongjie Li,v1-data,2021.0,S2,last,3270.0,106.0,5,,,,,,,,,
Dimitar Sasselov,v1-data,2021.0,S2,last,3270.0,401.0,32,,,,,,,,,
Trinity Hamilton,v1-data,2021.0,S2,last,3270.0,56.0,8,,,,,,,,,
Aaron Engelhart,v1-data,2021.0,S2,first,3270.0,161.0,6,,,,,,,,,
Liming Li,v1-data,2021.0,S2,last,3270.0,255.0,3,,,,,,,,,
Aaron Engelhart,v1-data,2021.0,S2,last,3270.0,286.0,24,,,,,,,,,
Peter Driscoll,v1-data,2021.0,S2,last,3270.0,83.0,13,,,,,,,4.0,,
Meredith MacGregor,v1-data,2021.0,S2,middle,3270.0,56.0,3,,,,,,,,,
Laura Barge,v1-data,2021.0,S2,last,3270.0,254.0,19,,,,,,,1.0,,
Ziming Yang,v1-data,2021.0,S2,middle,3270.0,74.0,1,,,,,,,,,
Kimberly Lau,v1-data,2021.0,S2,last,3270.0,62.0,10,,,,,,,,,
Gongjie Li,v1-data,2021.0,S2,middle,3270.0,95.0,3,,,,,,,,,
Dimitar Sasselov,v1-data,2021.0,S2,middle,3270.0,254.0,14,,,,,,,,,
Eliza Kempton,v1-data,2021.0,S3,last,3753.0,94.0,5,,,,,,,,,
Andrew Vanderburg,v1-data,2021.0,S3,last,3753.0,49.0,3,,,,,,,,,
Coco Zhang,v1-data,2021.0,S3,last,3753.0,56.0,4,,,,,,,,,
Keith Hawkins,v1-data,2021.0,S3,first,3753.0,111.0,5,,,,,,,,,
Courtney Dressing,v1-data,2021.0,S3,middle,3753.0,77.0,4,,,,,,,,,
Andy Skemer,v1-data,2021.0,S3,last,3753.0,36.0,1,,,,,,,,,
Courtney Dressing,v1-data,2021.0,S3,first,3753.0,58.0,2,,,,,,,,,
Nikole Lewis,v1-data,2021.0,S3,middle,3753.0,55.0,4,,,,,,,,,
Eliza Kempton,v1-data,2021.0,S3,middle,3753.0,171.0,4,,,,,,,,,
Daniel Apai / Univ Arizona,v1-data,2021.0,S3,first,3753.0,107.0,5,,,,,,,,,
Andrew Vanderburg,v1-data,2021.0,S3,middle,3753.0,62.0,2,,,,,,,,,
Daniel Apai,v1-data,2021.0,S3,last,3753.0,146.0,9,,,,,,,,,
Coco Zhang,v1-data,2021.0,S3,middle,3753.0,47.0,2,,,,,,,,,
Lisa Kaltenegger,v1-data,2021.0,S3,last,3753.0,504.0,31,,,,,,,,,
Andy Skemer,v1-data,2021.0,S3,middle,3753.0,27.0,4,,,,,,,,,
Natasha Batalha,v1-data,2021.0,S3,last,3753.0,119.0,4,,,,,,,,,
Nikole Lewis,v1-data,2021.0,S3,first,3753.0,93.0,5,,,,,,,,,
Eliza Kempton,v1-data,2021.0,S3,first,3753.0,72.0,2,,,,,,,,,
Andrew Vanderburg,v1-data,2021.0,S3,first,3753.0,66.0,3,,,,,,,,,
Coco Zhang,v1-data,2021.0,S3,first,3753.0,59.0,3,,,,,,,,,
Leslie Rogers,v1-data,2021.0,S3,last,3753.0,122.0,5,,,,,,,,,
Andy Skemer,v1-data,2021.0,S3,first,3753.0,20.0,1,,,,,,,,,
Daniel Apai / Univ Arizona,v1-data,2021.0,S3,last,3753.0,35.0,2,,,,,,,,,
Daniel Apai,v1-data,2021.0,S3,middle,3753.0,116.0,5,,,,,,,1.0,,
Keith Hawkins,v1-data,2021.0,S3,last,3753.0,142.0,4,,,,,,,,,
Lisa Kaltenegger,v1-data,2021.0,S3,middle,3753.0,276.0,10,,,,,,,,,
Natasha Batalha,v1-data,2021.0,S3,middle,3753.0,47.0,1,,,,,,,,,
Daniel Apai,v1-data,2021.0,S3,first,3753.0,127.0,5,,,,,,,,,
Leslie Rogers,v1-data,2021.0,S3,middle,3753.0,231.0,8,,,,,,,,,
Lisa Kaltenegger,v1-data,2021.0,S3,first,3753.0,201.0,14,,,,,,,,,
Courtney Dressing,v1-data,2021.0,S3,last,3753.0,96.0,3,,,,,,,,,
Natasha Batalha,v1-data,2021.0,S3,first,3753.0,77.0,5,,,,,,,,,
Keith Hawkins,v1-data,2021.0,S3,middle,3753.0,57.0,1,,,,,,,,,
Nikole Lewis,v1-data,2021.0,S3,last,3753.0,128.0,8,,,,,,,1.0,,
Leslie Rogers,v1-data,2021.0,S3,first,3753.0,69.0,4,,,,,,,2.0,,
Nicolas Cowan,v1-data,2021.0,S4,middle,3476.0,63.0,4,,,,,,,,,
Andro Rios,v1-data,2021.0,S4,last,3476.0,76.0,8,,,,,,,,,
Christopher Reinhard,v1-data,2021.0,S4,first,3476.0,22.0,9,,,,,,,,,
Katherine de Kleer,v1-data,2021.0,S4,last,3476.0,185.0,8,,,,,,,,,
Tyler Robinson,v1-data,2021.0,S4,first,3476.0,19.0,1,,,,,,,,,
Edward Schwieterman,v1-data,2021.0,S4,first,3476.0,20.0,1,,,,,,,,,
Jennifer Glass,v1-data,2021.0,S4,middle,3476.0,34.0,9,,,,,,,,,
Stephanie Olson,v1-data,2021.0,S4,last,3476.0,45.0,5,,,,,,,1.0,,
Tori Hoehler,v1-data,2021.0,S4,middle,3476.0,115.0,8,,,,,,,1.0,,
Nicolas Cowan,v1-data,2021.0,S4,first,3476.0,16.0,4,,,,,,,1.0,,
Andro Rios,v1-data,2021.0,S4,middle,3476.0,7.0,2,,,,,,,,,
Katherine de Kleer,v1-data,2021.0,S4,middle,3476.0,33.0,2,,,,,,,1.0,,
Jennifer Glass,v1-data,2021.0,S4,first,3476.0,125.0,12,,,,,,,2.0,,
Victoria S Meadows,v1-data,2021.0,S4,last,3476.0,434.0,39,,,,,,,,,
Edwin Kite,v1-data,2021.0,S4,last,3476.0,126.0,10,,,,,,,,,
Tori Hoehler,v1-data,2021.0,S4,first,3476.0,113.0,11,,,,,,,,,
Andro Rios,v1-data,2021.0,S4,first,3476.0,123.0,16,,,,,,,1.0,,
Stephanie Olson,v1-data,2021.0,S4,middle,3476.0,124.0,5,,,,,,,,,
Katherine de Kleer,v1-data,2021.0,S4,first,3476.0,11.0,1,,,,,,,1.0,,
Victoria S Meadows,v1-data,2021.0,S4,middle,3476.0,157.0,22,,,,,,,,,
Stephanie Olson,v1-data,2021.0,S4,first,3476.0,17.0,1,,,,,,,,,
Edwin Kite,v1-data,2021.0,S4,middle,3476.0,222.0,12,,,,,,,1.0,,
Christopher Reinhard,v1-data,2021.0,S4,last,3476.0,117.0,8,,,,,,,,,
Tyler Robinson,v1-data,2021.0,S4,last,3476.0,209.0,10,,,,,,,,,
Edward Schwieterman,v1-data,2021.0,S4,last,3476.0,126.0,8,,,,,,,,,
Silvia Ronco,v1-data,2021.0,S4,last,3476.0,65.0,7,,,,,,,1.0,,
Nicolas Cowan,v1-data,2021.0,S4,last,3476.0,170.0,8,,,,,,,,,
Victoria S Meadows,v1-data,2021.0,S4,first,3476.0,216.0,36,,,,,,,2.0,,
Edwin Kite,v1-data,2021.0,S4,first,3476.0,38.0,2,,,,,,,,,
Caroline Sinders,v1-data,2021.0,S4,first,3476.0,4.0,1,,,,,,,,,
Jennifer Glass,v1-data,2021.0,S4,last,3476.0,124.0,19,,,,,,,,,
Tori Hoehler,v1-data,2021.0,S4,last,3476.0,130.0,7,,,,,,,,,
Tyler Robinson,v1-data,2021.0,S4,middle,3476.0,117.0,8,,,,,,,1.0,,
Edward Schwieterman,v1-data,2021.0,S4,middle,3476.0,73.0,4,,,,,,,,,
Meredith MacGregor,v1-data,2021.0,S5,first,3951.0,50.0,3,,,,,,,1.0,,
Aaron Engelhart,v1-data,2021.0,S5,middle,3951.0,127.0,10,,,,,,,2.0,,
Trinity Hamilton,v1-data,2021.0,S5,middle,3951.0,2.0,1,,,,,,,,,
Ziming Yang,v1-data,2021.0,S5,first,3951.0,36.0,1,,,,,,,,,
Meredith MacGregor,v1-data,2021.0,S5,last,3951.0,104.0,7,,,,,,,,,
Ziming Yang,v1-data,2021.0,S5,last,3951.0,294.0,9,,,,,,,,,
Peter Driscoll,v1-data,2021.0,S5,middle,3951.0,83.0,2,,,,,,,,,
Dimitar Sasselov,v1-data,2021.0,S5,first,3951.0,482.0,41,,,,,,,1.0,,
Richard Wiener,v1-data,2021.0,S5,last,3951.0,25.0,6,,,,,,,1.0,,
Laura Barge,v1-data,2021.0,S5,middle,3951.0,285.0,9,,,,,,,,,
Trinity Hamilton,v1-data,2021.0,S5,first,3951.0,29.0,2,,,,,,,,,
Kimberly Lau,v1-data,2021.0,S5,middle,3951.0,107.0,2,,,,,,,,,
Gongjie Li,v1-data,2021.0,S5,last,3951.0,137.0,4,,,,,,,,,
Dimitar Sasselov,v1-data,2021.0,S5,last,3951.0,277.0,19,,,,,,,,,
Trinity Hamilton,v1-data,2021.0,S5,last,3951.0,50.0,2,,,,,,,,,
Aaron Engelhart,v1-data,2021.0,S5,first,3951.0,265.0,6,,,,,,,1.0,,
Liming Li,v1-data,2021.0,S5,last,3951.0,245.0,4,,,,,,,,,
Aaron Engelhart,v1-data,2021.0,S5,last,3951.0,248.0,15,,,,,,,,,
Peter Driscoll,v1-data,2021.0,S5,first,3951.0,30.0,2,,,,,,,,,
Peter Driscoll,v1-data,2021.0,S5,last,3951.0,26.0,1,,,,,,,,,
Laura Barge,v1-data,2021.0,S5,first,3951.0,97.0,6,,,,,,,,,
Meredith MacGregor,v1-data,2021.0,S5,middle,3951.0,141.0,4,,,,,,,,,
Laura Barge,v1-data,2021.0,S5,last,3951.0,234.0,11,,,,,,,,,
Kimberly Lau,v1-data,2021.0,S5,first,3951.0,18.0,7,,,,,,,,,
Ziming Yang,v1-data,2021.0,S5,middle,3951.0,85.0,3,,,,,,,,,
Kimberly Lau,v1-data,2021.0,S5,last,3951.0,57.0,4,,,,,,,,,
Gongjie Li,v1-data,2021.0,S5,middle,3951.0,93.0,5,,,,,,,,,
Dimitar Sasselov,v1-data,2021.0,S5,middle,3951.0,324.0,16,,,,,,,1.0,,
Hilke Schlichting,v1-data,2021.0,S6,last,3772.0,282.0,22,,,,,,,,,
Laura Schaefer,v1-data,2021.0,S6,last,3772.0,84.0,22,,,,,,,4.0,,
Gregory Fournier,v1-data,2021.0,S6,last,3772.0,103.0,27,,,,,,,2.0,,
Jochen Marschall,v1-data,2021.0,S6,first,3772.0,9.0,1,,,,,,,1.0,,
Jamie Bender,v1-data,2021.0,S6,first,3772.0,12.0,1,,,,,,,1.0,,
Christopher Hamilton,v1-data,2021.0,S6,middle,3772.0,256.0,3,,,,,,,,,
Anat Shahar,v1-data,2021.0,S6,last,3772.0,166.0,23,,,,,,,,,
Morgan Cable,v1-data,2021.0,S6,middle,3772.0,44.0,3,,,,,,,,,
Shannon MacKenzie,v1-data,2021.0,S6,last,3772.0,72.0,5,,,,,,,,,
Bradford Foley,v1-data,2021.0,S6,middle,3772.0,43.0,3,,,,,,,,,
Christopher Hamilton,v1-data,2021.0,S6,first,3772.0,43.0,1,,,,,,,,,
Hilke Schlichting,v1-data,2021.0,S6,middle,3772.0,141.0,6,,,,,,,,,
Laura Schaefer,v1-data,2021.0,S6,middle,3772.0,34.0,1,,,,,,,,,
Gregory Fournier,v1-data,2021.0,S6,middle,3772.0,384.0,15,,,,,,,,,
Morgan Cable,v1-data,2021.0,S6,first,3772.0,73.0,7,,,,,,,,,
Bradford Foley,v1-data,2021.0,S6,first,3772.0,81.0,2,,,,,,,,,
Anat Shahar,v1-data,2021.0,S6,middle,3772.0,35.0,8,,,,,,,1.0,,
Laura Schaefer,v1-data,2021.0,S6,first,3772.0,121.0,4,,,,,,,,,
Hilke Schlichting,v1-data,2021.0,S6,first,3772.0,38.0,1,,,,,,,,,
Mathieu Lapotre,v1-data,2021.0,S6,last,3772.0,31.0,3,,,,,,,,,
Gregory Fournier,v1-data,2021.0,S6,first,3772.0,27.0,1,,,,,,,,,
Shannon MacKenzie,v1-data,2021.0,S6,middle,3772.0,50.0,4,,,,,,,,,
Joseph Levy,v1-data,2021.0,S6,last,3772.0,171.0,13,,,,,,,,,
Anat Shahar,v1-data,2021.0,S6,first,3772.0,123.0,30,,,,,,,,,
Victoria S Meadows,v1-data,2021.0,S6,first,3772.0,38.0,1,,,,,,,,,
Mathieu Lapotre,v1-data,2021.0,S6,middle,3772.0,88.0,3,,,,,,,,,
Joseph Levy,v1-data,2021.0,S6,middle,3772.0,17.0,1,,,,,,,,,
Christopher Hamilton,v1-data,2021.0,S6,last,3772.0,603.0,18,,,,,,,1.0,,
Morgan Cable,v1-data,2021.0,S6,last,3772.0,34.0,4,,,,,,,,,
Joseph Levy,v1-data,2021.0,S6,first,3772.0,80.0,5,,,,,,,,,
Bradford Foley,v1-data,2021.0,S6,last,3772.0,65.0,5,,,,,,,,,
Mathieu Lapotre,v1-data,2021.0,S6,first,3772.0,424.0,6,,,,,,,,,
Marc Neveu,v1-data,2021.0,S7,middle,3508.0,68.0,6,,,,,,,,,
Daniel Huber,v1-data,2021.0,S7,middle,3508.0,82.0,3,,,,,,,,,
Betül Kaçar,v1-data,2021.0,S7,middle,3508.0,4.0,2,,,,,,,,,
Shawn Domagal,v1-data,2021.0,S7,first,3508.0,141.0,25,,,,,,,1.0,,
Amanda Stockton,v1-data,2021.0,S7,middle,3508.0,85.0,4,,,,,,,,,
Timothy W Lyons,v1-data,2021.0,S7,middle,3508.0,224.0,11,,,,,,,,,
Richard Wiener,v1-data,2021.0,S7,last,3508.0,6.0,1,,,,,,,,,
Ji Wang,v1-data,2021.0,S7,middle,3508.0,10.0,1,,,,,,,,,
Marc Neveu,v1-data,2021.0,S7,first,3508.0,88.0,7,,,,,,,1.0,,
Maggie Osburn,v1-data,2021.0,S7,first,3508.0,80.0,4,,,,,,,,,
Daniel Huber,v1-data,2021.0,S7,first,3508.0,46.0,4,,,,,,,1.0,,
Shawn Domagal,v1-data,2021.0,S7,last,3508.0,470.0,24,,,,,,,1.0,,
France Cordova,v1-data,2021.0,S7,first,3508.0,62.0,1,,,,,,,,,
Nathaniel Gabor,v1-data,2021.0,S7,middle,3508.0,198.0,11,,,,,,,,,
Timothy W Lyons,v1-data,2021.0,S7,first,3508.0,55.0,10,,,,,,,,,
Marc Neveu,v1-data,2021.0,S7,last,3508.0,148.0,4,,,,,,,,,
Maggie Osburn,v1-data,2021.0,S7,last,3508.0,334.0,7,,,,,,,,,
Betül Kaçar,v1-data,2021.0,S7,first,3508.0,83.0,4,,,,,,,1.0,,
Paula Driedger,v1-data,2021.0,S7,first,3508.0,72.0,1,,,,,,,,,
Betül Kaçar,v1-data,2021.0,S7,last,3508.0,84.0,3,,,,,,,,,
Daniel Huber,v1-data,2021.0,S7,last,3508.0,9.0,2,,,,,,,,,
Ji Wang,v1-data,2021.0,S7,first,3508.0,27.0,7,,,,,,,,,
Timothy W Lyons,v1-data,2021.0,S7,last,3508.0,280.0,18,,,,,,,,,
Amanda Stockton,v1-data,2021.0,S7,last,3508.0,68.0,3,,,,,,,,,
Nathaniel Gabor,v1-data,2021.0,S7,first,3508.0,120.0,7,,,,,,,,,
Ji Wang,v1-data,2021.0,S7,last,3508.0,258.0,8,,,,,,,,,
Paul Robertson,v1-data,2021.0,S7,middle,3508.0,29.0,1,,,,,,,,,
Nathaniel Gabor,v1-data,2021.0,S7,last,3508.0,249.0,11,,,,,,,,,
Amanda Stockton Georgia Institute of Technology,v1-data,2021.0,S7,first,3508.0,29.0,2,,,,,,,,,
Shawn Domagal,v1-data,2021.0,S7,middle,3508.0,81.0,11,,,,,,,,,
Paul Robertson,v1-data,2021.0,S7,first,3508.0,18.0,2,,,,,,,,,
Niki Parenteau,v1-data,2021.0,S1,middle,3895.0,44.0,2,,,,,,,,,
Noah Planavsky,v1-data,2021.0,S1,first,3895.0,29.0,1,,,,,,,,,
Jeffrey Marlow,v1-data,2021.0,S1,first,3895.0,27.0,1,,,,,,,,,
Tyler Robinson,v1-data,2021.0,S1,first,3895.0,33.0,2,,,,,,,,,
Edward Schwieterman,v1-data,2021.0,S1,first,3895.0,35.0,2,,,,,,,,,
Andy Skemer,v1-data,2021.0,S1,last,3895.0,112.0,15,,,,,,,2.0,,
Niki Parenteau,v1-data,2021.0,S1,first,3895.0,230.0,31,,,,,,,2.0,,
Nikole Lewis,v1-data,2021.0,S1,middle,3895.0,104.0,3,,,,,,,,,
Andy skemer,v1-data,2021.0,S1,last,3895.0,6.0,1,,,,,,,,,
Victoria S Meadows,v1-data,2021.0,S1,last,3895.0,447.0,50,,,,,,,1.0,,
Kimberly Lau,v1-data,2021.0,S1,last,3895.0,64.0,1,,,,,,,,,
Nathaniel Gabor,v1-data,2021.0,S1,last,3895.0,231.0,7,,,,,,,,,
Andrew Skemer,v1-data,2021.0,S1,first,3895.0,1.0,2,,,,,,,,,
Andy Skemer,v1-data,2021.0,S1,middle,3895.0,13.0,2,,,,,,,1.0,,
Nikole Lewis,v1-data,2021.0,S1,first,3895.0,28.0,1,,,,,,,,,
Noah Planavsky,v1-data,2021.0,S1,last,3895.0,347.0,23,,,,,,,1.0,,
Andy Skemer,v1-data,2021.0,S1,first,3895.0,22.0,1,,,,,,,,,
Victoria S Meadows,v1-data,2021.0,S1,middle,3895.0,157.0,15,,,,,,,1.0,,
Diane Matar,v1-data,2021.0,S1,first,3895.0,33.0,3,,,,,,,,,
Tyler Robinson,v1-data,2021.0,S1,last,3895.0,23.0,3,,,,,,,,,
Edward Schwieterman,v1-data,2021.0,S1,last,3895.0,247.0,11,,,,,,,,,
Nathaniel Gabor,v1-data,2021.0,S1,middle,3895.0,302.0,12,,,,,,,1.0,,
Jeffrey Marlow,v1-data,2021.0,S1,last,3895.0,47.0,2,,,,,,,,,
Niki Parenteau,v1-data,2021.0,S1,last,3895.0,367.0,27,,,,,,,1.0,,
Victoria S Meadows,v1-data,2021.0,S1,first,3895.0,50.0,6,,,,,,,,,
Laura Barge,v1-data,2021.0,S1,first,3895.0,136.0,5,,,,,,,1.0,,
Nathaniel Gabor,v1-data,2021.0,S1,first,3895.0,87.0,7,,,,,,,,,
Mary Voytek,v1-data,2021.0,S1,first,3895.0,31.0,1,,,,,,,,,
Kimberly Lau,v1-data,2021.0,S1,first,3895.0,19.0,1,,,,,,,,,
Noah Planavsky,v1-data,2021.0,S1,middle,3895.0,328.0,18,,,,,,,1.0,,
Tyler Robinson,v1-data,2021.0,S1,middle,3895.0,202.0,7,,,,,,,,,
Edward Schwieterman,v1-data,2021.0,S1,middle,3895.0,52.0,3,,,,,,,,,
Nikole Lewis,v1-data,2021.0,S1,last,3895.0,22.0,2,,,,,,,,,
Jeffrey Marlow,v1-data,2021.0,S1,middle,3895.0,19.0,1,,,,,,,,,
Nicolas Cowan,v1-data,2021.0,S10,middle,3508.0,187.0,5,,,,,,,,,
Laura Schaefer,v1-data,2021.0,S10,last,3508.0,208.0,16,,,,,,,1.0,,
Daniel Apai,v1-data,2021.0,S10,middle,3508.0,117.0,5,,,,,,,,,
Anat Shahar,v1-data,2021.0,S10,first,3508.0,114.0,13,,,,,,,,,
Trinity Hamilton,v1-data,2021.0,S10,first,3508.0,39.0,2,,,,,,,,,
Jennifer Glass,v1-data,2021.0,S10,middle,3508.0,95.0,3,,,,,,,,,
Kimberly Lau,v1-data,2021.0,S10,middle,3508.0,65.0,3,,,,,,,,,
Anat Shahar,v1-data,2021.0,S10,last,3508.0,121.0,15,,,,,,,,,
Trinity Hamilton,v1-data,2021.0,S10,last,3508.0,79.0,6,,,,,,,,,
Simon Darroch,v1-data,2021.0,S10,middle,3508.0,137.0,8,,,,,,,,,
Nicolas Cowan,v1-data,2021.0,S10,first,3508.0,80.0,13,,,,,,,,,
Morgan Raven,v1-data,2021.0,S10,middle,3508.0,16.0,1,,,,,,,,,
Nicolas Cowan,v1-data,2021.0,S10,last,3508.0,466.0,29,,,,,,,,,
Daniel Apai,v1-data,2021.0,S10,first,3508.0,84.0,10,,,,,,,,,
Nikole Lewis,v1-data,2021.0,S10,middle,3508.0,27.0,1,,,,,,,,,
Laura Schaefer,v1-data,2021.0,S10,first,3508.0,228.0,8,,,,,,,,,
Kimberly Lau,v1-data,2021.0,S10,first,3508.0,89.0,2,,,,,,,,,
Jennifer Glass,v1-data,2021.0,S10,first,3508.0,23.0,18,,,,,,,,,
Laura Schaefer,v1-data,2021.0,S10,middle,3508.0,214.0,14,,,,,,,,,
Daniel Apai,v1-data,2021.0,S10,last,3508.0,145.0,7,,,,,,,,,
Kimberly Lau,v1-data,2021.0,S10,last,3508.0,116.0,10,,,,,,,,,
Morgan Raven,v1-data,2021.0,S10,last,3508.0,167.0,9,,,,,,,,,
Simon Darroch,v1-data,2021.0,S10,first,3508.0,90.0,3,,,,,,,,,
Jennifer Glass,v1-data,2021.0,S10,last,3508.0,137.0,10,,,,,,,,,
Simon Darroch,v1-data,2021.0,S10,last,3508.0,222.0,12,,,,,,,,,
Morgan Raven,v1-data,2021.0,S10,first,3508.0,84.0,10,,,,,,,,,
Nikole Lewis,v1-data,2021.0,S10,first,3508.0,15.0,1,,,,,,,,,
Anat Shahar,v1-data,2021.0,S10,middle,3508.0,50.0,3,,,,,,,,,
Nikole Lewis,v1-data,2021.0,S10,last,3508.0,93.0,9,,,,,,,,,
Niki Parenteau,v1-data,2021.0,S11,middle,3281.0,31.0,2,,,,,,,,,
Jochen Marschall | Heising,v1-data,2021.0,S11,first,3281.0,11.0,1,,,,,,,,,
Andro Rios,v1-data,2021.0,S11,last,3281.0,107.0,8,,,,,,,1.0,,
Gregory Fournier,v1-data,2021.0,S11,first,3281.0,43.0,1,,,,,,,,,
Betül Kaçar,v1-data,2021.0,S11,middle,3281.0,161.0,9,,,,,,,,,
Gregory Fournier,v1-data,2021.0,S11,last,3281.0,274.0,16,,,,,,,1.0,,
Dimitar Sasselov,v1-data,2021.0,S11,first,3281.0,16.0,5,,,,,,,,,
Laura Barge,v1-data,2021.0,S11,middle,3281.0,226.0,4,,,,,,,,,
Jay Forsythe,v1-data,2021.0,S11,middle,3281.0,128.0,2,,,,,,,,,
Shannon Mackenzie,v1-data,2021.0,S11,middle,3281.0,44.0,2,,,,,,,,,
Dimitar Sasselov,v1-data,2021.0,S11,last,3281.0,200.0,23,,,,,,,1.0,,
Niki Parenteau,v1-data,2021.0,S11,first,3281.0,112.0,26,,,,,,,1.0,,
Betül Kaçar,v1-data,2021.0,S11,first,3281.0,46.0,4,,,,,,,,,
Niki Parenteau,v1-data,2021.0,S11,last,3281.0,225.0,22,,,,,,,1.0,,
Jay Forsythe,v1-data,2021.0,S11,first,3281.0,36.0,1,,,,,,,,,
Rika Anderson,v1-data,2021.0,S11,middle,3281.0,115.0,2,,,,,,,,,
Betül Kaçar,v1-data,2021.0,S11,last,3281.0,140.0,8,,,,,,,,,
Laura Barge,v1-data,2021.0,S11,first,3281.0,21.0,2,,,,,,,,,
Andro Rios,v1-data,2021.0,S11,middle,3281.0,114.0,4,,,,,,,1.0,,
Laura Barge,v1-data,2021.0,S11,last,3281.0,328.0,22,,,,,,,,,
Stilianos Louca,v1-data,2021.0,S11,first,3281.0,48.0,2,,,,,,,1.0,,
Gregory Fournier,v1-data,2021.0,S11,middle,3281.0,85.0,2,,,,,,,,,
Jay Forsythe,v1-data,2021.0,S11,last,3281.0,281.0,8,,,,,,,,,
Shannon Mackenzie,v1-data,2021.0,S11,last,3281.0,176.0,6,,,,,,,,,
Stilianos Louca,v1-data,2021.0,S11,last,3281.0,96.0,3,,,,,,,,,
Rika Anderson,v1-data,2021.0,S11,first,3281.0,21.0,1,,,,,,,,,
Shannon Mackenzie | JHU APL,v1-data,2021.0,S11,first,3281.0,34.0,1,,,,,,,,,
Dimitar Sasselov,v1-data,2021.0,S11,middle,3281.0,77.0,9,,,,,,,,,
Rika Anderson,v1-data,2021.0,S11,last,3281.0,85.0,5,,,,,,,,,
Meredith MacGregor,v1-data,2021.0,S12,first,3624.0,112.0,13,,,,,,,1.0,,
Katherine de Kleer,v1-data,2021.0,S12,first,3624.0,122.0,5,,,,,,,1.0,,
Daniel Huber,v1-data,2021.0,S12,middle,3624.0,123.0,2,,,,,,,,,
Meredith MacGregor,v1-data,2021.0,S12,last,3624.0,142.0,10,,,,,,,1.0,,
Katherine de Kleer,v1-data,2021.0,S12,last,3624.0,634.0,29,,,,,,,1.0,,
Richard Wiener,v1-data,2021.0,S12,first,3624.0,63.0,5,,,,,,,1.0,,
Andrew Vanderburg,v1-data,2021.0,S12,last,3624.0,504.0,30,,,,,,,1.0,,
Noah Planavsky,v1-data,2021.0,S12,last,3624.0,40.0,4,,,,,,,,,
Keith Hawkins,v1-data,2021.0,S12,first,3624.0,83.0,3,,,,,,,,,
Daniel Huber,v1-data,2021.0,S12,first,3624.0,108.0,12,,,,,,,2.0,,
Keith Hawkins,v1-data,2021.0,S12,last,3624.0,258.0,47,,,,,,,2.0,,
Lisa Kaltenegger,v1-data,2021.0,S12,middle,3624.0,297.0,12,,,,,,,1.0,,
Bradford Foley,v1-data,2021.0,S12,middle,3624.0,63.0,1,,,,,,,,,
Daniel Huber,v1-data,2021.0,S12,last,3624.0,20.0,3,,,,,,,,,
Meredith MacGregor,v1-data,2021.0,S12,middle,3624.0,160.0,9,,,,,,,1.0,,
Katherine de Kleer,v1-data,2021.0,S12,middle,3624.0,54.0,3,,,,,,,,,
Andrew Vanderburg,v1-data,2021.0,S12,middle,3624.0,67.0,4,,,,,,,,,
Lisa Kaltenegger,v1-data,2021.0,S12,first,3624.0,223.0,32,,,,,,,3.0,,
Noah Planavsky,v1-data,2021.0,S12,middle,3624.0,66.0,2,,,,,,,,,
Lisa Kaltenegger,v1-data,2021.0,S12,last,3624.0,131.0,8,,,,,,,2.0,,
Bradford Foley,v1-data,2021.0,S12,first,3624.0,75.0,10,,,,,,,1.0,,
Keith Hawkins,v1-data,2021.0,S12,middle,3624.0,212.0,6,,,,,,,,,
Andrew Vanderburg,v1-data,2021.0,S12,first,3624.0,67.0,7,,,,,,,1.0,,
Aaron Engelhart,v1-data,2021.0,S13,middle,3379.0,139.0,9,,,,,,,,,
Maggie Osburn,v1-data,2021.0,S13,middle,3379.0,41.0,4,,,,,,,,,
Leslie Rogers,v1-data,2021.0,S13,last,3379.0,424.0,14,,,,,,,,,
Amanda Stockton,v1-data,2021.0,S13,middle,3379.0,188.0,16,,,,,,,2.0,,
Timothy W Lyons,v1-data,2021.0,S13,middle,3379.0,93.0,13,,,,,,,,,
Christopher Hamilton,v1-data,2021.0,S13,middle,3379.0,229.0,5,,,,,,,,,
Jeffrey Marlow,v1-data,2021.0,S13,first,3379.0,82.0,3,,,,,,,,,
Stephanie Olson,v1-data,2021.0,S13,first,3379.0,72.0,2,,,,,,,1.0,,
Maggie Osburn,v1-data,2021.0,S13,first,3379.0,192.0,11,,,,,,,,,
Solange Duhamel,v1-data,2021.0,S13,first,3379.0,39.0,1,,,,,,,,,
Stephanie Olson,v1-data,2021.0,S13,last,3379.0,48.0,10,,,,,,,,,
Tori Hoehler,v1-data,2021.0,S13,middle,3379.0,90.0,5,,,,,,,,,
Aaron Engelhart,v1-data,2021.0,S13,first,3379.0,73.0,2,,,,,,,,,
Timothy W Lyons,v1-data,2021.0,S13,first,3379.0,167.0,19,,,,,,,,,
Jeffrey Marlow,v1-data,2021.0,S13,last,3379.0,32.0,5,,,,,,,,,
Aaron Engelhart,v1-data,2021.0,S13,last,3379.0,110.0,8,,,,,,,,,
Maggie Osburn,v1-data,2021.0,S13,last,3379.0,189.0,28,,,,,,,,,
Amanda Stockton,v1-data,2021.0,S13,first,3379.0,136.0,6,,,,,,,,,
Rachel Parker,v1-data,2021.0,S13,first,3379.0,16.0,1,,,,,,,,,
Christopher Hamilton,v1-data,2021.0,S13,first,3379.0,3.0,1,,,,,,,,,
Amanda Stockton,v1-data,2021.0,S13,last,3379.0,178.0,33,,,,,,,13.0,,
Timothy W Lyons,v1-data,2021.0,S13,last,3379.0,136.0,25,,,,,,,1.0,,
Leslie Rogers,v1-data,2021.0,S13,middle,3379.0,45.0,1,,,,,,,,,
Christopher Hamilton,v1-data,2021.0,S13,last,3379.0,367.0,15,,,,,,,1.0,,
Tori Hoehler,v1-data,2021.0,S13,first,3379.0,35.0,10,,,,,,,1.0,,
Tori Hoehler,v1-data,2021.0,S13,last,3379.0,111.0,2,,,,,,,,,
Stephanie Olson,v1-data,2021.0,S13,middle,3379.0,22.0,1,,,,,,,,,
Solange Duhamel,v1-data,2021.0,S13,middle,3379.0,38.0,2,,,,,,,,,
Jeffrey Marlow,v1-data,2021.0,S13,middle,3379.0,84.0,5,,,,,,,1.0,,
Hilke Schlichting,v1-data,2021.0,S2,last,3531.0,95.0,6,,,,,,,,,
Andro Rios,v1-data,2021.0,S2,last,3531.0,107.0,6,,,,,,,,,
Eliza Kempton,v1-data,2021.0,S2,last,3531.0,308.0,14,,,,,,,1.0,,
Ziming Yang,v1-data,2021.0,S2,last,3531.0,13.0,3,,,,,,,,,
Amanda Stockton,v1-data,2021.0,S2,middle,3531.0,77.0,2,,,,,,,,,
Liz Mccormack,v1-data,2021.0,S2,first,3531.0,52.0,1,,,,,,,,,
Jay Forsythe,v1-data,2021.0,S2,middle,3531.0,65.0,1,,,,,,,,,
Tori Hoehler,v1-data,2021.0,S2,middle,3531.0,78.0,5,,,,,,,1.0,,
Maggie Osburn,v1-data,2021.0,S2,last,3531.0,102.0,6,,,,,,,,,
Jay Forsythe,v1-data,2021.0,S2,first,3531.0,20.0,1,,,,,,,,,
Amanda Stockton,v1-data,2021.0,S2,first,3531.0,260.0,19,,,,,,,1.0,,
Andro Rios,v1-data,2021.0,S2,middle,3531.0,100.0,7,,,,,,,,,
Hilke Schlichting,v1-data,2021.0,S2,middle,3531.0,90.0,3,,,,,,,,,
Eliza Kempton,v1-data,2021.0,S2,middle,3531.0,225.0,8,,,,,,,,,
Tori Hoehler,v1-data,2021.0,S2,first,3531.0,174.0,17,,,,,,,,,
Chris Martin,v1-data,2021.0,S2,first,3531.0,19.0,1,,,,,,,,,
Andro Rios,v1-data,2021.0,S2,first,3531.0,130.0,12,,,,,,,1.0,,
Natasha Batalha,v1-data,2021.0,S2,last,3531.0,98.0,3,,,,,,,,,
Morgan Raven,v1-data,2021.0,S2,last,3531.0,84.0,13,,,,,,,1.0,,
Eliza Kempton,v1-data,2021.0,S2,first,3531.0,20.0,1,,,,,,,,,
Hilke Schlichting,v1-data,2021.0,S2,first,3531.0,19.0,1,,,,,,,,,
Maggie Osburn,v1-data,2021.0,S2,middle,3531.0,45.0,2,,,,,,,,,
Ziming Yang,v1-data,2021.0,S2,first,3531.0,28.0,1,,,,,,,,,
Maggie Osburn,v1-data,2021.0,S2,first,3531.0,157.0,3,,,,,,,,,
Natasha Batalha,v1-data,2021.0,S2,middle,3531.0,82.0,4,,,,,,,2.0,,
Morgan Raven,v1-data,2021.0,S2,middle,3531.0,114.0,29,,,,,,,1.0,,
[Unintelligible Speaker],v1-data,2021.0,S2,last,3531.0,4.0,3,,,,,,,2.0,,
Amanda Stockton,v1-data,2021.0,S2,last,3531.0,150.0,16,,,,,,,1.0,,
Jay Forsythe,v1-data,2021.0,S2,last,3531.0,417.0,24,,,,,,,1.0,,
Natasha Batalha,v1-data,2021.0,S2,first,3531.0,22.0,1,,,,,,,,,
Morgan Raven,v1-data,2021.0,S2,first,3531.0,36.0,3,,,,,,,,,
Tori Hoehler,v1-data,2021.0,S2,last,3531.0,340.0,31,,,,,,,,,
Meredith MacGregor,v1-data,2021.0,S3,first,3702.0,41.0,1,,,,,,,,,
Aaron Engelhart,v1-data,2021.0,S3,middle,3702.0,157.0,6,,,,,,,,,
Marc Neveu,v1-data,2021.0,S3,middle,3702.0,64.0,5,,,,,,,,,
Meredith MacGregor,v1-data,2021.0,S3,last,3702.0,296.0,17,,,,,,,,,
Timothy W Lyons,v1-data,2021.0,S3,middle,3702.0,273.0,20,,,,,,,1.0,,
Keith Hawkins,v1-data,2021.0,S3,first,3702.0,61.0,2,,,,,,,,,
Silvia Ronco,v1-data,2021.0,S3,first,3702.0,2.0,2,,,,,,,1.0,,
Shannon Mackenzie,v1-data,2021.0,S3,middle,3702.0,75.0,3,,,,,,,,,
Jennifer Glass,v1-data,2021.0,S3,middle,3702.0,69.0,5,,,,,,,,,
Stilianos Louca,v1-data,2021.0,S3,middle,3702.0,176.0,13,,,,,,,2.0,,
Keith Hawkins,v1-data,2021.0,S3,last,3702.0,197.0,4,,,,,,,,,
Aaron Engelhart,v1-data,2021.0,S3,first,3702.0,87.0,2,,,,,,,,,
Timothy W Lyons,v1-data,2021.0,S3,first,3702.0,456.0,24,,,,,,,,,
Marc Neveu,v1-data,2021.0,S3,last,3702.0,106.0,4,,,,,,,,,
Aaron Engelhart,v1-data,2021.0,S3,last,3702.0,63.0,16,,,,,,,1.0,,
Rika Anderson,v1-data,2021.0,S3,middle,3702.0,29.0,3,,,,,,,1.0,,
Timothy W Lyons,v1-data,2021.0,S3,last,3702.0,413.0,27,,,,,,,,,
Meredith MacGregor,v1-data,2021.0,S3,middle,3702.0,240.0,4,,,,,,,,,
Jennifer Glass,v1-data,2021.0,S3,first,3702.0,49.0,4,,,,,,,,,
Stilianos Louca,v1-data,2021.0,S3,first,3702.0,179.0,3,,,,,,,,,
Shannon Mackenzie,v1-data,2021.0,S3,last,3702.0,80.0,4,,,,,,,,,
Stilianos Louca,v1-data,2021.0,S3,last,3702.0,221.0,7,,,,,,,,,
Rika Anderson,v1-data,2021.0,S3,first,3702.0,94.0,4,,,,,,,,,
Jennifer Glass,v1-data,2021.0,S3,last,3702.0,205.0,13,,,,,,,,,
Shannon Mackenzie | JHU APL,v1-data,2021.0,S3,first,3702.0,36.0,34,,,,,,,,,
Rika Anderson,v1-data,2021.0,S3,last,3702.0,33.0,2,,,,,,,,,
Trinity Hamilton,v1-data,2021.0,S4,middle,3536.0,45.0,2,,,,,,,,,
Joseph Levy,v1-data,2021.0,S4,last,3536.0,263.0,17,,,,,,,,,
Dimitar Sasselov,v1-data,2021.0,S4,middle,3536.0,178.0,9,,,,,,,,,
Laura Schaefer,v1-data,2021.0,S4,last,3536.0,75.0,2,,,,,,,,,
Lisa Kaltenegger(she/her),v1-data,2021.0,S4,middle,3536.0,14.0,1,,,,,,,,,
Dimitar Sasselov,v1-data,2021.0,S4,first,3536.0,46.0,5,,,,,,,,,
Christopher Hamilton,v1-data,2021.0,S4,middle,3536.0,161.0,6,,,,,,,,,
Stephanie Olson,v1-data,2021.0,S4,first,3536.0,65.0,6,,,,,,,,,
Trinity Hamilton,v1-data,2021.0,S4,first,3536.0,90.0,3,,,,,,,,,
Stephanie Olson,v1-data,2021.0,S4,last,3536.0,148.0,8,,,,,,,,,
Trinity Hamilton,v1-data,2021.0,S4,last,3536.0,78.0,4,,,,,,,,,
Lisa Kaltenegger,v1-data,2021.0,S4,middle,3536.0,242.0,7,,,,,,,,,
Liming Li,v1-data,2021.0,S4,first,3536.0,76.0,3,,,,,,,,,
Dimitar Sasselov,v1-data,2021.0,S4,last,3536.0,232.0,8,,,,,,,,,
Liming Li,v1-data,2021.0,S4,last,3536.0,68.0,2,,,,,,,,,
Lisa Kaltenegger(she/her),v1-data,2021.0,S4,first,3536.0,43.0,15,,,,,,,,,
Bradford Foley,v1-data,2021.0,S4,middle,3536.0,82.0,4,,,,,,,,,
Christopher Hamilton,v1-data,2021.0,S4,first,3536.0,197.0,13,,,,,,,,,
Joseph Levy,v1-data,2021.0,S4,first,3536.0,77.0,5,,,,,,,,,
Joseph Levy,v1-data,2021.0,S4,middle,3536.0,10.0,1,,,,,,,,,
Christopher Hamilton,v1-data,2021.0,S4,last,3536.0,271.0,9,,,,,,,,,
Lisa Kaltenegger,v1-data,2021.0,S4,first,3536.0,103.0,19,,,,,,,,,
Simon Darroch,v1-data,2021.0,S4,first,3536.0,99.0,3,,,,,,,,,
Lisa Kaltenegger,v1-data,2021.0,S4,last,3536.0,362.0,32,,,,,,,,,
Simon Darroch,v1-data,2021.0,S4,last,3536.0,150.0,6,,,,,,,,,
Bradford Foley,v1-data,2021.0,S4,first,3536.0,94.0,4,,,,,,,,,
Stephanie Olson,v1-data,2021.0,S4,middle,3536.0,90.0,8,,,,,,,,,
Laura Schaefer,v1-data,2021.0,S4,first,3536.0,82.0,4,,,,,,,,,
Bradford Foley,v1-data,2021.0,S4,last,3536.0,95.0,3,,,,,,,,,
Andro Rios,v1-data,2021.0,S5,last,3396.0,114.0,8,,,,,,,,,
Hilke Schlichting,v1-data,2021.0,S5,last,3396.0,94.0,5,,,,,,,1.0,,
Eliza Kempton,v1-data,2021.0,S5,last,3396.0,224.0,13,,,,,,,,,
Ziming Yang,v1-data,2021.0,S5,last,3396.0,187.0,4,,,,,,,,,
Amanda Stockton,v1-data,2021.0,S5,middle,3396.0,105.0,2,,,,,,,,,
Jay Forsythe,v1-data,2021.0,S5,middle,3396.0,66.0,1,,,,,,,,,
Tori Hoehler,v1-data,2021.0,S5,middle,3396.0,128.0,8,,,,,,,,,
Maggie Osburn,v1-data,2021.0,S5,last,3396.0,54.0,3,,,,,,,,,
Jay Forsythe,v1-data,2021.0,S5,first,3396.0,20.0,1,,,,,,,,,
Amanda Stockton,v1-data,2021.0,S5,first,3396.0,158.0,6,,,,,,,1.0,,
Andro Rios,v1-data,2021.0,S5,middle,3396.0,39.0,5,,,,,,,,,
Hilke Schlichting,v1-data,2021.0,S5,middle,3396.0,87.0,4,,,,,,,,,
Eliza Kempton,v1-data,2021.0,S5,middle,3396.0,275.0,9,,,,,,,,,
Tori Hoehler,v1-data,2021.0,S5,first,3396.0,197.0,17,,,,,,,,,
Chris Martin,v1-data,2021.0,S5,first,3396.0,20.0,1,,,,,,,,,
Andro Rios,v1-data,2021.0,S5,first,3396.0,96.0,8,,,,,,,,,
Natasha Batalha,v1-data,2021.0,S5,last,3396.0,96.0,3,,,,,,,,,
Morgan Raven,v1-data,2021.0,S5,last,3396.0,196.0,12,,,,,,,1.0,,
Eliza Kempton,v1-data,2021.0,S5,first,3396.0,23.0,1,,,,,,,,,
Hilke Schlichting,v1-data,2021.0,S5,first,3396.0,19.0,1,,,,,,,,,
Liz McCormack,v1-data,2021.0,S5,first,3396.0,52.0,1,,,,,,,,,
Maggie Osburn,v1-data,2021.0,S5,middle,3396.0,53.0,3,,,,,,,,,
Ziming Yang,v1-data,2021.0,S5,first,3396.0,27.0,1,,,,,,,,,
Maggie Osburn,v1-data,2021.0,S5,first,3396.0,96.0,4,,,,,,,1.0,,
Natasha Batalha,v1-data,2021.0,S5,middle,3396.0,104.0,7,,,,,,,1.0,,
Morgan Raven,v1-data,2021.0,S5,middle,3396.0,114.0,5,,,,,,,,,
Amanda Stockton,v1-data,2021.0,S5,last,3396.0,63.0,12,,,,,,,1.0,,
Jay Forsythe,v1-data,2021.0,S5,last,3396.0,353.0,17,,,,,,,1.0,,
Natasha Batalha,v1-data,2021.0,S5,first,3396.0,21.0,1,,,,,,,,,
Morgan Raven,v1-data,2021.0,S5,first,3396.0,65.0,3,,,,,,,,,
Tori Hoehler,v1-data,2021.0,S5,last,3396.0,250.0,14,,,,,,,,,
Paul Robertson,v1-data,2021.0,S6,last,3618.0,194.0,19,,,,,,,,,
Coco Zhang,v1-data,2021.0,S6,first,3618.0,63.0,5,,,,,,,,,
Nicolas Cowan,v1-data,2021.0,S6,middle,3618.0,135.0,11,,,,,,,2.0,,
Daniel Huber,v1-data,2021.0,S6,middle,3618.0,92.0,8,,,,,,,1.0,,
Leslie Rogers,v1-data,2021.0,S6,last,3618.0,160.0,19,,,,,,,2.0,,
Smadar Naoz,v1-data,2021.0,S6,first,3618.0,112.0,5,,,,,,,,,
Andrew Vanderburg,v1-data,2021.0,S6,last,3618.0,25.0,2,,,,,,,,,
Smadar Naoz,v1-data,2021.0,S6,last,3618.0,196.0,12,,,,,,,,,
Coco Zhang,v1-data,2021.0,S6,last,3618.0,76.0,2,,,,,,,,,
Daniel Apai,v1-data,2021.0,S6,middle,3618.0,152.0,13,,,,,,,,,
Daniel Huber,v1-data,2021.0,S6,first,3618.0,74.0,6,,,,,,,,,
Nicolas Cowan,v1-data,2021.0,S6,first,3618.0,150.0,7,,,,,,,2.0,,
Ke Zhang,v1-data,2021.0,S6,first,3618.0,2.0,2,,,,,,,1.0,,
Nicolas Cowan,v1-data,2021.0,S6,last,3618.0,289.0,17,,,,,,,1.0,,
Daniel Huber,v1-data,2021.0,S6,last,3618.0,194.0,12,,,,,,,,,
Courtney Dressing,v1-data,2021.0,S6,first,3618.0,22.0,3,,,,,,,,,
Daniel Apai,v1-data,2021.0,S6,first,3618.0,254.0,18,,,,,,,2.0,,
Leslie Rogers,v1-data,2021.0,S6,middle,3618.0,100.0,6,,,,,,,2.0,,
Andrew Vanderburg,v1-data,2021.0,S6,middle,3618.0,154.0,10,,,,,,,,,
Daniel Apai,v1-data,2021.0,S6,last,3618.0,460.0,28,,,,,,,1.0,,
Courtney Dressing,v1-data,2021.0,S6,last,3618.0,101.0,12,,,,,,,,,
Coco Zhang,v1-data,2021.0,S6,middle,3618.0,75.0,8,,,,,,,2.0,,
Smadar Naoz,v1-data,2021.0,S6,middle,3618.0,368.0,13,,,,,,,,,
Paul Robertson,v1-data,2021.0,S6,first,3618.0,119.0,7,,,,,,,,,
Andrew Vanderburg,v1-data,2021.0,S6,first,3618.0,23.0,3,,,,,,,,,
Leslie Rogers,v1-data,2021.0,S6,first,3618.0,28.0,5,,,,,,,1.0,,
Katherine de Kleer,v1-data,2021.0,S7,first,3916.0,47.0,2,,,,,,,,,
Mathieu Lapotre,v1-data,2021.0,S7,last,3916.0,124.0,4,,,,,,,,,
Gregory Fournier,v1-data,2021.0,S7,first,3916.0,70.0,6,,,,,,,2.0,,
Christopher Reinhard,v1-data,2021.0,S7,first,3916.0,74.0,2,,,,,,,,,
Betül Kaçar,v1-data,2021.0,S7,middle,3916.0,18.0,1,,,,,,,,,
Gregory Fournier,v1-data,2021.0,S7,last,3916.0,317.0,18,,,,,,,1.0,,
Shawn Domagal,v1-data,2021.0,S7,first,3916.0,16.0,4,,,,,,,,,
Ji Wang,v1-data,2021.0,S7,middle,3916.0,110.0,2,,,,,,,,,
Edwin Kite,v1-data,2021.0,S7,middle,3916.0,196.0,4,,,,,,,,,
Christopher Reinhard,v1-data,2021.0,S7,last,3916.0,360.0,10,,,,,,,,,
Anat Shahar,v1-data,2021.0,S7,first,3916.0,215.0,26,,,,,,,1.0,,
Solange Duhamel,v1-data,2021.0,S7,first,3916.0,35.0,2,,,,,,,1.0,,
Shawn Domagal,v1-data,2021.0,S7,last,3916.0,72.0,14,,,,,,,2.0,,
Anat Shahar,v1-data,2021.0,S7,last,3916.0,150.0,20,,,,,,,1.0,,
Betül Kaçar,v1-data,2021.0,S7,first,3916.0,62.0,1,,,,,,,,,
Peter Driscoll,v1-data,2021.0,S7,first,3916.0,61.0,5,,,,,,,1.0,,
Betül Kaçar,v1-data,2021.0,S7,last,3916.0,233.0,11,,,,,,,,,
Peter Driscoll,v1-data,2021.0,S7,last,3916.0,49.0,1,,,,,,,,,
Ji Wang,v1-data,2021.0,S7,first,3916.0,250.0,10,,,,,,,,,
Mathieu Lapotre,v1-data,2021.0,S7,middle,3916.0,217.0,7,,,,,,,,,
Edwin Kite,v1-data,2021.0,S7,first,3916.0,102.0,5,,,,,,,,,
Katherine de Kleer,v1-data,2021.0,S7,middle,3916.0,103.0,4,,,,,,,,,
Ji Wang,v1-data,2021.0,S7,last,3916.0,148.0,11,,,,,,,,,
Gregory Fournier,v1-data,2021.0,S7,middle,3916.0,5.0,1,,,,,,,,,
Edwin Kite,v1-data,2021.0,S7,last,3916.0,301.0,9,,,,,,,,,
Christopher Reinhard,v1-data,2021.0,S7,middle,3916.0,503.0,15,,,,,,,2.0,,
Anat Shahar,v1-data,2021.0,S7,middle,3916.0,32.0,2,,,,,,,,,
Mathieu Lapotre,v1-data,2021.0,S7,first,3916.0,46.0,2,,,,,,,,,
Ziming Yang,v1-data,2021.0,S8,first,3629.0,52.0,2,,,,,,,,,
Joseph Levy,v1-data,2021.0,S8,last,3629.0,125.0,12,,,,,,,1.0,,
Christopher Reinhard,v1-data,2021.0,S8,first,3629.0,4.0,3,,,,,,,,,
Ziming Yang,v1-data,2021.0,S8,last,3629.0,63.0,2,,,,,,,,,
Shawn Domagal,v1-data,2021.0,S8,first,3629.0,195.0,24,,,,,,,,,
Smadar Naoz,v1-data,2021.0,S8,first,3629.0,88.0,8,,,,,,,1.0,,
Richard Wiener,v1-data,2021.0,S8,last,3629.0,10.0,3,,,,,,,,,
Smadar Naoz,v1-data,2021.0,S8,last,3629.0,321.0,13,,,,,,,,,
Edwin Kite,v1-data,2021.0,S8,middle,3629.0,246.0,13,,,,,,,1.0,,
Courtney Dressing,v1-data,2021.0,S8,middle,3629.0,116.0,6,,,,,,,,,
Christopher Reinhard,v1-data,2021.0,S8,last,3629.0,470.0,31,,,,,,,2.0,,
Shawn Domagal,v1-data,2021.0,S8,last,3629.0,214.0,26,,,,,,,2.0,,
Silvia Ronco,v1-data,2021.0,S8,last,3629.0,28.0,4,,,,,,,,,
Peter Driscoll,v1-data,2021.0,S8,first,3629.0,94.0,5,,,,,,,,,
Courtney Dressing,v1-data,2021.0,S8,first,3629.0,152.0,14,,,,,,,,,
Edwin Kite,v1-data,2021.0,S8,first,3629.0,127.0,7,,,,,,,,,
Joseph Levy,v1-data,2021.0,S8,middle,3629.0,176.0,8,,,,,,,,,
Joseph Levy(he/him,v1-data,2021.0,S8,last,3629.0,87.0,4,,,,,,,,,
Ziming Yang,v1-data,2021.0,S8,middle,3629.0,216.0,2,,,,,,,,,
Edwin Kite,v1-data,2021.0,S8,last,3629.0,161.0,15,,,,,,,,,
Courtney Dressing,v1-data,2021.0,S8,last,3629.0,247.0,20,,,,,,,,,
Smadar Naoz,v1-data,2021.0,S8,middle,3629.0,153.0,15,,,,,,,,,
Christopher Reinhard,v1-data,2021.0,S8,middle,3629.0,145.0,8,,,,,,,,,
Joseph Levy,v1-data,2021.0,S8,first,3629.0,100.0,10,,,,,,,,,
Shawn Domagal,v1-data,2021.0,S8,middle,3629.0,39.0,7,,,,,,,,,
Meredith MacGregor,v1-data,2021.0,S9,first,3608.0,94.0,13,,,,,,,3.0,,
Katherine de Kleer,v1-data,2021.0,S9,first,3608.0,157.0,16,,,,,,,2.0,,
Daniel Huber,v1-data,2021.0,S9,middle,3608.0,85.0,3,,,,,,,,,
Meredith MacGregor,v1-data,2021.0,S9,last,3608.0,126.0,8,,,,,,,,,
Katherine de Kleer,v1-data,2021.0,S9,last,3608.0,248.0,16,,,,,,,1.0,,
Richard Wiener,v1-data,2021.0,S9,first,3608.0,66.0,5,,,,,,,2.0,,
Andrew Vanderburg,v1-data,2021.0,S9,last,3608.0,236.0,25,,,,,,,1.0,,
Noah Planavsky,v1-data,2021.0,S9,last,3608.0,82.0,4,,,,,,,,,
Keith Hawkins,v1-data,2021.0,S9,first,3608.0,112.0,6,,,,,,,1.0,,
Daniel Huber,v1-data,2021.0,S9,first,3608.0,95.0,9,,,,,,,1.0,,
Keith Hawkins,v1-data,2021.0,S9,last,3608.0,222.0,16,,,,,,,,,
Lisa Kaltenegger,v1-data,2021.0,S9,middle,3608.0,270.0,22,,,,,,,,,
Bradford Foley,v1-data,2021.0,S9,middle,3608.0,65.0,1,,,,,,,,,
Daniel Huber,v1-data,2021.0,S9,last,3608.0,18.0,2,,,,,,,,,
Meredith MacGregor,v1-data,2021.0,S9,middle,3608.0,157.0,7,,,,,,,,,
Katherine de Kleer,v1-data,2021.0,S9,middle,3608.0,60.0,5,,,,,,,,,
Andrew Vanderburg,v1-data,2021.0,S9,middle,3608.0,93.0,8,,,,,,,1.0,,
Lisa Kaltenegger,v1-data,2021.0,S9,first,3608.0,181.0,33,,,,,,,1.0,,
Noah Planavsky,v1-data,2021.0,S9,middle,3608.0,27.0,5,,,,,,,,,
Lisa Kaltenegger,v1-data,2021.0,S9,last,3608.0,691.0,37,,,,,,,3.0,,
Bradford Foley,v1-data,2021.0,S9,first,3608.0,65.0,7,,,,,,,,,
Keith Hawkins,v1-data,2021.0,S9,middle,3608.0,308.0,5,,,,,,,,,
Bradford Foley,v1-data,2021.0,S9,last,3608.0,89.0,2,,,,,,,,,
Andrew Vanderburg,v1-data,2021.0,S9,first,3608.0,61.0,5,,,,,,,,,
